date,team,gf,ga,shots,sot,venue,win,draw,loss,points,gd,cs
2010-08-15,Arsenal,1,1,14,7,away,0,1,0,1,0,0
2010-08-21,Arsenal,6,0,26,16,home,1,0,0,3,6,1
2010-08-28,Arsenal,2,1,14,9,away,1,0,0,3,1,0
2010-09-11,Arsenal,4,1,23,14,home,1,0,0,3,3,0
2010-09-18,Arsenal,1,1,16,7,away,0,1,0,1,0,0
2010-09-25,Arsenal,2,3,24,12,home,0,0,1,0,-1,0
2010-10-03,Arsenal,0,2,13,5,away,0,0,1,0,-2,0
2010-10-16,Arsenal,2,1,18,13,home,1,0,0,3,1,0
2010-10-24,Arsenal,3,0,12,8,away,1,0,0,3,3,1
2010-10-30,Arsenal,1,0,20,13,home,1,0,0,3,1,1
2010-11-07,Arsenal,0,1,11,8,home,0,0,1,0,-1,0
2010-11-10,Arsenal,2,0,12,8,away,1,0,0,3,2,1
2010-11-14,Arsenal,2,1,13,8,away,1,0,0,3,1,0
2010-11-20,Arsenal,2,3,12,7,home,0,0,1,0,-1,0
2010-11-27,Arsenal,4,2,17,10,away,1,0,0,3,2,0
2010-12-04,Arsenal,2,1,15,9,home,1,0,0,3,1,0
2010-12-13,Arsenal,0,1,11,6,away,0,0,1,0,-1,0
2010-12-27,Arsenal,3,1,10,8,home,1,0,0,3,2,0
2010-12-29,Arsenal,2,2,15,9,away,0,1,0,1,0,0
2011-01-01,Arsenal,3,0,18,11,away,1,0,0,3,3,1
2011-01-05,Arsenal,0,0,13,8,home,0,1,0,1,0,1
2011-01-15,Arsenal,3,0,19,13,away,1,0,0,3,3,1
2011-01-22,Arsenal,3,0,23,15,home,1,0,0,3,3,1
2011-02-01,Arsenal,2,1,19,10,home,1,0,0,3,1,0
2011-02-05,Arsenal,4,4,13,10,away,0,1,0,1,0,0
2011-02-12,Arsenal,2,0,17,8,home,1,0,0,3,2,1
2011-02-23,Arsenal,1,0,9,4,home,1,0,0,3,1,1
2011-03-05,Arsenal,0,0,14,7,home,0,1,0,1,0,1
2011-03-19,Arsenal,2,2,18,11,away,0,1,0,1,0,0
2011-04-02,Arsenal,0,0,19,11,home,0,1,0,1,0,1
2011-04-10,Arsenal,3,1,16,7,away,1,0,0,3,2,0
2011-04-17,Arsenal,1,1,12,6,home,0,1,0,1,0,0
2011-04-20,Arsenal,3,3,13,9,away,0,1,0,1,0,0
2011-04-24,Arsenal,1,2,17,7,away,0,0,1,0,-1,0
2011-05-01,Arsenal,1,0,9,2,home,1,0,0,3,1,1
2011-05-08,Arsenal,1,3,14,5,away,0,0,1,0,-2,0
2011-05-15,Arsenal,1,2,24,15,home,0,0,1,0,-1,0
2011-05-22,Arsenal,2,2,12,6,away,0,1,0,1,0,0
2011-08-13,Arsenal,0,0,9,4,away,0,1,0,1,0,1
2011-08-20,Arsenal,0,2,10,6,home,0,0,1,0,-2,0
2011-08-28,Arsenal,2,8,19,13,away,0,0,1,0,-6,0
2011-09-10,Arsenal,1,0,18,8,home,1,0,0,3,1,1
2011-09-17,Arsenal,3,4,24,16,away,0,0,1,0,-1,0
2011-09-24,Arsenal,3,0,23,14,home,1,0,0,3,3,1
2011-10-02,Arsenal,1,2,13,7,away,0,0,1,0,-1,0
2011-10-16,Arsenal,2,1,20,11,home,1,0,0,3,1,0
2011-10-23,Arsenal,3,1,9,5,home,1,0,0,3,2,0
2011-10-29,Arsenal,5,3,13,8,away,1,0,0,3,2,0
2011-11-05,Arsenal,3,0,12,7,home,1,0,0,3,3,1
2011-11-19,Arsenal,2,1,20,14,away,1,0,0,3,1,0
2011-11-26,Arsenal,1,1,20,12,home,0,1,0,1,0,0
2011-12-03,Arsenal,4,0,16,10,away,1,0,0,3,4,1
2011-12-10,Arsenal,1,0,12,7,home,1,0,0,3,1,1
2011-12-18,Arsenal,0,1,12,8,away,0,0,1,0,-1,0
2011-12-21,Arsenal,2,1,8,6,away,1,0,0,3,1,0
2011-12-27,Arsenal,1,1,23,17,home,0,1,0,1,0,0
2011-12-31,Arsenal,1,0,16,7,home,1,0,0,3,1,1
2012-01-02,Arsenal,1,2,17,10,away,0,0,1,0,-1,0
2012-01-15,Arsenal,2,3,14,9,away,0,0,1,0,-1,0
2012-01-22,Arsenal,1,2,12,6,home,0,0,1,0,-1,0
2012-02-01,Arsenal,0,0,16,7,away,0,1,0,1,0,1
2012-02-04,Arsenal,7,1,20,11,home,1,0,0,3,6,0
2012-02-11,Arsenal,2,1,10,8,away,1,0,0,3,1,0
2012-02-26,Arsenal,5,2,21,13,home,1,0,0,3,3,0
2012-03-03,Arsenal,2,1,10,7,away,1,0,0,3,1,0
2012-03-12,Arsenal,2,1,21,13,home,1,0,0,3,1,0
2012-03-21,Arsenal,1,0,12,8,away,1,0,0,3,1,1
2012-03-24,Arsenal,3,0,20,12,home,1,0,0,3,3,1
2012-03-31,Arsenal,1,2,13,7,away,0,0,1,0,-1,0
2012-04-08,Arsenal,1,0,12,7,home,1,0,0,3,1,1
2012-04-11,Arsenal,3,0,10,7,away,1,0,0,3,3,1
2012-04-16,Arsenal,1,2,18,8,home,0,0,1,0,-1,0
2012-04-21,Arsenal,0,0,13,8,home,0,1,0,1,0,1
2012-04-28,Arsenal,1,1,17,10,away,0,1,0,1,0,0
2012-05-05,Arsenal,3,3,20,13,home,0,1,0,1,0,0
2012-05-13,Arsenal,3,2,12,8,away,1,0,0,3,1,0
2012-08-18,Arsenal,0,0,14,4,home,0,1,0,1,0,1
2012-08-26,Arsenal,0,0,16,6,away,0,1,0,1,0,1
2012-09-02,Arsenal,2,0,11,7,away,1,0,0,3,2,1
2012-09-15,Arsenal,6,1,20,12,home,1,0,0,3,5,0
2012-09-23,Arsenal,1,1,10,4,away,0,1,0,1,0,0
2012-09-29,Arsenal,1,2,14,5,home,0,0,1,0,-1,0
2012-10-06,Arsenal,3,1,20,14,away,1,0,0,3,2,0
2012-10-20,Arsenal,0,1,13,7,away,0,0,1,0,-1,0
2012-10-27,Arsenal,1,0,21,11,home,1,0,0,3,1,1
2012-11-03,Arsenal,1,2,7,3,away,0,0,1,0,-1,0
2012-11-10,Arsenal,3,3,15,9,home,0,1,0,1,0,0
2012-11-17,Arsenal,5,2,13,10,home,1,0,0,3,3,0
2012-11-24,Arsenal,0,0,13,6,away,0,1,0,1,0,1
2012-11-28,Arsenal,1,1,12,9,away,0,1,0,1,0,0
2012-12-01,Arsenal,0,2,10,8,home,0,0,1,0,-2,0
2012-12-08,Arsenal,2,0,16,7,home,1,0,0,3,2,1
2012-12-17,Arsenal,5,2,25,17,away,1,0,0,3,3,0
2012-12-22,Arsenal,1,0,10,8,away,1,0,0,3,1,1
2012-12-29,Arsenal,7,3,16,12,home,1,0,0,3,4,0
2013-01-01,Arsenal,1,1,6,4,away,0,1,0,1,0,0
2013-01-13,Arsenal,0,2,9,4,home,0,0,1,0,-2,0
2013-01-20,Arsenal,1,2,12,8,away,0,0,1,0,-1,0
2013-01-23,Arsenal,5,1,23,17,home,1,0,0,3,4,0
2013-01-30,Arsenal,2,2,14,6,home,0,1,0,1,0,0
2013-02-02,Arsenal,1,0,15,9,home,1,0,0,3,1,1
2013-02-09,Arsenal,1,0,18,9,away,1,0,0,3,1,1
2013-02-23,Arsenal,2,1,24,14,home,1,0,0,3,1,0
2013-03-03,Arsenal,1,2,10,6,away,0,0,1,0,-1,0
2013-03-16,Arsenal,2,0,15,11,away,1,0,0,3,2,1
2013-03-30,Arsenal,4,1,23,14,home,1,0,0,3,3,0
2013-04-06,Arsenal,2,1,11,6,away,1,0,0,3,1,0
2013-04-13,Arsenal,3,1,10,7,home,1,0,0,3,2,0
2013-04-16,Arsenal,0,0,10,6,home,0,1,0,1,0,1
2013-04-20,Arsenal,1,0,10,7,away,1,0,0,3,1,1
2013-04-28,Arsenal,1,1,19,13,home,0,1,0,1,0,0
2013-05-04,Arsenal,1,0,13,11,away,1,0,0,3,1,1
2013-05-14,Arsenal,4,1,19,12,home,1,0,0,3,3,0
2013-05-19,Arsenal,1,0,9,3,away,1,0,0,3,1,1
2013-08-17,Arsenal,1,3,16,4,home,0,0,1,0,-2,0
2013-08-24,Arsenal,3,1,18,7,away,1,0,0,3,2,0
2013-09-01,Arsenal,1,0,12,5,home,1,0,0,3,1,1
2013-09-14,Arsenal,3,1,14,6,away,1,0,0,3,2,0
2013-09-22,Arsenal,3,1,16,8,home,1,0,0,3,2,0
2013-09-28,Arsenal,2,1,10,4,away,1,0,0,3,1,0
2013-10-06,Arsenal,1,1,14,5,away,0,1,0,1,0,0
2013-10-19,Arsenal,4,1,20,11,home,1,0,0,3,3,0
2013-10-26,Arsenal,2,0,10,4,away,1,0,0,3,2,1
2013-11-02,Arsenal,2,0,12,7,home,1,0,0,3,2,1
2013-11-10,Arsenal,0,1,10,2,away,0,0,1,0,-1,0
2013-11-23,Arsenal,2,0,9,4,home,1,0,0,3,2,1
2013-11-30,Arsenal,3,0,15,6,away,1,0,0,3,3,1
2013-12-04,Arsenal,2,0,20,7,home,1,0,0,3,2,1
2013-12-08,Arsenal,1,1,11,5,home,0,1,0,1,0,0
2013-12-14,Arsenal,3,6,12,6,away,0,0,1,0,-3,0
2013-12-23,Arsenal,0,0,7,2,home,0,1,0,1,0,1
2013-12-26,Arsenal,3,1,29,8,away,1,0,0,3,2,0
2013-12-29,Arsenal,1,0,11,5,away,1,0,0,3,1,1
2014-01-01,Arsenal,2,0,28,6,home,1,0,0,3,2,1
2014-01-13,Arsenal,2,1,8,4,away,1,0,0,3,1,0
2014-01-18,Arsenal,2,0,22,8,home,1,0,0,3,2,1
2014-01-28,Arsenal,2,2,7,4,away,0,1,0,1,0,0
2014-02-02,Arsenal,2,0,11,6,home,1,0,0,3,2,1
2014-02-08,Arsenal,1,5,11,6,away,0,0,1,0,-4,0
2014-02-12,Arsenal,0,0,17,5,home,0,1,0,1,0,1
2014-02-22,Arsenal,4,1,12,9,home,1,0,0,3,3,0
2014-03-01,Arsenal,0,1,10,2,away,0,0,1,0,-1,0
2014-03-16,Arsenal,1,0,7,3,away,1,0,0,3,1,1
2014-03-22,Arsenal,0,6,12,5,away,0,0,1,0,-6,0
2014-03-25,Arsenal,2,2,13,4,home,0,1,0,1,0,0
2014-03-29,Arsenal,1,1,10,3,home,0,1,0,1,0,0
2014-04-06,Arsenal,0,3,15,5,away,0,0,1,0,-3,0
2014-04-15,Arsenal,3,1,14,8,home,1,0,0,3,2,0
2014-04-20,Arsenal,3,0,12,6,away,1,0,0,3,3,1
2014-04-28,Arsenal,3,0,20,8,home,1,0,0,3,3,1
2014-05-04,Arsenal,1,0,15,4,home,1,0,0,3,1,1
2014-05-11,Arsenal,2,0,14,8,away,1,0,0,3,2,1
2014-08-16,Arsenal,2,1,14,6,home,1,0,0,3,1,0
2014-08-23,Arsenal,2,2,13,3,away,0,1,0,1,0,0
2014-08-31,Arsenal,1,1,24,6,away,0,1,0,1,0,0
2014-09-13,Arsenal,2,2,15,6,home,0,1,0,1,0,0
2014-09-20,Arsenal,3,0,9,3,away,1,0,0,3,3,1
2014-09-27,Arsenal,1,1,16,6,home,0,1,0,1,0,0
2014-10-05,Arsenal,0,2,10,0,away,0,0,1,0,-2,0
2014-10-18,Arsenal,2,2,25,9,home,0,1,0,1,0,0
2014-10-25,Arsenal,2,0,15,5,away,1,0,0,3,2,1
2014-11-01,Arsenal,3,0,32,13,home,1,0,0,3,3,1
2014-11-09,Arsenal,1,2,12,4,away,0,0,1,0,-1,0
2014-11-22,Arsenal,1,2,23,9,home,0,0,1,0,-1,0
2014-11-29,Arsenal,1,0,17,5,away,1,0,0,3,1,1
2014-12-03,Arsenal,1,0,19,8,home,1,0,0,3,1,1
2014-12-06,Arsenal,2,3,15,6,away,0,0,1,0,-1,0
2014-12-13,Arsenal,4,1,17,4,home,1,0,0,3,3,0
2014-12-21,Arsenal,2,2,7,3,away,0,1,0,1,0,0
2014-12-26,Arsenal,2,1,15,5,home,1,0,0,3,1,0
2014-12-28,Arsenal,2,1,21,7,away,1,0,0,3,1,0
2015-01-01,Arsenal,0,2,11,6,away,0,0,1,0,-2,0
2015-01-11,Arsenal,3,0,14,6,home,1,0,0,3,3,1
2015-01-18,Arsenal,2,0,9,3,away,1,0,0,3,2,1
2015-02-01,Arsenal,5,0,13,8,home,1,0,0,3,5,1
2015-02-07,Arsenal,1,2,7,3,away,0,0,1,0,-1,0
2015-02-10,Arsenal,2,1,17,7,home,1,0,0,3,1,0
2015-02-21,Arsenal,2,1,12,4,away,1,0,0,3,1,0
2015-03-01,Arsenal,2,0,17,4,home,1,0,0,3,2,1
2015-03-04,Arsenal,2,1,20,9,away,1,0,0,3,1,0
2015-03-14,Arsenal,3,0,19,9,home,1,0,0,3,3,1
2015-03-21,Arsenal,2,1,7,3,away,1,0,0,3,1,0
2015-04-04,Arsenal,4,1,16,10,home,1,0,0,3,3,0
2015-04-11,Arsenal,1,0,17,5,away,1,0,0,3,1,1
2015-04-26,Arsenal,0,0,12,1,home,0,1,0,1,0,1
2015-05-04,Arsenal,3,1,22,9,away,1,0,0,3,2,0
2015-05-11,Arsenal,0,1,23,9,home,0,0,1,0,-1,0
2015-05-17,Arsenal,1,1,5,3,away,0,1,0,1,0,0
2015-05-20,Arsenal,0,0,28,8,home,0,1,0,1,0,1
2015-05-24,Arsenal,4,1,24,13,home,1,0,0,3,3,0
2015-08-09,Arsenal,0,2,22,6,home,0,0,1,0,-2,0
2015-08-16,Arsenal,2,1,20,7,away,1,0,0,3,1,0
2015-08-24,Arsenal,0,0,19,5,home,0,1,0,1,0,1
2015-08-29,Arsenal,1,0,22,9,away,1,0,0,3,1,1
2015-09-12,Arsenal,2,0,29,12,home,1,0,0,3,2,1
2015-09-19,Arsenal,0,2,9,2,away,0,0,1,0,-2,0
2015-09-26,Arsenal,5,2,26,12,away,1,0,0,3,3,0
2015-10-04,Arsenal,3,0,12,5,home,1,0,0,3,3,1
2015-10-17,Arsenal,3,0,17,6,away,1,0,0,3,3,1
2015-10-24,Arsenal,2,1,20,5,home,1,0,0,3,1,0
2015-10-31,Arsenal,3,0,15,5,away,1,0,0,3,3,1
2015-11-08,Arsenal,1,1,10,4,home,0,1,0,1,0,0
2015-11-21,Arsenal,1,2,11,3,away,0,0,1,0,-1,0
2015-11-29,Arsenal,1,1,12,3,away,0,1,0,1,0,0
2015-12-05,Arsenal,3,1,16,7,home,1,0,0,3,2,0
2015-12-13,Arsenal,2,0,8,4,away,1,0,0,3,2,1
2015-12-21,Arsenal,2,1,8,5,home,1,0,0,3,1,0
2015-12-26,Arsenal,0,4,7,4,away,0,0,1,0,-4,0
2015-12-28,Arsenal,2,0,13,6,home,1,0,0,3,2,1
2016-01-02,Arsenal,1,0,16,3,home,1,0,0,3,1,1
2016-01-13,Arsenal,3,3,14,5,away,0,1,0,1,0,0
2016-01-17,Arsenal,0,0,8,3,away,0,1,0,1,0,1
2016-01-24,Arsenal,0,1,9,1,home,0,0,1,0,-1,0
2016-02-02,Arsenal,0,0,21,11,home,0,1,0,1,0,1
2016-02-07,Arsenal,2,0,10,5,away,1,0,0,3,2,1
2016-02-14,Arsenal,2,1,24,6,home,1,0,0,3,1,0
2016-02-28,Arsenal,2,3,13,5,away,0,0,1,0,-1,0
2016-03-02,Arsenal,1,2,18,4,home,0,0,1,0,-1,0
2016-03-05,Arsenal,2,2,10,4,away,0,1,0,1,0,0
2016-03-19,Arsenal,2,0,11,3,away,1,0,0,3,2,1
2016-04-02,Arsenal,4,0,19,12,home,1,0,0,3,4,1
2016-04-09,Arsenal,3,3,11,6,away,0,1,0,1,0,0
2016-04-17,Arsenal,1,1,21,6,home,0,1,0,1,0,0
2016-04-21,Arsenal,2,0,16,7,home,1,0,0,3,2,1
2016-04-24,Arsenal,0,0,20,7,away,0,1,0,1,0,1
2016-04-30,Arsenal,1,0,14,3,home,1,0,0,3,1,1
2016-05-08,Arsenal,2,2,5,2,away,0,1,0,1,0,0
2016-05-15,Arsenal,4,0,16,7,home,1,0,0,3,4,1
2016-08-14,Arsenal,3,4,9,5,home,0,0,1,0,-1,0
2016-08-20,Arsenal,0,0,13,4,away,0,1,0,1,0,1
2016-08-27,Arsenal,3,1,10,7,away,1,0,0,3,2,0
2016-09-10,Arsenal,2,1,17,2,home,1,0,0,3,1,0
2016-09-17,Arsenal,4,1,24,9,away,1,0,0,3,3,0
2016-09-24,Arsenal,3,0,14,5,home,1,0,0,3,3,1
2016-10-02,Arsenal,1,0,18,3,away,1,0,0,3,1,1
2016-10-15,Arsenal,3,2,16,6,home,1,0,0,3,1,0
2016-10-22,Arsenal,0,0,9,5,home,0,1,0,1,0,1
2016-10-29,Arsenal,4,1,21,7,away,1,0,0,3,3,0
2016-11-06,Arsenal,1,1,15,2,home,0,1,0,1,0,0
2016-11-19,Arsenal,1,1,5,1,away,0,1,0,1,0,0
2016-11-27,Arsenal,3,1,16,3,home,1,0,0,3,2,0
2016-12-03,Arsenal,5,1,19,10,away,1,0,0,3,4,0
2016-12-10,Arsenal,3,1,21,6,home,1,0,0,3,2,0
2016-12-13,Arsenal,1,2,9,3,away,0,0,1,0,-1,0
2016-12-18,Arsenal,1,2,6,1,away,0,0,1,0,-1,0
2016-12-26,Arsenal,1,0,26,11,home,1,0,0,3,1,1
2017-01-01,Arsenal,2,0,22,7,home,1,0,0,3,2,1
2017-01-03,Arsenal,3,3,14,4,away,0,1,0,1,0,0
2017-01-14,Arsenal,4,0,14,6,away,1,0,0,3,4,1
2017-01-22,Arsenal,2,1,24,8,home,1,0,0,3,1,0
2017-01-31,Arsenal,1,2,20,5,home,0,0,1,0,-1,0
2017-02-04,Arsenal,1,3,9,5,away,0,0,1,0,-2,0
2017-02-11,Arsenal,2,0,17,7,home,1,0,0,3,2,1
2017-03-04,Arsenal,1,3,7,3,away,0,0,1,0,-2,0
2017-03-18,Arsenal,1,3,11,2,away,0,0,1,0,-2,0
2017-04-02,Arsenal,2,2,8,3,home,0,1,0,1,0,0
2017-04-05,Arsenal,3,0,21,8,home,1,0,0,3,3,1
2017-04-10,Arsenal,0,3,11,3,away,0,0,1,0,-3,0
2017-04-17,Arsenal,2,1,12,4,away,1,0,0,3,1,0
2017-04-26,Arsenal,1,0,12,5,home,1,0,0,3,1,1
2017-04-30,Arsenal,0,2,12,4,away,0,0,1,0,-2,0
2017-05-07,Arsenal,2,0,9,4,home,1,0,0,3,2,1
2017-05-10,Arsenal,2,0,11,4,away,1,0,0,3,2,1
2017-05-13,Arsenal,4,1,10,6,away,1,0,0,3,3,0
2017-05-16,Arsenal,2,0,36,13,home,1,0,0,3,2,1
2017-05-21,Arsenal,3,1,17,9,home,1,0,0,3,2,0
2017-08-11,Arsenal,4,3,27,10,home,1,0,0,3,1,0
2017-08-19,Arsenal,0,1,18,6,away,0,0,1,0,-1,0
2017-08-27,Arsenal,0,4,8,0,away,0,0,1,0,-4,0
2017-09-09,Arsenal,3,0,17,9,home,1,0,0,3,3,1
2017-09-17,Arsenal,0,0,11,2,away,0,1,0,1,0,1
2017-09-25,Arsenal,2,0,16,6,home,1,0,0,3,2,1
2017-10-01,Arsenal,2,0,25,12,home,1,0,0,3,2,1
2017-10-14,Arsenal,1,2,9,6,away,0,0,1,0,-1,0
2017-10-22,Arsenal,5,2,30,14,away,1,0,0,3,3,0
2017-10-28,Arsenal,2,1,17,5,home,1,0,0,3,1,0
2017-11-05,Arsenal,1,3,6,3,away,0,0,1,0,-2,0
2017-11-18,Arsenal,2,0,14,5,home,1,0,0,3,2,1
2017-11-26,Arsenal,1,0,17,2,away,1,0,0,3,1,1
2017-11-29,Arsenal,5,0,21,7,home,1,0,0,3,5,1
2017-12-02,Arsenal,1,3,33,15,home,0,0,1,0,-2,0
2017-12-10,Arsenal,1,1,11,6,away,0,1,0,1,0,0
2017-12-13,Arsenal,0,0,22,3,away,0,1,0,1,0,1
2017-12-16,Arsenal,1,0,23,5,home,1,0,0,3,1,1
2017-12-22,Arsenal,3,3,11,4,home,0,1,0,1,0,0
2017-12-28,Arsenal,3,2,16,9,away,1,0,0,3,1,0
2017-12-31,Arsenal,1,1,14,4,away,0,1,0,1,0,0
2018-01-03,Arsenal,2,2,14,6,home,0,1,0,1,0,0
2018-01-14,Arsenal,1,2,12,3,away,0,0,1,0,-1,0
2018-01-20,Arsenal,4,1,16,10,home,1,0,0,3,3,0
2018-01-30,Arsenal,1,3,9,4,away,0,0,1,0,-2,0
2018-02-03,Arsenal,5,1,15,7,home,1,0,0,3,4,0
2018-02-10,Arsenal,0,1,6,1,away,0,0,1,0,-1,0
2018-03-01,Arsenal,0,3,10,5,home,0,0,1,0,-3,0
2018-03-04,Arsenal,1,2,15,7,away,0,0,1,0,-1,0
2018-03-11,Arsenal,3,0,11,7,home,1,0,0,3,3,1
2018-04-01,Arsenal,3,0,24,11,home,1,0,0,3,3,1
2018-04-08,Arsenal,3,2,13,7,home,1,0,0,3,1,0
2018-04-15,Arsenal,1,2,15,3,away,0,0,1,0,-1,0
2018-04-22,Arsenal,4,1,20,8,home,1,0,0,3,3,0
2018-04-29,Arsenal,1,2,8,3,away,0,0,1,0,-1,0
2018-05-06,Arsenal,5,0,16,8,home,1,0,0,3,5,1
2018-05-09,Arsenal,1,3,14,7,away,0,0,1,0,-2,0
2018-05-13,Arsenal,1,0,9,4,away,1,0,0,3,1,1
2018-08-12,Arsenal,0,2,9,3,home,0,0,1,0,-2,0
2018-08-18,Arsenal,2,3,15,6,away,0,0,1,0,-1,0
2018-08-25,Arsenal,3,1,17,10,home,1,0,0,3,2,0
2018-09-02,Arsenal,3,2,17,11,away,1,0,0,3,1,0
2018-09-15,Arsenal,2,1,12,2,away,1,0,0,3,1,0
2018-09-23,Arsenal,2,0,9,5,home,1,0,0,3,2,1
2018-09-29,Arsenal,2,0,9,2,home,1,0,0,3,2,1
2018-10-07,Arsenal,5,1,9,7,away,1,0,0,3,4,0
2018-10-22,Arsenal,3,1,19,6,home,1,0,0,3,2,0
2018-10-28,Arsenal,2,2,7,2,away,0,1,0,1,0,0
2018-11-03,Arsenal,1,1,12,4,home,0,1,0,1,0,0
2018-11-11,Arsenal,1,1,10,3,home,0,1,0,1,0,0
2018-11-25,Arsenal,2,1,20,4,away,1,0,0,3,1,0
2018-12-02,Arsenal,4,2,22,7,home,1,0,0,3,2,0
2018-12-05,Arsenal,2,2,9,4,away,0,1,0,1,0,0
2018-12-08,Arsenal,1,0,14,2,home,1,0,0,3,1,1
2018-12-16,Arsenal,2,3,13,4,away,0,0,1,0,-1,0
2018-12-22,Arsenal,3,1,10,6,home,1,0,0,3,2,0
2018-12-26,Arsenal,1,1,7,4,away,0,1,0,1,0,0
2018-12-29,Arsenal,1,5,8,2,away,0,0,1,0,-4,0
2019-01-01,Arsenal,4,1,16,9,home,1,0,0,3,3,0
2019-01-12,Arsenal,0,1,11,2,away,0,0,1,0,-1,0
2019-01-19,Arsenal,2,0,13,5,home,1,0,0,3,2,1
2019-01-29,Arsenal,2,1,15,4,home,1,0,0,3,1,0
2019-02-03,Arsenal,1,3,4,2,away,0,0,1,0,-2,0
2019-02-09,Arsenal,2,1,9,4,away,1,0,0,3,1,0
2019-02-24,Arsenal,2,0,12,4,home,1,0,0,3,2,1
2019-02-27,Arsenal,5,1,16,6,home,1,0,0,3,4,0
2019-03-02,Arsenal,1,1,9,4,away,0,1,0,1,0,0
2019-03-10,Arsenal,2,0,14,3,home,1,0,0,3,2,1
2019-04-01,Arsenal,2,0,7,4,home,1,0,0,3,2,1
2019-04-07,Arsenal,0,1,7,2,away,0,0,1,0,-1,0
2019-04-15,Arsenal,1,0,19,6,away,1,0,0,3,1,1
2019-04-21,Arsenal,2,3,12,5,home,0,0,1,0,-1,0
2019-04-24,Arsenal,1,3,11,1,away,0,0,1,0,-2,0
2019-04-28,Arsenal,0,3,6,1,away,0,0,1,0,-3,0
2019-05-05,Arsenal,1,1,20,8,home,0,1,0,1,0,0
2019-05-12,Arsenal,3,1,17,6,away,1,0,0,3,2,0
2019-08-11,Arsenal,1,0,8,2,away,1,0,0,3,1,1
2019-08-17,Arsenal,2,1,16,9,home,1,0,0,3,1,0
2019-08-24,Arsenal,1,3,9,3,away,0,0,1,0,-2,0
2019-09-01,Arsenal,2,2,26,8,home,0,1,0,1,0,0
2019-09-15,Arsenal,2,2,10,4,away,0,1,0,1,0,0
2019-09-22,Arsenal,3,2,21,6,home,1,0,0,3,1,0
2019-09-30,Arsenal,1,1,10,5,away,0,1,0,1,0,0
2019-10-06,Arsenal,1,0,12,2,home,1,0,0,3,1,1
2019-10-21,Arsenal,0,1,9,3,away,0,0,1,0,-1,0
2019-10-27,Arsenal,2,2,15,6,home,0,1,0,1,0,0
2019-11-02,Arsenal,1,1,10,4,home,0,1,0,1,0,0
2019-11-09,Arsenal,0,2,8,1,away,0,0,1,0,-2,0
2019-11-23,Arsenal,2,2,12,5,home,0,1,0,1,0,0
2019-12-01,Arsenal,2,2,16,7,away,0,1,0,1,0,0
2019-12-05,Arsenal,1,2,12,5,home,0,0,1,0,-1,0
2019-12-09,Arsenal,3,1,10,3,away,1,0,0,3,2,0
2019-12-15,Arsenal,0,3,6,1,home,0,0,1,0,-3,0
2019-12-21,Arsenal,0,0,6,2,away,0,1,0,1,0,1
2019-12-26,Arsenal,1,1,17,2,away,0,1,0,1,0,0
2019-12-29,Arsenal,1,2,7,2,home,0,0,1,0,-1,0
2020-01-01,Arsenal,2,0,10,4,home,1,0,0,3,2,1
2020-01-11,Arsenal,1,1,7,4,away,0,1,0,1,0,0
2020-01-18,Arsenal,1,1,11,4,home,0,1,0,1,0,0
2020-01-21,Arsenal,2,2,2,2,away,0,1,0,1,0,0
2020-02-02,Arsenal,0,0,13,2,away,0,1,0,1,0,1
2020-02-16,Arsenal,4,0,15,7,home,1,0,0,3,4,1
2020-02-23,Arsenal,3,2,9,4,home,1,0,0,3,1,0
2020-03-07,Arsenal,1,0,9,2,home,1,0,0,3,1,1
2020-06-17,Arsenal,0,3,3,0,away,0,0,1,0,-3,0
2020-06-20,Arsenal,1,2,13,6,away,0,0,1,0,-1,0
2020-06-25,Arsenal,2,0,10,5,away,1,0,0,3,2,1
2020-07-01,Arsenal,4,0,13,8,home,1,0,0,3,4,1
2020-07-04,Arsenal,2,0,8,5,away,1,0,0,3,2,1
2020-07-07,Arsenal,1,1,11,7,home,0,1,0,1,0,0
2020-07-12,Arsenal,1,2,13,4,away,0,0,1,0,-1,0
2020-07-15,Arsenal,2,1,3,2,home,1,0,0,3,1,0
2020-07-21,Arsenal,0,1,7,0,away,0,0,1,0,-1,0
2020-07-26,Arsenal,3,2,13,5,home,1,0,0,3,1,0
2020-09-12,Arsenal,3,0,13,6,away,1,0,0,3,3,1
2020-09-19,Arsenal,2,1,7,3,home,1,0,0,3,1,0
2020-09-28,Arsenal,1,3,4,3,away,0,0,1,0,-2,0
2020-10-04,Arsenal,2,1,6,5,home,1,0,0,3,1,0
2020-10-17,Arsenal,0,1,11,3,away,0,0,1,0,-1,0
2020-10-25,Arsenal,0,1,12,4,home,0,0,1,0,-1,0
2020-11-01,Arsenal,1,0,7,2,away,1,0,0,3,1,1
2020-11-08,Arsenal,0,3,13,2,home,0,0,1,0,-3,0
2020-11-22,Arsenal,0,0,9,2,away,0,1,0,1,0,1
2020-11-29,Arsenal,1,2,13,2,home,0,0,1,0,-1,0
2020-12-06,Arsenal,0,2,11,2,away,0,0,1,0,-2,0
2020-12-13,Arsenal,0,1,18,6,home,0,0,1,0,-1,0
2020-12-16,Arsenal,1,1,9,4,home,0,1,0,1,0,0
2020-12-19,Arsenal,1,2,13,2,away,0,0,1,0,-1,0
2020-12-26,Arsenal,3,1,15,7,home,1,0,0,3,2,0
2020-12-29,Arsenal,1,0,11,3,away,1,0,0,3,1,1
2021-01-02,Arsenal,4,0,21,12,away,1,0,0,3,4,1
2021-01-14,Arsenal,0,0,11,4,home,0,1,0,1,0,1
2021-01-18,Arsenal,3,0,20,6,home,1,0,0,3,3,1
2021-01-26,Arsenal,3,1,9,5,away,1,0,0,3,2,0
2021-01-30,Arsenal,0,0,17,3,home,0,1,0,1,0,1
2021-02-02,Arsenal,1,2,9,3,away,0,0,1,0,-1,0
2021-02-06,Arsenal,0,1,14,3,away,0,0,1,0,-1,0
2021-02-14,Arsenal,4,2,13,5,home,1,0,0,3,2,0
2021-02-21,Arsenal,0,1,7,1,home,0,0,1,0,-1,0
2021-02-28,Arsenal,3,1,12,4,away,1,0,0,3,2,0
2021-03-06,Arsenal,1,1,15,3,away,0,1,0,1,0,0
2021-03-14,Arsenal,2,1,13,3,home,1,0,0,3,1,0
2021-03-21,Arsenal,3,3,16,7,away,0,1,0,1,0,0
2021-04-03,Arsenal,0,3,3,2,home,0,0,1,0,-3,0
2021-04-11,Arsenal,3,0,14,5,away,1,0,0,3,3,1
2021-04-18,Arsenal,1,1,18,5,home,0,1,0,1,0,0
2021-04-23,Arsenal,0,1,14,3,home,0,0,1,0,-1,0
2021-05-02,Arsenal,2,0,19,5,away,1,0,0,3,2,1
2021-05-09,Arsenal,3,1,15,7,home,1,0,0,3,2,0
2021-05-12,Arsenal,1,0,5,2,away,1,0,0,3,1,1
2021-05-19,Arsenal,3,1,6,3,away,1,0,0,3,2,0
2021-05-23,Arsenal,2,0,16,5,home,1,0,0,3,2,1
2021-08-13,Arsenal,0,2,22,4,away,0,0,1,0,-2,0
2021-08-22,Arsenal,0,2,6,3,home,0,0,1,0,-2,0
2021-08-28,Arsenal,0,5,1,0,away,0,0,1,0,-5,0
2021-09-11,Arsenal,1,0,30,7,home,1,0,0,3,1,1
2021-09-18,Arsenal,1,0,13,3,away,1,0,0,3,1,1
2021-09-26,Arsenal,3,1,12,7,home,1,0,0,3,2,0
2021-10-02,Arsenal,0,0,8,2,away,0,1,0,1,0,1
2021-10-18,Arsenal,2,2,17,6,home,0,1,0,1,0,0
2021-10-22,Arsenal,3,1,22,9,home,1,0,0,3,2,0
2021-10-30,Arsenal,2,0,9,5,away,1,0,0,3,2,1
2021-11-07,Arsenal,1,0,14,6,home,1,0,0,3,1,1
2021-11-20,Arsenal,0,4,5,3,away,0,0,1,0,-4,0
2021-11-27,Arsenal,2,0,24,6,home,1,0,0,3,2,1
2021-12-02,Arsenal,2,3,17,8,away,0,0,1,0,-1,0
2021-12-06,Arsenal,1,2,10,3,away,0,0,1,0,-1,0
2021-12-11,Arsenal,3,0,15,5,home,1,0,0,3,3,1
2021-12-15,Arsenal,2,0,21,8,home,1,0,0,3,2,1
2021-12-18,Arsenal,4,1,21,12,away,1,0,0,3,3,0
2021-12-26,Arsenal,5,0,16,6,away,1,0,0,3,5,1
2022-01-01,Arsenal,1,2,7,2,home,0,0,1,0,-1,0
2022-01-23,Arsenal,0,0,20,5,home,0,1,0,1,0,1
2022-02-10,Arsenal,1,0,12,2,away,1,0,0,3,1,1
2022-02-19,Arsenal,2,1,24,8,home,1,0,0,3,1,0
2022-02-24,Arsenal,2,1,26,5,home,1,0,0,3,1,0
2022-03-06,Arsenal,3,2,16,4,away,1,0,0,3,1,0
2022-03-13,Arsenal,2,0,21,8,home,1,0,0,3,2,1
2022-03-16,Arsenal,0,2,9,2,home,0,0,1,0,-2,0
2022-03-19,Arsenal,1,0,10,3,away,1,0,0,3,1,1
2022-04-04,Arsenal,0,3,12,3,away,0,0,1,0,-3,0
2022-04-09,Arsenal,1,2,20,4,home,0,0,1,0,-1,0
2022-04-16,Arsenal,0,1,23,6,away,0,0,1,0,-1,0
2022-04-20,Arsenal,4,2,14,4,away,1,0,0,3,2,0
2022-04-23,Arsenal,3,1,14,7,home,1,0,0,3,2,0
2022-05-01,Arsenal,2,1,13,7,away,1,0,0,3,1,0
2022-05-08,Arsenal,2,1,19,9,home,1,0,0,3,1,0
2022-05-12,Arsenal,0,3,8,4,away,0,0,1,0,-3,0
2022-05-16,Arsenal,0,2,11,2,away,0,0,1,0,-2,0
2022-05-22,Arsenal,5,1,26,9,home,1,0,0,3,4,0
2022-08-05,Arsenal,2,0,10,2,away,1,0,0,3,2,1
2022-08-13,Arsenal,4,2,19,7,home,1,0,0,3,2,0
2022-08-20,Arsenal,3,0,14,6,away,1,0,0,3,3,1
2022-08-27,Arsenal,2,1,22,8,home,1,0,0,3,1,0
2022-08-31,Arsenal,2,1,22,9,home,1,0,0,3,1,0
2022-09-04,Arsenal,1,3,16,3,away,0,0,1,0,-2,0
2022-09-18,Arsenal,3,0,13,7,away,1,0,0,3,3,1
2022-10-01,Arsenal,3,1,22,9,home,1,0,0,3,2,0
2022-10-09,Arsenal,3,2,11,7,home,1,0,0,3,1,0
2022-10-16,Arsenal,1,0,9,4,away,1,0,0,3,1,1
2022-10-23,Arsenal,1,1,12,3,away,0,1,0,1,0,0
2022-10-30,Arsenal,5,0,24,10,home,1,0,0,3,5,1
2022-11-06,Arsenal,1,0,14,2,away,1,0,0,3,1,1
2022-11-12,Arsenal,2,0,14,4,away,1,0,0,3,2,1
2022-12-26,Arsenal,3,1,16,5,home,1,0,0,3,2,0
2022-12-31,Arsenal,4,2,14,7,away,1,0,0,3,2,0
2023-01-03,Arsenal,0,0,17,4,home,0,1,0,1,0,1
2023-01-15,Arsenal,2,0,14,5,away,1,0,0,3,2,1
2023-01-22,Arsenal,3,2,25,5,home,1,0,0,3,1,0
2023-02-04,Arsenal,0,1,15,3,away,0,0,1,0,-1,0
2023-02-11,Arsenal,1,1,23,7,home,0,1,0,1,0,0
2023-02-15,Arsenal,1,3,10,1,home,0,0,1,0,-2,0
2023-02-18,Arsenal,4,2,20,5,away,1,0,0,3,2,0
2023-02-25,Arsenal,1,0,10,2,away,1,0,0,3,1,1
2023-03-01,Arsenal,4,0,15,5,home,1,0,0,3,4,1
2023-03-04,Arsenal,3,2,31,9,home,1,0,0,3,1,0
2023-03-12,Arsenal,3,0,15,7,away,1,0,0,3,3,1
2023-03-19,Arsenal,4,1,15,5,home,1,0,0,3,3,0
2023-04-01,Arsenal,4,1,13,6,home,1,0,0,3,3,0
2023-04-09,Arsenal,2,2,9,5,away,0,1,0,1,0,0
2023-04-16,Arsenal,2,2,11,5,away,0,1,0,1,0,0
2023-04-21,Arsenal,3,3,25,6,home,0,1,0,1,0,0
2023-04-26,Arsenal,1,4,8,2,away,0,0,1,0,-3,0
2023-05-02,Arsenal,3,1,16,10,home,1,0,0,3,2,0
2023-05-07,Arsenal,2,0,10,6,away,1,0,0,3,2,1
2023-05-14,Arsenal,0,3,14,2,home,0,0,1,0,-3,0
2023-05-20,Arsenal,0,1,11,3,away,0,0,1,0,-1,0
2023-05-28,Arsenal,5,0,14,8,home,1,0,0,3,5,1
2023-08-12,Arsenal,2,1,15,7,home,1,0,0,3,1,0
2023-08-21,Arsenal,1,0,14,3,away,1,0,0,3,1,1
2023-08-26,Arsenal,2,2,19,11,home,0,1,0,1,0,0
2023-09-03,Arsenal,3,1,17,5,home,1,0,0,3,2,0
2023-09-17,Arsenal,1,0,13,4,away,1,0,0,3,1,1
2023-09-24,Arsenal,2,2,13,6,home,0,1,0,1,0,0
2023-09-30,Arsenal,4,0,15,8,away,1,0,0,3,4,1
2023-10-08,Arsenal,1,0,12,2,home,1,0,0,3,1,1
2023-10-21,Arsenal,2,2,13,3,away,0,1,0,1,0,0
2023-10-28,Arsenal,5,0,13,8,home,1,0,0,3,5,1
2023-11-04,Arsenal,0,1,14,1,away,0,0,1,0,-1,0
2023-11-11,Arsenal,3,1,16,6,home,1,0,0,3,2,0
2023-11-25,Arsenal,1,0,15,4,away,1,0,0,3,1,1
2023-12-02,Arsenal,2,1,19,6,home,1,0,0,3,1,0
2023-12-05,Arsenal,4,3,23,9,away,1,0,0,3,1,0
2023-12-09,Arsenal,0,1,12,5,away,0,0,1,0,-1,0
2023-12-17,Arsenal,2,0,26,9,home,1,0,0,3,2,1
2023-12-23,Arsenal,1,1,13,2,away,0,1,0,1,0,0
2023-12-28,Arsenal,0,2,30,8,home,0,0,1,0,-2,0
2023-12-31,Arsenal,1,2,13,3,away,0,0,1,0,-1,0
2024-01-20,Arsenal,5,0,21,6,home,1,0,0,3,5,1
2024-01-30,Arsenal,2,1,19,3,away,1,0,0,3,1,0
2024-02-04,Arsenal,3,1,15,7,home,1,0,0,3,2,0
2024-02-11,Arsenal,6,0,25,12,away,1,0,0,3,6,1
2024-02-17,Arsenal,5,0,16,7,away,1,0,0,3,5,1
2024-02-24,Arsenal,4,1,18,8,home,1,0,0,3,3,0
2024-03-04,Arsenal,6,0,22,10,away,1,0,0,3,6,1
2024-03-09,Arsenal,2,1,17,6,home,1,0,0,3,1,0
2024-03-31,Arsenal,0,0,6,2,away,0,1,0,1,0,1
2024-04-03,Arsenal,2,0,13,4,home,1,0,0,3,2,1
2024-04-06,Arsenal,3,0,20,7,away,1,0,0,3,3,1
2024-04-14,Arsenal,0,2,18,4,home,0,0,1,0,-2,0
2024-04-20,Arsenal,2,0,24,9,away,1,0,0,3,2,1
2024-04-23,Arsenal,5,0,27,10,home,1,0,0,3,5,1
2024-04-28,Arsenal,3,2,9,3,away,1,0,0,3,1,0
2024-05-04,Arsenal,3,0,25,9,home,1,0,0,3,3,1
2024-05-12,Arsenal,1,0,11,5,away,1,0,0,3,1,1
2024-05-19,Arsenal,2,1,26,5,home,1,0,0,3,1,0
2024-08-17,Arsenal,2,0,18,6,home,1,0,0,3,2,1
2024-08-24,Arsenal,2,0,9,4,away,1,0,0,3,2,1
2024-08-31,Arsenal,1,1,11,7,home,0,1,0,1,0,0
2024-09-15,Arsenal,1,0,7,4,away,1,0,0,3,1,1
2024-09-22,Arsenal,2,2,5,3,away,0,1,0,1,0,0
2024-09-28,Arsenal,4,2,36,16,home,1,0,0,3,2,0
2024-10-05,Arsenal,3,1,29,6,home,1,0,0,3,2,0
2024-10-19,Arsenal,0,2,6,1,away,0,0,1,0,-2,0
2024-10-27,Arsenal,2,2,9,3,home,0,1,0,1,0,0
2024-11-02,Arsenal,0,1,10,1,away,0,0,1,0,-1,0
2024-11-10,Arsenal,1,1,13,3,away,0,1,0,1,0,0
2024-11-23,Arsenal,3,0,19,7,home,1,0,0,3,3,1
2024-11-30,Arsenal,5,2,16,7,away,1,0,0,3,3,0
2024-12-04,Arsenal,2,0,14,6,home,1,0,0,3,2,1
2024-12-08,Arsenal,1,1,12,4,away,0,1,0,1,0,0
2024-12-14,Arsenal,0,0,13,5,home,0,1,0,1,0,1
2024-12-21,Arsenal,5,1,14,6,away,1,0,0,3,4,0
2024-12-27,Arsenal,1,0,13,5,home,1,0,0,3,1,1
2025-01-01,Arsenal,3,1,14,5,away,1,0,0,3,2,0
2025-01-04,Arsenal,1,1,9,3,away,0,1,0,1,0,0
2025-01-15,Arsenal,2,1,14,4,home,1,0,0,3,1,0
2025-01-18,Arsenal,2,2,18,6,home,0,1,0,1,0,0
2025-01-25,Arsenal,1,0,9,3,away,1,0,0,3,1,1
2025-02-02,Arsenal,5,1,12,7,home,1,0,0,3,4,0
2025-02-15,Arsenal,2,0,11,5,away,1,0,0,3,2,1
2025-02-22,Arsenal,0,1,20,2,home,0,0,1,0,-1,0
2025-02-26,Arsenal,0,0,13,1,away,0,1,0,1,0,1
2025-03-09,Arsenal,1,1,17,6,away,0,1,0,1,0,0
2025-03-16,Arsenal,1,0,12,4,home,1,0,0,3,1,1
2025-04-01,Arsenal,2,1,17,4,home,1,0,0,3,1,0
2025-04-05,Arsenal,1,1,14,5,away,0,1,0,1,0,0
2025-04-12,Arsenal,1,1,14,3,home,0,1,0,1,0,0
2025-04-20,Arsenal,4,0,24,7,away,1,0,0,3,4,1
2025-04-23,Arsenal,2,2,12,6,home,0,1,0,1,0,0
2025-05-03,Arsenal,1,2,13,4,home,0,0,1,0,-1,0
2025-05-11,Arsenal,2,2,15,7,away,0,1,0,1,0,0
2025-05-18,Arsenal,1,0,12,4,home,1,0,0,3,1,1
2025-05-25,Arsenal,2,1,23,8,away,1,0,0,3,1,0
2025-08-17,Arsenal,1,0,9,3,away,1,0,0,3,1,1
2025-08-23,Arsenal,5,0,18,5,home,1,0,0,3,5,1
2025-08-31,Arsenal,0,1,11,1,away,0,0,1,0,-1,0
2025-09-13,Arsenal,3,0,16,5,home,1,0,0,3,3,1
2025-09-21,Arsenal,1,1,12,3,home,0,1,0,1,0,0
2025-09-28,Arsenal,2,1,20,7,away,1,0,0,3,1,0
2025-10-04,Arsenal,2,0,21,5,home,1,0,0,3,2,1
2025-10-18,Arsenal,1,0,16,5,away,1,0,0,3,1,1
2025-10-26,Arsenal,1,0,10,3,home,1,0,0,3,1,1
2025-11-01,Arsenal,2,0,12,8,away,1,0,0,3,2,1
2025-11-08,Arsenal,2,2,17,7,away,0,1,0,1,0,0
2025-11-23,Arsenal,4,1,17,8,home,1,0,0,3,3,0
2025-11-30,Arsenal,1,1,8,4,away,0,1,0,1,0,0
2025-12-03,Arsenal,2,0,15,7,home,1,0,0,3,2,1
2025-12-06,Arsenal,1,2,15,9,away,0,0,1,0,-1,0
2025-12-13,Arsenal,2,1,16,2,home,1,0,0,3,1,0
2025-12-20,Arsenal,1,0,13,2,away,1,0,0,3,1,1
2025-12-27,Arsenal,2,1,24,6,home,1,0,0,3,1,0
2025-12-30,Arsenal,4,1,22,7,home,1,0,0,3,3,0
2026-01-03,Arsenal,3,2,12,5,away,1,0,0,3,1,0
2026-01-08,Arsenal,0,0,9,4,home,0,1,0,1,0,1
2026-01-17,Arsenal,0,0,15,3,away,0,1,0,1,0,1
2026-01-25,Arsenal,2,3,15,4,home,0,0,1,0,-1,0
2026-01-31,Arsenal,4,0,14,8,away,1,0,0,3,4,1
2026-02-07,Arsenal,3,0,16,5,home,1,0,0,3,3,1
2026-02-12,Arsenal,1,1,7,2,away,0,1,0,1,0,0
2026-02-18,Arsenal,2,2,10,4,away,0,1,0,1,0,0
2026-02-22,Arsenal,4,1,20,7,away,1,0,0,3,3,0
2026-03-01,Arsenal,2,1,12,5,home,1,0,0,3,1,0
2026-03-04,Arsenal,1,0,7,2,away,1,0,0,3,1,1
2026-03-14,Arsenal,2,0,25,7,home,1,0,0,3,2,1
2010-08-14,Aston Villa,3,0,23,11,home,1,0,0,3,3,1
2010-08-22,Aston Villa,0,6,3,1,away,0,0,1,0,-6,0
2010-08-29,Aston Villa,1,0,12,6,home,1,0,0,3,1,1
2010-09-13,Aston Villa,1,2,10,6,away,0,0,1,0,-1,0
2010-09-18,Aston Villa,1,1,13,6,home,0,1,0,1,0,0
2010-09-26,Aston Villa,2,1,10,8,away,1,0,0,3,1,0
2010-10-02,Aston Villa,1,2,13,4,away,0,0,1,0,-1,0
2010-10-16,Aston Villa,0,0,11,5,home,0,1,0,1,0,1
2010-10-23,Aston Villa,0,1,11,7,away,0,0,1,0,-1,0
2010-10-31,Aston Villa,0,0,7,3,home,0,1,0,1,0,1
2010-11-06,Aston Villa,1,1,15,8,away,0,1,0,1,0,0
2010-11-10,Aston Villa,3,2,19,12,home,1,0,0,3,1,0
2010-11-13,Aston Villa,2,2,12,6,home,0,1,0,1,0,0
2010-11-21,Aston Villa,0,2,16,11,away,0,0,1,0,-2,0
2010-11-27,Aston Villa,2,4,6,4,home,0,0,1,0,-2,0
2010-12-06,Aston Villa,0,3,5,2,away,0,0,1,0,-3,0
2010-12-11,Aston Villa,2,1,6,3,home,1,0,0,3,1,0
2010-12-26,Aston Villa,1,2,26,15,home,0,0,1,0,-1,0
2010-12-28,Aston Villa,0,4,9,4,away,0,0,1,0,-4,0
2011-01-02,Aston Villa,3,3,16,10,away,0,1,0,1,0,0
2011-01-05,Aston Villa,0,1,8,2,home,0,0,1,0,-1,0
2011-01-16,Aston Villa,1,1,13,3,away,0,1,0,1,0,0
2011-01-22,Aston Villa,1,0,10,8,home,1,0,0,3,1,1
2011-01-25,Aston Villa,2,1,11,10,away,1,0,0,3,1,0
2011-02-01,Aston Villa,1,3,9,5,away,0,0,1,0,-2,0
2011-02-05,Aston Villa,2,2,10,5,home,0,1,0,1,0,0
2011-02-12,Aston Villa,1,1,7,4,away,0,1,0,1,0,0
2011-02-26,Aston Villa,4,1,17,10,home,1,0,0,3,3,0
2011-03-05,Aston Villa,2,3,10,6,away,0,0,1,0,-1,0
2011-03-19,Aston Villa,0,1,11,5,home,0,0,1,0,-1,0
2011-04-02,Aston Villa,2,2,7,5,away,0,1,0,1,0,0
2011-04-10,Aston Villa,1,0,13,7,home,1,0,0,3,1,1
2011-04-16,Aston Villa,2,1,21,11,away,1,0,0,3,1,0
2011-04-23,Aston Villa,1,1,7,2,home,0,1,0,1,0,0
2011-04-30,Aston Villa,1,2,11,6,away,0,0,1,0,-1,0
2011-05-07,Aston Villa,1,1,10,7,home,0,1,0,1,0,0
2011-05-15,Aston Villa,2,1,8,5,away,1,0,0,3,1,0
2011-05-22,Aston Villa,1,0,10,8,home,1,0,0,3,1,1
2011-08-13,Aston Villa,0,0,7,1,away,0,1,0,1,0,1
2011-08-20,Aston Villa,3,1,9,6,home,1,0,0,3,2,0
2011-08-27,Aston Villa,0,0,15,5,home,0,1,0,1,0,1
2011-09-10,Aston Villa,2,2,7,3,away,0,1,0,1,0,0
2011-09-17,Aston Villa,1,1,10,2,home,0,1,0,1,0,0
2011-09-25,Aston Villa,1,1,8,4,away,0,1,0,1,0,0
2011-10-01,Aston Villa,2,0,16,10,home,1,0,0,3,2,1
2011-10-15,Aston Villa,1,4,8,6,away,0,0,1,0,-3,0
2011-10-22,Aston Villa,1,2,3,0,home,0,0,1,0,-1,0
2011-10-29,Aston Villa,2,2,10,5,away,0,1,0,1,0,0
2011-11-05,Aston Villa,3,2,12,6,home,1,0,0,3,1,0
2011-11-21,Aston Villa,0,2,5,1,away,0,0,1,0,-2,0
2011-11-27,Aston Villa,0,0,9,4,away,0,1,0,1,0,1
2011-12-03,Aston Villa,0,1,7,3,home,0,0,1,0,-1,0
2011-12-10,Aston Villa,2,1,17,11,away,1,0,0,3,1,0
2011-12-18,Aston Villa,0,2,16,8,home,0,0,1,0,-2,0
2011-12-21,Aston Villa,1,2,10,4,home,0,0,1,0,-1,0
2011-12-26,Aston Villa,0,0,10,4,away,0,1,0,1,0,1
2011-12-31,Aston Villa,3,1,12,9,away,1,0,0,3,2,0
2012-01-02,Aston Villa,0,2,10,2,home,0,0,1,0,-2,0
2012-01-14,Aston Villa,1,1,17,11,home,0,1,0,1,0,0
2012-01-21,Aston Villa,3,2,11,5,away,1,0,0,3,1,0
2012-02-01,Aston Villa,2,2,23,15,home,0,1,0,1,0,0
2012-02-05,Aston Villa,1,2,13,8,away,0,0,1,0,-1,0
2012-02-12,Aston Villa,0,1,9,5,home,0,0,1,0,-1,0
2012-02-25,Aston Villa,0,0,10,3,away,0,1,0,1,0,1
2012-03-03,Aston Villa,1,1,17,12,away,0,1,0,1,0,0
2012-03-10,Aston Villa,1,0,19,8,home,1,0,0,3,1,1
2012-03-24,Aston Villa,0,3,3,2,away,0,0,1,0,-3,0
2012-03-31,Aston Villa,2,4,9,5,home,0,0,1,0,-2,0
2012-04-07,Aston Villa,1,1,5,3,away,0,1,0,1,0,0
2012-04-09,Aston Villa,1,1,7,3,home,0,1,0,1,0,0
2012-04-15,Aston Villa,0,4,10,4,away,0,0,1,0,-4,0
2012-04-21,Aston Villa,0,0,12,7,home,0,1,0,1,0,1
2012-04-24,Aston Villa,1,2,17,6,home,0,0,1,0,-1,0
2012-04-28,Aston Villa,0,0,8,5,away,0,1,0,1,0,1
2012-05-06,Aston Villa,1,1,4,2,home,0,1,0,1,0,0
2012-05-13,Aston Villa,0,2,9,5,away,0,0,1,0,-2,0
2012-08-18,Aston Villa,0,1,10,6,away,0,0,1,0,-1,0
2012-08-25,Aston Villa,1,3,7,3,home,0,0,1,0,-2,0
2012-09-02,Aston Villa,1,1,13,9,away,0,1,0,1,0,0
2012-09-15,Aston Villa,2,0,17,13,home,1,0,0,3,2,1
2012-09-22,Aston Villa,1,4,8,2,away,0,0,1,0,-3,0
2012-09-30,Aston Villa,1,1,19,8,home,0,1,0,1,0,0
2012-10-07,Aston Villa,0,2,8,5,away,0,0,1,0,-2,0
2012-10-20,Aston Villa,0,1,9,4,away,0,0,1,0,-1,0
2012-10-27,Aston Villa,1,1,7,5,home,0,1,0,1,0,0
2012-11-03,Aston Villa,1,0,9,6,away,1,0,0,3,1,1
2012-11-10,Aston Villa,2,3,10,7,home,0,0,1,0,-1,0
2012-11-17,Aston Villa,0,5,10,8,away,0,0,1,0,-5,0
2012-11-24,Aston Villa,0,0,10,8,home,0,1,0,1,0,1
2012-11-27,Aston Villa,1,0,15,7,home,1,0,0,3,1,1
2012-12-01,Aston Villa,1,1,7,3,away,0,1,0,1,0,0
2012-12-08,Aston Villa,0,0,9,5,home,0,1,0,1,0,1
2012-12-15,Aston Villa,3,1,9,6,away,1,0,0,3,2,0
2012-12-23,Aston Villa,0,8,7,4,away,0,0,1,0,-8,0
2012-12-26,Aston Villa,0,4,4,1,home,0,0,1,0,-4,0
2012-12-29,Aston Villa,0,3,11,4,home,0,0,1,0,-3,0
2013-01-01,Aston Villa,2,2,8,6,away,0,1,0,1,0,0
2013-01-12,Aston Villa,0,1,16,10,home,0,0,1,0,-1,0
2013-01-19,Aston Villa,2,2,11,7,away,0,1,0,1,0,0
2013-01-29,Aston Villa,1,2,10,4,home,0,0,1,0,-1,0
2013-02-02,Aston Villa,3,3,8,4,away,0,1,0,1,0,0
2013-02-10,Aston Villa,2,1,7,2,home,1,0,0,3,1,0
2013-02-23,Aston Villa,1,2,5,3,away,0,0,1,0,-1,0
2013-03-04,Aston Villa,0,1,10,5,home,0,0,1,0,-1,0
2013-03-09,Aston Villa,2,1,18,7,away,1,0,0,3,1,0
2013-03-16,Aston Villa,3,2,10,6,home,1,0,0,3,1,0
2013-03-31,Aston Villa,1,2,10,7,home,0,0,1,0,-1,0
2013-04-06,Aston Villa,3,1,11,8,away,1,0,0,3,2,0
2013-04-13,Aston Villa,1,1,15,7,home,0,1,0,1,0,0
2013-04-22,Aston Villa,0,3,8,5,away,0,0,1,0,-3,0
2013-04-29,Aston Villa,6,1,18,15,home,1,0,0,3,5,0
2013-05-04,Aston Villa,2,1,12,6,away,1,0,0,3,1,0
2013-05-11,Aston Villa,1,2,12,7,home,0,0,1,0,-1,0
2013-05-19,Aston Villa,2,2,5,2,away,0,1,0,1,0,0
2013-08-17,Aston Villa,3,1,9,4,away,1,0,0,3,2,0
2013-08-21,Aston Villa,1,2,7,3,away,0,0,1,0,-1,0
2013-08-24,Aston Villa,0,1,17,3,home,0,0,1,0,-1,0
2013-09-14,Aston Villa,1,2,10,1,home,0,0,1,0,-1,0
2013-09-21,Aston Villa,1,0,16,4,away,1,0,0,3,1,1
2013-09-28,Aston Villa,3,2,8,4,home,1,0,0,3,1,0
2013-10-05,Aston Villa,0,0,18,4,away,0,1,0,1,0,1
2013-10-20,Aston Villa,0,2,15,2,home,0,0,1,0,-2,0
2013-10-26,Aston Villa,0,2,14,3,home,0,0,1,0,-2,0
2013-11-02,Aston Villa,0,0,8,2,away,0,1,0,1,0,1
2013-11-09,Aston Villa,2,0,17,6,home,1,0,0,3,2,1
2013-11-25,Aston Villa,2,2,15,7,away,0,1,0,1,0,0
2013-11-30,Aston Villa,0,0,13,4,home,0,1,0,1,0,1
2013-12-04,Aston Villa,3,2,6,3,away,1,0,0,3,1,0
2013-12-08,Aston Villa,0,2,10,2,away,0,0,1,0,-2,0
2013-12-15,Aston Villa,0,3,17,6,home,0,0,1,0,-3,0
2013-12-21,Aston Villa,1,2,14,4,away,0,0,1,0,-1,0
2013-12-26,Aston Villa,0,1,10,4,home,0,0,1,0,-1,0
2013-12-28,Aston Villa,1,1,7,3,home,0,1,0,1,0,0
2014-01-01,Aston Villa,1,0,13,5,away,1,0,0,3,1,1
2014-01-13,Aston Villa,1,2,11,5,home,0,0,1,0,-1,0
2014-01-18,Aston Villa,2,2,12,3,away,0,1,0,1,0,0
2014-01-29,Aston Villa,4,3,10,6,home,1,0,0,3,1,0
2014-02-01,Aston Villa,1,2,4,1,away,0,0,1,0,-1,0
2014-02-08,Aston Villa,0,2,16,1,home,0,0,1,0,-2,0
2014-02-11,Aston Villa,0,0,18,6,away,0,1,0,1,0,1
2014-02-23,Aston Villa,0,1,10,2,away,0,0,1,0,-1,0
2014-03-02,Aston Villa,4,1,10,4,home,1,0,0,3,3,0
2014-03-15,Aston Villa,1,0,13,4,home,1,0,0,3,1,1
2014-03-23,Aston Villa,1,4,12,3,home,0,0,1,0,-3,0
2014-03-29,Aston Villa,1,4,10,1,away,0,0,1,0,-3,0
2014-04-05,Aston Villa,1,2,12,6,home,0,0,1,0,-1,0
2014-04-12,Aston Villa,0,1,7,4,away,0,0,1,0,-1,0
2014-04-19,Aston Villa,0,0,6,1,home,0,1,0,1,0,1
2014-04-26,Aston Villa,1,4,11,3,away,0,0,1,0,-3,0
2014-05-03,Aston Villa,3,1,15,9,home,1,0,0,3,2,0
2014-05-07,Aston Villa,0,4,5,0,away,0,0,1,0,-4,0
2014-05-11,Aston Villa,0,3,4,1,away,0,0,1,0,-3,0
2014-08-16,Aston Villa,1,0,7,2,away,1,0,0,3,1,1
2014-08-23,Aston Villa,0,0,9,0,home,0,1,0,1,0,1
2014-08-31,Aston Villa,2,1,11,4,home,1,0,0,3,1,0
2014-09-13,Aston Villa,1,0,5,1,away,1,0,0,3,1,1
2014-09-20,Aston Villa,0,3,6,2,home,0,0,1,0,-3,0
2014-09-27,Aston Villa,0,3,7,1,away,0,0,1,0,-3,0
2014-10-04,Aston Villa,0,2,6,1,home,0,0,1,0,-2,0
2014-10-18,Aston Villa,0,3,10,2,away,0,0,1,0,-3,0
2014-10-27,Aston Villa,0,2,15,6,away,0,0,1,0,-2,0
2014-11-02,Aston Villa,1,2,12,1,home,0,0,1,0,-1,0
2014-11-08,Aston Villa,0,0,12,4,away,0,1,0,1,0,1
2014-11-24,Aston Villa,1,1,7,1,home,0,1,0,1,0,0
2014-11-29,Aston Villa,1,1,18,7,away,0,1,0,1,0,0
2014-12-02,Aston Villa,1,0,5,3,away,1,0,0,3,1,1
2014-12-07,Aston Villa,2,1,16,7,home,1,0,0,3,1,0
2014-12-13,Aston Villa,0,1,7,2,away,0,0,1,0,-1,0
2014-12-20,Aston Villa,1,1,10,4,home,0,1,0,1,0,0
2014-12-26,Aston Villa,0,1,11,3,away,0,0,1,0,-1,0
2014-12-28,Aston Villa,0,0,14,3,home,0,1,0,1,0,1
2015-01-01,Aston Villa,0,0,14,3,home,0,1,0,1,0,1
2015-01-10,Aston Villa,0,1,12,1,away,0,0,1,0,-1,0
2015-01-17,Aston Villa,0,2,15,4,home,0,0,1,0,-2,0
2015-02-01,Aston Villa,0,5,9,2,away,0,0,1,0,-5,0
2015-02-07,Aston Villa,1,2,8,1,home,0,0,1,0,-1,0
2015-02-10,Aston Villa,0,2,11,4,away,0,0,1,0,-2,0
2015-02-21,Aston Villa,1,2,3,2,home,0,0,1,0,-1,0
2015-02-28,Aston Villa,0,1,13,3,away,0,0,1,0,-1,0
2015-03-03,Aston Villa,2,1,16,8,home,1,0,0,3,1,0
2015-03-14,Aston Villa,4,0,14,8,away,1,0,0,3,4,1
2015-03-21,Aston Villa,0,1,12,3,home,0,0,1,0,-1,0
2015-04-04,Aston Villa,1,3,4,2,away,0,0,1,0,-2,0
2015-04-07,Aston Villa,3,3,21,7,home,0,1,0,1,0,0
2015-04-11,Aston Villa,1,0,10,3,away,1,0,0,3,1,1
2015-04-25,Aston Villa,2,3,13,4,away,0,0,1,0,-1,0
2015-05-02,Aston Villa,3,2,11,4,home,1,0,0,3,1,0
2015-05-09,Aston Villa,1,0,15,5,home,1,0,0,3,1,1
2015-05-16,Aston Villa,1,6,9,4,away,0,0,1,0,-5,0
2015-05-24,Aston Villa,0,1,16,5,home,0,0,1,0,-1,0
2015-08-08,Aston Villa,1,0,7,3,away,1,0,0,3,1,1
2015-08-14,Aston Villa,0,1,5,1,home,0,0,1,0,-1,0
2015-08-22,Aston Villa,1,2,11,2,away,0,0,1,0,-1,0
2015-08-29,Aston Villa,2,2,21,6,home,0,1,0,1,0,0
2015-09-13,Aston Villa,2,3,11,4,away,0,0,1,0,-1,0
2015-09-19,Aston Villa,0,1,13,3,home,0,0,1,0,-1,0
2015-09-26,Aston Villa,2,3,10,4,away,0,0,1,0,-1,0
2015-10-03,Aston Villa,0,1,13,2,home,0,0,1,0,-1,0
2015-10-17,Aston Villa,0,2,8,1,away,0,0,1,0,-2,0
2015-10-24,Aston Villa,1,2,9,3,home,0,0,1,0,-1,0
2015-11-02,Aston Villa,1,3,13,2,away,0,0,1,0,-2,0
2015-11-08,Aston Villa,0,0,3,0,home,0,1,0,1,0,1
2015-11-21,Aston Villa,0,4,10,3,away,0,0,1,0,-4,0
2015-11-28,Aston Villa,2,3,12,6,home,0,0,1,0,-1,0
2015-12-05,Aston Villa,1,1,9,2,away,0,1,0,1,0,0
2015-12-13,Aston Villa,0,2,18,2,home,0,0,1,0,-2,0
2015-12-19,Aston Villa,1,1,10,7,away,0,1,0,1,0,0
2015-12-26,Aston Villa,1,1,15,8,home,0,1,0,1,0,0
2015-12-28,Aston Villa,0,2,6,3,away,0,0,1,0,-2,0
2016-01-02,Aston Villa,1,3,8,3,away,0,0,1,0,-2,0
2016-01-12,Aston Villa,1,0,13,3,home,1,0,0,3,1,1
2016-01-16,Aston Villa,1,1,14,5,home,0,1,0,1,0,0
2016-01-23,Aston Villa,0,0,15,4,away,0,1,0,1,0,1
2016-02-02,Aston Villa,0,2,6,2,away,0,0,1,0,-2,0
2016-02-06,Aston Villa,2,0,10,3,home,1,0,0,3,2,1
2016-02-14,Aston Villa,0,6,6,1,home,0,0,1,0,-6,0
2016-02-27,Aston Villa,1,2,5,1,away,0,0,1,0,-1,0
2016-03-01,Aston Villa,1,3,14,5,home,0,0,1,0,-2,0
2016-03-05,Aston Villa,0,4,2,1,away,0,0,1,0,-4,0
2016-03-13,Aston Villa,0,2,11,2,home,0,0,1,0,-2,0
2016-03-19,Aston Villa,0,1,12,2,away,0,0,1,0,-1,0
2016-04-02,Aston Villa,0,4,15,4,home,0,0,1,0,-4,0
2016-04-09,Aston Villa,1,2,6,1,home,0,0,1,0,-1,0
2016-04-16,Aston Villa,0,1,7,1,away,0,0,1,0,-1,0
2016-04-23,Aston Villa,2,4,16,7,home,0,0,1,0,-2,0
2016-04-30,Aston Villa,2,3,7,2,away,0,0,1,0,-1,0
2016-05-07,Aston Villa,0,0,2,0,home,0,1,0,1,0,1
2016-05-15,Aston Villa,0,4,5,2,away,0,0,1,0,-4,0
2019-08-10,Aston Villa,1,3,7,4,away,0,0,1,0,-2,0
2019-08-17,Aston Villa,1,2,22,7,home,0,0,1,0,-1,0
2019-08-23,Aston Villa,2,0,7,3,home,1,0,0,3,2,1
2019-08-31,Aston Villa,0,1,10,2,away,0,0,1,0,-1,0
2019-09-16,Aston Villa,0,0,10,5,home,0,1,0,1,0,1
2019-09-22,Aston Villa,2,3,14,9,away,0,0,1,0,-1,0
2019-09-28,Aston Villa,2,2,16,3,home,0,1,0,1,0,0
2019-10-05,Aston Villa,5,1,22,12,away,1,0,0,3,4,0
2019-10-19,Aston Villa,2,1,24,8,home,1,0,0,3,1,0
2019-10-26,Aston Villa,0,3,11,5,away,0,0,1,0,-3,0
2019-11-02,Aston Villa,1,2,5,2,home,0,0,1,0,-1,0
2019-11-10,Aston Villa,1,2,13,4,away,0,0,1,0,-1,0
2019-11-25,Aston Villa,2,0,17,8,home,1,0,0,3,2,1
2019-12-01,Aston Villa,2,2,9,3,away,0,1,0,1,0,0
2019-12-04,Aston Villa,1,2,9,3,away,0,0,1,0,-1,0
2019-12-08,Aston Villa,1,4,15,2,home,0,0,1,0,-3,0
2019-12-14,Aston Villa,0,2,8,0,away,0,0,1,0,-2,0
2019-12-21,Aston Villa,1,3,19,6,home,0,0,1,0,-2,0
2019-12-26,Aston Villa,1,0,11,2,home,1,0,0,3,1,1
2019-12-28,Aston Villa,0,3,11,2,away,0,0,1,0,-3,0
2020-01-01,Aston Villa,2,1,11,6,away,1,0,0,3,1,0
2020-01-12,Aston Villa,1,6,7,1,home,0,0,1,0,-5,0
2020-01-18,Aston Villa,1,1,8,3,away,0,1,0,1,0,0
2020-01-21,Aston Villa,2,1,16,5,home,1,0,0,3,1,0
2020-02-01,Aston Villa,1,2,18,5,away,0,0,1,0,-1,0
2020-02-16,Aston Villa,2,3,18,4,home,0,0,1,0,-1,0
2020-02-22,Aston Villa,0,2,4,1,away,0,0,1,0,-2,0
2020-03-09,Aston Villa,0,4,4,1,away,0,0,1,0,-4,0
2020-06-17,Aston Villa,0,0,14,6,home,0,1,0,1,0,1
2020-06-21,Aston Villa,1,2,8,4,home,0,0,1,0,-1,0
2020-06-24,Aston Villa,1,1,14,2,away,0,1,0,1,0,0
2020-06-27,Aston Villa,0,1,11,1,home,0,0,1,0,-1,0
2020-07-05,Aston Villa,0,2,9,3,away,0,0,1,0,-2,0
2020-07-09,Aston Villa,0,3,9,1,home,0,0,1,0,-3,0
2020-07-12,Aston Villa,2,0,12,9,home,1,0,0,3,2,1
2020-07-16,Aston Villa,1,1,15,1,away,0,1,0,1,0,0
2020-07-21,Aston Villa,1,0,8,3,home,1,0,0,3,1,1
2020-07-26,Aston Villa,1,1,13,4,away,0,1,0,1,0,0
2020-09-21,Aston Villa,1,0,18,2,home,1,0,0,3,1,1
2020-09-28,Aston Villa,3,0,12,5,away,1,0,0,3,3,1
2020-10-04,Aston Villa,7,2,18,11,home,1,0,0,3,5,0
2020-10-18,Aston Villa,1,0,10,4,away,1,0,0,3,1,1
2020-10-23,Aston Villa,0,3,12,4,home,0,0,1,0,-3,0
2020-11-01,Aston Villa,3,4,19,10,home,0,0,1,0,-1,0
2020-11-08,Aston Villa,3,0,15,6,away,1,0,0,3,3,1
2020-11-21,Aston Villa,1,2,15,4,home,0,0,1,0,-1,0
2020-11-30,Aston Villa,1,2,16,6,away,0,0,1,0,-1,0
2020-12-12,Aston Villa,1,0,13,2,away,1,0,0,3,1,1
2020-12-17,Aston Villa,0,0,27,7,home,0,1,0,1,0,1
2020-12-20,Aston Villa,3,0,19,10,away,1,0,0,3,3,1
2020-12-26,Aston Villa,3,0,21,10,home,1,0,0,3,3,1
2020-12-28,Aston Villa,1,1,10,2,away,0,1,0,1,0,0
2021-01-01,Aston Villa,1,2,5,5,away,0,0,1,0,-1,0
2021-01-20,Aston Villa,0,2,11,4,away,0,0,1,0,-2,0
2021-01-23,Aston Villa,2,0,14,5,home,1,0,0,3,2,1
2021-01-27,Aston Villa,2,3,18,10,away,0,0,1,0,-1,0
2021-01-30,Aston Villa,1,0,8,4,away,1,0,0,3,1,1
2021-02-03,Aston Villa,1,3,9,2,home,0,0,1,0,-2,0
2021-02-06,Aston Villa,1,0,12,8,home,1,0,0,3,1,1
2021-02-13,Aston Villa,0,0,4,1,away,0,1,0,1,0,1
2021-02-21,Aston Villa,1,2,11,2,home,0,0,1,0,-1,0
2021-02-27,Aston Villa,1,0,9,4,away,1,0,0,3,1,1
2021-03-03,Aston Villa,0,1,16,4,away,0,0,1,0,-1,0
2021-03-06,Aston Villa,0,0,9,1,home,0,1,0,1,0,1
2021-03-12,Aston Villa,1,1,15,6,away,0,1,0,1,0,0
2021-03-21,Aston Villa,0,2,8,1,home,0,0,1,0,-2,0
2021-04-04,Aston Villa,3,1,14,4,home,1,0,0,3,2,0
2021-04-10,Aston Villa,1,2,9,5,away,0,0,1,0,-1,0
2021-04-21,Aston Villa,1,2,8,3,home,0,0,1,0,-1,0
2021-04-25,Aston Villa,2,2,24,11,home,0,1,0,1,0,0
2021-05-01,Aston Villa,2,1,13,5,away,1,0,0,3,1,0
2021-05-09,Aston Villa,1,3,11,5,home,0,0,1,0,-2,0
2021-05-13,Aston Villa,0,0,13,2,home,0,1,0,1,0,1
2021-05-16,Aston Villa,2,3,19,5,away,0,0,1,0,-1,0
2021-05-19,Aston Villa,2,1,20,4,away,1,0,0,3,1,0
2021-05-23,Aston Villa,2,1,6,3,home,1,0,0,3,1,0
2021-08-14,Aston Villa,2,3,11,2,away,0,0,1,0,-1,0
2021-08-21,Aston Villa,2,0,10,2,home,1,0,0,3,2,1
2021-08-28,Aston Villa,1,1,7,5,home,0,1,0,1,0,0
2021-09-11,Aston Villa,0,3,18,6,away,0,0,1,0,-3,0
2021-09-18,Aston Villa,3,0,15,3,home,1,0,0,3,3,1
2021-09-25,Aston Villa,1,0,7,3,away,1,0,0,3,1,1
2021-10-03,Aston Villa,1,2,14,3,away,0,0,1,0,-1,0
2021-10-16,Aston Villa,2,3,14,5,home,0,0,1,0,-1,0
2021-10-22,Aston Villa,1,3,10,4,away,0,0,1,0,-2,0
2021-10-31,Aston Villa,1,4,9,3,home,0,0,1,0,-3,0
2021-11-05,Aston Villa,0,1,14,3,away,0,0,1,0,-1,0
2021-11-20,Aston Villa,2,0,9,5,home,1,0,0,3,2,1
2021-11-27,Aston Villa,2,1,10,3,away,1,0,0,3,1,0
2021-12-01,Aston Villa,1,2,9,3,home,0,0,1,0,-1,0
2021-12-05,Aston Villa,2,1,13,4,home,1,0,0,3,1,0
2021-12-11,Aston Villa,0,1,4,0,away,0,0,1,0,-1,0
2021-12-14,Aston Villa,2,0,17,6,away,1,0,0,3,2,1
2021-12-26,Aston Villa,1,3,8,1,home,0,0,1,0,-2,0
2022-01-02,Aston Villa,1,2,16,5,away,0,0,1,0,-1,0
2022-01-15,Aston Villa,2,2,13,9,home,0,1,0,1,0,0
2022-01-22,Aston Villa,1,0,8,3,away,1,0,0,3,1,1
2022-02-09,Aston Villa,3,3,12,4,home,0,1,0,1,0,0
2022-02-13,Aston Villa,0,1,11,1,away,0,0,1,0,-1,0
2022-02-19,Aston Villa,0,1,20,1,home,0,0,1,0,-1,0
2022-02-26,Aston Villa,2,0,9,4,away,1,0,0,3,2,1
2022-03-05,Aston Villa,4,0,14,9,home,1,0,0,3,4,1
2022-03-10,Aston Villa,3,0,15,9,away,1,0,0,3,3,1
2022-03-13,Aston Villa,1,2,13,7,away,0,0,1,0,-1,0
2022-03-19,Aston Villa,0,1,8,1,home,0,0,1,0,-1,0
2022-04-02,Aston Villa,1,2,15,5,away,0,0,1,0,-1,0
2022-04-09,Aston Villa,0,4,9,8,home,0,0,1,0,-4,0
2022-04-23,Aston Villa,0,0,11,3,away,0,1,0,1,0,1
2022-04-30,Aston Villa,2,0,21,6,home,1,0,0,3,2,1
2022-05-07,Aston Villa,3,1,12,7,away,1,0,0,3,2,0
2022-05-10,Aston Villa,1,2,9,4,home,0,0,1,0,-1,0
2022-05-15,Aston Villa,1,1,13,4,home,0,1,0,1,0,0
2022-05-19,Aston Villa,1,1,22,9,home,0,1,0,1,0,0
2022-05-22,Aston Villa,2,3,4,2,away,0,0,1,0,-1,0
2022-08-06,Aston Villa,0,2,15,2,away,0,0,1,0,-2,0
2022-08-13,Aston Villa,2,1,12,4,home,1,0,0,3,1,0
2022-08-20,Aston Villa,1,3,13,5,away,0,0,1,0,-2,0
2022-08-28,Aston Villa,0,1,9,3,home,0,0,1,0,-1,0
2022-08-31,Aston Villa,1,2,4,3,away,0,0,1,0,-1,0
2022-09-03,Aston Villa,1,1,3,1,home,0,1,0,1,0,0
2022-09-16,Aston Villa,1,0,11,3,home,1,0,0,3,1,1
2022-10-02,Aston Villa,0,0,19,7,away,0,1,0,1,0,1
2022-10-10,Aston Villa,1,1,12,2,away,0,1,0,1,0,0
2022-10-16,Aston Villa,0,2,18,7,home,0,0,1,0,-2,0
2022-10-20,Aston Villa,0,3,12,6,away,0,0,1,0,-3,0
2022-10-23,Aston Villa,4,0,19,11,home,1,0,0,3,4,1
2022-10-29,Aston Villa,0,4,3,0,away,0,0,1,0,-4,0
2022-11-06,Aston Villa,3,1,6,4,home,1,0,0,3,2,0
2022-11-13,Aston Villa,2,1,8,2,away,1,0,0,3,1,0
2022-12-26,Aston Villa,1,3,12,6,home,0,0,1,0,-2,0
2023-01-01,Aston Villa,2,0,13,4,away,1,0,0,3,2,1
2023-01-04,Aston Villa,1,1,13,4,home,0,1,0,1,0,0
2023-01-13,Aston Villa,2,1,11,5,home,1,0,0,3,1,0
2023-01-21,Aston Villa,1,0,16,5,away,1,0,0,3,1,1
2023-02-04,Aston Villa,2,4,19,4,home,0,0,1,0,-2,0
2023-02-12,Aston Villa,1,3,6,2,away,0,0,1,0,-2,0
2023-02-18,Aston Villa,2,4,7,5,home,0,0,1,0,-2,0
2023-02-25,Aston Villa,2,0,9,5,away,1,0,0,3,2,1
2023-03-04,Aston Villa,1,0,8,1,home,1,0,0,3,1,1
2023-03-12,Aston Villa,1,1,12,4,away,0,1,0,1,0,0
2023-03-18,Aston Villa,3,0,20,9,home,1,0,0,3,3,1
2023-04-01,Aston Villa,2,0,5,2,away,1,0,0,3,2,1
2023-04-04,Aston Villa,2,1,15,5,away,1,0,0,3,1,0
2023-04-08,Aston Villa,2,0,8,3,home,1,0,0,3,2,1
2023-04-15,Aston Villa,3,0,16,6,home,1,0,0,3,3,1
2023-04-22,Aston Villa,1,1,14,2,away,0,1,0,1,0,0
2023-04-25,Aston Villa,1,0,14,3,home,1,0,0,3,1,1
2023-04-30,Aston Villa,0,1,7,1,away,0,0,1,0,-1,0
2023-05-06,Aston Villa,0,1,16,3,away,0,0,1,0,-1,0
2023-05-13,Aston Villa,2,1,8,4,home,1,0,0,3,1,0
2023-05-20,Aston Villa,1,1,6,3,away,0,1,0,1,0,0
2023-05-28,Aston Villa,2,1,12,5,home,1,0,0,3,1,0
2023-08-12,Aston Villa,1,5,16,6,away,0,0,1,0,-4,0
2023-08-20,Aston Villa,4,0,13,7,home,1,0,0,3,4,1
2023-08-27,Aston Villa,3,1,16,6,away,1,0,0,3,2,0
2023-09-03,Aston Villa,0,3,9,3,away,0,0,1,0,-3,0
2023-09-16,Aston Villa,3,1,16,5,home,1,0,0,3,2,0
2023-09-24,Aston Villa,1,0,15,7,away,1,0,0,3,1,1
2023-09-30,Aston Villa,6,1,19,9,home,1,0,0,3,5,0
2023-10-08,Aston Villa,1,1,18,4,away,0,1,0,1,0,0
2023-10-22,Aston Villa,4,1,15,7,home,1,0,0,3,3,0
2023-10-29,Aston Villa,3,1,17,6,home,1,0,0,3,2,0
2023-11-05,Aston Villa,0,2,13,3,away,0,0,1,0,-2,0
2023-11-12,Aston Villa,3,1,12,6,home,1,0,0,3,2,0
2023-11-26,Aston Villa,2,1,15,5,away,1,0,0,3,1,0
2023-12-03,Aston Villa,2,2,11,3,away,0,1,0,1,0,0
2023-12-06,Aston Villa,1,0,22,7,home,1,0,0,3,1,1
2023-12-09,Aston Villa,1,0,10,3,home,1,0,0,3,1,1
2023-12-17,Aston Villa,2,1,15,5,away,1,0,0,3,1,0
2023-12-22,Aston Villa,1,1,12,4,home,0,1,0,1,0,0
2023-12-26,Aston Villa,2,3,10,4,away,0,0,1,0,-1,0
2023-12-30,Aston Villa,3,2,19,7,home,1,0,0,3,1,0
2024-01-14,Aston Villa,0,0,16,5,away,0,1,0,1,0,1
2024-01-30,Aston Villa,1,3,12,6,home,0,0,1,0,-2,0
2024-02-03,Aston Villa,5,0,14,10,away,1,0,0,3,5,1
2024-02-11,Aston Villa,1,2,23,10,home,0,0,1,0,-1,0
2024-02-17,Aston Villa,2,1,12,3,away,1,0,0,3,1,0
2024-02-24,Aston Villa,4,2,16,6,home,1,0,0,3,2,0
2024-03-02,Aston Villa,3,2,12,8,away,1,0,0,3,1,0
2024-03-10,Aston Villa,0,4,10,1,home,0,0,1,0,-4,0
2024-03-17,Aston Villa,1,1,13,5,away,0,1,0,1,0,0
2024-03-30,Aston Villa,2,0,11,5,home,1,0,0,3,2,1
2024-04-03,Aston Villa,1,4,8,3,away,0,0,1,0,-3,0
2024-04-06,Aston Villa,3,3,11,3,home,0,1,0,1,0,0
2024-04-14,Aston Villa,2,0,11,2,away,1,0,0,3,2,1
2024-04-21,Aston Villa,3,1,14,4,home,1,0,0,3,2,0
2024-04-27,Aston Villa,2,2,9,4,home,0,1,0,1,0,0
2024-05-05,Aston Villa,0,1,2,1,away,0,0,1,0,-1,0
2024-05-13,Aston Villa,3,3,19,5,home,0,1,0,1,0,0
2024-05-19,Aston Villa,0,5,8,2,away,0,0,1,0,-5,0
2024-08-17,Aston Villa,2,1,15,3,away,1,0,0,3,1,0
2024-08-24,Aston Villa,0,2,11,3,home,0,0,1,0,-2,0
2024-08-31,Aston Villa,2,1,10,5,away,1,0,0,3,1,0
2024-09-14,Aston Villa,3,2,17,8,home,1,0,0,3,1,0
2024-09-21,Aston Villa,3,1,9,4,home,1,0,0,3,2,0
2024-09-29,Aston Villa,2,2,7,3,away,0,1,0,1,0,0
2024-10-06,Aston Villa,0,0,11,1,home,0,1,0,1,0,1
2024-10-19,Aston Villa,3,1,14,5,away,1,0,0,3,2,0
2024-10-26,Aston Villa,1,1,18,8,home,0,1,0,1,0,0
2024-11-03,Aston Villa,1,4,12,1,away,0,0,1,0,-3,0
2024-11-09,Aston Villa,0,2,12,2,away,0,0,1,0,-2,0
2024-11-23,Aston Villa,2,2,17,5,home,0,1,0,1,0,0
2024-12-01,Aston Villa,0,3,10,4,away,0,0,1,0,-3,0
2024-12-04,Aston Villa,3,1,20,10,home,1,0,0,3,2,0
2024-12-07,Aston Villa,1,0,18,5,home,1,0,0,3,1,1
2024-12-14,Aston Villa,1,2,8,2,away,0,0,1,0,-1,0
2024-12-21,Aston Villa,2,1,11,6,home,1,0,0,3,1,0
2024-12-26,Aston Villa,0,3,4,1,away,0,0,1,0,-3,0
2024-12-30,Aston Villa,2,2,20,4,home,0,1,0,1,0,0
2025-01-04,Aston Villa,2,1,13,5,home,1,0,0,3,1,0
2025-01-15,Aston Villa,1,0,11,3,away,1,0,0,3,1,1
2025-01-18,Aston Villa,2,2,8,4,away,0,1,0,1,0,0
2025-01-26,Aston Villa,1,1,14,4,home,0,1,0,1,0,0
2025-02-01,Aston Villa,0,2,10,3,away,0,0,1,0,-2,0
2025-02-15,Aston Villa,1,1,25,6,home,0,1,0,1,0,0
2025-02-19,Aston Villa,2,2,9,4,home,0,1,0,1,0,0
2025-02-22,Aston Villa,2,1,12,6,home,1,0,0,3,1,0
2025-02-25,Aston Villa,1,4,6,2,away,0,0,1,0,-3,0
2025-03-08,Aston Villa,1,0,12,4,away,1,0,0,3,1,1
2025-04-02,Aston Villa,3,0,8,5,away,1,0,0,3,3,1
2025-04-05,Aston Villa,2,1,17,8,home,1,0,0,3,1,0
2025-04-12,Aston Villa,3,0,25,10,away,1,0,0,3,3,1
2025-04-19,Aston Villa,4,1,23,9,home,1,0,0,3,3,0
2025-04-22,Aston Villa,1,2,7,3,away,0,0,1,0,-1,0
2025-05-03,Aston Villa,1,0,10,3,home,1,0,0,3,1,1
2025-05-10,Aston Villa,1,0,6,3,away,1,0,0,3,1,1
2025-05-16,Aston Villa,2,0,18,7,home,1,0,0,3,2,1
2025-05-25,Aston Villa,0,2,6,1,away,0,0,1,0,-2,0
2025-08-16,Aston Villa,0,0,3,3,home,0,1,0,1,0,1
2025-08-23,Aston Villa,0,1,17,2,away,0,0,1,0,-1,0
2025-08-31,Aston Villa,0,3,13,4,home,0,0,1,0,-3,0
2025-09-13,Aston Villa,0,0,7,1,away,0,1,0,1,0,1
2025-09-21,Aston Villa,1,1,12,2,away,0,1,0,1,0,0
2025-09-28,Aston Villa,3,1,9,4,home,1,0,0,3,2,0
2025-10-05,Aston Villa,2,1,15,7,home,1,0,0,3,1,0
2025-10-19,Aston Villa,2,1,8,2,away,1,0,0,3,1,0
2025-10-26,Aston Villa,1,0,9,3,home,1,0,0,3,1,1
2025-11-01,Aston Villa,0,2,10,3,away,0,0,1,0,-2,0
2025-11-09,Aston Villa,4,0,16,8,home,1,0,0,3,4,1
2025-11-23,Aston Villa,2,1,14,3,away,1,0,0,3,1,0
2025-11-30,Aston Villa,1,0,16,6,home,1,0,0,3,1,1
2025-12-03,Aston Villa,4,3,14,10,away,1,0,0,3,1,0
2025-12-06,Aston Villa,2,1,15,6,home,1,0,0,3,1,0
2025-12-14,Aston Villa,3,2,7,4,away,1,0,0,3,1,0
2025-12-21,Aston Villa,2,1,12,4,home,1,0,0,3,1,0
2025-12-27,Aston Villa,2,1,11,8,away,1,0,0,3,1,0
2025-12-30,Aston Villa,1,4,11,3,away,0,0,1,0,-3,0
2026-01-03,Aston Villa,3,1,11,4,home,1,0,0,3,2,0
2026-01-07,Aston Villa,0,0,15,3,away,0,1,0,1,0,1
2026-01-18,Aston Villa,0,1,18,5,home,0,0,1,0,-1,0
2026-01-25,Aston Villa,2,0,14,8,away,1,0,0,3,2,1
2026-02-01,Aston Villa,0,1,27,5,home,0,0,1,0,-1,0
2026-02-07,Aston Villa,1,1,7,4,away,0,1,0,1,0,0
2026-02-11,Aston Villa,1,0,15,1,home,1,0,0,3,1,1
2026-02-21,Aston Villa,1,1,16,4,home,0,1,0,1,0,0
2026-02-27,Aston Villa,0,2,14,5,away,0,0,1,0,-2,0
2026-03-04,Aston Villa,1,4,9,4,home,0,0,1,0,-3,0
2026-03-15,Aston Villa,1,3,9,2,away,0,0,1,0,-2,0
2026-03-22,Aston Villa,2,0,23,7,home,1,0,0,3,2,1
2010-08-14,Birmingham,2,2,13,7,away,0,1,0,1,0,0
2010-08-21,Birmingham,2,1,10,7,home,1,0,0,3,1,0
2010-08-29,Birmingham,2,2,9,5,away,0,1,0,1,0,0
2010-09-12,Birmingham,0,0,15,3,home,0,1,0,1,0,1
2010-09-18,Birmingham,1,3,6,3,away,0,0,1,0,-2,0
2010-09-25,Birmingham,0,0,10,4,home,0,1,0,1,0,1
2010-10-02,Birmingham,0,2,6,3,home,0,0,1,0,-2,0
2010-10-16,Birmingham,1,2,6,4,away,0,0,1,0,-1,0
2010-10-23,Birmingham,2,0,17,8,home,1,0,0,3,2,1
2010-10-31,Birmingham,0,0,10,6,away,0,1,0,1,0,1
2010-11-06,Birmingham,2,2,8,5,home,0,1,0,1,0,0
2010-11-09,Birmingham,2,3,14,10,away,0,0,1,0,-1,0
2010-11-13,Birmingham,0,0,5,3,away,0,1,0,1,0,1
2010-11-20,Birmingham,1,0,1,1,home,1,0,0,3,1,1
2010-11-27,Birmingham,1,1,7,3,away,0,1,0,1,0,0
2010-12-04,Birmingham,1,1,13,5,home,0,1,0,1,0,0
2010-12-12,Birmingham,0,1,3,0,away,0,0,1,0,-1,0
2010-12-28,Birmingham,1,1,8,3,home,0,1,0,1,0,0
2011-01-01,Birmingham,0,3,2,1,home,0,0,1,0,-3,0
2011-01-04,Birmingham,2,1,11,7,away,1,0,0,3,1,0
2011-01-16,Birmingham,1,1,14,4,home,0,1,0,1,0,0
2011-01-22,Birmingham,0,5,6,1,away,0,0,1,0,-5,0
2011-02-02,Birmingham,2,2,14,7,home,0,1,0,1,0,0
2011-02-06,Birmingham,1,0,9,3,away,1,0,0,3,1,1
2011-02-12,Birmingham,1,0,10,4,home,1,0,0,3,1,1
2011-02-15,Birmingham,0,2,11,5,home,0,0,1,0,-2,0
2011-03-05,Birmingham,1,3,9,4,home,0,0,1,0,-2,0
2011-03-09,Birmingham,1,1,5,3,away,0,1,0,1,0,0
2011-03-19,Birmingham,1,2,7,4,away,0,0,1,0,-1,0
2011-04-02,Birmingham,2,1,9,6,home,1,0,0,3,1,0
2011-04-09,Birmingham,1,1,6,5,away,0,1,0,1,0,0
2011-04-16,Birmingham,2,0,10,4,home,1,0,0,3,2,1
2011-04-20,Birmingham,1,3,6,3,away,0,0,1,0,-2,0
2011-04-23,Birmingham,0,5,10,6,away,0,0,1,0,-5,0
2011-05-01,Birmingham,1,1,8,1,home,0,1,0,1,0,0
2011-05-07,Birmingham,1,2,5,2,away,0,0,1,0,-1,0
2011-05-15,Birmingham,0,2,7,2,home,0,0,1,0,-2,0
2011-05-22,Birmingham,1,2,7,3,away,0,0,1,0,-1,0
2010-08-14,Blackburn,1,0,7,2,home,1,0,0,3,1,1
2010-08-21,Blackburn,1,2,7,2,away,0,0,1,0,-1,0
2010-08-28,Blackburn,1,2,15,7,home,0,0,1,0,-1,0
2010-09-11,Blackburn,1,1,4,2,away,0,1,0,1,0,0
2010-09-18,Blackburn,1,1,9,5,home,0,1,0,1,0,0
2010-09-25,Blackburn,2,1,13,8,away,1,0,0,3,1,0
2010-10-02,Blackburn,0,1,7,4,away,0,0,1,0,-1,0
2010-10-18,Blackburn,0,0,9,3,home,0,1,0,1,0,1
2010-10-24,Blackburn,1,2,4,2,away,0,0,1,0,-1,0
2010-10-30,Blackburn,1,2,13,6,home,0,0,1,0,-1,0
2010-11-06,Blackburn,2,1,10,3,home,1,0,0,3,1,0
2010-11-10,Blackburn,2,1,7,5,away,1,0,0,3,1,0
2010-11-13,Blackburn,2,4,12,8,away,0,0,1,0,-2,0
2010-11-21,Blackburn,2,0,14,5,home,1,0,0,3,2,1
2010-11-27,Blackburn,1,7,3,2,away,0,0,1,0,-6,0
2010-12-04,Blackburn,3,0,10,7,home,1,0,0,3,3,1
2010-12-12,Blackburn,1,2,16,11,away,0,0,1,0,-1,0
2010-12-18,Blackburn,1,1,13,5,home,0,1,0,1,0,0
2010-12-26,Blackburn,0,2,12,8,home,0,0,1,0,-2,0
2010-12-28,Blackburn,3,1,6,4,away,1,0,0,3,2,0
2011-01-01,Blackburn,0,3,11,3,away,0,0,1,0,-3,0
2011-01-05,Blackburn,3,1,10,4,home,1,0,0,3,2,0
2011-01-15,Blackburn,0,2,3,2,away,0,0,1,0,-2,0
2011-01-23,Blackburn,2,0,17,12,home,1,0,0,3,2,1
2011-02-02,Blackburn,0,1,17,9,home,0,0,1,0,-1,0
2011-02-05,Blackburn,3,4,9,5,away,0,0,1,0,-1,0
2011-02-12,Blackburn,0,0,4,0,home,0,1,0,1,0,1
2011-02-26,Blackburn,1,4,5,2,away,0,0,1,0,-3,0
2011-03-05,Blackburn,2,3,12,9,away,0,0,1,0,-1,0
2011-03-19,Blackburn,2,2,24,7,home,0,1,0,1,0,0
2011-04-02,Blackburn,0,0,7,2,away,0,1,0,1,0,1
2011-04-09,Blackburn,1,1,15,5,home,0,1,0,1,0,0
2011-04-16,Blackburn,0,2,4,2,away,0,0,1,0,-2,0
2011-04-25,Blackburn,0,1,12,6,home,0,0,1,0,-1,0
2011-04-30,Blackburn,1,0,17,8,home,1,0,0,3,1,1
2011-05-07,Blackburn,1,1,8,4,away,0,1,0,1,0,0
2011-05-14,Blackburn,1,1,6,2,home,0,1,0,1,0,0
2011-05-22,Blackburn,3,2,13,10,away,1,0,0,3,1,0
2011-08-13,Blackburn,1,2,16,8,home,0,0,1,0,-1,0
2011-08-20,Blackburn,1,3,10,6,away,0,0,1,0,-2,0
2011-08-27,Blackburn,0,1,14,6,home,0,0,1,0,-1,0
2011-09-11,Blackburn,1,1,10,5,away,0,1,0,1,0,0
2011-09-17,Blackburn,4,3,10,5,home,1,0,0,3,1,0
2011-09-24,Blackburn,1,3,4,1,away,0,0,1,0,-2,0
2011-10-01,Blackburn,0,4,5,4,home,0,0,1,0,-4,0
2011-10-15,Blackburn,1,1,10,9,away,0,1,0,1,0,0
2011-10-23,Blackburn,1,2,19,8,home,0,0,1,0,-1,0
2011-10-29,Blackburn,3,3,12,7,away,0,1,0,1,0,0
2011-11-05,Blackburn,0,1,13,8,home,0,0,1,0,-1,0
2011-11-19,Blackburn,3,3,6,2,away,0,1,0,1,0,0
2011-11-26,Blackburn,1,3,16,12,away,0,0,1,0,-2,0
2011-12-03,Blackburn,4,2,14,9,home,1,0,0,3,2,0
2011-12-11,Blackburn,1,2,3,2,away,0,0,1,0,-1,0
2011-12-17,Blackburn,1,2,17,14,home,0,0,1,0,-1,0
2011-12-20,Blackburn,1,2,17,7,home,0,0,1,0,-1,0
2011-12-26,Blackburn,1,1,5,2,away,0,1,0,1,0,0
2011-12-31,Blackburn,3,2,10,5,away,1,0,0,3,1,0
2012-01-02,Blackburn,1,2,14,7,home,0,0,1,0,-1,0
2012-01-14,Blackburn,3,1,15,11,home,1,0,0,3,2,0
2012-01-21,Blackburn,1,1,14,8,away,0,1,0,1,0,0
2012-02-01,Blackburn,0,2,23,12,home,0,0,1,0,-2,0
2012-02-04,Blackburn,1,7,3,3,away,0,0,1,0,-6,0
2012-02-11,Blackburn,3,2,7,5,home,1,0,0,3,1,0
2012-02-25,Blackburn,0,3,2,2,away,0,0,1,0,-3,0
2012-03-03,Blackburn,1,1,15,9,home,0,1,0,1,0,0
2012-03-10,Blackburn,2,0,12,8,away,1,0,0,3,2,1
2012-03-20,Blackburn,2,0,16,9,home,1,0,0,3,2,1
2012-03-24,Blackburn,1,2,10,4,away,0,0,1,0,-1,0
2012-04-02,Blackburn,0,2,11,6,home,0,0,1,0,-2,0
2012-04-07,Blackburn,0,3,16,10,away,0,0,1,0,-3,0
2012-04-10,Blackburn,2,3,10,4,home,0,0,1,0,-1,0
2012-04-14,Blackburn,0,3,7,2,away,0,0,1,0,-3,0
2012-04-21,Blackburn,2,0,9,6,home,1,0,0,3,2,1
2012-04-29,Blackburn,0,2,0,0,away,0,0,1,0,-2,0
2012-05-07,Blackburn,0,1,12,7,home,0,0,1,0,-1,0
2012-05-13,Blackburn,1,2,8,5,away,0,0,1,0,-1,0
2010-08-14,Blackpool,4,0,9,7,away,1,0,0,3,4,1
2010-08-21,Blackpool,0,6,3,1,away,0,0,1,0,-6,0
2010-08-28,Blackpool,2,2,14,5,home,0,1,0,1,0,0
2010-09-11,Blackpool,2,0,7,4,away,1,0,0,3,2,1
2010-09-19,Blackpool,0,4,11,4,away,0,0,1,0,-4,0
2010-09-25,Blackpool,1,2,11,8,home,0,0,1,0,-1,0
2010-10-03,Blackpool,2,1,11,7,away,1,0,0,3,1,0
2010-10-17,Blackpool,2,3,16,5,home,0,0,1,0,-1,0
2010-10-23,Blackpool,0,2,14,6,away,0,0,1,0,-2,0
2010-11-01,Blackpool,2,1,21,8,home,1,0,0,3,1,0
2010-11-06,Blackpool,2,2,11,8,home,0,1,0,1,0,0
2010-11-10,Blackpool,2,3,12,6,away,0,0,1,0,-1,0
2010-11-13,Blackpool,0,0,16,5,away,0,1,0,1,0,1
2010-11-20,Blackpool,2,1,13,9,home,1,0,0,3,1,0
2010-11-27,Blackpool,2,2,16,10,away,0,1,0,1,0,0
2010-12-11,Blackpool,1,0,10,5,away,1,0,0,3,1,1
2010-12-28,Blackpool,2,0,9,4,away,1,0,0,3,2,1
2011-01-01,Blackpool,0,1,8,6,away,0,0,1,0,-1,0
2011-01-04,Blackpool,1,2,19,13,home,0,0,1,0,-1,0
2011-01-12,Blackpool,2,1,13,9,home,1,0,0,3,1,0
2011-01-15,Blackpool,2,3,9,2,away,0,0,1,0,-1,0
2011-01-22,Blackpool,1,2,13,7,home,0,0,1,0,-1,0
2011-01-25,Blackpool,2,3,6,4,home,0,0,1,0,-1,0
2011-02-02,Blackpool,1,3,13,8,home,0,0,1,0,-2,0
2011-02-05,Blackpool,3,5,11,7,away,0,0,1,0,-2,0
2011-02-12,Blackpool,1,1,14,5,home,0,1,0,1,0,0
2011-02-22,Blackpool,3,1,8,4,home,1,0,0,3,2,0
2011-02-26,Blackpool,0,4,2,1,away,0,0,1,0,-4,0
2011-03-07,Blackpool,1,3,14,5,home,0,0,1,0,-2,0
2011-03-19,Blackpool,2,2,8,6,away,0,1,0,1,0,0
2011-04-03,Blackpool,0,3,10,6,away,0,0,1,0,-3,0
2011-04-10,Blackpool,1,3,12,6,home,0,0,1,0,-2,0
2011-04-16,Blackpool,1,3,14,9,home,0,0,1,0,-2,0
2011-04-23,Blackpool,1,1,18,7,home,0,1,0,1,0,0
2011-04-30,Blackpool,0,0,11,6,home,0,1,0,1,0,1
2011-05-07,Blackpool,1,1,13,7,away,0,1,0,1,0,0
2011-05-14,Blackpool,4,3,12,8,home,1,0,0,3,1,0
2011-05-22,Blackpool,2,4,14,7,away,0,0,1,0,-2,0
2010-08-14,Bolton,0,0,13,9,home,0,1,0,1,0,1
2010-08-21,Bolton,3,1,12,8,away,1,0,0,3,2,0
2010-08-29,Bolton,2,2,11,8,home,0,1,0,1,0,0
2010-09-11,Bolton,1,4,7,6,away,0,0,1,0,-3,0
2010-09-18,Bolton,1,1,13,7,away,0,1,0,1,0,0
2010-09-26,Bolton,2,2,15,9,home,0,1,0,1,0,0
2010-10-02,Bolton,1,1,10,5,away,0,1,0,1,0,0
2010-10-16,Bolton,2,1,11,6,home,1,0,0,3,1,0
2010-10-23,Bolton,1,1,9,2,away,0,1,0,1,0,0
2010-10-31,Bolton,0,1,14,10,home,0,0,1,0,-1,0
2010-11-06,Bolton,4,2,18,8,home,1,0,0,3,2,0
2010-11-10,Bolton,1,1,10,5,away,0,1,0,1,0,0
2010-11-13,Bolton,3,2,13,7,away,1,0,0,3,1,0
2010-11-20,Bolton,5,1,18,9,home,1,0,0,3,4,0
2010-11-27,Bolton,2,2,24,14,home,0,1,0,1,0,0
2010-12-04,Bolton,0,1,7,2,away,0,0,1,0,-1,0
2010-12-12,Bolton,2,1,12,7,home,1,0,0,3,1,0
2010-12-18,Bolton,0,1,12,8,away,0,0,1,0,-1,0
2010-12-26,Bolton,2,0,12,8,home,1,0,0,3,2,1
2010-12-29,Bolton,0,1,6,2,away,0,0,1,0,-1,0
2011-01-01,Bolton,1,2,10,4,away,0,0,1,0,-1,0
2011-01-05,Bolton,1,1,14,7,home,0,1,0,1,0,0
2011-01-15,Bolton,0,2,13,6,away,0,0,1,0,-2,0
2011-01-24,Bolton,0,4,11,8,home,0,0,1,0,-4,0
2011-02-02,Bolton,1,0,13,8,home,1,0,0,3,1,1
2011-02-05,Bolton,1,2,8,3,away,0,0,1,0,-1,0
2011-02-13,Bolton,2,0,11,5,home,1,0,0,3,2,1
2011-02-26,Bolton,1,1,17,10,away,0,1,0,1,0,0
2011-03-05,Bolton,3,2,15,9,home,1,0,0,3,1,0
2011-03-19,Bolton,0,1,11,6,away,0,0,1,0,-1,0
2011-04-02,Bolton,1,2,19,12,away,0,0,1,0,-1,0
2011-04-09,Bolton,3,0,23,12,home,1,0,0,3,3,1
2011-04-24,Bolton,2,1,11,10,home,1,0,0,3,1,0
2011-04-27,Bolton,0,3,14,6,away,0,0,1,0,-3,0
2011-04-30,Bolton,0,1,11,3,away,0,0,1,0,-1,0
2011-05-07,Bolton,1,2,17,9,home,0,0,1,0,-1,0
2011-05-14,Bolton,3,4,17,9,away,0,0,1,0,-1,0
2011-05-22,Bolton,0,2,16,8,home,0,0,1,0,-2,0
2011-08-13,Bolton,4,0,13,7,away,1,0,0,3,4,1
2011-08-21,Bolton,2,3,6,4,home,0,0,1,0,-1,0
2011-08-27,Bolton,1,3,7,4,away,0,0,1,0,-2,0
2011-09-10,Bolton,0,5,20,13,home,0,0,1,0,-5,0
2011-09-17,Bolton,1,2,7,7,home,0,0,1,0,-1,0
2011-09-24,Bolton,0,3,3,3,away,0,0,1,0,-3,0
2011-10-02,Bolton,1,5,14,10,home,0,0,1,0,-4,0
2011-10-15,Bolton,3,1,14,11,away,1,0,0,3,2,0
2011-10-22,Bolton,0,2,15,8,home,0,0,1,0,-2,0
2011-10-29,Bolton,1,3,8,3,away,0,0,1,0,-2,0
2011-11-06,Bolton,5,0,20,16,home,1,0,0,3,5,1
2011-11-19,Bolton,1,2,8,6,away,0,0,1,0,-1,0
2011-11-26,Bolton,0,2,8,7,home,0,0,1,0,-2,0
2011-12-03,Bolton,0,3,13,9,away,0,0,1,0,-3,0
2011-12-10,Bolton,1,2,17,12,home,0,0,1,0,-1,0
2011-12-17,Bolton,0,2,14,6,away,0,0,1,0,-2,0
2011-12-20,Bolton,2,1,8,5,away,1,0,0,3,1,0
2011-12-26,Bolton,0,2,4,3,home,0,0,1,0,-2,0
2011-12-31,Bolton,1,1,13,9,home,0,1,0,1,0,0
2012-01-04,Bolton,2,1,12,7,away,1,0,0,3,1,0
2012-01-14,Bolton,0,3,11,5,away,0,0,1,0,-3,0
2012-01-21,Bolton,3,1,15,8,home,1,0,0,3,2,0
2012-02-01,Bolton,0,0,14,8,home,0,1,0,1,0,1
2012-02-04,Bolton,0,2,10,6,away,0,0,1,0,-2,0
2012-02-11,Bolton,1,2,13,8,home,0,0,1,0,-1,0
2012-02-25,Bolton,0,3,8,1,away,0,0,1,0,-3,0
2012-03-03,Bolton,0,2,8,5,away,0,0,1,0,-2,0
2012-03-10,Bolton,2,1,11,7,home,1,0,0,3,1,0
2012-03-24,Bolton,2,1,12,6,home,1,0,0,3,1,0
2012-03-31,Bolton,3,2,19,11,away,1,0,0,3,1,0
2012-04-07,Bolton,0,3,13,7,home,0,0,1,0,-3,0
2012-04-09,Bolton,0,2,9,6,away,0,0,1,0,-2,0
2012-04-21,Bolton,1,1,7,5,home,0,1,0,1,0,0
2012-04-24,Bolton,2,1,12,11,away,1,0,0,3,1,0
2012-04-28,Bolton,2,2,16,9,away,0,1,0,1,0,0
2012-05-02,Bolton,1,4,14,8,home,0,0,1,0,-3,0
2012-05-06,Bolton,2,2,11,6,home,0,1,0,1,0,0
2012-05-13,Bolton,2,2,20,8,away,0,1,0,1,0,0
2015-08-08,Bournemouth,0,1,11,2,home,0,0,1,0,-1,0
2015-08-17,Bournemouth,0,1,13,2,away,0,0,1,0,-1,0
2015-08-22,Bournemouth,4,3,15,7,away,1,0,0,3,1,0
2015-08-29,Bournemouth,1,1,5,2,home,0,1,0,1,0,0
2015-09-12,Bournemouth,1,3,7,2,away,0,0,1,0,-2,0
2015-09-19,Bournemouth,2,0,15,5,home,1,0,0,3,2,1
2015-09-26,Bournemouth,1,2,11,6,away,0,0,1,0,-1,0
2015-10-03,Bournemouth,1,1,12,6,home,0,1,0,1,0,0
2015-10-17,Bournemouth,1,5,5,1,away,0,0,1,0,-4,0
2015-10-25,Bournemouth,1,5,11,3,home,0,0,1,0,-4,0
2015-11-01,Bournemouth,0,2,16,2,away,0,0,1,0,-2,0
2015-11-07,Bournemouth,0,1,20,5,home,0,0,1,0,-1,0
2015-11-21,Bournemouth,2,2,16,4,away,0,1,0,1,0,0
2015-11-28,Bournemouth,3,3,19,10,home,0,1,0,1,0,0
2015-12-05,Bournemouth,1,0,15,5,away,1,0,0,3,1,1
2015-12-12,Bournemouth,2,1,11,5,home,1,0,0,3,1,0
2015-12-19,Bournemouth,2,1,16,7,away,1,0,0,3,1,0
2015-12-26,Bournemouth,0,0,10,4,home,0,1,0,1,0,1
2015-12-28,Bournemouth,0,2,10,3,away,0,0,1,0,-2,0
2016-01-02,Bournemouth,0,0,9,0,away,0,1,0,1,0,1
2016-01-12,Bournemouth,1,3,11,4,home,0,0,1,0,-2,0
2016-01-16,Bournemouth,3,0,15,8,home,1,0,0,3,3,1
2016-01-23,Bournemouth,1,1,15,5,away,0,1,0,1,0,0
2016-02-02,Bournemouth,2,1,8,4,away,1,0,0,3,1,0
2016-02-07,Bournemouth,0,2,17,4,home,0,0,1,0,-2,0
2016-02-13,Bournemouth,1,3,11,2,home,0,0,1,0,-2,0
2016-02-27,Bournemouth,0,0,11,3,away,0,1,0,1,0,1
2016-03-01,Bournemouth,2,0,9,4,home,1,0,0,3,2,1
2016-03-05,Bournemouth,3,1,16,5,away,1,0,0,3,2,0
2016-03-12,Bournemouth,3,2,12,4,home,1,0,0,3,1,0
2016-03-20,Bournemouth,0,3,2,0,away,0,0,1,0,-3,0
2016-04-02,Bournemouth,0,4,11,2,home,0,0,1,0,-4,0
2016-04-09,Bournemouth,2,1,12,3,away,1,0,0,3,1,0
2016-04-17,Bournemouth,1,2,18,5,home,0,0,1,0,-1,0
2016-04-23,Bournemouth,1,4,13,4,home,0,0,1,0,-3,0
2016-04-30,Bournemouth,1,2,16,2,away,0,0,1,0,-1,0
2016-05-07,Bournemouth,1,1,12,4,home,0,1,0,1,0,0
2016-05-17,Bournemouth,1,3,7,0,away,0,0,1,0,-2,0
2016-08-14,Bournemouth,1,3,9,3,home,0,0,1,0,-2,0
2016-08-21,Bournemouth,0,1,8,5,away,0,0,1,0,-1,0
2016-08-27,Bournemouth,1,1,10,3,away,0,1,0,1,0,0
2016-09-10,Bournemouth,1,0,12,5,home,1,0,0,3,1,1
2016-09-17,Bournemouth,0,4,6,2,away,0,0,1,0,-4,0
2016-09-24,Bournemouth,1,0,12,1,home,1,0,0,3,1,1
2016-10-01,Bournemouth,2,2,11,2,away,0,1,0,1,0,0
2016-10-15,Bournemouth,6,1,22,10,home,1,0,0,3,5,0
2016-10-22,Bournemouth,0,0,8,1,home,0,1,0,1,0,1
2016-10-29,Bournemouth,0,2,15,3,away,0,0,1,0,-2,0
2016-11-05,Bournemouth,1,2,22,7,home,0,0,1,0,-1,0
2016-11-19,Bournemouth,1,0,9,2,away,1,0,0,3,1,1
2016-11-27,Bournemouth,1,3,9,3,away,0,0,1,0,-2,0
2016-12-04,Bournemouth,4,3,12,8,home,1,0,0,3,1,0
2016-12-10,Bournemouth,2,3,17,4,away,0,0,1,0,-1,0
2016-12-13,Bournemouth,1,0,9,3,home,1,0,0,3,1,1
2016-12-18,Bournemouth,1,3,10,5,home,0,0,1,0,-2,0
2016-12-26,Bournemouth,0,3,7,3,away,0,0,1,0,-3,0
2016-12-31,Bournemouth,3,0,11,6,away,1,0,0,3,3,1
2017-01-03,Bournemouth,3,3,12,6,home,0,1,0,1,0,0
2017-01-14,Bournemouth,1,3,8,6,away,0,0,1,0,-2,0
2017-01-21,Bournemouth,2,2,15,5,home,0,1,0,1,0,0
2017-01-31,Bournemouth,0,2,10,2,home,0,0,1,0,-2,0
2017-02-04,Bournemouth,3,6,18,8,away,0,0,1,0,-3,0
2017-02-13,Bournemouth,0,2,5,1,home,0,0,1,0,-2,0
2017-02-25,Bournemouth,1,2,12,4,away,0,0,1,0,-1,0
2017-03-04,Bournemouth,1,1,3,1,away,0,1,0,1,0,0
2017-03-11,Bournemouth,3,2,21,9,home,1,0,0,3,1,0
2017-03-18,Bournemouth,2,0,12,6,home,1,0,0,3,2,1
2017-04-01,Bournemouth,0,0,12,3,away,0,1,0,1,0,1
2017-04-05,Bournemouth,2,2,7,2,away,0,1,0,1,0,0
2017-04-08,Bournemouth,1,3,12,1,home,0,0,1,0,-2,0
2017-04-15,Bournemouth,0,4,5,1,away,0,0,1,0,-4,0
2017-04-22,Bournemouth,4,0,20,10,home,1,0,0,3,4,1
2017-04-29,Bournemouth,1,0,15,7,away,1,0,0,3,1,1
2017-05-06,Bournemouth,2,2,12,2,home,0,1,0,1,0,0
2017-05-13,Bournemouth,2,1,18,6,home,1,0,0,3,1,0
2017-05-21,Bournemouth,1,1,10,4,away,0,1,0,1,0,0
2017-08-12,Bournemouth,0,1,9,2,away,0,0,1,0,-1,0
2017-08-19,Bournemouth,0,2,6,2,home,0,0,1,0,-2,0
2017-08-26,Bournemouth,1,2,9,3,home,0,0,1,0,-1,0
2017-09-09,Bournemouth,0,3,7,2,away,0,0,1,0,-3,0
2017-09-15,Bournemouth,2,1,15,3,home,1,0,0,3,1,0
2017-09-23,Bournemouth,1,2,8,4,away,0,0,1,0,-1,0
2017-09-30,Bournemouth,0,0,19,4,home,0,1,0,1,0,1
2017-10-14,Bournemouth,0,1,5,1,away,0,0,1,0,-1,0
2017-10-21,Bournemouth,2,1,7,3,away,1,0,0,3,1,0
2017-10-28,Bournemouth,0,1,7,1,home,0,0,1,0,-1,0
2017-11-04,Bournemouth,1,0,16,6,away,1,0,0,3,1,1
2017-11-18,Bournemouth,4,0,11,5,home,1,0,0,3,4,1
2017-11-25,Bournemouth,0,0,9,5,away,0,1,0,1,0,1
2017-11-29,Bournemouth,1,2,10,2,home,0,0,1,0,-1,0
2017-12-03,Bournemouth,1,1,16,5,home,0,1,0,1,0,0
2017-12-09,Bournemouth,2,2,11,5,away,0,1,0,1,0,0
2017-12-13,Bournemouth,0,1,14,7,away,0,0,1,0,-1,0
2017-12-17,Bournemouth,0,4,6,2,home,0,0,1,0,-4,0
2017-12-23,Bournemouth,0,4,5,1,away,0,0,1,0,-4,0
2017-12-26,Bournemouth,3,3,26,10,home,0,1,0,1,0,0
2017-12-30,Bournemouth,2,1,19,7,home,1,0,0,3,1,0
2018-01-01,Bournemouth,2,2,26,8,away,0,1,0,1,0,0
2018-01-14,Bournemouth,2,1,13,5,home,1,0,0,3,1,0
2018-01-20,Bournemouth,1,1,8,3,away,0,1,0,1,0,0
2018-01-31,Bournemouth,3,0,11,5,away,1,0,0,3,3,1
2018-02-03,Bournemouth,2,1,15,8,home,1,0,0,3,1,0
2018-02-11,Bournemouth,1,4,7,2,away,0,0,1,0,-3,0
2018-02-24,Bournemouth,2,2,18,5,home,0,1,0,1,0,0
2018-03-03,Bournemouth,1,1,8,3,away,0,1,0,1,0,0
2018-03-11,Bournemouth,1,4,14,3,home,0,0,1,0,-3,0
2018-03-17,Bournemouth,2,1,17,5,home,1,0,0,3,1,0
2018-03-31,Bournemouth,2,2,13,6,away,0,1,0,1,0,0
2018-04-07,Bournemouth,2,2,20,5,home,0,1,0,1,0,0
2018-04-14,Bournemouth,0,3,6,1,away,0,0,1,0,-3,0
2018-04-18,Bournemouth,0,2,13,2,home,0,0,1,0,-2,0
2018-04-28,Bournemouth,1,2,14,7,away,0,0,1,0,-1,0
2018-05-05,Bournemouth,1,0,13,5,home,1,0,0,3,1,1
2018-05-13,Bournemouth,2,1,16,5,away,1,0,0,3,1,0
2018-08-11,Bournemouth,2,0,12,4,home,1,0,0,3,2,1
2018-08-18,Bournemouth,2,1,12,5,away,1,0,0,3,1,0
2018-08-25,Bournemouth,2,2,17,5,home,0,1,0,1,0,0
2018-09-01,Bournemouth,0,2,8,1,away,0,0,1,0,-2,0
2018-09-15,Bournemouth,4,2,10,5,home,1,0,0,3,2,0
2018-09-22,Bournemouth,0,4,19,5,away,0,0,1,0,-4,0
2018-10-01,Bournemouth,2,1,11,5,home,1,0,0,3,1,0
2018-10-06,Bournemouth,4,0,10,7,away,1,0,0,3,4,1
2018-10-20,Bournemouth,0,0,10,2,home,0,1,0,1,0,1
2018-10-27,Bournemouth,3,0,12,5,away,1,0,0,3,3,1
2018-11-03,Bournemouth,1,2,18,7,home,0,0,1,0,-1,0
2018-11-10,Bournemouth,1,2,14,4,away,0,0,1,0,-1,0
2018-11-25,Bournemouth,1,2,11,5,home,0,0,1,0,-1,0
2018-12-01,Bournemouth,1,3,4,1,away,0,0,1,0,-2,0
2018-12-04,Bournemouth,2,1,6,2,home,1,0,0,3,1,0
2018-12-08,Bournemouth,0,4,8,2,home,0,0,1,0,-4,0
2018-12-15,Bournemouth,0,2,13,3,away,0,0,1,0,-2,0
2018-12-22,Bournemouth,2,0,14,3,home,1,0,0,3,2,1
2018-12-26,Bournemouth,0,5,14,4,away,0,0,1,0,-5,0
2018-12-30,Bournemouth,1,4,7,3,away,0,0,1,0,-3,0
2019-01-02,Bournemouth,3,3,25,12,home,0,1,0,1,0,0
2019-01-13,Bournemouth,0,2,16,7,away,0,0,1,0,-2,0
2019-01-19,Bournemouth,2,0,10,4,home,1,0,0,3,2,1
2019-01-30,Bournemouth,4,0,12,7,home,1,0,0,3,4,1
2019-02-02,Bournemouth,0,2,9,2,away,0,0,1,0,-2,0
2019-02-09,Bournemouth,0,3,12,2,away,0,0,1,0,-3,0
2019-02-23,Bournemouth,1,1,10,3,home,0,1,0,1,0,0
2019-02-27,Bournemouth,1,5,13,5,away,0,0,1,0,-4,0
2019-03-02,Bournemouth,0,1,0,0,home,0,0,1,0,-1,0
2019-03-09,Bournemouth,2,0,8,5,away,1,0,0,3,2,1
2019-03-16,Bournemouth,2,2,10,3,home,0,1,0,1,0,0
2019-03-30,Bournemouth,0,2,8,2,away,0,0,1,0,-2,0
2019-04-06,Bournemouth,1,3,10,2,home,0,0,1,0,-2,0
2019-04-13,Bournemouth,5,0,14,7,away,1,0,0,3,5,1
2019-04-20,Bournemouth,0,1,15,5,home,0,0,1,0,-1,0
2019-04-27,Bournemouth,3,3,9,5,away,0,1,0,1,0,0
2019-05-04,Bournemouth,1,0,20,6,home,1,0,0,3,1,1
2019-05-12,Bournemouth,3,5,16,8,away,0,0,1,0,-2,0
2019-08-10,Bournemouth,1,1,13,3,home,0,1,0,1,0,0
2019-08-17,Bournemouth,2,1,12,4,away,1,0,0,3,1,0
2019-08-25,Bournemouth,1,3,10,7,home,0,0,1,0,-2,0
2019-08-31,Bournemouth,1,3,8,2,away,0,0,1,0,-2,0
2019-09-15,Bournemouth,3,1,13,6,home,1,0,0,3,2,0
2019-09-20,Bournemouth,3,1,6,3,away,1,0,0,3,2,0
2019-09-28,Bournemouth,2,2,13,5,home,0,1,0,1,0,0
2019-10-06,Bournemouth,0,1,10,2,away,0,0,1,0,-1,0
2019-10-19,Bournemouth,0,0,11,2,home,0,1,0,1,0,1
2019-10-26,Bournemouth,0,0,15,5,away,0,1,0,1,0,1
2019-11-02,Bournemouth,1,0,12,6,home,1,0,0,3,1,1
2019-11-09,Bournemouth,1,2,16,3,away,0,0,1,0,-1,0
2019-11-23,Bournemouth,1,2,9,2,home,0,0,1,0,-1,0
2019-11-30,Bournemouth,2,3,20,6,away,0,0,1,0,-1,0
2019-12-03,Bournemouth,0,1,6,3,away,0,0,1,0,-1,0
2019-12-07,Bournemouth,0,3,3,0,home,0,0,1,0,-3,0
2019-12-14,Bournemouth,1,0,11,2,away,1,0,0,3,1,1
2019-12-21,Bournemouth,0,1,3,0,home,0,0,1,0,-1,0
2019-12-26,Bournemouth,1,1,12,4,home,0,1,0,1,0,0
2019-12-28,Bournemouth,0,2,10,2,away,0,0,1,0,-2,0
2020-01-01,Bournemouth,0,4,3,2,away,0,0,1,0,-4,0
2020-01-12,Bournemouth,0,3,10,1,home,0,0,1,0,-3,0
2020-01-18,Bournemouth,0,1,6,3,away,0,0,1,0,-1,0
2020-01-21,Bournemouth,3,1,11,3,home,1,0,0,3,2,0
2020-02-01,Bournemouth,2,1,16,6,home,1,0,0,3,1,0
2020-02-09,Bournemouth,1,2,10,2,away,0,0,1,0,-1,0
2020-02-22,Bournemouth,0,3,12,4,away,0,0,1,0,-3,0
2020-02-29,Bournemouth,2,2,9,5,home,0,1,0,1,0,0
2020-03-07,Bournemouth,1,2,6,4,away,0,0,1,0,-1,0
2020-06-20,Bournemouth,0,2,12,1,home,0,0,1,0,-2,0
2020-06-24,Bournemouth,0,1,4,0,away,0,0,1,0,-1,0
2020-07-01,Bournemouth,1,4,12,1,home,0,0,1,0,-3,0
2020-07-04,Bournemouth,2,5,7,3,away,0,0,1,0,-3,0
2020-07-09,Bournemouth,0,0,9,2,home,0,1,0,1,0,1
2020-07-12,Bournemouth,4,1,10,4,home,1,0,0,3,3,0
2020-07-15,Bournemouth,1,2,15,3,away,0,0,1,0,-1,0
2020-07-19,Bournemouth,0,2,11,3,home,0,0,1,0,-2,0
2020-07-26,Bournemouth,3,1,13,7,away,1,0,0,3,2,0
2022-08-06,Bournemouth,2,0,7,3,home,1,0,0,3,2,1
2022-08-13,Bournemouth,0,4,3,1,away,0,0,1,0,-4,0
2022-08-20,Bournemouth,0,3,6,1,home,0,0,1,0,-3,0
2022-08-27,Bournemouth,0,9,5,2,away,0,0,1,0,-9,0
2022-08-31,Bournemouth,0,0,5,2,home,0,1,0,1,0,1
2022-09-03,Bournemouth,3,2,8,3,away,1,0,0,3,1,0
2022-09-17,Bournemouth,1,1,10,3,away,0,1,0,1,0,0
2022-10-01,Bournemouth,0,0,7,1,home,0,1,0,1,0,1
2022-10-08,Bournemouth,2,1,10,4,home,1,0,0,3,1,0
2022-10-15,Bournemouth,2,2,10,6,away,0,1,0,1,0,0
2022-10-19,Bournemouth,0,1,15,3,home,0,0,1,0,-1,0
2022-10-24,Bournemouth,0,2,5,3,away,0,0,1,0,-2,0
2022-10-29,Bournemouth,2,3,6,4,home,0,0,1,0,-1,0
2022-11-05,Bournemouth,3,4,9,6,away,0,0,1,0,-1,0
2022-11-12,Bournemouth,3,0,16,9,home,1,0,0,3,3,1
2022-12-27,Bournemouth,0,2,9,4,away,0,0,1,0,-2,0
2022-12-31,Bournemouth,0,2,6,2,home,0,0,1,0,-2,0
2023-01-03,Bournemouth,0,3,7,4,away,0,0,1,0,-3,0
2023-01-14,Bournemouth,0,2,7,2,away,0,0,1,0,-2,0
2023-01-21,Bournemouth,1,1,16,4,home,0,1,0,1,0,0
2023-02-04,Bournemouth,0,1,12,2,away,0,0,1,0,-1,0
2023-02-11,Bournemouth,1,1,11,5,home,0,1,0,1,0,0
2023-02-18,Bournemouth,1,0,5,1,away,1,0,0,3,1,1
2023-02-25,Bournemouth,1,4,13,2,home,0,0,1,0,-3,0
2023-03-04,Bournemouth,2,3,4,4,away,0,0,1,0,-1,0
2023-03-11,Bournemouth,1,0,5,2,home,1,0,0,3,1,1
2023-03-18,Bournemouth,0,3,10,3,away,0,0,1,0,-3,0
2023-04-01,Bournemouth,2,1,12,7,home,1,0,0,3,1,0
2023-04-04,Bournemouth,0,2,14,3,home,0,0,1,0,-2,0
2023-04-08,Bournemouth,1,0,19,7,away,1,0,0,3,1,1
2023-04-15,Bournemouth,3,2,6,6,away,1,0,0,3,1,0
2023-04-23,Bournemouth,0,4,17,5,home,0,0,1,0,-4,0
2023-04-27,Bournemouth,1,0,16,2,away,1,0,0,3,1,1
2023-04-30,Bournemouth,4,1,12,7,home,1,0,0,3,3,0
2023-05-06,Bournemouth,1,3,10,4,home,0,0,1,0,-2,0
2023-05-13,Bournemouth,0,2,5,0,away,0,0,1,0,-2,0
2023-05-20,Bournemouth,0,1,10,4,home,0,0,1,0,-1,0
2023-05-28,Bournemouth,0,1,7,2,away,0,0,1,0,-1,0
2023-08-12,Bournemouth,1,1,14,5,home,0,1,0,1,0,0
2023-08-19,Bournemouth,1,3,13,5,away,0,0,1,0,-2,0
2023-08-26,Bournemouth,0,2,11,3,home,0,0,1,0,-2,0
2023-09-02,Bournemouth,2,2,12,5,away,0,1,0,1,0,0
2023-09-17,Bournemouth,0,0,13,4,home,0,1,0,1,0,1
2023-09-24,Bournemouth,1,3,12,4,away,0,0,1,0,-2,0
2023-09-30,Bournemouth,0,4,8,1,home,0,0,1,0,-4,0
2023-10-07,Bournemouth,0,3,11,4,away,0,0,1,0,-3,0
2023-10-21,Bournemouth,1,2,7,4,home,0,0,1,0,-1,0
2023-10-28,Bournemouth,2,1,13,6,home,1,0,0,3,1,0
2023-11-04,Bournemouth,1,6,5,1,away,0,0,1,0,-5,0
2023-11-11,Bournemouth,2,0,19,10,home,1,0,0,3,2,1
2023-11-25,Bournemouth,3,1,23,11,away,1,0,0,3,2,0
2023-12-03,Bournemouth,2,2,15,7,home,0,1,0,1,0,0
2023-12-06,Bournemouth,2,0,11,4,away,1,0,0,3,2,1
2023-12-09,Bournemouth,3,0,10,4,away,1,0,0,3,3,1
2023-12-23,Bournemouth,3,2,18,7,away,1,0,0,3,1,0
2023-12-26,Bournemouth,3,0,16,4,home,1,0,0,3,3,1
2023-12-31,Bournemouth,1,3,24,4,away,0,0,1,0,-2,0
2024-01-21,Bournemouth,0,4,11,1,home,0,0,1,0,-4,0
2024-02-01,Bournemouth,1,1,9,4,away,0,1,0,1,0,0
2024-02-04,Bournemouth,1,1,9,2,home,0,1,0,1,0,0
2024-02-10,Bournemouth,1,3,25,4,away,0,0,1,0,-2,0
2024-02-17,Bournemouth,2,2,12,7,away,0,1,0,1,0,0
2024-02-24,Bournemouth,0,1,13,4,home,0,0,1,0,-1,0
2024-03-03,Bournemouth,2,0,10,3,away,1,0,0,3,2,1
2024-03-09,Bournemouth,2,2,32,12,home,0,1,0,1,0,0
2024-03-13,Bournemouth,4,3,24,10,home,1,0,0,3,1,0
2024-03-30,Bournemouth,2,1,11,4,home,1,0,0,3,1,0
2024-04-02,Bournemouth,1,0,11,6,home,1,0,0,3,1,1
2024-04-06,Bournemouth,1,2,8,1,away,0,0,1,0,-1,0
2024-04-13,Bournemouth,2,2,20,5,home,0,1,0,1,0,0
2024-04-21,Bournemouth,1,3,14,6,away,0,0,1,0,-2,0
2024-04-24,Bournemouth,1,0,21,6,away,1,0,0,3,1,1
2024-04-28,Bournemouth,3,0,15,6,home,1,0,0,3,3,1
2024-05-04,Bournemouth,0,3,7,2,away,0,0,1,0,-3,0
2024-05-11,Bournemouth,1,2,13,4,home,0,0,1,0,-1,0
2024-05-19,Bournemouth,1,2,22,5,away,0,0,1,0,-1,0
2024-08-17,Bournemouth,1,1,13,4,away,0,1,0,1,0,0
2024-08-25,Bournemouth,1,1,16,4,home,0,1,0,1,0,0
2024-08-31,Bournemouth,3,2,17,7,away,1,0,0,3,1,0
2024-09-14,Bournemouth,0,1,19,7,home,0,0,1,0,-1,0
2024-09-21,Bournemouth,0,3,19,6,away,0,0,1,0,-3,0
2024-09-30,Bournemouth,3,1,14,6,home,1,0,0,3,2,0
2024-10-05,Bournemouth,0,1,17,2,away,0,0,1,0,-1,0
2024-10-19,Bournemouth,2,0,13,4,home,1,0,0,3,2,1
2024-10-26,Bournemouth,1,1,11,3,away,0,1,0,1,0,0
2024-11-02,Bournemouth,2,1,12,6,home,1,0,0,3,1,0
2024-11-09,Bournemouth,2,3,15,3,away,0,0,1,0,-1,0
2024-11-23,Bournemouth,1,2,19,5,home,0,0,1,0,-1,0
2024-11-30,Bournemouth,4,2,12,8,away,1,0,0,3,2,0
2024-12-05,Bournemouth,1,0,21,8,home,1,0,0,3,1,1
2024-12-08,Bournemouth,2,1,22,6,away,1,0,0,3,1,0
2024-12-16,Bournemouth,1,1,29,9,home,0,1,0,1,0,0
2024-12-22,Bournemouth,3,0,10,5,away,1,0,0,3,3,1
2024-12-26,Bournemouth,0,0,18,4,home,0,1,0,1,0,1
2024-12-29,Bournemouth,2,2,16,9,away,0,1,0,1,0,0
2025-01-04,Bournemouth,1,0,19,8,home,1,0,0,3,1,1
2025-01-14,Bournemouth,2,2,7,3,away,0,1,0,1,0,0
2025-01-18,Bournemouth,4,1,19,10,away,1,0,0,3,3,0
2025-01-25,Bournemouth,5,0,16,10,home,1,0,0,3,5,1
2025-02-01,Bournemouth,0,2,14,3,home,0,0,1,0,-2,0
2025-02-15,Bournemouth,3,1,14,7,away,1,0,0,3,2,0
2025-02-22,Bournemouth,0,1,8,3,home,0,0,1,0,-1,0
2025-02-25,Bournemouth,1,2,19,5,away,0,0,1,0,-1,0
2025-03-09,Bournemouth,2,2,17,8,away,0,1,0,1,0,0
2025-03-15,Bournemouth,1,2,17,5,home,0,0,1,0,-1,0
2025-04-02,Bournemouth,1,2,24,7,home,0,0,1,0,-1,0
2025-04-05,Bournemouth,2,2,11,4,away,0,1,0,1,0,0
2025-04-14,Bournemouth,1,0,12,3,home,1,0,0,3,1,1
2025-04-19,Bournemouth,0,0,15,4,away,0,1,0,1,0,1
2025-04-27,Bournemouth,1,1,8,1,home,0,1,0,1,0,0
2025-05-03,Bournemouth,2,1,9,2,away,1,0,0,3,1,0
2025-05-10,Bournemouth,0,1,10,4,home,0,0,1,0,-1,0
2025-05-20,Bournemouth,1,3,8,2,away,0,0,1,0,-2,0
2025-05-25,Bournemouth,2,0,20,7,home,1,0,0,3,2,1
2025-08-15,Bournemouth,2,4,10,3,away,0,0,1,0,-2,0
2025-08-23,Bournemouth,1,0,14,4,home,1,0,0,3,1,1
2025-08-30,Bournemouth,1,0,20,6,away,1,0,0,3,1,1
2025-09-13,Bournemouth,2,1,13,5,home,1,0,0,3,1,0
2025-09-21,Bournemouth,0,0,11,2,home,0,1,0,1,0,1
2025-09-27,Bournemouth,2,2,12,5,away,0,1,0,1,0,0
2025-10-03,Bournemouth,3,1,11,6,home,1,0,0,3,2,0
2025-10-18,Bournemouth,3,3,8,5,away,0,1,0,1,0,0
2025-10-26,Bournemouth,2,0,13,5,home,1,0,0,3,2,1
2025-11-02,Bournemouth,1,3,8,5,away,0,0,1,0,-2,0
2025-11-09,Bournemouth,0,4,13,4,away,0,0,1,0,-4,0
2025-11-22,Bournemouth,2,2,28,10,home,0,1,0,1,0,0
2025-11-29,Bournemouth,2,3,18,6,away,0,0,1,0,-1,0
2025-12-02,Bournemouth,0,1,5,2,home,0,0,1,0,-1,0
2025-12-06,Bournemouth,0,0,13,5,home,0,1,0,1,0,1
2025-12-15,Bournemouth,4,4,14,9,away,0,1,0,1,0,0
2025-12-20,Bournemouth,1,1,16,1,home,0,1,0,1,0,0
2025-12-27,Bournemouth,1,4,20,10,away,0,0,1,0,-3,0
2025-12-30,Bournemouth,2,2,17,6,away,0,1,0,1,0,0
2026-01-03,Bournemouth,2,3,15,3,home,0,0,1,0,-1,0
2026-01-07,Bournemouth,3,2,11,3,home,1,0,0,3,1,0
2026-01-19,Bournemouth,1,1,11,2,away,0,1,0,1,0,0
2026-01-24,Bournemouth,3,2,12,5,home,1,0,0,3,1,0
2026-01-31,Bournemouth,2,0,9,4,away,1,0,0,3,2,1
2026-02-07,Bournemouth,1,1,20,9,home,0,1,0,1,0,0
2026-02-10,Bournemouth,2,1,11,4,away,1,0,0,3,1,0
2026-02-21,Bournemouth,0,0,10,5,away,0,1,0,1,0,1
2026-02-28,Bournemouth,1,1,21,5,home,0,1,0,1,0,0
2026-03-03,Bournemouth,0,0,13,2,home,0,1,0,1,0,1
2026-03-14,Bournemouth,0,0,22,3,away,0,1,0,1,0,1
2026-03-20,Bournemouth,2,2,16,5,home,0,1,0,1,0,0
2021-08-13,Brentford,2,0,8,3,home,1,0,0,3,2,1
2021-08-21,Brentford,0,0,14,3,away,0,1,0,1,0,1
2021-08-28,Brentford,1,1,9,2,away,0,1,0,1,0,0
2021-09-11,Brentford,0,1,7,1,home,0,0,1,0,-1,0
2021-09-18,Brentford,2,0,9,3,away,1,0,0,3,2,1
2021-09-25,Brentford,3,3,12,4,home,0,1,0,1,0,0
2021-10-03,Brentford,2,1,13,6,away,1,0,0,3,1,0
2021-10-16,Brentford,0,1,17,7,home,0,0,1,0,-1,0
2021-10-24,Brentford,1,2,15,5,home,0,0,1,0,-1,0
2021-10-30,Brentford,1,3,12,5,away,0,0,1,0,-2,0
2021-11-06,Brentford,1,2,19,7,home,0,0,1,0,-1,0
2021-11-20,Brentford,3,3,10,4,away,0,1,0,1,0,0
2021-11-28,Brentford,1,0,6,4,home,1,0,0,3,1,1
2021-12-02,Brentford,0,2,6,2,away,0,0,1,0,-2,0
2021-12-05,Brentford,2,2,9,3,away,0,1,0,1,0,0
2021-12-10,Brentford,2,1,14,5,home,1,0,0,3,1,0
2021-12-26,Brentford,0,2,16,6,away,0,0,1,0,-2,0
2021-12-29,Brentford,0,1,6,2,home,0,0,1,0,-1,0
2022-01-02,Brentford,2,1,10,4,home,1,0,0,3,1,0
2022-01-11,Brentford,1,4,5,4,away,0,0,1,0,-3,0
2022-01-16,Brentford,0,3,6,1,away,0,0,1,0,-3,0
2022-01-19,Brentford,1,3,18,8,home,0,0,1,0,-2,0
2022-01-22,Brentford,1,2,11,1,home,0,0,1,0,-1,0
2022-02-09,Brentford,0,2,6,2,away,0,0,1,0,-2,0
2022-02-12,Brentford,0,0,9,2,home,0,1,0,1,0,1
2022-02-19,Brentford,1,2,6,2,away,0,0,1,0,-1,0
2022-02-26,Brentford,0,2,6,1,home,0,0,1,0,-2,0
2022-03-05,Brentford,3,1,10,6,away,1,0,0,3,2,0
2022-03-12,Brentford,2,0,13,4,home,1,0,0,3,2,1
2022-03-20,Brentford,1,2,15,6,away,0,0,1,0,-1,0
2022-04-02,Brentford,4,1,17,6,away,1,0,0,3,3,0
2022-04-10,Brentford,2,0,15,7,home,1,0,0,3,2,1
2022-04-16,Brentford,2,1,16,5,away,1,0,0,3,1,0
2022-04-23,Brentford,0,0,15,2,home,0,1,0,1,0,1
2022-05-02,Brentford,0,3,12,4,away,0,0,1,0,-3,0
2022-05-07,Brentford,3,0,18,5,home,1,0,0,3,3,1
2022-05-15,Brentford,3,2,18,7,away,1,0,0,3,1,0
2022-05-22,Brentford,1,2,14,5,home,0,0,1,0,-1,0
2022-08-07,Brentford,2,2,8,3,away,0,1,0,1,0,0
2022-08-13,Brentford,4,0,13,7,home,1,0,0,3,4,1
2022-08-20,Brentford,2,3,13,5,away,0,0,1,0,-1,0
2022-08-27,Brentford,1,1,19,5,home,0,1,0,1,0,0
2022-08-30,Brentford,1,1,9,3,away,0,1,0,1,0,0
2022-09-03,Brentford,5,2,14,8,home,1,0,0,3,3,0
2022-09-18,Brentford,0,3,5,2,home,0,0,1,0,-3,0
2022-10-01,Brentford,0,0,13,4,away,0,1,0,1,0,1
2022-10-08,Brentford,1,5,6,3,away,0,0,1,0,-4,0
2022-10-14,Brentford,2,0,7,3,home,1,0,0,3,2,1
2022-10-19,Brentford,0,0,8,5,home,0,1,0,1,0,1
2022-10-23,Brentford,0,4,12,3,away,0,0,1,0,-4,0
2022-10-29,Brentford,1,1,12,3,home,0,1,0,1,0,0
2022-11-05,Brentford,2,2,6,2,away,0,1,0,1,0,0
2022-11-12,Brentford,2,1,10,8,away,1,0,0,3,1,0
2022-12-26,Brentford,2,2,9,5,home,0,1,0,1,0,0
2022-12-30,Brentford,2,0,9,6,away,1,0,0,3,2,1
2023-01-02,Brentford,3,1,10,7,home,1,0,0,3,2,0
2023-01-14,Brentford,2,0,12,4,home,1,0,0,3,2,1
2023-01-22,Brentford,0,0,6,0,away,0,1,0,1,0,1
2023-02-04,Brentford,3,0,14,4,home,1,0,0,3,3,1
2023-02-11,Brentford,1,1,9,2,away,0,1,0,1,0,0
2023-02-18,Brentford,1,1,12,5,home,0,1,0,1,0,0
2023-03-06,Brentford,3,2,14,6,home,1,0,0,3,1,0
2023-03-11,Brentford,0,1,12,4,away,0,0,1,0,-1,0
2023-03-15,Brentford,2,0,11,5,away,1,0,0,3,2,1
2023-03-18,Brentford,1,1,11,2,home,0,1,0,1,0,0
2023-04-01,Brentford,3,3,7,5,away,0,1,0,1,0,0
2023-04-05,Brentford,0,1,6,1,away,0,0,1,0,-1,0
2023-04-08,Brentford,1,2,12,6,home,0,0,1,0,-1,0
2023-04-15,Brentford,0,2,10,3,away,0,0,1,0,-2,0
2023-04-22,Brentford,1,1,6,5,home,0,1,0,1,0,0
2023-04-26,Brentford,2,0,7,1,away,1,0,0,3,2,1
2023-04-29,Brentford,2,1,14,8,home,1,0,0,3,1,0
2023-05-06,Brentford,0,1,5,1,away,0,0,1,0,-1,0
2023-05-14,Brentford,2,0,24,10,home,1,0,0,3,2,1
2023-05-20,Brentford,3,1,11,4,away,1,0,0,3,2,0
2023-05-28,Brentford,1,0,11,4,home,1,0,0,3,1,1
2023-08-13,Brentford,2,2,11,6,home,0,1,0,1,0,0
2023-08-19,Brentford,3,0,17,8,away,1,0,0,3,3,1
2023-08-26,Brentford,1,1,12,1,home,0,1,0,1,0,0
2023-09-02,Brentford,2,2,21,7,home,0,1,0,1,0,0
2023-09-16,Brentford,0,1,11,2,away,0,0,1,0,-1,0
2023-09-23,Brentford,1,3,12,2,home,0,0,1,0,-2,0
2023-10-01,Brentford,1,1,18,5,away,0,1,0,1,0,0
2023-10-07,Brentford,1,2,11,3,away,0,0,1,0,-1,0
2023-10-21,Brentford,3,0,23,10,home,1,0,0,3,3,1
2023-10-28,Brentford,2,0,7,5,away,1,0,0,3,2,1
2023-11-04,Brentford,3,2,16,4,home,1,0,0,3,1,0
2023-11-12,Brentford,0,3,16,3,away,0,0,1,0,-3,0
2023-11-25,Brentford,0,1,9,3,home,0,0,1,0,-1,0
2023-12-02,Brentford,3,1,27,6,home,1,0,0,3,2,0
2023-12-06,Brentford,1,2,8,2,away,0,0,1,0,-1,0
2023-12-09,Brentford,0,1,10,4,away,0,0,1,0,-1,0
2023-12-17,Brentford,1,2,4,3,home,0,0,1,0,-1,0
2023-12-27,Brentford,1,4,14,4,home,0,0,1,0,-3,0
2023-12-30,Brentford,1,3,9,4,away,0,0,1,0,-2,0
2024-01-20,Brentford,3,2,11,5,home,1,0,0,3,1,0
2024-01-31,Brentford,2,3,9,5,away,0,0,1,0,-1,0
2024-02-05,Brentford,1,3,9,3,home,0,0,1,0,-2,0
2024-02-10,Brentford,2,0,9,6,away,1,0,0,3,2,1
2024-02-17,Brentford,1,4,15,6,home,0,0,1,0,-3,0
2024-02-20,Brentford,0,1,6,2,away,0,0,1,0,-1,0
2024-02-26,Brentford,2,4,14,8,away,0,0,1,0,-2,0
2024-03-02,Brentford,2,2,14,5,home,0,1,0,1,0,0
2024-03-09,Brentford,1,2,9,4,away,0,0,1,0,-1,0
2024-03-16,Brentford,1,2,9,5,away,0,0,1,0,-1,0
2024-03-30,Brentford,1,1,31,5,home,0,1,0,1,0,0
2024-04-03,Brentford,0,0,5,2,home,0,1,0,1,0,1
2024-04-06,Brentford,3,3,8,3,away,0,1,0,1,0,0
2024-04-13,Brentford,2,0,9,5,home,1,0,0,3,2,1
2024-04-20,Brentford,5,1,21,9,away,1,0,0,3,4,0
2024-04-27,Brentford,0,1,10,4,away,0,0,1,0,-1,0
2024-05-04,Brentford,0,0,7,3,home,0,1,0,1,0,1
2024-05-11,Brentford,2,1,11,5,away,1,0,0,3,1,0
2024-05-19,Brentford,2,4,10,5,home,0,0,1,0,-2,0
2024-08-18,Brentford,2,1,9,5,home,1,0,0,3,1,0
2024-08-25,Brentford,0,2,8,2,away,0,0,1,0,-2,0
2024-08-31,Brentford,3,1,20,7,home,1,0,0,3,2,0
2024-09-14,Brentford,1,2,8,5,away,0,0,1,0,-1,0
2024-09-21,Brentford,1,3,6,6,away,0,0,1,0,-2,0
2024-09-28,Brentford,1,1,8,3,home,0,1,0,1,0,0
2024-10-05,Brentford,5,3,19,12,home,1,0,0,3,2,0
2024-10-19,Brentford,1,2,8,2,away,0,0,1,0,-1,0
2024-10-26,Brentford,4,3,20,9,home,1,0,0,3,1,0
2024-11-04,Brentford,1,2,5,2,away,0,0,1,0,-1,0
2024-11-09,Brentford,3,2,12,6,home,1,0,0,3,1,0
2024-11-23,Brentford,0,0,9,2,away,0,1,0,1,0,1
2024-11-30,Brentford,4,1,13,6,home,1,0,0,3,3,0
2024-12-04,Brentford,1,3,9,1,away,0,0,1,0,-2,0
2024-12-07,Brentford,4,2,11,8,home,1,0,0,3,2,0
2024-12-15,Brentford,1,2,9,4,away,0,0,1,0,-1,0
2024-12-21,Brentford,0,2,7,3,home,0,0,1,0,-2,0
2024-12-27,Brentford,0,0,8,3,away,0,1,0,1,0,1
2025-01-01,Brentford,1,3,5,2,home,0,0,1,0,-2,0
2025-01-04,Brentford,5,0,20,11,away,1,0,0,3,5,1
2025-01-14,Brentford,2,2,18,6,home,0,1,0,1,0,0
2025-01-18,Brentford,0,2,11,6,home,0,0,1,0,-2,0
2025-01-26,Brentford,2,1,13,6,away,1,0,0,3,1,0
2025-02-02,Brentford,0,2,20,4,home,0,0,1,0,-2,0
2025-02-15,Brentford,1,0,14,5,away,1,0,0,3,1,1
2025-02-21,Brentford,4,0,14,6,away,1,0,0,3,4,1
2025-02-26,Brentford,1,1,12,3,home,0,1,0,1,0,0
2025-03-08,Brentford,0,1,13,3,home,0,0,1,0,-1,0
2025-03-15,Brentford,2,1,10,4,away,1,0,0,3,1,0
2025-04-02,Brentford,1,2,12,3,away,0,0,1,0,-1,0
2025-04-06,Brentford,0,0,9,2,home,0,1,0,1,0,1
2025-04-12,Brentford,1,1,3,2,away,0,1,0,1,0,0
2025-04-19,Brentford,4,2,16,8,home,1,0,0,3,2,0
2025-05-01,Brentford,2,0,11,3,away,1,0,0,3,2,1
2025-05-04,Brentford,4,3,12,6,home,1,0,0,3,1,0
2025-05-10,Brentford,1,0,15,5,away,1,0,0,3,1,1
2025-05-18,Brentford,2,3,11,6,home,0,0,1,0,-1,0
2025-05-25,Brentford,1,1,13,7,away,0,1,0,1,0,0
2025-08-17,Brentford,1,3,10,3,away,0,0,1,0,-2,0
2025-08-23,Brentford,1,0,9,2,home,1,0,0,3,1,1
2025-08-30,Brentford,1,2,7,4,away,0,0,1,0,-1,0
2025-09-13,Brentford,2,2,7,4,home,0,1,0,1,0,0
2025-09-20,Brentford,1,3,8,3,away,0,0,1,0,-2,0
2025-09-27,Brentford,3,1,10,8,home,1,0,0,3,2,0
2025-10-05,Brentford,0,1,6,1,home,0,0,1,0,-1,0
2025-10-20,Brentford,2,0,22,7,away,1,0,0,3,2,1
2025-10-25,Brentford,3,2,17,8,home,1,0,0,3,1,0
2025-11-01,Brentford,0,2,6,2,away,0,0,1,0,-2,0
2025-11-09,Brentford,3,1,15,7,home,1,0,0,3,2,0
2025-11-22,Brentford,1,2,10,4,away,0,0,1,0,-1,0
2025-11-29,Brentford,3,1,14,4,home,1,0,0,3,2,0
2025-12-03,Brentford,0,2,6,1,away,0,0,1,0,-2,0
2025-12-06,Brentford,0,2,4,1,away,0,0,1,0,-2,0
2025-12-14,Brentford,1,1,7,2,home,0,1,0,1,0,0
2025-12-20,Brentford,2,0,7,6,away,1,0,0,3,2,1
2025-12-27,Brentford,4,1,15,7,home,1,0,0,3,3,0
2026-01-01,Brentford,0,0,7,2,home,0,1,0,1,0,1
2026-01-04,Brentford,4,2,11,7,away,1,0,0,3,2,0
2026-01-07,Brentford,3,0,18,6,home,1,0,0,3,3,1
2026-01-17,Brentford,0,2,15,5,away,0,0,1,0,-2,0
2026-01-25,Brentford,0,2,10,1,home,0,0,1,0,-2,0
2026-02-01,Brentford,1,0,6,2,away,1,0,0,3,1,1
2026-02-07,Brentford,3,2,11,5,away,1,0,0,3,1,0
2026-02-12,Brentford,1,1,12,3,home,0,1,0,1,0,0
2026-02-21,Brentford,0,2,13,3,home,0,0,1,0,-2,0
2026-02-28,Brentford,4,3,16,7,away,1,0,0,3,1,0
2026-03-03,Brentford,0,0,5,2,away,0,1,0,1,0,1
2026-03-16,Brentford,2,2,10,3,home,0,1,0,1,0,0
2026-03-21,Brentford,0,0,6,2,away,0,1,0,1,0,1
2017-08-12,Brighton,0,2,6,2,home,0,0,1,0,-2,0
2017-08-19,Brighton,0,2,5,2,away,0,0,1,0,-2,0
2017-08-26,Brighton,0,0,16,2,away,0,1,0,1,0,1
2017-09-09,Brighton,3,1,12,6,home,1,0,0,3,2,0
2017-09-15,Brighton,1,2,9,2,away,0,0,1,0,-1,0
2017-09-24,Brighton,1,0,7,3,home,1,0,0,3,1,1
2017-10-01,Brighton,0,2,9,1,away,0,0,1,0,-2,0
2017-10-15,Brighton,1,1,12,3,home,0,1,0,1,0,0
2017-10-20,Brighton,3,0,7,5,away,1,0,0,3,3,1
2017-10-29,Brighton,1,1,7,2,home,0,1,0,1,0,0
2017-11-04,Brighton,1,0,5,2,away,1,0,0,3,1,1
2017-11-20,Brighton,2,2,9,3,home,0,1,0,1,0,0
2017-11-25,Brighton,0,1,8,2,away,0,0,1,0,-1,0
2017-11-28,Brighton,0,0,10,4,home,0,1,0,1,0,1
2017-12-02,Brighton,1,5,6,2,home,0,0,1,0,-4,0
2017-12-09,Brighton,0,2,7,2,away,0,0,1,0,-2,0
2017-12-13,Brighton,0,2,7,4,away,0,0,1,0,-2,0
2017-12-16,Brighton,0,0,12,2,home,0,1,0,1,0,1
2017-12-23,Brighton,1,0,14,3,home,1,0,0,3,1,1
2017-12-26,Brighton,0,2,8,1,away,0,0,1,0,-2,0
2017-12-30,Brighton,0,0,10,3,away,0,1,0,1,0,1
2018-01-01,Brighton,2,2,15,6,home,0,1,0,1,0,0
2018-01-13,Brighton,0,2,13,1,away,0,0,1,0,-2,0
2018-01-20,Brighton,0,4,10,3,home,0,0,1,0,-4,0
2018-01-31,Brighton,1,1,9,2,away,0,1,0,1,0,0
2018-02-03,Brighton,3,1,21,5,home,1,0,0,3,2,0
2018-02-10,Brighton,1,1,14,6,away,0,1,0,1,0,0
2018-02-24,Brighton,4,1,16,5,home,1,0,0,3,3,0
2018-03-04,Brighton,2,1,13,6,home,1,0,0,3,1,0
2018-03-10,Brighton,0,2,10,4,away,0,0,1,0,-2,0
2018-03-31,Brighton,0,2,15,3,home,0,0,1,0,-2,0
2018-04-07,Brighton,1,1,13,4,home,0,1,0,1,0,0
2018-04-14,Brighton,2,3,12,3,away,0,0,1,0,-1,0
2018-04-17,Brighton,1,1,8,5,home,0,1,0,1,0,0
2018-04-28,Brighton,0,0,9,1,away,0,1,0,1,0,1
2018-05-04,Brighton,1,0,11,4,home,1,0,0,3,1,1
2018-05-09,Brighton,1,3,6,3,away,0,0,1,0,-2,0
2018-05-13,Brighton,0,4,2,1,away,0,0,1,0,-4,0
2018-08-11,Brighton,0,2,6,0,away,0,0,1,0,-2,0
2018-08-19,Brighton,3,2,6,3,home,1,0,0,3,1,0
2018-08-25,Brighton,0,1,6,2,away,0,0,1,0,-1,0
2018-09-01,Brighton,2,2,15,5,home,0,1,0,1,0,0
2018-09-17,Brighton,2,2,12,4,away,0,1,0,1,0,0
2018-09-22,Brighton,1,2,8,4,home,0,0,1,0,-1,0
2018-09-29,Brighton,0,2,4,1,away,0,0,1,0,-2,0
2018-10-05,Brighton,1,0,9,4,home,1,0,0,3,1,1
2018-10-20,Brighton,1,0,8,2,away,1,0,0,3,1,1
2018-10-27,Brighton,1,0,2,1,home,1,0,0,3,1,1
2018-11-03,Brighton,1,3,5,3,away,0,0,1,0,-2,0
2018-11-10,Brighton,1,2,7,3,away,0,0,1,0,-1,0
2018-11-24,Brighton,1,1,14,3,home,0,1,0,1,0,0
2018-12-01,Brighton,2,1,14,6,away,1,0,0,3,1,0
2018-12-04,Brighton,3,1,9,3,home,1,0,0,3,2,0
2018-12-08,Brighton,0,1,14,1,away,0,0,1,0,-1,0
2018-12-16,Brighton,1,2,6,2,home,0,0,1,0,-1,0
2018-12-22,Brighton,0,2,10,5,away,0,0,1,0,-2,0
2018-12-26,Brighton,1,1,12,3,home,0,1,0,1,0,0
2018-12-29,Brighton,1,0,11,3,home,1,0,0,3,1,1
2019-01-02,Brighton,2,2,13,6,away,0,1,0,1,0,0
2019-01-12,Brighton,0,1,7,0,home,0,0,1,0,-1,0
2019-01-19,Brighton,1,2,7,3,away,0,0,1,0,-1,0
2019-01-29,Brighton,2,4,15,6,away,0,0,1,0,-2,0
2019-02-02,Brighton,0,0,21,4,home,0,1,0,1,0,1
2019-02-09,Brighton,1,3,16,6,home,0,0,1,0,-2,0
2019-02-26,Brighton,1,2,15,3,away,0,0,1,0,-1,0
2019-03-02,Brighton,1,0,13,4,home,1,0,0,3,1,1
2019-03-09,Brighton,2,1,4,3,away,1,0,0,3,1,0
2019-03-30,Brighton,0,1,14,1,home,0,0,1,0,-1,0
2019-04-03,Brighton,0,3,3,1,away,0,0,1,0,-3,0
2019-04-13,Brighton,0,5,8,1,home,0,0,1,0,-5,0
2019-04-16,Brighton,0,2,14,2,home,0,0,1,0,-2,0
2019-04-20,Brighton,0,0,5,0,away,0,1,0,1,0,1
2019-04-23,Brighton,0,1,6,1,away,0,0,1,0,-1,0
2019-04-27,Brighton,1,1,9,2,home,0,1,0,1,0,0
2019-05-05,Brighton,1,1,11,5,away,0,1,0,1,0,0
2019-05-12,Brighton,1,4,6,2,home,0,0,1,0,-3,0
2019-08-10,Brighton,3,0,5,3,away,1,0,0,3,3,1
2019-08-17,Brighton,1,1,16,4,home,0,1,0,1,0,0
2019-08-24,Brighton,0,2,12,3,home,0,0,1,0,-2,0
2019-08-31,Brighton,0,4,6,2,away,0,0,1,0,-4,0
2019-09-14,Brighton,1,1,14,5,home,0,1,0,1,0,0
2019-09-21,Brighton,0,0,16,3,away,0,1,0,1,0,1
2019-09-28,Brighton,0,2,8,1,away,0,0,1,0,-2,0
2019-10-05,Brighton,3,0,17,6,home,1,0,0,3,3,1
2019-10-19,Brighton,1,2,20,5,away,0,0,1,0,-1,0
2019-10-26,Brighton,3,2,8,4,home,1,0,0,3,1,0
2019-11-02,Brighton,2,0,21,5,home,1,0,0,3,2,1
2019-11-10,Brighton,1,3,6,2,away,0,0,1,0,-2,0
2019-11-23,Brighton,0,2,7,0,home,0,0,1,0,-2,0
2019-11-30,Brighton,1,2,12,5,away,0,0,1,0,-1,0
2019-12-05,Brighton,2,1,20,9,away,1,0,0,3,1,0
2019-12-08,Brighton,2,2,13,4,home,0,1,0,1,0,0
2019-12-16,Brighton,1,1,15,10,away,0,1,0,1,0,0
2019-12-21,Brighton,0,1,9,2,home,0,0,1,0,-1,0
2019-12-26,Brighton,1,2,11,5,away,0,0,1,0,-1,0
2019-12-28,Brighton,2,0,16,6,home,1,0,0,3,2,1
2020-01-01,Brighton,1,1,16,5,home,0,1,0,1,0,0
2020-01-11,Brighton,0,1,9,2,away,0,0,1,0,-1,0
2020-01-18,Brighton,1,1,10,2,home,0,1,0,1,0,0
2020-01-21,Brighton,1,3,21,8,away,0,0,1,0,-2,0
2020-02-01,Brighton,3,3,19,6,away,0,1,0,1,0,0
2020-02-08,Brighton,1,1,10,2,home,0,1,0,1,0,0
2020-02-22,Brighton,1,1,8,2,away,0,1,0,1,0,0
2020-02-29,Brighton,0,1,24,8,home,0,0,1,0,-1,0
2020-03-07,Brighton,0,0,7,1,away,0,1,0,1,0,1
2020-06-20,Brighton,2,1,9,5,home,1,0,0,3,1,0
2020-06-23,Brighton,0,0,10,2,away,0,1,0,1,0,1
2020-06-30,Brighton,0,3,8,2,home,0,0,1,0,-3,0
2020-07-04,Brighton,1,0,8,2,away,1,0,0,3,1,1
2020-07-08,Brighton,1,3,12,2,home,0,0,1,0,-2,0
2020-07-11,Brighton,0,5,3,0,home,0,0,1,0,-5,0
2020-07-16,Brighton,1,1,10,2,away,0,1,0,1,0,0
2020-07-20,Brighton,0,0,11,3,home,0,1,0,1,0,1
2020-07-26,Brighton,2,1,14,4,away,1,0,0,3,1,0
2020-09-14,Brighton,1,3,13,3,home,0,0,1,0,-2,0
2020-09-20,Brighton,3,0,13,6,away,1,0,0,3,3,1
2020-09-26,Brighton,2,3,18,5,home,0,0,1,0,-1,0
2020-10-03,Brighton,2,4,11,3,away,0,0,1,0,-2,0
2020-10-18,Brighton,1,1,20,3,away,0,1,0,1,0,0
2020-10-26,Brighton,1,1,5,3,home,0,1,0,1,0,0
2020-11-01,Brighton,1,2,6,2,away,0,0,1,0,-1,0
2020-11-06,Brighton,0,0,19,3,home,0,1,0,1,0,1
2020-11-21,Brighton,2,1,7,3,away,1,0,0,3,1,0
2020-11-28,Brighton,1,1,11,3,home,0,1,0,1,0,0
2020-12-07,Brighton,1,2,12,4,home,0,0,1,0,-1,0
2020-12-13,Brighton,0,3,12,4,away,0,0,1,0,-3,0
2020-12-16,Brighton,0,0,9,4,away,0,1,0,1,0,1
2020-12-20,Brighton,1,1,21,5,home,0,1,0,1,0,0
2020-12-27,Brighton,2,2,13,4,away,0,1,0,1,0,0
2020-12-29,Brighton,0,1,13,2,home,0,0,1,0,-1,0
2021-01-02,Brighton,3,3,13,4,home,0,1,0,1,0,0
2021-01-13,Brighton,0,1,5,1,away,0,0,1,0,-1,0
2021-01-16,Brighton,1,0,7,2,away,1,0,0,3,1,1
2021-01-27,Brighton,0,0,16,5,home,0,1,0,1,0,1
2021-01-31,Brighton,1,0,16,5,home,1,0,0,3,1,1
2021-02-03,Brighton,1,0,13,4,away,1,0,0,3,1,1
2021-02-06,Brighton,1,1,10,2,away,0,1,0,1,0,0
2021-02-13,Brighton,0,0,26,9,home,0,1,0,1,0,1
2021-02-22,Brighton,1,2,25,5,home,0,0,1,0,-1,0
2021-02-27,Brighton,0,1,15,6,away,0,0,1,0,-1,0
2021-03-06,Brighton,1,2,7,2,home,0,0,1,0,-1,0
2021-03-14,Brighton,2,1,8,6,away,1,0,0,3,1,0
2021-03-20,Brighton,3,0,11,6,home,1,0,0,3,3,1
2021-04-04,Brighton,1,2,5,3,away,0,0,1,0,-1,0
2021-04-12,Brighton,0,0,23,3,home,0,1,0,1,0,1
2021-04-20,Brighton,0,0,11,2,away,0,1,0,1,0,1
2021-04-24,Brighton,0,1,17,4,away,0,0,1,0,-1,0
2021-05-01,Brighton,2,0,17,5,home,1,0,0,3,2,1
2021-05-09,Brighton,1,2,5,3,away,0,0,1,0,-1,0
2021-05-15,Brighton,1,1,10,2,home,0,1,0,1,0,0
2021-05-18,Brighton,3,2,19,6,home,1,0,0,3,1,0
2021-05-23,Brighton,0,2,5,1,away,0,0,1,0,-2,0
2021-08-14,Brighton,2,1,14,8,away,1,0,0,3,1,0
2021-08-21,Brighton,2,0,13,3,home,1,0,0,3,2,1
2021-08-28,Brighton,0,2,14,3,home,0,0,1,0,-2,0
2021-09-11,Brighton,1,0,4,2,away,1,0,0,3,1,1
2021-09-19,Brighton,2,1,12,5,home,1,0,0,3,1,0
2021-09-27,Brighton,1,1,8,4,away,0,1,0,1,0,0
2021-10-02,Brighton,0,0,21,2,home,0,1,0,1,0,1
2021-10-16,Brighton,0,0,11,3,away,0,1,0,1,0,1
2021-10-23,Brighton,1,4,10,5,home,0,0,1,0,-3,0
2021-10-30,Brighton,2,2,9,6,away,0,1,0,1,0,0
2021-11-06,Brighton,1,1,14,5,home,0,1,0,1,0,0
2021-11-20,Brighton,0,2,6,2,away,0,0,1,0,-2,0
2021-11-27,Brighton,0,0,20,4,home,0,1,0,1,0,1
2021-12-01,Brighton,1,1,9,3,away,0,1,0,1,0,0
2021-12-04,Brighton,1,1,14,4,away,0,1,0,1,0,0
2021-12-15,Brighton,0,1,12,2,home,0,0,1,0,-1,0
2021-12-26,Brighton,2,0,15,5,home,1,0,0,3,2,1
2021-12-29,Brighton,1,1,18,6,away,0,1,0,1,0,0
2022-01-02,Brighton,3,2,12,5,away,1,0,0,3,1,0
2022-01-14,Brighton,1,1,19,4,home,0,1,0,1,0,0
2022-01-18,Brighton,1,1,10,2,home,0,1,0,1,0,0
2022-01-23,Brighton,1,1,14,5,away,0,1,0,1,0,0
2022-02-12,Brighton,2,0,11,6,away,1,0,0,3,2,1
2022-02-15,Brighton,0,2,10,3,away,0,0,1,0,-2,0
2022-02-19,Brighton,0,3,11,1,home,0,0,1,0,-3,0
2022-02-26,Brighton,0,2,12,1,home,0,0,1,0,-2,0
2022-03-05,Brighton,1,2,15,4,away,0,0,1,0,-1,0
2022-03-12,Brighton,0,2,8,3,home,0,0,1,0,-2,0
2022-03-16,Brighton,0,2,15,0,home,0,0,1,0,-2,0
2022-04-02,Brighton,0,0,31,4,home,0,1,0,1,0,1
2022-04-09,Brighton,2,1,8,3,away,1,0,0,3,1,0
2022-04-16,Brighton,1,0,12,5,away,1,0,0,3,1,1
2022-04-20,Brighton,0,3,2,1,away,0,0,1,0,-3,0
2022-04-24,Brighton,2,2,8,5,home,0,1,0,1,0,0
2022-04-30,Brighton,3,0,17,9,away,1,0,0,3,3,1
2022-05-07,Brighton,4,0,17,6,home,1,0,0,3,4,1
2022-05-15,Brighton,1,1,16,6,away,0,1,0,1,0,0
2022-05-22,Brighton,3,1,18,7,home,1,0,0,3,2,0
2022-08-07,Brighton,2,1,15,4,away,1,0,0,3,1,0
2022-08-13,Brighton,0,0,13,7,home,0,1,0,1,0,1
2022-08-21,Brighton,2,0,11,2,away,1,0,0,3,2,1
2022-08-27,Brighton,1,0,13,4,home,1,0,0,3,1,1
2022-08-30,Brighton,1,2,7,4,away,0,0,1,0,-1,0
2022-09-04,Brighton,5,2,23,11,home,1,0,0,3,3,0
2022-10-01,Brighton,3,3,6,6,away,0,1,0,1,0,0
2022-10-08,Brighton,0,1,14,4,home,0,0,1,0,-1,0
2022-10-14,Brighton,0,2,21,7,away,0,0,1,0,-2,0
2022-10-18,Brighton,0,0,19,7,home,0,1,0,1,0,1
2022-10-22,Brighton,1,3,8,2,away,0,0,1,0,-2,0
2022-10-29,Brighton,4,1,19,9,home,1,0,0,3,3,0
2022-11-05,Brighton,3,2,19,8,away,1,0,0,3,1,0
2022-11-13,Brighton,1,2,7,2,home,0,0,1,0,-1,0
2022-12-26,Brighton,3,1,7,4,away,1,0,0,3,2,0
2022-12-31,Brighton,2,4,9,5,home,0,0,1,0,-2,0
2023-01-03,Brighton,4,1,19,8,away,1,0,0,3,3,0
2023-01-14,Brighton,3,0,16,9,home,1,0,0,3,3,1
2023-01-21,Brighton,2,2,13,4,away,0,1,0,1,0,0
2023-02-04,Brighton,1,0,20,6,home,1,0,0,3,1,1
2023-02-11,Brighton,1,1,17,7,away,0,1,0,1,0,0
2023-02-18,Brighton,0,1,21,7,home,0,0,1,0,-1,0
2023-03-04,Brighton,4,0,20,9,home,1,0,0,3,4,1
2023-03-11,Brighton,2,2,14,2,away,0,1,0,1,0,0
2023-03-15,Brighton,1,0,11,5,home,1,0,0,3,1,1
2023-04-01,Brighton,3,3,33,15,home,0,1,0,1,0,0
2023-04-04,Brighton,2,0,16,6,away,1,0,0,3,2,1
2023-04-08,Brighton,1,2,17,4,away,0,0,1,0,-1,0
2023-04-15,Brighton,2,1,26,10,away,1,0,0,3,1,0
2023-04-26,Brighton,1,3,17,7,away,0,0,1,0,-2,0
2023-04-29,Brighton,6,0,22,8,home,1,0,0,3,6,1
2023-05-04,Brighton,1,0,22,6,home,1,0,0,3,1,1
2023-05-08,Brighton,1,5,23,5,home,0,0,1,0,-4,0
2023-05-14,Brighton,3,0,12,6,away,1,0,0,3,3,1
2023-05-18,Brighton,1,4,8,2,away,0,0,1,0,-3,0
2023-05-21,Brighton,3,1,26,8,home,1,0,0,3,2,0
2023-05-24,Brighton,1,1,20,7,home,0,1,0,1,0,0
2023-05-28,Brighton,1,2,8,4,away,0,0,1,0,-1,0
2023-08-12,Brighton,4,1,27,12,home,1,0,0,3,3,0
2023-08-19,Brighton,4,1,16,8,away,1,0,0,3,3,0
2023-08-26,Brighton,1,3,25,10,home,0,0,1,0,-2,0
2023-09-02,Brighton,3,1,15,6,home,1,0,0,3,2,0
2023-09-16,Brighton,3,1,10,8,away,1,0,0,3,2,0
2023-09-24,Brighton,3,1,13,4,home,1,0,0,3,2,0
2023-09-30,Brighton,1,6,11,3,away,0,0,1,0,-5,0
2023-10-08,Brighton,2,2,14,3,home,0,1,0,1,0,0
2023-10-21,Brighton,1,2,5,3,away,0,0,1,0,-1,0
2023-10-29,Brighton,1,1,18,7,home,0,1,0,1,0,0
2023-11-04,Brighton,1,1,7,2,away,0,1,0,1,0,0
2023-11-12,Brighton,1,1,11,6,home,0,1,0,1,0,0
2023-11-25,Brighton,3,2,11,5,away,1,0,0,3,1,0
2023-12-03,Brighton,2,3,18,9,away,0,0,1,0,-1,0
2023-12-06,Brighton,2,1,18,7,home,1,0,0,3,1,0
2023-12-09,Brighton,1,1,29,11,home,0,1,0,1,0,0
2023-12-17,Brighton,0,2,6,1,away,0,0,1,0,-2,0
2023-12-21,Brighton,1,1,18,6,away,0,1,0,1,0,0
2023-12-28,Brighton,4,2,15,9,home,1,0,0,3,2,0
2024-01-02,Brighton,0,0,22,8,away,0,1,0,1,0,1
2024-01-22,Brighton,0,0,11,4,home,0,1,0,1,0,1
2024-01-30,Brighton,0,4,9,2,away,0,0,1,0,-4,0
2024-02-03,Brighton,4,1,13,6,home,1,0,0,3,3,0
2024-02-10,Brighton,1,2,6,3,away,0,0,1,0,-1,0
2024-02-18,Brighton,5,0,24,10,away,1,0,0,3,5,1
2024-02-24,Brighton,1,1,23,7,home,0,1,0,1,0,0
2024-03-02,Brighton,0,3,15,5,away,0,0,1,0,-3,0
2024-03-10,Brighton,1,0,10,3,home,1,0,0,3,1,1
2024-03-31,Brighton,1,2,9,3,away,0,0,1,0,-1,0
2024-04-03,Brighton,0,0,24,6,away,0,1,0,1,0,1
2024-04-06,Brighton,0,3,10,2,home,0,0,1,0,-3,0
2024-04-13,Brighton,1,1,20,8,away,0,1,0,1,0,0
2024-04-25,Brighton,0,4,7,3,home,0,0,1,0,-4,0
2024-04-28,Brighton,0,3,13,1,away,0,0,1,0,-3,0
2024-05-05,Brighton,1,0,15,8,home,1,0,0,3,1,1
2024-05-11,Brighton,1,1,15,4,away,0,1,0,1,0,0
2024-05-15,Brighton,1,2,12,2,home,0,0,1,0,-1,0
2024-05-19,Brighton,0,2,17,3,home,0,0,1,0,-2,0
2024-08-17,Brighton,3,0,10,5,away,1,0,0,3,3,1
2024-08-24,Brighton,2,1,14,5,home,1,0,0,3,1,0
2024-08-31,Brighton,1,1,22,4,away,0,1,0,1,0,0
2024-09-14,Brighton,0,0,21,6,home,0,1,0,1,0,1
2024-09-22,Brighton,2,2,14,3,home,0,1,0,1,0,0
2024-09-28,Brighton,2,4,15,5,away,0,0,1,0,-2,0
2024-10-06,Brighton,3,2,11,4,home,1,0,0,3,1,0
2024-10-19,Brighton,1,0,10,5,away,1,0,0,3,1,1
2024-10-26,Brighton,2,2,19,6,home,0,1,0,1,0,0
2024-11-02,Brighton,1,2,13,5,away,0,0,1,0,-1,0
2024-11-09,Brighton,2,1,10,4,home,1,0,0,3,1,0
2024-11-23,Brighton,2,1,6,4,away,1,0,0,3,1,0
2024-11-29,Brighton,1,1,22,5,home,0,1,0,1,0,0
2024-12-05,Brighton,1,3,13,3,away,0,0,1,0,-2,0
2024-12-08,Brighton,2,2,16,7,away,0,1,0,1,0,0
2024-12-15,Brighton,1,3,17,5,home,0,0,1,0,-2,0
2024-12-21,Brighton,1,1,12,6,away,0,1,0,1,0,0
2024-12-27,Brighton,0,0,24,7,home,0,1,0,1,0,1
2024-12-30,Brighton,2,2,13,4,away,0,1,0,1,0,0
2025-01-04,Brighton,1,1,11,4,home,0,1,0,1,0,0
2025-01-16,Brighton,2,0,11,5,away,1,0,0,3,2,1
2025-01-19,Brighton,3,1,6,3,away,1,0,0,3,2,0
2025-01-25,Brighton,0,1,16,1,home,0,0,1,0,-1,0
2025-02-01,Brighton,0,7,10,5,away,0,0,1,0,-7,0
2025-02-14,Brighton,3,0,13,5,home,1,0,0,3,3,1
2025-02-22,Brighton,4,0,18,12,away,1,0,0,3,4,1
2025-02-25,Brighton,2,1,11,4,home,1,0,0,3,1,0
2025-03-08,Brighton,2,1,9,4,home,1,0,0,3,1,0
2025-03-15,Brighton,2,2,15,3,away,0,1,0,1,0,0
2025-04-02,Brighton,0,3,11,4,home,0,0,1,0,-3,0
2025-04-05,Brighton,1,2,11,5,away,0,0,1,0,-1,0
2025-04-12,Brighton,2,2,21,7,home,0,1,0,1,0,0
2025-04-19,Brighton,2,4,12,3,away,0,0,1,0,-2,0
2025-04-26,Brighton,3,2,16,9,home,1,0,0,3,1,0
2025-05-04,Brighton,1,1,5,2,home,0,1,0,1,0,0
2025-05-10,Brighton,2,0,7,2,away,1,0,0,3,2,1
2025-05-19,Brighton,3,2,25,12,home,1,0,0,3,1,0
2025-05-25,Brighton,4,1,23,8,away,1,0,0,3,3,0
2025-08-16,Brighton,1,1,10,4,home,0,1,0,1,0,0
2025-08-24,Brighton,0,2,13,4,away,0,0,1,0,-2,0
2025-08-31,Brighton,2,1,12,7,home,1,0,0,3,1,0
2025-09-13,Brighton,1,2,6,2,away,0,0,1,0,-1,0
2025-09-20,Brighton,2,2,12,4,home,0,1,0,1,0,0
2025-09-27,Brighton,3,1,12,3,away,1,0,0,3,2,0
2025-10-05,Brighton,1,1,17,6,away,0,1,0,1,0,0
2025-10-18,Brighton,2,1,13,5,home,1,0,0,3,1,0
2025-10-25,Brighton,2,4,17,5,away,0,0,1,0,-2,0
2025-11-01,Brighton,3,0,14,7,home,1,0,0,3,3,1
2025-11-09,Brighton,0,0,7,3,away,0,1,0,1,0,1
2025-11-22,Brighton,2,1,14,5,home,1,0,0,3,1,0
2025-11-30,Brighton,2,0,17,6,away,1,0,0,3,2,1
2025-12-03,Brighton,3,4,16,7,home,0,0,1,0,-1,0
2025-12-07,Brighton,1,1,22,4,home,0,1,0,1,0,0
2025-12-13,Brighton,0,2,14,1,away,0,0,1,0,-2,0
2025-12-20,Brighton,0,0,16,4,home,0,1,0,1,0,1
2025-12-27,Brighton,1,2,8,3,away,0,0,1,0,-1,0
2025-12-30,Brighton,2,2,16,6,away,0,1,0,1,0,0
2026-01-03,Brighton,2,0,15,4,home,1,0,0,3,2,1
2026-01-07,Brighton,1,1,6,3,away,0,1,0,1,0,0
2026-01-19,Brighton,1,1,17,5,home,0,1,0,1,0,0
2026-01-24,Brighton,1,2,13,5,away,0,0,1,0,-1,0
2026-01-31,Brighton,1,1,11,2,home,0,1,0,1,0,0
2026-02-08,Brighton,0,1,7,2,home,0,0,1,0,-1,0
2026-02-11,Brighton,0,1,9,3,away,0,0,1,0,-1,0
2026-02-21,Brighton,2,0,11,7,away,1,0,0,3,2,1
2026-03-01,Brighton,2,1,14,7,home,1,0,0,3,1,0
2026-03-04,Brighton,0,1,11,3,home,0,0,1,0,-1,0
2026-03-14,Brighton,1,0,12,4,away,1,0,0,3,1,1
2026-03-21,Brighton,2,1,16,7,home,1,0,0,3,1,0
2014-08-18,Burnley,1,3,9,2,home,0,0,1,0,-2,0
2014-08-23,Burnley,0,1,12,1,away,0,0,1,0,-1,0
2014-08-30,Burnley,0,0,9,3,home,0,1,0,1,0,1
2014-09-13,Burnley,0,0,11,3,away,0,1,0,1,0,1
2014-09-20,Burnley,0,0,17,6,home,0,1,0,1,0,1
2014-09-28,Burnley,0,4,10,2,away,0,0,1,0,-4,0
2014-10-04,Burnley,2,2,10,4,away,0,1,0,1,0,0
2014-10-18,Burnley,1,3,17,3,home,0,0,1,0,-2,0
2014-10-26,Burnley,1,3,14,3,home,0,0,1,0,-2,0
2014-11-01,Burnley,0,3,6,2,away,0,0,1,0,-3,0
2014-11-08,Burnley,1,0,14,3,home,1,0,0,3,1,1
2014-11-22,Burnley,2,1,5,4,away,1,0,0,3,1,0
2014-11-29,Burnley,1,1,11,4,home,0,1,0,1,0,0
2014-12-02,Burnley,1,1,12,2,home,0,1,0,1,0,0
2014-12-06,Burnley,0,2,15,3,away,0,0,1,0,-2,0
2014-12-13,Burnley,1,0,7,2,home,1,0,0,3,1,1
2014-12-20,Burnley,1,2,9,5,away,0,0,1,0,-1,0
2014-12-26,Burnley,0,1,16,0,home,0,0,1,0,-1,0
2014-12-28,Burnley,2,2,12,3,away,0,1,0,1,0,0
2015-01-01,Burnley,3,3,15,4,away,0,1,0,1,0,0
2015-01-10,Burnley,2,1,18,7,home,1,0,0,3,1,0
2015-01-17,Burnley,2,3,7,4,home,0,0,1,0,-1,0
2015-01-31,Burnley,0,2,13,4,away,0,0,1,0,-2,0
2015-02-08,Burnley,2,2,12,5,home,0,1,0,1,0,0
2015-02-11,Burnley,1,3,13,3,away,0,0,1,0,-2,0
2015-02-21,Burnley,1,1,10,5,away,0,1,0,1,0,0
2015-02-28,Burnley,0,1,13,6,home,0,0,1,0,-1,0
2015-03-04,Burnley,0,2,9,1,away,0,0,1,0,-2,0
2015-03-14,Burnley,1,0,10,4,home,1,0,0,3,1,1
2015-03-21,Burnley,0,2,15,3,away,0,0,1,0,-2,0
2015-04-05,Burnley,0,0,15,4,home,0,1,0,1,0,1
2015-04-11,Burnley,0,1,8,4,home,0,0,1,0,-1,0
2015-04-18,Burnley,0,1,10,1,away,0,0,1,0,-1,0
2015-04-25,Burnley,0,1,12,4,home,0,0,1,0,-1,0
2015-05-02,Burnley,0,1,8,2,away,0,0,1,0,-1,0
2015-05-09,Burnley,1,0,8,2,away,1,0,0,3,1,1
2015-05-16,Burnley,0,0,11,4,home,0,1,0,1,0,1
2015-05-24,Burnley,1,0,6,3,away,1,0,0,3,1,1
2016-08-13,Burnley,0,1,10,3,home,0,0,1,0,-1,0
2016-08-20,Burnley,2,0,3,2,home,1,0,0,3,2,1
2016-08-27,Burnley,0,3,6,0,away,0,0,1,0,-3,0
2016-09-10,Burnley,1,1,13,2,home,0,1,0,1,0,0
2016-09-17,Burnley,0,3,7,2,away,0,0,1,0,-3,0
2016-09-26,Burnley,2,0,13,4,home,1,0,0,3,2,1
2016-10-02,Burnley,0,1,10,1,home,0,0,1,0,-1,0
2016-10-16,Burnley,1,3,6,1,away,0,0,1,0,-2,0
2016-10-22,Burnley,2,1,9,3,home,1,0,0,3,1,0
2016-10-29,Burnley,0,0,7,1,away,0,1,0,1,0,1
2016-11-05,Burnley,3,2,14,7,home,1,0,0,3,1,0
2016-11-21,Burnley,0,4,5,2,away,0,0,1,0,-4,0
2016-11-26,Burnley,1,2,10,5,home,0,0,1,0,-1,0
2016-12-03,Burnley,0,2,14,4,away,0,0,1,0,-2,0
2016-12-10,Burnley,3,2,16,7,home,1,0,0,3,1,0
2016-12-14,Burnley,0,1,8,2,away,0,0,1,0,-1,0
2016-12-18,Burnley,1,2,5,2,away,0,0,1,0,-1,0
2016-12-26,Burnley,1,0,6,4,home,1,0,0,3,1,1
2016-12-31,Burnley,4,1,16,6,home,1,0,0,3,3,0
2017-01-02,Burnley,1,2,11,3,away,0,0,1,0,-1,0
2017-01-14,Burnley,1,0,9,3,home,1,0,0,3,1,1
2017-01-22,Burnley,1,2,13,7,away,0,0,1,0,-1,0
2017-01-31,Burnley,1,0,24,3,home,1,0,0,3,1,1
2017-02-04,Burnley,1,2,11,7,away,0,0,1,0,-1,0
2017-02-12,Burnley,1,1,6,4,home,0,1,0,1,0,0
2017-02-25,Burnley,1,1,10,3,away,0,1,0,1,0,0
2017-03-04,Burnley,2,3,6,4,away,0,0,1,0,-1,0
2017-03-12,Burnley,1,2,11,1,away,0,0,1,0,-1,0
2017-03-18,Burnley,0,0,17,3,away,0,1,0,1,0,1
2017-04-01,Burnley,0,2,13,2,home,0,0,1,0,-2,0
2017-04-04,Burnley,1,0,7,3,home,1,0,0,3,1,1
2017-04-08,Burnley,0,0,7,2,away,0,1,0,1,0,1
2017-04-15,Burnley,1,3,13,6,away,0,0,1,0,-2,0
2017-04-23,Burnley,0,2,8,0,home,0,0,1,0,-2,0
2017-04-29,Burnley,2,0,9,3,away,1,0,0,3,2,1
2017-05-06,Burnley,2,2,14,4,home,0,1,0,1,0,0
2017-05-13,Burnley,1,2,14,3,away,0,0,1,0,-1,0
2017-05-21,Burnley,1,2,9,1,home,0,0,1,0,-1,0
2017-08-12,Burnley,3,2,10,5,away,1,0,0,3,1,0
2017-08-19,Burnley,0,1,20,0,home,0,0,1,0,-1,0
2017-08-27,Burnley,1,1,13,3,away,0,1,0,1,0,0
2017-09-10,Burnley,1,0,4,2,home,1,0,0,3,1,1
2017-09-16,Burnley,1,1,5,4,away,0,1,0,1,0,0
2017-09-23,Burnley,0,0,5,3,home,0,1,0,1,0,1
2017-10-01,Burnley,1,0,5,2,away,1,0,0,3,1,1
2017-10-14,Burnley,1,1,20,5,home,0,1,0,1,0,0
2017-10-21,Burnley,0,3,6,0,away,0,0,1,0,-3,0
2017-10-30,Burnley,1,0,12,5,home,1,0,0,3,1,1
2017-11-04,Burnley,1,0,5,1,away,1,0,0,3,1,1
2017-11-18,Burnley,2,0,16,7,home,1,0,0,3,2,1
2017-11-26,Burnley,0,1,8,2,home,0,0,1,0,-1,0
2017-11-29,Burnley,2,1,10,4,away,1,0,0,3,1,0
2017-12-02,Burnley,0,1,14,4,away,0,0,1,0,-1,0
2017-12-09,Burnley,1,0,8,5,home,1,0,0,3,1,1
2017-12-12,Burnley,1,0,10,2,home,1,0,0,3,1,1
2017-12-16,Burnley,0,0,11,6,away,0,1,0,1,0,1
2017-12-23,Burnley,0,3,5,2,home,0,0,1,0,-3,0
2017-12-26,Burnley,2,2,3,2,away,0,1,0,1,0,0
2017-12-30,Burnley,0,0,11,4,away,0,1,0,1,0,1
2018-01-01,Burnley,1,2,13,4,home,0,0,1,0,-1,0
2018-01-13,Burnley,0,1,8,2,away,0,0,1,0,-1,0
2018-01-20,Burnley,0,1,13,2,home,0,0,1,0,-1,0
2018-01-31,Burnley,1,1,11,2,away,0,1,0,1,0,0
2018-02-03,Burnley,1,1,8,3,home,0,1,0,1,0,0
2018-02-10,Burnley,0,1,13,1,away,0,0,1,0,-1,0
2018-02-24,Burnley,1,1,9,3,home,0,1,0,1,0,0
2018-03-03,Burnley,2,1,21,8,home,1,0,0,3,1,0
2018-03-10,Burnley,3,0,7,4,away,1,0,0,3,3,1
2018-03-31,Burnley,2,1,11,4,away,1,0,0,3,1,0
2018-04-07,Burnley,2,1,7,4,away,1,0,0,3,1,0
2018-04-14,Burnley,2,1,8,3,home,1,0,0,3,1,0
2018-04-19,Burnley,1,2,5,2,home,0,0,1,0,-1,0
2018-04-22,Burnley,1,1,16,7,away,0,1,0,1,0,0
2018-04-28,Burnley,0,0,10,4,home,0,1,0,1,0,1
2018-05-06,Burnley,0,5,6,2,away,0,0,1,0,-5,0
2018-05-13,Burnley,1,2,12,4,home,0,0,1,0,-1,0
2018-08-12,Burnley,0,0,16,6,away,0,1,0,1,0,1
2018-08-19,Burnley,1,3,8,3,home,0,0,1,0,-2,0
2018-08-26,Burnley,2,4,12,2,away,0,0,1,0,-2,0
2018-09-02,Burnley,0,2,9,2,home,0,0,1,0,-2,0
2018-09-16,Burnley,0,1,7,2,away,0,0,1,0,-1,0
2018-09-22,Burnley,4,0,12,5,home,1,0,0,3,4,1
2018-09-30,Burnley,2,1,3,2,away,1,0,0,3,1,0
2018-10-06,Burnley,1,1,6,3,home,0,1,0,1,0,0
2018-10-20,Burnley,0,5,5,0,away,0,0,1,0,-5,0
2018-10-28,Burnley,0,4,7,1,home,0,0,1,0,-4,0
2018-11-03,Burnley,2,4,6,3,away,0,0,1,0,-2,0
2018-11-10,Burnley,0,0,6,1,away,0,1,0,1,0,1
2018-11-26,Burnley,1,2,14,4,home,0,0,1,0,-1,0
2018-12-01,Burnley,0,2,4,0,away,0,0,1,0,-2,0
2018-12-05,Burnley,1,3,10,6,home,0,0,1,0,-2,0
2018-12-08,Burnley,1,0,14,4,home,1,0,0,3,1,1
2018-12-15,Burnley,0,1,4,0,away,0,0,1,0,-1,0
2018-12-22,Burnley,1,3,7,2,away,0,0,1,0,-2,0
2018-12-26,Burnley,1,5,11,4,home,0,0,1,0,-4,0
2018-12-30,Burnley,2,0,17,5,home,1,0,0,3,2,1
2019-01-02,Burnley,2,1,16,8,away,1,0,0,3,1,0
2019-01-12,Burnley,2,1,11,0,home,1,0,0,3,1,0
2019-01-19,Burnley,0,0,11,3,away,0,1,0,1,0,1
2019-01-29,Burnley,2,2,6,4,away,0,1,0,1,0,0
2019-02-02,Burnley,1,1,15,6,home,0,1,0,1,0,0
2019-02-09,Burnley,3,1,9,5,away,1,0,0,3,2,0
2019-02-23,Burnley,2,1,10,4,home,1,0,0,3,1,0
2019-02-26,Burnley,0,2,12,2,away,0,0,1,0,-2,0
2019-03-02,Burnley,1,3,18,4,home,0,0,1,0,-2,0
2019-03-10,Burnley,2,4,3,2,away,0,0,1,0,-2,0
2019-03-16,Burnley,1,2,13,2,home,0,0,1,0,-1,0
2019-03-30,Burnley,2,0,5,1,home,1,0,0,3,2,1
2019-04-06,Burnley,3,1,11,3,away,1,0,0,3,2,0
2019-04-13,Burnley,2,0,14,7,home,1,0,0,3,2,1
2019-04-22,Burnley,2,2,6,3,away,0,1,0,1,0,0
2019-04-28,Burnley,0,1,2,0,home,0,0,1,0,-1,0
2019-05-03,Burnley,0,2,5,1,away,0,0,1,0,-2,0
2019-05-12,Burnley,1,3,14,5,home,0,0,1,0,-2,0
2019-08-10,Burnley,3,0,10,4,home,1,0,0,3,3,1
2019-08-17,Burnley,1,2,18,5,away,0,0,1,0,-1,0
2019-08-25,Burnley,1,1,13,4,away,0,1,0,1,0,0
2019-08-31,Burnley,0,3,7,2,home,0,0,1,0,-3,0
2019-09-14,Burnley,1,1,7,1,away,0,1,0,1,0,0
2019-09-21,Burnley,2,0,13,6,home,1,0,0,3,2,1
2019-09-28,Burnley,2,2,10,3,away,0,1,0,1,0,0
2019-10-05,Burnley,1,0,9,3,home,1,0,0,3,1,1
2019-10-19,Burnley,1,2,13,4,away,0,0,1,0,-1,0
2019-10-26,Burnley,2,4,13,5,home,0,0,1,0,-2,0
2019-11-02,Burnley,0,3,6,0,away,0,0,1,0,-3,0
2019-11-09,Burnley,3,0,14,12,home,1,0,0,3,3,1
2019-11-23,Burnley,3,0,11,5,away,1,0,0,3,3,1
2019-11-30,Burnley,0,2,15,4,home,0,0,1,0,-2,0
2019-12-03,Burnley,1,4,4,2,home,0,0,1,0,-3,0
2019-12-07,Burnley,0,5,7,1,away,0,0,1,0,-5,0
2019-12-14,Burnley,1,0,7,4,home,1,0,0,3,1,1
2019-12-21,Burnley,1,0,2,1,away,1,0,0,3,1,1
2019-12-26,Burnley,0,1,6,0,away,0,0,1,0,-1,0
2019-12-28,Burnley,0,2,8,1,home,0,0,1,0,-2,0
2020-01-01,Burnley,1,2,20,1,home,0,0,1,0,-1,0
2020-01-11,Burnley,0,3,7,2,away,0,0,1,0,-3,0
2020-01-19,Burnley,2,1,8,5,home,1,0,0,3,1,0
2020-01-22,Burnley,2,0,5,2,away,1,0,0,3,2,1
2020-02-02,Burnley,0,0,15,2,home,0,1,0,1,0,1
2020-02-15,Burnley,2,1,9,6,away,1,0,0,3,1,0
2020-02-22,Burnley,3,0,16,10,home,1,0,0,3,3,1
2020-02-29,Burnley,0,0,8,1,away,0,1,0,1,0,1
2020-03-07,Burnley,1,1,21,8,home,0,1,0,1,0,0
2020-06-22,Burnley,0,5,1,0,away,0,0,1,0,-5,0
2020-06-25,Burnley,1,0,9,5,home,1,0,0,3,1,1
2020-06-29,Burnley,1,0,8,4,away,1,0,0,3,1,1
2020-07-05,Burnley,1,1,9,4,home,0,1,0,1,0,0
2020-07-08,Burnley,1,0,8,4,away,1,0,0,3,1,1
2020-07-11,Burnley,1,1,6,2,away,0,1,0,1,0,0
2020-07-15,Burnley,1,1,9,1,home,0,1,0,1,0,0
2020-07-18,Burnley,2,0,23,8,away,1,0,0,3,2,1
2020-07-26,Burnley,1,2,13,2,home,0,0,1,0,-1,0
2020-09-20,Burnley,2,4,16,5,away,0,0,1,0,-2,0
2020-09-26,Burnley,0,1,10,2,home,0,0,1,0,-1,0
2020-10-03,Burnley,1,3,7,3,away,0,0,1,0,-2,0
2020-10-19,Burnley,0,0,9,4,away,0,1,0,1,0,1
2020-10-26,Burnley,0,1,13,4,home,0,0,1,0,-1,0
2020-10-31,Burnley,0,3,5,0,home,0,0,1,0,-3,0
2020-11-06,Burnley,0,0,4,1,away,0,1,0,1,0,1
2020-11-23,Burnley,1,0,10,4,home,1,0,0,3,1,1
2020-11-28,Burnley,0,5,9,1,away,0,0,1,0,-5,0
2020-12-05,Burnley,1,1,8,3,home,0,1,0,1,0,0
2020-12-13,Burnley,1,0,10,2,away,1,0,0,3,1,1
2020-12-17,Burnley,0,0,6,4,away,0,1,0,1,0,1
2020-12-21,Burnley,2,1,10,4,home,1,0,0,3,1,0
2020-12-27,Burnley,0,1,14,6,away,0,0,1,0,-1,0
2020-12-29,Burnley,1,0,5,3,home,1,0,0,3,1,1
2021-01-12,Burnley,0,1,11,0,home,0,0,1,0,-1,0
2021-01-16,Burnley,0,1,10,2,away,0,0,1,0,-1,0
2021-01-21,Burnley,1,0,6,4,away,1,0,0,3,1,1
2021-01-27,Burnley,3,2,10,5,home,1,0,0,3,1,0
2021-01-31,Burnley,0,2,1,0,away,0,0,1,0,-2,0
2021-02-03,Burnley,0,2,2,0,home,0,0,1,0,-2,0
2021-02-06,Burnley,1,1,20,7,home,0,1,0,1,0,0
2021-02-13,Burnley,3,0,16,4,away,1,0,0,3,3,1
2021-02-17,Burnley,1,1,8,3,home,0,1,0,1,0,0
2021-02-20,Burnley,0,0,6,1,home,0,1,0,1,0,1
2021-02-28,Burnley,0,4,10,3,away,0,0,1,0,-4,0
2021-03-03,Burnley,1,1,12,7,home,0,1,0,1,0,0
2021-03-06,Burnley,1,1,9,5,home,0,1,0,1,0,0
2021-03-13,Burnley,2,1,14,5,away,1,0,0,3,1,0
2021-04-04,Burnley,2,3,7,5,away,0,0,1,0,-1,0
2021-04-11,Burnley,1,2,24,4,home,0,0,1,0,-1,0
2021-04-18,Burnley,1,3,10,3,away,0,0,1,0,-2,0
2021-04-25,Burnley,4,0,14,7,away,1,0,0,3,4,1
2021-05-03,Burnley,1,2,8,3,home,0,0,1,0,-1,0
2021-05-10,Burnley,2,0,14,5,away,1,0,0,3,2,1
2021-05-15,Burnley,0,4,16,4,home,0,0,1,0,-4,0
2021-05-19,Burnley,0,3,10,4,home,0,0,1,0,-3,0
2021-05-23,Burnley,0,1,10,3,away,0,0,1,0,-1,0
2021-08-14,Burnley,1,2,14,3,home,0,0,1,0,-1,0
2021-08-21,Burnley,0,2,9,3,away,0,0,1,0,-2,0
2021-08-29,Burnley,1,1,12,3,home,0,1,0,1,0,0
2021-09-13,Burnley,1,3,11,6,away,0,0,1,0,-2,0
2021-09-18,Burnley,0,1,18,3,home,0,0,1,0,-1,0
2021-09-25,Burnley,2,2,9,3,away,0,1,0,1,0,0
2021-10-02,Burnley,0,0,14,4,home,0,1,0,1,0,1
2021-10-16,Burnley,0,2,7,2,away,0,0,1,0,-2,0
2021-10-23,Burnley,2,2,9,5,away,0,1,0,1,0,0
2021-10-30,Burnley,3,1,15,6,home,1,0,0,3,2,0
2021-11-06,Burnley,1,1,5,2,away,0,1,0,1,0,0
2021-11-20,Burnley,3,3,15,9,home,0,1,0,1,0,0
2021-12-01,Burnley,0,0,6,1,away,0,1,0,1,0,1
2021-12-04,Burnley,0,1,10,1,away,0,0,1,0,-1,0
2021-12-12,Burnley,0,0,9,1,home,0,1,0,1,0,1
2021-12-30,Burnley,1,3,10,3,away,0,0,1,0,-2,0
2022-01-02,Burnley,1,3,8,2,away,0,0,1,0,-2,0
2022-01-23,Burnley,0,0,10,1,away,0,1,0,1,0,1
2022-02-05,Burnley,0,0,13,2,home,0,1,0,1,0,1
2022-02-08,Burnley,1,1,9,3,home,0,1,0,1,0,0
2022-02-13,Burnley,0,1,8,5,home,0,0,1,0,-1,0
2022-02-19,Burnley,3,0,10,4,away,1,0,0,3,3,1
2022-02-23,Burnley,1,0,15,4,home,1,0,0,3,1,1
2022-02-26,Burnley,1,1,5,1,away,0,1,0,1,0,0
2022-03-01,Burnley,0,2,9,2,home,0,0,1,0,-2,0
2022-03-05,Burnley,0,4,6,1,home,0,0,1,0,-4,0
2022-03-12,Burnley,0,2,7,1,away,0,0,1,0,-2,0
2022-04-02,Burnley,0,2,3,1,home,0,0,1,0,-2,0
2022-04-06,Burnley,3,2,13,4,home,1,0,0,3,1,0
2022-04-10,Burnley,0,2,18,4,away,0,0,1,0,-2,0
2022-04-17,Burnley,1,1,9,1,away,0,1,0,1,0,0
2022-04-21,Burnley,2,0,16,6,home,1,0,0,3,2,1
2022-04-24,Burnley,1,0,14,5,home,1,0,0,3,1,1
2022-04-30,Burnley,2,1,17,6,away,1,0,0,3,1,0
2022-05-07,Burnley,1,3,14,6,home,0,0,1,0,-2,0
2022-05-15,Burnley,0,1,8,1,away,0,0,1,0,-1,0
2022-05-19,Burnley,1,1,10,5,away,0,1,0,1,0,0
2022-05-22,Burnley,1,2,12,5,home,0,0,1,0,-1,0
2023-08-11,Burnley,0,3,6,1,home,0,0,1,0,-3,0
2023-08-27,Burnley,1,3,9,2,home,0,0,1,0,-2,0
2023-09-02,Burnley,2,5,16,4,home,0,0,1,0,-3,0
2023-09-18,Burnley,1,1,10,3,away,0,1,0,1,0,0
2023-09-23,Burnley,0,1,12,4,home,0,0,1,0,-1,0
2023-09-30,Burnley,0,2,8,2,away,0,0,1,0,-2,0
2023-10-03,Burnley,2,1,14,4,away,1,0,0,3,1,0
2023-10-07,Burnley,1,4,10,3,home,0,0,1,0,-3,0
2023-10-21,Burnley,0,3,6,1,away,0,0,1,0,-3,0
2023-10-28,Burnley,1,2,6,3,away,0,0,1,0,-1,0
2023-11-04,Burnley,0,2,17,5,home,0,0,1,0,-2,0
2023-11-11,Burnley,1,3,8,5,away,0,0,1,0,-2,0
2023-11-25,Burnley,1,2,11,5,home,0,0,1,0,-1,0
2023-12-02,Burnley,5,0,19,7,home,1,0,0,3,5,1
2023-12-05,Burnley,0,1,12,3,away,0,0,1,0,-1,0
2023-12-09,Burnley,1,1,6,3,away,0,1,0,1,0,0
2023-12-16,Burnley,0,2,14,2,home,0,0,1,0,-2,0
2023-12-23,Burnley,2,0,7,2,away,1,0,0,3,2,1
2023-12-26,Burnley,0,2,9,0,home,0,0,1,0,-2,0
2023-12-30,Burnley,2,3,9,5,away,0,0,1,0,-1,0
2024-01-12,Burnley,1,1,13,7,home,0,1,0,1,0,0
2024-01-31,Burnley,1,3,8,3,away,0,0,1,0,-2,0
2024-02-03,Burnley,2,2,12,4,home,0,1,0,1,0,0
2024-02-10,Burnley,1,3,9,4,away,0,0,1,0,-2,0
2024-02-17,Burnley,0,5,8,0,home,0,0,1,0,-5,0
2024-02-24,Burnley,0,3,2,0,away,0,0,1,0,-3,0
2024-03-03,Burnley,0,2,20,6,home,0,0,1,0,-2,0
2024-03-10,Burnley,2,2,11,4,away,0,1,0,1,0,0
2024-03-16,Burnley,2,1,17,6,home,1,0,0,3,1,0
2024-03-30,Burnley,2,2,18,7,away,0,1,0,1,0,0
2024-04-02,Burnley,1,1,13,6,home,0,1,0,1,0,0
2024-04-06,Burnley,0,1,6,1,away,0,0,1,0,-1,0
2024-04-13,Burnley,1,1,11,3,home,0,1,0,1,0,0
2024-04-20,Burnley,4,1,16,9,away,1,0,0,3,3,0
2024-04-27,Burnley,1,1,16,7,away,0,1,0,1,0,0
2024-05-04,Burnley,1,4,17,5,home,0,0,1,0,-3,0
2024-05-11,Burnley,1,2,7,3,away,0,0,1,0,-1,0
2024-05-19,Burnley,1,2,20,3,home,0,0,1,0,-1,0
2025-08-16,Burnley,0,3,14,4,away,0,0,1,0,-3,0
2025-08-23,Burnley,2,0,7,2,home,1,0,0,3,2,1
2025-08-30,Burnley,2,3,6,3,away,0,0,1,0,-1,0
2025-09-14,Burnley,0,1,3,0,home,0,0,1,0,-1,0
2025-09-20,Burnley,1,1,12,5,home,0,1,0,1,0,0
2025-09-27,Burnley,1,5,9,2,away,0,0,1,0,-4,0
2025-10-05,Burnley,1,2,5,2,away,0,0,1,0,-1,0
2025-10-18,Burnley,2,0,4,3,home,1,0,0,3,2,1
2025-10-26,Burnley,3,2,11,7,away,1,0,0,3,1,0
2025-11-01,Burnley,0,2,3,0,home,0,0,1,0,-2,0
2025-11-08,Burnley,2,3,16,7,away,0,0,1,0,-1,0
2025-11-22,Burnley,0,2,8,2,home,0,0,1,0,-2,0
2025-11-29,Burnley,1,3,6,2,away,0,0,1,0,-2,0
2025-12-03,Burnley,0,1,11,4,home,0,0,1,0,-1,0
2025-12-06,Burnley,1,2,9,3,away,0,0,1,0,-1,0
2025-12-13,Burnley,2,3,16,8,home,0,0,1,0,-1,0
2025-12-20,Burnley,1,1,4,1,away,0,1,0,1,0,0
2025-12-27,Burnley,0,0,16,0,home,0,1,0,1,0,1
2025-12-30,Burnley,1,3,15,4,home,0,0,1,0,-2,0
2026-01-03,Burnley,0,2,5,3,away,0,0,1,0,-2,0
2026-01-07,Burnley,2,2,7,1,home,0,1,0,1,0,0
2026-01-17,Burnley,1,1,7,1,away,0,1,0,1,0,0
2026-01-24,Burnley,2,2,9,4,home,0,1,0,1,0,0
2026-02-02,Burnley,0,3,5,0,away,0,0,1,0,-3,0
2026-02-07,Burnley,0,2,18,5,home,0,0,1,0,-2,0
2026-02-11,Burnley,3,2,8,3,away,1,0,0,3,1,0
2026-02-21,Burnley,1,1,12,4,away,0,1,0,1,0,0
2026-02-28,Burnley,3,4,12,3,home,0,0,1,0,-1,0
2026-03-03,Burnley,0,2,5,2,away,0,0,1,0,-2,0
2026-03-14,Burnley,0,0,15,2,home,0,1,0,1,0,1
2026-03-21,Burnley,1,3,9,5,away,0,0,1,0,-2,0
2013-08-17,Cardiff,0,2,12,1,away,0,0,1,0,-2,0
2013-08-25,Cardiff,3,2,9,6,home,1,0,0,3,1,0
2013-08-31,Cardiff,0,0,4,1,home,0,1,0,1,0,1
2013-09-14,Cardiff,1,1,10,2,away,0,1,0,1,0,0
2013-09-22,Cardiff,0,1,6,0,home,0,0,1,0,-1,0
2013-09-28,Cardiff,2,1,22,4,away,1,0,0,3,1,0
2013-10-05,Cardiff,1,2,8,2,home,0,0,1,0,-1,0
2013-10-19,Cardiff,1,4,13,3,away,0,0,1,0,-3,0
2013-10-26,Cardiff,0,0,6,4,away,0,1,0,1,0,1
2013-11-03,Cardiff,1,0,9,3,home,1,0,0,3,1,1
2013-11-09,Cardiff,0,2,8,2,away,0,0,1,0,-2,0
2013-11-24,Cardiff,2,2,14,4,home,0,1,0,1,0,0
2013-11-30,Cardiff,0,3,10,4,home,0,0,1,0,-3,0
2013-12-04,Cardiff,0,0,14,3,away,0,1,0,1,0,1
2013-12-07,Cardiff,0,2,10,2,away,0,0,1,0,-2,0
2013-12-14,Cardiff,1,0,11,3,home,1,0,0,3,1,1
2013-12-21,Cardiff,1,3,10,3,away,0,0,1,0,-2,0
2013-12-26,Cardiff,0,3,9,0,home,0,0,1,0,-3,0
2013-12-28,Cardiff,2,2,16,7,home,0,1,0,1,0,0
2014-01-01,Cardiff,0,2,8,2,away,0,0,1,0,-2,0
2014-01-11,Cardiff,0,2,19,7,home,0,0,1,0,-2,0
2014-01-18,Cardiff,2,4,7,6,away,0,0,1,0,-2,0
2014-01-28,Cardiff,0,2,7,1,away,0,0,1,0,-2,0
2014-02-01,Cardiff,2,1,14,5,home,1,0,0,3,1,0
2014-02-08,Cardiff,0,3,7,1,away,0,0,1,0,-3,0
2014-02-11,Cardiff,0,0,12,3,home,0,1,0,1,0,1
2014-02-22,Cardiff,0,4,23,5,home,0,0,1,0,-4,0
2014-03-02,Cardiff,0,1,8,2,away,0,0,1,0,-1,0
2014-03-08,Cardiff,3,1,19,9,home,1,0,0,3,2,0
2014-03-15,Cardiff,1,2,10,3,away,0,0,1,0,-1,0
2014-03-22,Cardiff,3,6,9,3,home,0,0,1,0,-3,0
2014-03-29,Cardiff,3,3,11,5,away,0,1,0,1,0,0
2014-04-05,Cardiff,0,3,13,4,home,0,0,1,0,-3,0
2014-04-12,Cardiff,1,0,6,4,away,1,0,0,3,1,1
2014-04-19,Cardiff,1,1,13,4,home,0,1,0,1,0,0
2014-04-27,Cardiff,0,4,6,1,away,0,0,1,0,-4,0
2014-05-03,Cardiff,0,3,16,3,away,0,0,1,0,-3,0
2014-05-11,Cardiff,1,2,10,4,home,0,0,1,0,-1,0
2018-08-11,Cardiff,0,2,10,1,away,0,0,1,0,-2,0
2018-08-18,Cardiff,0,0,12,1,home,0,1,0,1,0,1
2018-08-25,Cardiff,0,0,14,4,away,0,1,0,1,0,1
2018-09-02,Cardiff,2,3,14,3,home,0,0,1,0,-1,0
2018-09-15,Cardiff,1,4,6,2,away,0,0,1,0,-3,0
2018-09-22,Cardiff,0,5,2,2,home,0,0,1,0,-5,0
2018-09-30,Cardiff,1,2,19,5,home,0,0,1,0,-1,0
2018-10-06,Cardiff,0,1,8,6,away,0,0,1,0,-1,0
2018-10-20,Cardiff,4,2,22,5,home,1,0,0,3,2,0
2018-10-27,Cardiff,1,4,2,1,away,0,0,1,0,-3,0
2018-11-03,Cardiff,0,1,11,2,home,0,0,1,0,-1,0
2018-11-10,Cardiff,2,1,20,6,home,1,0,0,3,1,0
2018-11-24,Cardiff,0,1,7,1,away,0,0,1,0,-1,0
2018-11-30,Cardiff,2,1,17,3,home,1,0,0,3,1,0
2018-12-04,Cardiff,1,3,9,5,away,0,0,1,0,-2,0
2018-12-08,Cardiff,1,0,13,4,home,1,0,0,3,1,1
2018-12-15,Cardiff,2,3,10,3,away,0,0,1,0,-1,0
2018-12-22,Cardiff,1,5,9,3,home,0,0,1,0,-4,0
2018-12-26,Cardiff,0,0,9,4,away,0,1,0,1,0,1
2018-12-29,Cardiff,1,0,12,3,away,1,0,0,3,1,1
2019-01-01,Cardiff,0,3,6,3,home,0,0,1,0,-3,0
2019-01-12,Cardiff,0,0,3,0,home,0,1,0,1,0,1
2019-01-19,Cardiff,0,3,9,1,away,0,0,1,0,-3,0
2019-01-29,Cardiff,1,2,19,2,away,0,0,1,0,-1,0
2019-02-02,Cardiff,2,0,12,5,home,1,0,0,3,2,1
2019-02-09,Cardiff,2,1,6,3,away,1,0,0,3,1,0
2019-02-22,Cardiff,1,5,15,6,home,0,0,1,0,-4,0
2019-02-26,Cardiff,0,3,6,0,home,0,0,1,0,-3,0
2019-03-02,Cardiff,0,2,12,4,away,0,0,1,0,-2,0
2019-03-09,Cardiff,2,0,16,7,home,1,0,0,3,2,1
2019-03-31,Cardiff,1,2,8,3,home,0,0,1,0,-1,0
2019-04-03,Cardiff,0,2,4,1,away,0,0,1,0,-2,0
2019-04-13,Cardiff,0,2,14,2,away,0,0,1,0,-2,0
2019-04-16,Cardiff,2,0,10,3,away,1,0,0,3,2,1
2019-04-21,Cardiff,0,2,7,2,home,0,0,1,0,-2,0
2019-04-27,Cardiff,0,1,13,8,away,0,0,1,0,-1,0
2019-05-04,Cardiff,2,3,18,8,home,0,0,1,0,-1,0
2019-05-12,Cardiff,2,0,13,4,away,1,0,0,3,2,1
2010-08-14,Chelsea,6,0,18,13,home,1,0,0,3,6,1
2010-08-21,Chelsea,6,0,10,8,away,1,0,0,3,6,1
2010-08-28,Chelsea,2,0,15,6,home,1,0,0,3,2,1
2010-09-11,Chelsea,3,1,17,9,away,1,0,0,3,2,0
2010-09-19,Chelsea,4,0,27,15,home,1,0,0,3,4,1
2010-09-25,Chelsea,0,1,15,4,away,0,0,1,0,-1,0
2010-10-03,Chelsea,2,0,11,6,home,1,0,0,3,2,1
2010-10-16,Chelsea,0,0,13,6,away,0,1,0,1,0,1
2010-10-23,Chelsea,2,0,17,10,home,1,0,0,3,2,1
2010-10-30,Chelsea,2,1,16,9,away,1,0,0,3,1,0
2010-11-07,Chelsea,0,2,11,7,away,0,0,1,0,-2,0
2010-11-10,Chelsea,1,0,19,10,home,1,0,0,3,1,1
2010-11-14,Chelsea,0,3,14,7,home,0,0,1,0,-3,0
2010-11-20,Chelsea,0,1,24,9,away,0,0,1,0,-1,0
2010-11-28,Chelsea,1,1,17,13,away,0,1,0,1,0,0
2010-12-04,Chelsea,1,1,12,5,home,0,1,0,1,0,0
2010-12-12,Chelsea,1,1,13,7,away,0,1,0,1,0,0
2010-12-27,Chelsea,1,3,10,4,away,0,0,1,0,-2,0
2010-12-29,Chelsea,1,0,12,7,home,1,0,0,3,1,1
2011-01-02,Chelsea,3,3,15,10,home,0,1,0,1,0,0
2011-01-05,Chelsea,0,1,17,8,away,0,0,1,0,-1,0
2011-01-15,Chelsea,2,0,27,11,home,1,0,0,3,2,1
2011-01-24,Chelsea,4,0,14,11,away,1,0,0,3,4,1
2011-02-01,Chelsea,4,2,21,14,away,1,0,0,3,2,0
2011-02-06,Chelsea,0,1,14,4,home,0,0,1,0,-1,0
2011-02-14,Chelsea,0,0,23,9,away,0,1,0,1,0,1
2011-03-01,Chelsea,2,1,17,11,home,1,0,0,3,1,0
2011-03-07,Chelsea,3,1,18,11,away,1,0,0,3,2,0
2011-03-20,Chelsea,2,0,16,11,home,1,0,0,3,2,1
2011-04-02,Chelsea,1,1,20,10,away,0,1,0,1,0,0
2011-04-09,Chelsea,1,0,21,13,home,1,0,0,3,1,1
2011-04-16,Chelsea,3,1,19,11,away,1,0,0,3,2,0
2011-04-20,Chelsea,3,1,17,7,home,1,0,0,3,2,0
2011-04-23,Chelsea,3,0,16,11,home,1,0,0,3,3,1
2011-04-30,Chelsea,2,1,16,10,home,1,0,0,3,1,0
2011-05-08,Chelsea,1,2,19,11,away,0,0,1,0,-1,0
2011-05-15,Chelsea,2,2,15,7,home,0,1,0,1,0,0
2011-05-22,Chelsea,0,1,19,9,away,0,0,1,0,-1,0
2011-08-14,Chelsea,0,0,20,11,away,0,1,0,1,0,1
2011-08-20,Chelsea,2,1,22,12,home,1,0,0,3,1,0
2011-08-27,Chelsea,3,1,16,8,home,1,0,0,3,2,0
2011-09-10,Chelsea,2,1,16,8,away,1,0,0,3,1,0
2011-09-18,Chelsea,1,3,20,9,away,0,0,1,0,-2,0
2011-09-24,Chelsea,4,1,15,7,home,1,0,0,3,3,0
2011-10-02,Chelsea,5,1,21,14,away,1,0,0,3,4,0
2011-10-15,Chelsea,3,1,7,5,home,1,0,0,3,2,0
2011-10-23,Chelsea,0,1,14,7,away,0,0,1,0,-1,0
2011-10-29,Chelsea,3,5,12,10,home,0,0,1,0,-2,0
2011-11-05,Chelsea,1,0,12,8,away,1,0,0,3,1,1
2011-11-20,Chelsea,1,2,18,5,home,0,0,1,0,-1,0
2011-11-26,Chelsea,3,0,17,11,home,1,0,0,3,3,1
2011-12-03,Chelsea,3,0,21,13,away,1,0,0,3,3,1
2011-12-12,Chelsea,2,1,13,7,home,1,0,0,3,1,0
2011-12-17,Chelsea,1,1,10,5,away,0,1,0,1,0,0
2011-12-22,Chelsea,1,1,20,10,away,0,1,0,1,0,0
2011-12-26,Chelsea,1,1,24,15,home,0,1,0,1,0,0
2011-12-31,Chelsea,1,3,16,5,home,0,0,1,0,-2,0
2012-01-02,Chelsea,2,1,15,10,away,1,0,0,3,1,0
2012-01-14,Chelsea,1,0,21,10,home,1,0,0,3,1,1
2012-01-21,Chelsea,0,0,19,9,away,0,1,0,1,0,1
2012-01-31,Chelsea,1,1,20,10,away,0,1,0,1,0,0
2012-02-05,Chelsea,3,3,19,10,home,0,1,0,1,0,0
2012-02-11,Chelsea,0,2,8,7,away,0,0,1,0,-2,0
2012-02-25,Chelsea,3,0,25,16,home,1,0,0,3,3,1
2012-03-03,Chelsea,0,1,13,6,away,0,0,1,0,-1,0
2012-03-10,Chelsea,1,0,21,11,home,1,0,0,3,1,1
2012-03-21,Chelsea,1,2,6,5,away,0,0,1,0,-1,0
2012-03-24,Chelsea,0,0,10,5,home,0,1,0,1,0,1
2012-03-31,Chelsea,4,2,12,9,away,1,0,0,3,2,0
2012-04-07,Chelsea,2,1,19,10,home,1,0,0,3,1,0
2012-04-09,Chelsea,1,1,12,4,away,0,1,0,1,0,0
2012-04-21,Chelsea,0,0,13,7,away,0,1,0,1,0,1
2012-04-29,Chelsea,6,1,25,18,home,1,0,0,3,5,0
2012-05-02,Chelsea,0,2,17,6,home,0,0,1,0,-2,0
2012-05-08,Chelsea,1,4,9,5,away,0,0,1,0,-3,0
2012-05-13,Chelsea,2,1,18,6,home,1,0,0,3,1,0
2012-08-19,Chelsea,2,0,5,3,away,1,0,0,3,2,1
2012-08-22,Chelsea,4,2,23,11,home,1,0,0,3,2,0
2012-08-25,Chelsea,2,0,11,6,home,1,0,0,3,2,1
2012-09-15,Chelsea,0,0,13,9,away,0,1,0,1,0,1
2012-09-22,Chelsea,1,0,17,9,home,1,0,0,3,1,1
2012-09-29,Chelsea,2,1,10,5,away,1,0,0,3,1,0
2012-10-06,Chelsea,4,1,20,13,home,1,0,0,3,3,0
2012-10-20,Chelsea,4,2,11,7,away,1,0,0,3,2,0
2012-10-28,Chelsea,2,3,14,11,home,0,0,1,0,-1,0
2012-11-03,Chelsea,1,1,11,7,away,0,1,0,1,0,0
2012-11-11,Chelsea,1,1,12,3,home,0,1,0,1,0,0
2012-11-17,Chelsea,1,2,19,12,away,0,0,1,0,-1,0
2012-11-25,Chelsea,0,0,5,1,home,0,1,0,1,0,1
2012-11-28,Chelsea,0,0,17,13,home,0,1,0,1,0,1
2012-12-01,Chelsea,1,3,16,9,away,0,0,1,0,-2,0
2012-12-08,Chelsea,3,1,11,5,away,1,0,0,3,2,0
2012-12-23,Chelsea,8,0,24,18,home,1,0,0,3,8,1
2012-12-26,Chelsea,1,0,20,11,away,1,0,0,3,1,1
2012-12-30,Chelsea,2,1,15,10,away,1,0,0,3,1,0
2013-01-02,Chelsea,0,1,23,11,home,0,0,1,0,-1,0
2013-01-12,Chelsea,4,0,11,9,away,1,0,0,3,4,1
2013-01-16,Chelsea,2,2,19,10,home,0,1,0,1,0,0
2013-01-20,Chelsea,2,1,13,8,home,1,0,0,3,1,0
2013-01-30,Chelsea,2,2,14,5,away,0,1,0,1,0,0
2013-02-02,Chelsea,2,3,12,6,away,0,0,1,0,-1,0
2013-02-09,Chelsea,4,1,25,17,home,1,0,0,3,3,0
2013-02-24,Chelsea,0,2,4,1,away,0,0,1,0,-2,0
2013-03-02,Chelsea,1,0,25,19,home,1,0,0,3,1,1
2013-03-17,Chelsea,2,0,24,14,home,1,0,0,3,2,1
2013-03-30,Chelsea,1,2,7,4,away,0,0,1,0,-1,0
2013-04-07,Chelsea,2,1,14,7,home,1,0,0,3,1,0
2013-04-17,Chelsea,3,0,13,10,away,1,0,0,3,3,1
2013-04-21,Chelsea,2,2,9,6,away,0,1,0,1,0,0
2013-04-28,Chelsea,2,0,21,14,home,1,0,0,3,2,1
2013-05-05,Chelsea,1,0,15,6,away,1,0,0,3,1,1
2013-05-08,Chelsea,2,2,15,8,home,0,1,0,1,0,0
2013-05-11,Chelsea,2,1,11,8,away,1,0,0,3,1,0
2013-05-19,Chelsea,2,1,20,10,home,1,0,0,3,1,0
2013-08-18,Chelsea,2,0,22,5,home,1,0,0,3,2,1
2013-08-21,Chelsea,2,1,15,3,home,1,0,0,3,1,0
2013-08-26,Chelsea,0,0,8,4,away,0,1,0,1,0,1
2013-09-14,Chelsea,0,1,22,5,away,0,0,1,0,-1,0
2013-09-21,Chelsea,2,0,26,10,home,1,0,0,3,2,1
2013-09-28,Chelsea,1,1,11,5,away,0,1,0,1,0,0
2013-10-06,Chelsea,3,1,22,8,away,1,0,0,3,2,0
2013-10-19,Chelsea,4,1,20,7,home,1,0,0,3,3,0
2013-10-27,Chelsea,2,1,12,4,home,1,0,0,3,1,0
2013-11-02,Chelsea,0,2,13,2,away,0,0,1,0,-2,0
2013-11-09,Chelsea,2,2,17,7,home,0,1,0,1,0,0
2013-11-23,Chelsea,3,0,20,8,away,1,0,0,3,3,1
2013-12-01,Chelsea,3,1,16,7,home,1,0,0,3,2,0
2013-12-04,Chelsea,4,3,19,5,away,1,0,0,3,1,0
2013-12-07,Chelsea,2,3,15,6,away,0,0,1,0,-1,0
2013-12-14,Chelsea,2,1,16,7,home,1,0,0,3,1,0
2013-12-23,Chelsea,0,0,13,4,away,0,1,0,1,0,1
2013-12-26,Chelsea,1,0,19,7,home,1,0,0,3,1,1
2013-12-29,Chelsea,2,1,11,5,home,1,0,0,3,1,0
2014-01-01,Chelsea,3,0,11,5,away,1,0,0,3,3,1
2014-01-11,Chelsea,2,0,14,5,away,1,0,0,3,2,1
2014-01-19,Chelsea,3,1,13,6,home,1,0,0,3,2,0
2014-01-29,Chelsea,0,0,39,9,home,0,1,0,1,0,1
2014-02-03,Chelsea,1,0,18,6,away,1,0,0,3,1,1
2014-02-08,Chelsea,3,0,18,8,home,1,0,0,3,3,1
2014-02-11,Chelsea,1,1,15,4,away,0,1,0,1,0,0
2014-02-22,Chelsea,1,0,25,8,home,1,0,0,3,1,1
2014-03-01,Chelsea,3,1,17,8,away,1,0,0,3,2,0
2014-03-08,Chelsea,4,0,12,4,home,1,0,0,3,4,1
2014-03-15,Chelsea,0,1,15,2,away,0,0,1,0,-1,0
2014-03-22,Chelsea,6,0,21,11,home,1,0,0,3,6,1
2014-03-29,Chelsea,0,1,21,2,away,0,0,1,0,-1,0
2014-04-05,Chelsea,3,0,18,8,home,1,0,0,3,3,1
2014-04-13,Chelsea,1,0,26,3,away,1,0,0,3,1,1
2014-04-19,Chelsea,1,2,31,15,home,0,0,1,0,-1,0
2014-04-27,Chelsea,2,0,11,4,away,1,0,0,3,2,1
2014-05-04,Chelsea,0,0,23,4,home,0,1,0,1,0,1
2014-05-11,Chelsea,2,1,28,7,away,1,0,0,3,1,0
2014-08-18,Chelsea,3,1,11,3,away,1,0,0,3,2,0
2014-08-23,Chelsea,2,0,27,10,home,1,0,0,3,2,1
2014-08-30,Chelsea,6,3,12,8,away,1,0,0,3,3,0
2014-09-13,Chelsea,4,2,29,9,home,1,0,0,3,2,0
2014-09-21,Chelsea,1,1,6,2,away,0,1,0,1,0,0
2014-09-27,Chelsea,3,0,17,8,home,1,0,0,3,3,1
2014-10-05,Chelsea,2,0,5,3,home,1,0,0,3,2,1
2014-10-18,Chelsea,2,1,14,5,away,1,0,0,3,1,0
2014-10-26,Chelsea,1,1,9,4,away,0,1,0,1,0,0
2014-11-01,Chelsea,2,1,18,8,home,1,0,0,3,1,0
2014-11-08,Chelsea,2,1,15,5,away,1,0,0,3,1,0
2014-11-22,Chelsea,2,0,21,8,home,1,0,0,3,2,1
2014-11-29,Chelsea,0,0,24,6,away,0,1,0,1,0,1
2014-12-03,Chelsea,3,0,12,8,home,1,0,0,3,3,1
2014-12-06,Chelsea,1,2,26,8,away,0,0,1,0,-1,0
2014-12-13,Chelsea,2,0,12,3,home,1,0,0,3,2,1
2014-12-22,Chelsea,2,0,15,6,away,1,0,0,3,2,1
2014-12-26,Chelsea,2,0,28,9,home,1,0,0,3,2,1
2014-12-28,Chelsea,1,1,7,1,away,0,1,0,1,0,0
2015-01-01,Chelsea,3,5,19,7,away,0,0,1,0,-2,0
2015-01-10,Chelsea,2,0,9,5,home,1,0,0,3,2,1
2015-01-17,Chelsea,5,0,21,11,away,1,0,0,3,5,1
2015-01-31,Chelsea,1,1,3,2,home,0,1,0,1,0,0
2015-02-07,Chelsea,2,1,12,5,away,1,0,0,3,1,0
2015-02-11,Chelsea,1,0,21,7,home,1,0,0,3,1,1
2015-02-21,Chelsea,1,1,14,5,home,0,1,0,1,0,0
2015-03-04,Chelsea,1,0,12,3,away,1,0,0,3,1,1
2015-03-15,Chelsea,1,1,22,7,home,0,1,0,1,0,0
2015-03-22,Chelsea,3,2,8,3,away,1,0,0,3,1,0
2015-04-04,Chelsea,2,1,19,10,home,1,0,0,3,1,0
2015-04-12,Chelsea,1,0,9,1,away,1,0,0,3,1,1
2015-04-18,Chelsea,1,0,7,2,home,1,0,0,3,1,1
2015-04-26,Chelsea,0,0,7,3,away,0,1,0,1,0,1
2015-04-29,Chelsea,3,1,11,4,away,1,0,0,3,2,0
2015-05-03,Chelsea,1,0,17,7,home,1,0,0,3,1,1
2015-05-10,Chelsea,1,1,8,3,home,0,1,0,1,0,0
2015-05-18,Chelsea,0,3,12,3,away,0,0,1,0,-3,0
2015-05-24,Chelsea,3,1,24,8,home,1,0,0,3,2,0
2015-08-08,Chelsea,2,2,11,3,home,0,1,0,1,0,0
2015-08-16,Chelsea,0,3,10,3,away,0,0,1,0,-3,0
2015-08-23,Chelsea,3,2,15,5,away,1,0,0,3,1,0
2015-08-29,Chelsea,1,2,26,9,home,0,0,1,0,-1,0
2015-09-12,Chelsea,1,3,15,2,away,0,0,1,0,-2,0
2015-09-19,Chelsea,2,0,22,7,home,1,0,0,3,2,1
2015-09-26,Chelsea,2,2,16,4,away,0,1,0,1,0,0
2015-10-03,Chelsea,1,3,10,3,home,0,0,1,0,-2,0
2015-10-17,Chelsea,2,0,9,3,home,1,0,0,3,2,1
2015-10-24,Chelsea,1,2,8,4,away,0,0,1,0,-1,0
2015-10-31,Chelsea,1,3,8,2,home,0,0,1,0,-2,0
2015-11-07,Chelsea,0,1,19,4,away,0,0,1,0,-1,0
2015-11-21,Chelsea,1,0,21,7,home,1,0,0,3,1,1
2015-11-29,Chelsea,0,0,5,1,away,0,1,0,1,0,1
2015-12-05,Chelsea,0,1,19,6,home,0,0,1,0,-1,0
2015-12-14,Chelsea,1,2,11,5,away,0,0,1,0,-1,0
2015-12-19,Chelsea,3,1,17,7,home,1,0,0,3,2,0
2015-12-26,Chelsea,2,2,17,2,home,0,1,0,1,0,0
2015-12-28,Chelsea,0,0,8,3,away,0,1,0,1,0,1
2016-01-03,Chelsea,3,0,10,4,away,1,0,0,3,3,1
2016-01-13,Chelsea,2,2,14,2,home,0,1,0,1,0,0
2016-01-16,Chelsea,3,3,14,7,home,0,1,0,1,0,0
2016-01-24,Chelsea,1,0,12,6,away,1,0,0,3,1,1
2016-02-03,Chelsea,0,0,12,4,away,0,1,0,1,0,1
2016-02-07,Chelsea,1,1,16,5,home,0,1,0,1,0,0
2016-02-13,Chelsea,5,1,15,5,home,1,0,0,3,4,0
2016-02-27,Chelsea,2,1,16,4,away,1,0,0,3,1,0
2016-03-01,Chelsea,2,1,10,2,away,1,0,0,3,1,0
2016-03-05,Chelsea,1,1,20,7,home,0,1,0,1,0,0
2016-03-19,Chelsea,2,2,22,5,home,0,1,0,1,0,0
2016-04-02,Chelsea,4,0,11,8,away,1,0,0,3,4,1
2016-04-09,Chelsea,0,1,8,2,away,0,0,1,0,-1,0
2016-04-16,Chelsea,0,3,11,4,home,0,0,1,0,-3,0
2016-04-23,Chelsea,4,1,16,4,away,1,0,0,3,3,0
2016-05-02,Chelsea,2,2,13,5,home,0,1,0,1,0,0
2016-05-07,Chelsea,2,3,9,8,away,0,0,1,0,-1,0
2016-05-11,Chelsea,1,1,13,7,away,0,1,0,1,0,0
2016-05-15,Chelsea,1,1,17,4,home,0,1,0,1,0,0
2016-08-15,Chelsea,2,1,16,6,home,1,0,0,3,1,0
2016-08-20,Chelsea,2,1,13,4,away,1,0,0,3,1,0
2016-08-27,Chelsea,3,0,22,10,home,1,0,0,3,3,1
2016-09-11,Chelsea,2,2,28,7,away,0,1,0,1,0,0
2016-09-16,Chelsea,1,2,12,4,home,0,0,1,0,-1,0
2016-09-24,Chelsea,0,3,9,2,away,0,0,1,0,-3,0
2016-10-01,Chelsea,2,0,22,9,away,1,0,0,3,2,1
2016-10-15,Chelsea,3,0,16,6,home,1,0,0,3,3,1
2016-10-23,Chelsea,4,0,14,6,home,1,0,0,3,4,1
2016-10-30,Chelsea,2,0,13,7,away,1,0,0,3,2,1
2016-11-05,Chelsea,5,0,21,9,home,1,0,0,3,5,1
2016-11-20,Chelsea,1,0,13,3,away,1,0,0,3,1,1
2016-11-26,Chelsea,2,1,9,5,home,1,0,0,3,1,0
2016-12-03,Chelsea,3,1,10,4,away,1,0,0,3,2,0
2016-12-11,Chelsea,1,0,12,2,home,1,0,0,3,1,1
2016-12-14,Chelsea,1,0,19,6,away,1,0,0,3,1,1
2016-12-17,Chelsea,1,0,13,6,away,1,0,0,3,1,1
2016-12-26,Chelsea,3,0,14,4,home,1,0,0,3,3,1
2016-12-31,Chelsea,4,2,18,7,home,1,0,0,3,2,0
2017-01-04,Chelsea,0,2,11,2,away,0,0,1,0,-2,0
2017-01-14,Chelsea,3,0,8,3,away,1,0,0,3,3,1
2017-01-22,Chelsea,2,0,9,5,home,1,0,0,3,2,1
2017-01-31,Chelsea,1,1,8,2,away,0,1,0,1,0,0
2017-02-04,Chelsea,3,1,13,6,home,1,0,0,3,2,0
2017-02-12,Chelsea,1,1,13,2,away,0,1,0,1,0,0
2017-02-25,Chelsea,3,1,16,5,home,1,0,0,3,2,0
2017-03-06,Chelsea,2,1,9,4,away,1,0,0,3,1,0
2017-03-18,Chelsea,2,1,20,7,away,1,0,0,3,1,0
2017-04-01,Chelsea,1,2,24,11,home,0,0,1,0,-1,0
2017-04-05,Chelsea,2,1,10,4,home,1,0,0,3,1,0
2017-04-08,Chelsea,3,1,15,5,away,1,0,0,3,2,0
2017-04-16,Chelsea,0,2,5,0,away,0,0,1,0,-2,0
2017-04-25,Chelsea,4,2,17,7,home,1,0,0,3,2,0
2017-04-30,Chelsea,3,0,11,5,away,1,0,0,3,3,1
2017-05-08,Chelsea,3,0,21,7,home,1,0,0,3,3,1
2017-05-12,Chelsea,1,0,24,5,away,1,0,0,3,1,1
2017-05-15,Chelsea,4,3,24,9,home,1,0,0,3,1,0
2017-05-21,Chelsea,5,1,28,8,home,1,0,0,3,4,0
2017-08-12,Chelsea,2,3,19,6,home,0,0,1,0,-1,0
2017-08-20,Chelsea,2,1,9,2,away,1,0,0,3,1,0
2017-08-27,Chelsea,2,0,18,7,home,1,0,0,3,2,1
2017-09-09,Chelsea,2,1,16,6,away,1,0,0,3,1,0
2017-09-17,Chelsea,0,0,13,4,home,0,1,0,1,0,1
2017-09-23,Chelsea,4,0,7,4,away,1,0,0,3,4,1
2017-09-30,Chelsea,0,1,4,2,home,0,0,1,0,-1,0
2017-10-14,Chelsea,1,2,15,5,away,0,0,1,0,-1,0
2017-10-21,Chelsea,4,2,14,8,home,1,0,0,3,2,0
2017-10-28,Chelsea,1,0,18,5,away,1,0,0,3,1,1
2017-11-05,Chelsea,1,0,18,8,home,1,0,0,3,1,1
2017-11-18,Chelsea,4,0,11,7,away,1,0,0,3,4,1
2017-11-25,Chelsea,1,1,11,3,away,0,1,0,1,0,0
2017-11-29,Chelsea,1,0,21,10,home,1,0,0,3,1,1
2017-12-02,Chelsea,3,1,23,9,home,1,0,0,3,2,0
2017-12-09,Chelsea,0,1,19,2,away,0,0,1,0,-1,0
2017-12-12,Chelsea,3,1,12,5,away,1,0,0,3,2,0
2017-12-16,Chelsea,1,0,24,8,home,1,0,0,3,1,1
2017-12-23,Chelsea,0,0,25,8,away,0,1,0,1,0,1
2017-12-26,Chelsea,2,0,25,8,home,1,0,0,3,2,1
2017-12-30,Chelsea,5,0,21,12,home,1,0,0,3,5,1
2018-01-03,Chelsea,2,2,19,6,away,0,1,0,1,0,0
2018-01-13,Chelsea,0,0,17,7,home,0,1,0,1,0,1
2018-01-20,Chelsea,4,0,14,10,away,1,0,0,3,4,1
2018-01-31,Chelsea,0,3,21,5,home,0,0,1,0,-3,0
2018-02-05,Chelsea,1,4,7,3,away,0,0,1,0,-3,0
2018-02-12,Chelsea,3,0,20,8,home,1,0,0,3,3,1
2018-02-25,Chelsea,1,2,14,7,away,0,0,1,0,-1,0
2018-03-04,Chelsea,0,1,3,0,away,0,0,1,0,-1,0
2018-03-10,Chelsea,2,1,27,11,home,1,0,0,3,1,0
2018-04-01,Chelsea,1,3,14,4,home,0,0,1,0,-2,0
2018-04-08,Chelsea,1,1,23,6,home,0,1,0,1,0,0
2018-04-14,Chelsea,3,2,17,5,away,1,0,0,3,1,0
2018-04-19,Chelsea,2,1,16,5,away,1,0,0,3,1,0
2018-04-28,Chelsea,1,0,11,3,away,1,0,0,3,1,1
2018-05-06,Chelsea,1,0,12,4,home,1,0,0,3,1,1
2018-05-09,Chelsea,1,1,22,5,home,0,1,0,1,0,0
2018-05-13,Chelsea,0,3,6,2,away,0,0,1,0,-3,0
2018-08-11,Chelsea,3,0,13,4,away,1,0,0,3,3,1
2018-08-18,Chelsea,3,2,24,11,home,1,0,0,3,1,0
2018-08-26,Chelsea,2,1,15,3,away,1,0,0,3,1,0
2018-09-01,Chelsea,2,0,24,6,home,1,0,0,3,2,1
2018-09-15,Chelsea,4,1,18,7,home,1,0,0,3,3,0
2018-09-23,Chelsea,0,0,17,6,away,0,1,0,1,0,1
2018-09-29,Chelsea,1,1,10,4,home,0,1,0,1,0,0
2018-10-07,Chelsea,3,0,21,6,away,1,0,0,3,3,1
2018-10-20,Chelsea,2,2,21,6,home,0,1,0,1,0,0
2018-10-28,Chelsea,4,0,24,8,away,1,0,0,3,4,1
2018-11-04,Chelsea,3,1,15,6,home,1,0,0,3,2,0
2018-11-11,Chelsea,0,0,15,4,home,0,1,0,1,0,1
2018-11-24,Chelsea,1,3,13,2,away,0,0,1,0,-2,0
2018-12-02,Chelsea,2,0,16,9,home,1,0,0,3,2,1
2018-12-05,Chelsea,1,2,17,3,away,0,0,1,0,-1,0
2018-12-08,Chelsea,2,0,8,5,home,1,0,0,3,2,1
2018-12-16,Chelsea,2,1,10,3,away,1,0,0,3,1,0
2018-12-22,Chelsea,0,1,17,5,home,0,0,1,0,-1,0
2018-12-26,Chelsea,2,1,10,4,away,1,0,0,3,1,0
2018-12-30,Chelsea,1,0,12,4,away,1,0,0,3,1,1
2019-01-02,Chelsea,0,0,17,6,home,0,1,0,1,0,1
2019-01-12,Chelsea,2,1,10,6,home,1,0,0,3,1,0
2019-01-19,Chelsea,0,2,13,1,away,0,0,1,0,-2,0
2019-01-30,Chelsea,0,4,11,7,away,0,0,1,0,-4,0
2019-02-02,Chelsea,5,0,23,7,home,1,0,0,3,5,1
2019-02-10,Chelsea,0,6,12,4,away,0,0,1,0,-6,0
2019-02-27,Chelsea,2,0,11,1,home,1,0,0,3,2,1
2019-03-03,Chelsea,2,1,20,7,away,1,0,0,3,1,0
2019-03-10,Chelsea,1,1,22,6,home,0,1,0,1,0,0
2019-03-17,Chelsea,0,2,16,5,away,0,0,1,0,-2,0
2019-03-31,Chelsea,2,1,21,3,away,1,0,0,3,1,0
2019-04-03,Chelsea,3,0,17,4,home,1,0,0,3,3,1
2019-04-08,Chelsea,2,0,16,7,home,1,0,0,3,2,1
2019-04-14,Chelsea,0,2,6,3,away,0,0,1,0,-2,0
2019-04-22,Chelsea,2,2,22,9,home,0,1,0,1,0,0
2019-04-28,Chelsea,1,1,16,3,away,0,1,0,1,0,0
2019-05-05,Chelsea,3,0,19,9,home,1,0,0,3,3,1
2019-05-12,Chelsea,0,0,14,4,away,0,1,0,1,0,1
2019-08-11,Chelsea,0,4,18,7,away,0,0,1,0,-4,0
2019-08-18,Chelsea,1,1,14,5,home,0,1,0,1,0,0
2019-08-24,Chelsea,3,2,23,8,away,1,0,0,3,1,0
2019-08-31,Chelsea,2,2,13,5,home,0,1,0,1,0,0
2019-09-14,Chelsea,5,2,15,6,away,1,0,0,3,3,0
2019-09-22,Chelsea,1,2,13,2,home,0,0,1,0,-1,0
2019-09-28,Chelsea,2,0,24,10,home,1,0,0,3,2,1
2019-10-06,Chelsea,4,1,13,7,away,1,0,0,3,3,0
2019-10-19,Chelsea,1,0,16,8,home,1,0,0,3,1,1
2019-10-26,Chelsea,4,2,16,7,away,1,0,0,3,2,0
2019-11-02,Chelsea,2,1,16,10,away,1,0,0,3,1,0
2019-11-09,Chelsea,2,0,23,5,home,1,0,0,3,2,1
2019-11-23,Chelsea,1,2,11,2,away,0,0,1,0,-1,0
2019-11-30,Chelsea,0,1,19,6,home,0,0,1,0,-1,0
2019-12-04,Chelsea,2,1,25,9,home,1,0,0,3,1,0
2019-12-07,Chelsea,1,3,15,4,away,0,0,1,0,-2,0
2019-12-14,Chelsea,0,1,18,5,home,0,0,1,0,-1,0
2019-12-22,Chelsea,2,0,13,3,away,1,0,0,3,2,1
2019-12-26,Chelsea,0,2,10,3,home,0,0,1,0,-2,0
2019-12-29,Chelsea,2,1,13,4,away,1,0,0,3,1,0
2020-01-01,Chelsea,1,1,16,5,away,0,1,0,1,0,0
2020-01-11,Chelsea,3,0,18,8,home,1,0,0,3,3,1
2020-01-18,Chelsea,0,1,19,4,away,0,0,1,0,-1,0
2020-01-21,Chelsea,2,2,19,8,home,0,1,0,1,0,0
2020-02-01,Chelsea,2,2,7,3,away,0,1,0,1,0,0
2020-02-17,Chelsea,0,2,17,1,home,0,0,1,0,-2,0
2020-02-22,Chelsea,2,1,17,7,home,1,0,0,3,1,0
2020-02-29,Chelsea,2,2,23,6,away,0,1,0,1,0,0
2020-03-08,Chelsea,4,0,17,11,home,1,0,0,3,4,1
2020-06-21,Chelsea,2,1,19,5,away,1,0,0,3,1,0
2020-06-25,Chelsea,2,1,15,10,home,1,0,0,3,1,0
2020-07-01,Chelsea,2,3,17,6,away,0,0,1,0,-1,0
2020-07-04,Chelsea,3,0,21,9,home,1,0,0,3,3,1
2020-07-07,Chelsea,3,2,14,6,away,1,0,0,3,1,0
2020-07-11,Chelsea,0,3,15,4,away,0,0,1,0,-3,0
2020-07-14,Chelsea,1,0,22,6,home,1,0,0,3,1,1
2020-07-22,Chelsea,3,5,10,5,away,0,0,1,0,-2,0
2020-07-26,Chelsea,2,0,11,3,home,1,0,0,3,2,1
2020-09-14,Chelsea,3,1,10,5,away,1,0,0,3,2,0
2020-09-20,Chelsea,0,2,5,3,home,0,0,1,0,-2,0
2020-09-26,Chelsea,3,3,22,10,away,0,1,0,1,0,0
2020-10-03,Chelsea,4,0,17,6,home,1,0,0,3,4,1
2020-10-17,Chelsea,3,3,11,5,home,0,1,0,1,0,0
2020-10-24,Chelsea,0,0,6,1,away,0,1,0,1,0,1
2020-10-31,Chelsea,3,0,14,9,away,1,0,0,3,3,1
2020-11-07,Chelsea,4,1,20,9,home,1,0,0,3,3,0
2020-11-21,Chelsea,2,0,14,3,away,1,0,0,3,2,1
2020-11-29,Chelsea,0,0,13,3,home,0,1,0,1,0,1
2020-12-05,Chelsea,3,1,23,11,home,1,0,0,3,2,0
2020-12-12,Chelsea,0,1,10,3,away,0,0,1,0,-1,0
2020-12-15,Chelsea,1,2,13,3,away,0,0,1,0,-1,0
2020-12-21,Chelsea,3,0,11,7,home,1,0,0,3,3,1
2020-12-26,Chelsea,1,3,19,3,away,0,0,1,0,-2,0
2020-12-28,Chelsea,1,1,16,5,home,0,1,0,1,0,0
2021-01-03,Chelsea,1,3,9,2,home,0,0,1,0,-2,0
2021-01-16,Chelsea,1,0,21,6,away,1,0,0,3,1,1
2021-01-19,Chelsea,0,2,9,5,away,0,0,1,0,-2,0
2021-01-27,Chelsea,0,0,14,5,home,0,1,0,1,0,1
2021-01-31,Chelsea,2,0,19,8,home,1,0,0,3,2,1
2021-02-04,Chelsea,1,0,18,2,away,1,0,0,3,1,1
2021-02-07,Chelsea,2,1,9,3,away,1,0,0,3,1,0
2021-02-15,Chelsea,2,0,18,5,home,1,0,0,3,2,1
2021-02-20,Chelsea,1,1,9,3,away,0,1,0,1,0,0
2021-02-28,Chelsea,0,0,18,6,home,0,1,0,1,0,1
2021-03-04,Chelsea,1,0,11,5,away,1,0,0,3,1,1
2021-03-08,Chelsea,2,0,19,9,home,1,0,0,3,2,1
2021-03-13,Chelsea,0,0,15,8,away,0,1,0,1,0,1
2021-04-03,Chelsea,2,5,18,8,home,0,0,1,0,-3,0
2021-04-10,Chelsea,4,1,23,10,away,1,0,0,3,3,0
2021-04-20,Chelsea,0,0,7,4,home,0,1,0,1,0,1
2021-04-24,Chelsea,1,0,17,6,away,1,0,0,3,1,1
2021-05-01,Chelsea,2,0,9,5,home,1,0,0,3,2,1
2021-05-08,Chelsea,2,1,12,5,away,1,0,0,3,1,0
2021-05-12,Chelsea,0,1,19,5,home,0,0,1,0,-1,0
2021-05-18,Chelsea,2,1,17,6,home,1,0,0,3,1,0
2021-05-23,Chelsea,1,2,23,7,away,0,0,1,0,-1,0
2021-08-14,Chelsea,3,0,13,6,home,1,0,0,3,3,1
2021-08-22,Chelsea,2,0,22,5,away,1,0,0,3,2,1
2021-08-28,Chelsea,1,1,6,3,away,0,1,0,1,0,0
2021-09-11,Chelsea,3,0,12,4,home,1,0,0,3,3,1
2021-09-19,Chelsea,3,0,20,10,away,1,0,0,3,3,1
2021-09-25,Chelsea,0,1,5,0,home,0,0,1,0,-1,0
2021-10-02,Chelsea,3,1,20,9,home,1,0,0,3,2,0
2021-10-16,Chelsea,1,0,5,1,away,1,0,0,3,1,1
2021-10-23,Chelsea,7,0,23,13,home,1,0,0,3,7,1
2021-10-30,Chelsea,3,0,19,6,away,1,0,0,3,3,1
2021-11-06,Chelsea,1,1,25,4,home,0,1,0,1,0,0
2021-11-20,Chelsea,3,0,16,7,away,1,0,0,3,3,1
2021-11-28,Chelsea,1,1,24,6,home,0,1,0,1,0,0
2021-12-01,Chelsea,2,1,8,4,away,1,0,0,3,1,0
2021-12-04,Chelsea,2,3,19,7,away,0,0,1,0,-1,0
2021-12-11,Chelsea,3,2,16,6,home,1,0,0,3,1,0
2021-12-16,Chelsea,1,1,23,10,home,0,1,0,1,0,0
2021-12-19,Chelsea,0,0,8,1,away,0,1,0,1,0,1
2021-12-26,Chelsea,3,1,10,4,away,1,0,0,3,2,0
2021-12-29,Chelsea,1,1,11,5,home,0,1,0,1,0,0
2022-01-02,Chelsea,2,2,15,6,home,0,1,0,1,0,0
2022-01-15,Chelsea,0,1,4,1,away,0,0,1,0,-1,0
2022-01-18,Chelsea,1,1,15,3,away,0,1,0,1,0,0
2022-01-23,Chelsea,2,0,15,7,home,1,0,0,3,2,1
2022-02-19,Chelsea,1,0,9,3,away,1,0,0,3,1,1
2022-03-05,Chelsea,4,0,11,5,away,1,0,0,3,4,1
2022-03-10,Chelsea,3,1,15,7,away,1,0,0,3,2,0
2022-03-13,Chelsea,1,0,8,3,home,1,0,0,3,1,1
2022-04-02,Chelsea,1,4,21,8,home,0,0,1,0,-3,0
2022-04-09,Chelsea,6,0,24,14,away,1,0,0,3,6,1
2022-04-20,Chelsea,2,4,11,2,home,0,0,1,0,-2,0
2022-04-24,Chelsea,1,0,26,5,home,1,0,0,3,1,1
2022-04-28,Chelsea,1,1,21,6,away,0,1,0,1,0,0
2022-05-01,Chelsea,0,1,17,5,away,0,0,1,0,-1,0
2022-05-07,Chelsea,2,2,19,6,home,0,1,0,1,0,0
2022-05-11,Chelsea,3,0,17,4,away,1,0,0,3,3,1
2022-05-19,Chelsea,1,1,20,7,home,0,1,0,1,0,0
2022-05-22,Chelsea,2,1,19,8,home,1,0,0,3,1,0
2022-08-06,Chelsea,1,0,15,6,away,1,0,0,3,1,1
2022-08-14,Chelsea,2,2,16,3,home,0,1,0,1,0,0
2022-08-21,Chelsea,0,3,14,3,away,0,0,1,0,-3,0
2022-08-27,Chelsea,2,1,7,3,home,1,0,0,3,1,0
2022-08-30,Chelsea,1,2,10,4,away,0,0,1,0,-1,0
2022-09-03,Chelsea,2,1,8,3,home,1,0,0,3,1,0
2022-10-01,Chelsea,2,1,13,3,away,1,0,0,3,1,0
2022-10-08,Chelsea,3,0,20,7,home,1,0,0,3,3,1
2022-10-16,Chelsea,2,0,8,4,away,1,0,0,3,2,1
2022-10-19,Chelsea,0,0,14,5,away,0,1,0,1,0,1
2022-10-22,Chelsea,1,1,6,2,home,0,1,0,1,0,0
2022-10-29,Chelsea,1,4,15,7,away,0,0,1,0,-3,0
2022-11-06,Chelsea,0,1,5,1,home,0,0,1,0,-1,0
2022-11-12,Chelsea,0,1,5,2,away,0,0,1,0,-1,0
2022-12-27,Chelsea,2,0,15,5,home,1,0,0,3,2,1
2023-01-01,Chelsea,1,1,7,2,away,0,1,0,1,0,0
2023-01-05,Chelsea,0,1,8,2,home,0,0,1,0,-1,0
2023-01-12,Chelsea,1,2,20,10,away,0,0,1,0,-1,0
2023-01-15,Chelsea,1,0,15,5,home,1,0,0,3,1,1
2023-01-21,Chelsea,0,0,11,2,away,0,1,0,1,0,1
2023-02-03,Chelsea,0,0,12,3,home,0,1,0,1,0,1
2023-02-11,Chelsea,1,1,12,4,away,0,1,0,1,0,0
2023-02-18,Chelsea,0,1,17,5,home,0,0,1,0,-1,0
2023-02-26,Chelsea,0,2,10,2,away,0,0,1,0,-2,0
2023-03-04,Chelsea,1,0,13,3,home,1,0,0,3,1,1
2023-03-11,Chelsea,3,1,12,6,away,1,0,0,3,2,0
2023-03-18,Chelsea,2,2,20,7,home,0,1,0,1,0,0
2023-04-01,Chelsea,0,2,27,8,home,0,0,1,0,-2,0
2023-04-04,Chelsea,0,0,12,3,home,0,1,0,1,0,1
2023-04-08,Chelsea,0,1,13,1,away,0,0,1,0,-1,0
2023-04-15,Chelsea,1,2,8,2,home,0,0,1,0,-1,0
2023-04-26,Chelsea,0,2,15,4,home,0,0,1,0,-2,0
2023-05-02,Chelsea,1,3,7,4,away,0,0,1,0,-2,0
2023-05-06,Chelsea,3,1,11,5,away,1,0,0,3,2,0
2023-05-13,Chelsea,2,2,14,6,home,0,1,0,1,0,0
2023-05-21,Chelsea,0,1,13,6,away,0,0,1,0,-1,0
2023-05-25,Chelsea,1,4,14,5,away,0,0,1,0,-3,0
2023-05-28,Chelsea,1,1,22,5,home,0,1,0,1,0,0
2023-08-13,Chelsea,1,1,10,4,home,0,1,0,1,0,0
2023-08-20,Chelsea,1,3,17,4,away,0,0,1,0,-2,0
2023-08-25,Chelsea,3,0,19,8,home,1,0,0,3,3,1
2023-09-02,Chelsea,0,1,21,2,home,0,0,1,0,-1,0
2023-09-17,Chelsea,0,0,14,6,away,0,1,0,1,0,1
2023-09-24,Chelsea,0,1,10,4,home,0,0,1,0,-1,0
2023-10-02,Chelsea,2,0,11,4,away,1,0,0,3,2,1
2023-10-07,Chelsea,4,1,9,5,away,1,0,0,3,3,0
2023-10-21,Chelsea,2,2,11,5,home,0,1,0,1,0,0
2023-10-28,Chelsea,0,2,17,2,home,0,0,1,0,-2,0
2023-11-06,Chelsea,4,1,17,8,away,1,0,0,3,3,0
2023-11-12,Chelsea,4,4,17,9,home,0,1,0,1,0,0
2023-11-25,Chelsea,1,4,7,4,away,0,0,1,0,-3,0
2023-12-03,Chelsea,3,2,8,5,home,1,0,0,3,1,0
2023-12-06,Chelsea,1,2,13,3,away,0,0,1,0,-1,0
2023-12-10,Chelsea,0,2,16,4,away,0,0,1,0,-2,0
2023-12-16,Chelsea,2,0,15,6,home,1,0,0,3,2,1
2023-12-24,Chelsea,1,2,16,5,away,0,0,1,0,-1,0
2023-12-27,Chelsea,2,1,9,4,home,1,0,0,3,1,0
2023-12-30,Chelsea,3,2,12,8,away,1,0,0,3,1,0
2024-01-13,Chelsea,1,0,17,3,home,1,0,0,3,1,1
2024-01-31,Chelsea,1,4,4,3,away,0,0,1,0,-3,0
2024-02-04,Chelsea,2,4,15,6,home,0,0,1,0,-2,0
2024-02-12,Chelsea,3,1,14,5,away,1,0,0,3,2,0
2024-02-17,Chelsea,1,1,9,6,away,0,1,0,1,0,0
2024-03-02,Chelsea,2,2,17,6,away,0,1,0,1,0,0
2024-03-11,Chelsea,3,2,12,8,home,1,0,0,3,1,0
2024-03-30,Chelsea,2,2,33,13,home,0,1,0,1,0,0
2024-04-04,Chelsea,4,3,28,10,home,1,0,0,3,1,0
2024-04-07,Chelsea,2,2,6,3,away,0,1,0,1,0,0
2024-04-15,Chelsea,6,0,14,10,home,1,0,0,3,6,1
2024-04-23,Chelsea,0,5,7,1,away,0,0,1,0,-5,0
2024-04-27,Chelsea,2,2,21,5,away,0,1,0,1,0,0
2024-05-02,Chelsea,2,0,16,5,home,1,0,0,3,2,1
2024-05-05,Chelsea,5,0,25,14,home,1,0,0,3,5,1
2024-05-11,Chelsea,3,2,12,5,away,1,0,0,3,1,0
2024-05-15,Chelsea,2,1,13,6,away,1,0,0,3,1,0
2024-05-19,Chelsea,2,1,16,6,home,1,0,0,3,1,0
2024-08-18,Chelsea,0,2,10,3,home,0,0,1,0,-2,0
2024-08-25,Chelsea,6,2,14,8,away,1,0,0,3,4,0
2024-09-01,Chelsea,1,1,13,7,home,0,1,0,1,0,0
2024-09-14,Chelsea,1,0,10,3,away,1,0,0,3,1,1
2024-09-21,Chelsea,3,0,12,5,away,1,0,0,3,3,1
2024-09-28,Chelsea,4,2,15,7,home,1,0,0,3,2,0
2024-10-06,Chelsea,1,1,22,8,home,0,1,0,1,0,0
2024-10-20,Chelsea,1,2,12,2,away,0,0,1,0,-1,0
2024-10-27,Chelsea,2,1,17,7,home,1,0,0,3,1,0
2024-11-03,Chelsea,1,1,12,3,away,0,1,0,1,0,0
2024-11-10,Chelsea,1,1,17,3,home,0,1,0,1,0,0
2024-11-23,Chelsea,2,1,16,7,away,1,0,0,3,1,0
2024-12-01,Chelsea,3,0,17,8,home,1,0,0,3,3,1
2024-12-04,Chelsea,5,1,26,13,away,1,0,0,3,4,0
2024-12-08,Chelsea,4,3,17,8,away,1,0,0,3,1,0
2024-12-15,Chelsea,2,1,26,8,home,1,0,0,3,1,0
2024-12-22,Chelsea,0,0,12,5,away,0,1,0,1,0,1
2024-12-26,Chelsea,1,2,12,8,home,0,0,1,0,-1,0
2024-12-30,Chelsea,0,2,20,5,away,0,0,1,0,-2,0
2025-01-04,Chelsea,1,1,15,1,away,0,1,0,1,0,0
2025-01-14,Chelsea,2,2,26,10,home,0,1,0,1,0,0
2025-01-20,Chelsea,3,1,19,7,home,1,0,0,3,2,0
2025-01-25,Chelsea,1,3,10,4,away,0,0,1,0,-2,0
2025-02-03,Chelsea,2,1,22,3,home,1,0,0,3,1,0
2025-02-14,Chelsea,0,3,8,0,away,0,0,1,0,-3,0
2025-02-22,Chelsea,1,2,15,7,away,0,0,1,0,-1,0
2025-02-25,Chelsea,4,0,19,10,home,1,0,0,3,4,1
2025-03-09,Chelsea,1,0,20,7,home,1,0,0,3,1,1
2025-03-16,Chelsea,0,1,8,2,away,0,0,1,0,-1,0
2025-04-03,Chelsea,1,0,11,5,home,1,0,0,3,1,1
2025-04-06,Chelsea,0,0,21,5,away,0,1,0,1,0,1
2025-04-13,Chelsea,2,2,34,9,home,0,1,0,1,0,0
2025-04-20,Chelsea,2,1,13,8,away,1,0,0,3,1,0
2025-04-26,Chelsea,1,0,10,7,home,1,0,0,3,1,1
2025-05-04,Chelsea,3,1,17,7,home,1,0,0,3,2,0
2025-05-11,Chelsea,0,2,10,3,away,0,0,1,0,-2,0
2025-05-16,Chelsea,1,0,11,3,home,1,0,0,3,1,1
2025-05-25,Chelsea,1,0,6,2,away,1,0,0,3,1,1
2025-08-17,Chelsea,0,0,19,3,home,0,1,0,1,0,1
2025-08-22,Chelsea,5,1,12,7,away,1,0,0,3,4,0
2025-08-30,Chelsea,2,0,13,6,home,1,0,0,3,2,1
2025-09-13,Chelsea,2,2,16,6,away,0,1,0,1,0,0
2025-09-20,Chelsea,1,2,5,1,away,0,0,1,0,-1,0
2025-09-27,Chelsea,1,3,13,3,home,0,0,1,0,-2,0
2025-10-04,Chelsea,2,1,12,6,home,1,0,0,3,1,0
2025-10-18,Chelsea,3,0,17,6,away,1,0,0,3,3,1
2025-10-25,Chelsea,1,2,16,7,home,0,0,1,0,-1,0
2025-11-01,Chelsea,1,0,15,9,away,1,0,0,3,1,1
2025-11-08,Chelsea,3,0,20,8,home,1,0,0,3,3,1
2025-11-22,Chelsea,2,0,15,5,away,1,0,0,3,2,1
2025-11-30,Chelsea,1,1,11,4,home,0,1,0,1,0,0
2025-12-03,Chelsea,1,3,14,2,away,0,0,1,0,-2,0
2025-12-06,Chelsea,0,0,11,4,away,0,1,0,1,0,1
2025-12-13,Chelsea,2,0,17,5,home,1,0,0,3,2,1
2025-12-20,Chelsea,2,2,13,4,away,0,1,0,1,0,0
2025-12-27,Chelsea,1,2,14,3,home,0,0,1,0,-1,0
2025-12-30,Chelsea,2,2,17,3,home,0,1,0,1,0,0
2026-01-04,Chelsea,1,1,8,3,away,0,1,0,1,0,0
2026-01-07,Chelsea,1,2,14,6,away,0,0,1,0,-1,0
2026-01-17,Chelsea,2,0,6,2,home,1,0,0,3,2,1
2026-01-25,Chelsea,3,1,10,6,away,1,0,0,3,2,0
2026-01-31,Chelsea,3,2,14,6,home,1,0,0,3,1,0
2026-02-07,Chelsea,3,1,15,6,away,1,0,0,3,2,0
2026-02-10,Chelsea,2,2,19,4,home,0,1,0,1,0,0
2026-02-21,Chelsea,1,1,12,2,home,0,1,0,1,0,0
2026-03-01,Chelsea,1,2,9,3,away,0,0,1,0,-1,0
2026-03-04,Chelsea,4,1,15,8,away,1,0,0,3,3,0
2026-03-14,Chelsea,0,1,22,3,home,0,0,1,0,-1,0
2026-03-21,Chelsea,0,3,12,4,away,0,0,1,0,-3,0
2013-08-18,Crystal Palace,0,1,5,3,home,0,0,1,0,-1,0
2013-08-24,Crystal Palace,1,2,14,5,away,0,0,1,0,-1,0
2013-08-31,Crystal Palace,3,1,17,6,home,1,0,0,3,2,0
2013-09-14,Crystal Palace,0,2,4,0,away,0,0,1,0,-2,0
2013-09-22,Crystal Palace,0,2,9,1,home,0,0,1,0,-2,0
2013-09-28,Crystal Palace,0,2,8,0,away,0,0,1,0,-2,0
2013-10-05,Crystal Palace,1,3,11,2,away,0,0,1,0,-2,0
2013-10-21,Crystal Palace,1,4,14,4,home,0,0,1,0,-3,0
2013-10-26,Crystal Palace,0,2,13,4,home,0,0,1,0,-2,0
2013-11-02,Crystal Palace,0,2,12,4,away,0,0,1,0,-2,0
2013-11-09,Crystal Palace,0,0,9,2,home,0,1,0,1,0,1
2013-11-23,Crystal Palace,1,0,9,2,away,1,0,0,3,1,1
2013-11-30,Crystal Palace,0,1,13,3,away,0,0,1,0,-1,0
2013-12-03,Crystal Palace,1,0,10,5,home,1,0,0,3,1,1
2013-12-07,Crystal Palace,2,0,19,5,home,1,0,0,3,2,1
2013-12-14,Crystal Palace,1,2,10,5,away,0,0,1,0,-1,0
2013-12-21,Crystal Palace,0,3,9,4,home,0,0,1,0,-3,0
2013-12-26,Crystal Palace,1,0,12,7,away,1,0,0,3,1,1
2013-12-28,Crystal Palace,0,1,9,4,away,0,0,1,0,-1,0
2014-01-01,Crystal Palace,1,1,13,4,home,0,1,0,1,0,0
2014-01-11,Crystal Palace,0,2,14,2,away,0,0,1,0,-2,0
2014-01-18,Crystal Palace,1,0,12,6,home,1,0,0,3,1,1
2014-01-28,Crystal Palace,1,0,13,3,home,1,0,0,3,1,1
2014-02-02,Crystal Palace,0,2,10,2,away,0,0,1,0,-2,0
2014-02-08,Crystal Palace,3,1,10,6,home,1,0,0,3,2,0
2014-02-22,Crystal Palace,0,2,15,6,home,0,0,1,0,-2,0
2014-03-02,Crystal Palace,1,1,7,4,away,0,1,0,1,0,0
2014-03-08,Crystal Palace,0,1,6,1,home,0,0,1,0,-1,0
2014-03-15,Crystal Palace,0,0,12,5,away,0,1,0,1,0,1
2014-03-22,Crystal Palace,0,1,8,1,away,0,0,1,0,-1,0
2014-03-29,Crystal Palace,1,0,14,4,home,1,0,0,3,1,1
2014-04-05,Crystal Palace,3,0,13,8,away,1,0,0,3,3,1
2014-04-12,Crystal Palace,1,0,14,4,home,1,0,0,3,1,1
2014-04-16,Crystal Palace,3,2,7,4,away,1,0,0,3,1,0
2014-04-19,Crystal Palace,1,0,11,3,away,1,0,0,3,1,1
2014-04-27,Crystal Palace,0,2,3,2,home,0,0,1,0,-2,0
2014-05-05,Crystal Palace,3,3,10,6,home,0,1,0,1,0,0
2014-05-11,Crystal Palace,2,2,15,6,away,0,1,0,1,0,0
2014-08-16,Crystal Palace,1,2,4,2,away,0,0,1,0,-1,0
2014-08-23,Crystal Palace,1,3,9,4,home,0,0,1,0,-2,0
2014-08-30,Crystal Palace,3,3,12,7,away,0,1,0,1,0,0
2014-09-13,Crystal Palace,0,0,14,3,home,0,1,0,1,0,1
2014-09-21,Crystal Palace,3,2,10,3,away,1,0,0,3,1,0
2014-09-27,Crystal Palace,2,0,16,6,home,1,0,0,3,2,1
2014-10-04,Crystal Palace,0,2,11,2,away,0,0,1,0,-2,0
2014-10-18,Crystal Palace,1,2,7,4,home,0,0,1,0,-1,0
2014-10-25,Crystal Palace,2,2,8,6,away,0,1,0,1,0,0
2014-11-03,Crystal Palace,1,3,9,1,home,0,0,1,0,-2,0
2014-11-08,Crystal Palace,0,1,6,1,away,0,0,1,0,-1,0
2014-11-23,Crystal Palace,3,1,15,5,home,1,0,0,3,2,0
2014-11-29,Crystal Palace,1,1,11,5,away,0,1,0,1,0,0
2014-12-02,Crystal Palace,0,1,17,5,home,0,0,1,0,-1,0
2014-12-06,Crystal Palace,0,0,16,4,away,0,1,0,1,0,1
2014-12-13,Crystal Palace,1,1,10,3,home,0,1,0,1,0,0
2014-12-20,Crystal Palace,0,3,6,1,away,0,0,1,0,-3,0
2014-12-26,Crystal Palace,1,3,11,4,home,0,0,1,0,-2,0
2014-12-28,Crystal Palace,0,0,10,3,away,0,1,0,1,0,1
2015-01-01,Crystal Palace,0,0,6,0,away,0,1,0,1,0,1
2015-01-10,Crystal Palace,2,1,21,7,home,1,0,0,3,1,0
2015-01-17,Crystal Palace,3,2,11,4,away,1,0,0,3,1,0
2015-01-31,Crystal Palace,0,1,13,3,home,0,0,1,0,-1,0
2015-02-07,Crystal Palace,1,0,14,2,away,1,0,0,3,1,1
2015-02-11,Crystal Palace,1,1,7,3,home,0,1,0,1,0,0
2015-02-21,Crystal Palace,1,2,22,3,home,0,0,1,0,-1,0
2015-02-28,Crystal Palace,3,1,12,5,away,1,0,0,3,2,0
2015-03-03,Crystal Palace,0,1,9,3,away,0,0,1,0,-1,0
2015-03-14,Crystal Palace,3,1,15,4,home,1,0,0,3,2,0
2015-03-21,Crystal Palace,2,1,12,3,away,1,0,0,3,1,0
2015-04-06,Crystal Palace,2,1,5,3,home,1,0,0,3,1,0
2015-04-11,Crystal Palace,4,1,14,5,away,1,0,0,3,3,0
2015-04-18,Crystal Palace,0,2,19,4,home,0,0,1,0,-2,0
2015-04-25,Crystal Palace,0,2,7,3,home,0,0,1,0,-2,0
2015-05-03,Crystal Palace,0,1,8,1,away,0,0,1,0,-1,0
2015-05-09,Crystal Palace,1,2,13,4,home,0,0,1,0,-1,0
2015-05-16,Crystal Palace,3,1,15,6,away,1,0,0,3,2,0
2015-05-24,Crystal Palace,1,0,13,7,home,1,0,0,3,1,1
2015-08-08,Crystal Palace,3,1,11,7,away,1,0,0,3,2,0
2015-08-16,Crystal Palace,1,2,11,4,home,0,0,1,0,-1,0
2015-08-22,Crystal Palace,2,1,16,6,home,1,0,0,3,1,0
2015-08-29,Crystal Palace,2,1,13,6,away,1,0,0,3,1,0
2015-09-12,Crystal Palace,0,1,10,2,home,0,0,1,0,-1,0
2015-09-20,Crystal Palace,0,1,12,4,away,0,0,1,0,-1,0
2015-09-27,Crystal Palace,1,0,16,3,away,1,0,0,3,1,1
2015-10-03,Crystal Palace,2,0,21,8,home,1,0,0,3,2,1
2015-10-17,Crystal Palace,1,3,6,1,home,0,0,1,0,-2,0
2015-10-24,Crystal Palace,0,1,9,4,away,0,0,1,0,-1,0
2015-10-31,Crystal Palace,0,0,10,5,home,0,1,0,1,0,1
2015-11-08,Crystal Palace,2,1,9,4,away,1,0,0,3,1,0
2015-11-23,Crystal Palace,0,1,19,7,home,0,0,1,0,-1,0
2015-11-28,Crystal Palace,5,1,19,8,home,1,0,0,3,4,0
2015-12-07,Crystal Palace,1,1,14,5,away,0,1,0,1,0,0
2015-12-12,Crystal Palace,1,0,12,5,home,1,0,0,3,1,1
2015-12-19,Crystal Palace,2,1,12,3,away,1,0,0,3,1,0
2015-12-26,Crystal Palace,0,0,8,0,away,0,1,0,1,0,1
2015-12-28,Crystal Palace,0,0,10,2,home,0,1,0,1,0,1
2016-01-03,Crystal Palace,0,3,8,4,home,0,0,1,0,-3,0
2016-01-12,Crystal Palace,0,1,9,1,away,0,0,1,0,-1,0
2016-01-16,Crystal Palace,0,4,9,3,away,0,0,1,0,-4,0
2016-01-23,Crystal Palace,1,3,11,3,home,0,0,1,0,-2,0
2016-02-02,Crystal Palace,1,2,14,3,home,0,0,1,0,-1,0
2016-02-06,Crystal Palace,1,1,12,2,away,0,1,0,1,0,0
2016-02-13,Crystal Palace,1,2,14,7,home,0,0,1,0,-1,0
2016-02-27,Crystal Palace,2,3,15,2,away,0,0,1,0,-1,0
2016-03-01,Crystal Palace,2,2,13,5,away,0,1,0,1,0,0
2016-03-06,Crystal Palace,1,2,14,4,home,0,0,1,0,-1,0
2016-03-19,Crystal Palace,0,1,12,4,home,0,0,1,0,-1,0
2016-04-02,Crystal Palace,2,2,12,5,away,0,1,0,1,0,0
2016-04-09,Crystal Palace,1,0,13,6,home,1,0,0,3,1,1
2016-04-13,Crystal Palace,0,0,18,6,home,0,1,0,1,0,1
2016-04-17,Crystal Palace,1,1,7,2,away,0,1,0,1,0,0
2016-04-20,Crystal Palace,0,2,5,0,away,0,0,1,0,-2,0
2016-04-30,Crystal Palace,0,1,9,3,away,0,0,1,0,-1,0
2016-05-07,Crystal Palace,2,1,17,4,home,1,0,0,3,1,0
2016-05-15,Crystal Palace,1,4,16,4,away,0,0,1,0,-3,0
2016-08-13,Crystal Palace,0,1,14,4,home,0,0,1,0,-1,0
2016-08-20,Crystal Palace,0,1,10,2,away,0,0,1,0,-1,0
2016-08-27,Crystal Palace,1,1,24,5,home,0,1,0,1,0,0
2016-09-10,Crystal Palace,2,1,12,4,away,1,0,0,3,1,0
2016-09-18,Crystal Palace,4,1,14,8,home,1,0,0,3,3,0
2016-09-24,Crystal Palace,3,2,20,4,away,1,0,0,3,1,0
2016-09-30,Crystal Palace,1,1,10,2,away,0,1,0,1,0,0
2016-10-15,Crystal Palace,0,1,12,3,home,0,0,1,0,-1,0
2016-10-22,Crystal Palace,1,3,23,7,away,0,0,1,0,-2,0
2016-10-29,Crystal Palace,2,4,7,6,home,0,0,1,0,-2,0
2016-11-05,Crystal Palace,2,3,16,5,away,0,0,1,0,-1,0
2016-11-19,Crystal Palace,1,2,9,2,home,0,0,1,0,-1,0
2016-11-26,Crystal Palace,4,5,12,4,away,0,0,1,0,-1,0
2016-12-03,Crystal Palace,3,0,9,4,home,1,0,0,3,3,1
2016-12-10,Crystal Palace,3,3,14,6,away,0,1,0,1,0,0
2016-12-14,Crystal Palace,1,2,6,3,home,0,0,1,0,-1,0
2016-12-17,Crystal Palace,0,1,6,2,home,0,0,1,0,-1,0
2016-12-26,Crystal Palace,1,1,10,4,away,0,1,0,1,0,0
2017-01-01,Crystal Palace,0,2,7,4,away,0,0,1,0,-2,0
2017-01-03,Crystal Palace,1,2,7,3,home,0,0,1,0,-1,0
2017-01-14,Crystal Palace,0,3,10,1,away,0,0,1,0,-3,0
2017-01-21,Crystal Palace,0,1,8,2,home,0,0,1,0,-1,0
2017-01-31,Crystal Palace,2,0,11,4,away,1,0,0,3,2,1
2017-02-04,Crystal Palace,0,4,21,9,home,0,0,1,0,-4,0
2017-02-11,Crystal Palace,0,1,6,1,away,0,0,1,0,-1,0
2017-02-25,Crystal Palace,1,0,15,3,home,1,0,0,3,1,1
2017-03-04,Crystal Palace,2,0,10,4,away,1,0,0,3,2,1
2017-03-18,Crystal Palace,1,0,7,0,home,1,0,0,3,1,1
2017-04-01,Crystal Palace,2,1,8,3,away,1,0,0,3,1,0
2017-04-05,Crystal Palace,1,3,17,3,away,0,0,1,0,-2,0
2017-04-10,Crystal Palace,3,0,17,6,home,1,0,0,3,3,1
2017-04-15,Crystal Palace,2,2,15,4,home,0,1,0,1,0,0
2017-04-23,Crystal Palace,2,1,7,3,away,1,0,0,3,1,0
2017-04-26,Crystal Palace,0,1,6,1,home,0,0,1,0,-1,0
2017-04-29,Crystal Palace,0,2,15,5,home,0,0,1,0,-2,0
2017-05-06,Crystal Palace,0,5,5,2,away,0,0,1,0,-5,0
2017-05-14,Crystal Palace,4,0,12,4,home,1,0,0,3,4,1
2017-05-21,Crystal Palace,0,2,6,1,away,0,0,1,0,-2,0
2017-08-12,Crystal Palace,0,3,14,4,home,0,0,1,0,-3,0
2017-08-19,Crystal Palace,0,1,4,1,away,0,0,1,0,-1,0
2017-08-26,Crystal Palace,0,2,16,3,home,0,0,1,0,-2,0
2017-09-10,Crystal Palace,0,1,23,5,away,0,0,1,0,-1,0
2017-09-16,Crystal Palace,0,1,14,3,home,0,0,1,0,-1,0
2017-09-23,Crystal Palace,0,5,5,0,away,0,0,1,0,-5,0
2017-09-30,Crystal Palace,0,4,6,1,away,0,0,1,0,-4,0
2017-10-14,Crystal Palace,2,1,14,5,home,1,0,0,3,1,0
2017-10-21,Crystal Palace,0,1,10,0,away,0,0,1,0,-1,0
2017-10-28,Crystal Palace,2,2,19,9,home,0,1,0,1,0,0
2017-11-05,Crystal Palace,0,1,11,3,away,0,0,1,0,-1,0
2017-11-18,Crystal Palace,2,2,16,7,home,0,1,0,1,0,0
2017-11-25,Crystal Palace,2,1,10,5,home,1,0,0,3,1,0
2017-11-28,Crystal Palace,0,0,10,4,away,0,1,0,1,0,1
2017-12-02,Crystal Palace,0,0,10,2,away,0,1,0,1,0,1
2017-12-09,Crystal Palace,2,2,24,8,home,0,1,0,1,0,0
2017-12-12,Crystal Palace,2,1,14,4,home,1,0,0,3,1,0
2017-12-16,Crystal Palace,3,0,13,6,away,1,0,0,3,3,1
2017-12-23,Crystal Palace,1,1,13,5,away,0,1,0,1,0,0
2017-12-28,Crystal Palace,2,3,16,2,home,0,0,1,0,-1,0
2017-12-31,Crystal Palace,0,0,10,1,home,0,1,0,1,0,1
2018-01-02,Crystal Palace,2,1,11,4,away,1,0,0,3,1,0
2018-01-13,Crystal Palace,1,0,17,2,home,1,0,0,3,1,1
2018-01-20,Crystal Palace,1,4,9,5,away,0,0,1,0,-3,0
2018-01-30,Crystal Palace,1,1,9,3,away,0,1,0,1,0,0
2018-02-04,Crystal Palace,1,1,21,6,home,0,1,0,1,0,0
2018-02-10,Crystal Palace,1,3,16,4,away,0,0,1,0,-2,0
2018-02-25,Crystal Palace,0,1,5,3,home,0,0,1,0,-1,0
2018-03-05,Crystal Palace,2,3,10,4,home,0,0,1,0,-1,0
2018-03-10,Crystal Palace,1,2,9,2,away,0,0,1,0,-1,0
2018-03-17,Crystal Palace,2,0,17,6,away,1,0,0,3,2,1
2018-03-31,Crystal Palace,1,2,6,3,home,0,0,1,0,-1,0
2018-04-07,Crystal Palace,2,2,13,6,away,0,1,0,1,0,0
2018-04-14,Crystal Palace,3,2,15,8,home,1,0,0,3,1,0
2018-04-21,Crystal Palace,0,0,6,1,away,0,1,0,1,0,1
2018-04-28,Crystal Palace,5,0,15,9,home,1,0,0,3,5,1
2018-05-05,Crystal Palace,2,1,13,2,away,1,0,0,3,1,0
2018-05-13,Crystal Palace,2,0,11,5,home,1,0,0,3,2,1
2018-08-11,Crystal Palace,2,0,10,9,away,1,0,0,3,2,1
2018-08-20,Crystal Palace,0,2,8,2,home,0,0,1,0,-2,0
2018-08-26,Crystal Palace,1,2,9,3,away,0,0,1,0,-1,0
2018-09-01,Crystal Palace,0,2,20,6,home,0,0,1,0,-2,0
2018-09-15,Crystal Palace,1,0,7,2,away,1,0,0,3,1,1
2018-09-22,Crystal Palace,0,0,16,4,home,0,1,0,1,0,1
2018-10-01,Crystal Palace,1,2,10,2,away,0,0,1,0,-1,0
2018-10-06,Crystal Palace,0,1,11,4,home,0,0,1,0,-1,0
2018-10-21,Crystal Palace,0,2,7,3,away,0,0,1,0,-2,0
2018-10-28,Crystal Palace,2,2,16,3,home,0,1,0,1,0,0
2018-11-04,Crystal Palace,1,3,7,2,away,0,0,1,0,-2,0
2018-11-10,Crystal Palace,0,1,11,4,home,0,0,1,0,-1,0
2018-11-24,Crystal Palace,0,0,13,2,away,0,1,0,1,0,1
2018-12-01,Crystal Palace,2,0,29,9,home,1,0,0,3,2,1
2018-12-04,Crystal Palace,1,3,18,5,away,0,0,1,0,-2,0
2018-12-08,Crystal Palace,2,3,8,4,away,0,0,1,0,-1,0
2018-12-15,Crystal Palace,1,0,8,1,home,1,0,0,3,1,1
2018-12-22,Crystal Palace,3,2,5,3,away,1,0,0,3,1,0
2018-12-26,Crystal Palace,0,0,31,5,home,0,1,0,1,0,1
2018-12-30,Crystal Palace,0,1,4,0,home,0,0,1,0,-1,0
2019-01-02,Crystal Palace,2,0,17,4,away,1,0,0,3,2,1
2019-01-12,Crystal Palace,1,2,15,6,home,0,0,1,0,-1,0
2019-01-19,Crystal Palace,3,4,9,3,away,0,0,1,0,-1,0
2019-01-30,Crystal Palace,1,1,15,3,away,0,1,0,1,0,0
2019-02-02,Crystal Palace,2,0,17,6,home,1,0,0,3,2,1
2019-02-09,Crystal Palace,1,1,25,5,home,0,1,0,1,0,0
2019-02-23,Crystal Palace,4,1,7,5,away,1,0,0,3,3,0
2019-02-27,Crystal Palace,1,3,17,2,home,0,0,1,0,-2,0
2019-03-02,Crystal Palace,3,1,10,4,away,1,0,0,3,2,0
2019-03-09,Crystal Palace,1,2,15,3,home,0,0,1,0,-1,0
2019-03-30,Crystal Palace,2,0,19,5,home,1,0,0,3,2,1
2019-04-03,Crystal Palace,0,2,5,1,away,0,0,1,0,-2,0
2019-04-06,Crystal Palace,1,0,3,1,away,1,0,0,3,1,1
2019-04-14,Crystal Palace,1,3,7,3,home,0,0,1,0,-2,0
2019-04-21,Crystal Palace,3,2,16,7,away,1,0,0,3,1,0
2019-04-27,Crystal Palace,0,0,8,0,home,0,1,0,1,0,1
2019-05-04,Crystal Palace,3,2,21,7,away,1,0,0,3,1,0
2019-05-12,Crystal Palace,5,3,17,8,home,1,0,0,3,2,0
2019-08-10,Crystal Palace,0,0,6,2,home,0,1,0,1,0,1
2019-08-18,Crystal Palace,0,1,6,4,away,0,0,1,0,-1,0
2019-08-24,Crystal Palace,2,1,5,3,away,1,0,0,3,1,0
2019-08-31,Crystal Palace,1,0,22,5,home,1,0,0,3,1,1
2019-09-14,Crystal Palace,0,4,11,6,away,0,0,1,0,-4,0
2019-09-22,Crystal Palace,1,1,13,4,home,0,1,0,1,0,0
2019-09-28,Crystal Palace,2,0,15,3,home,1,0,0,3,2,1
2019-10-05,Crystal Palace,2,1,7,4,away,1,0,0,3,1,0
2019-10-19,Crystal Palace,0,2,7,2,home,0,0,1,0,-2,0
2019-10-27,Crystal Palace,2,2,10,4,away,0,1,0,1,0,0
2019-11-03,Crystal Palace,0,2,12,3,home,0,0,1,0,-2,0
2019-11-09,Crystal Palace,0,2,3,1,away,0,0,1,0,-2,0
2019-11-23,Crystal Palace,1,2,16,6,home,0,0,1,0,-1,0
2019-11-30,Crystal Palace,2,0,7,2,away,1,0,0,3,2,1
2019-12-03,Crystal Palace,1,0,7,2,home,1,0,0,3,1,1
2019-12-07,Crystal Palace,0,0,3,0,away,0,1,0,1,0,1
2019-12-16,Crystal Palace,1,1,11,4,home,0,1,0,1,0,0
2019-12-21,Crystal Palace,0,1,16,4,away,0,0,1,0,-1,0
2019-12-26,Crystal Palace,2,1,13,4,home,1,0,0,3,1,0
2019-12-28,Crystal Palace,1,1,5,2,away,0,1,0,1,0,0
2020-01-01,Crystal Palace,1,1,12,3,away,0,1,0,1,0,0
2020-01-11,Crystal Palace,1,1,6,3,home,0,1,0,1,0,0
2020-01-18,Crystal Palace,2,2,5,3,away,0,1,0,1,0,0
2020-01-21,Crystal Palace,0,2,6,0,home,0,0,1,0,-2,0
2020-02-01,Crystal Palace,0,1,13,3,home,0,0,1,0,-1,0
2020-02-08,Crystal Palace,1,3,10,2,away,0,0,1,0,-2,0
2020-02-22,Crystal Palace,1,0,18,9,home,1,0,0,3,1,1
2020-02-29,Crystal Palace,1,0,12,3,away,1,0,0,3,1,1
2020-03-07,Crystal Palace,1,0,10,3,home,1,0,0,3,1,1
2020-06-20,Crystal Palace,2,0,7,2,away,1,0,0,3,2,1
2020-06-24,Crystal Palace,0,4,3,0,away,0,0,1,0,-4,0
2020-06-29,Crystal Palace,0,1,17,4,home,0,0,1,0,-1,0
2020-07-04,Crystal Palace,0,3,7,1,away,0,0,1,0,-3,0
2020-07-07,Crystal Palace,2,3,13,4,home,0,0,1,0,-1,0
2020-07-12,Crystal Palace,0,2,9,5,away,0,0,1,0,-2,0
2020-07-16,Crystal Palace,0,2,13,5,home,0,0,1,0,-2,0
2020-07-20,Crystal Palace,0,2,7,3,away,0,0,1,0,-2,0
2020-07-26,Crystal Palace,1,1,13,2,home,0,1,0,1,0,0
2020-09-12,Crystal Palace,1,0,5,3,home,1,0,0,3,1,1
2020-09-19,Crystal Palace,3,1,14,5,away,1,0,0,3,2,0
2020-09-26,Crystal Palace,1,2,8,1,home,0,0,1,0,-1,0
2020-10-03,Crystal Palace,0,4,4,0,away,0,0,1,0,-4,0
2020-10-18,Crystal Palace,1,1,1,1,home,0,1,0,1,0,0
2020-10-24,Crystal Palace,2,1,14,10,away,1,0,0,3,1,0
2020-10-30,Crystal Palace,0,2,11,2,away,0,0,1,0,-2,0
2020-11-07,Crystal Palace,4,1,10,6,home,1,0,0,3,3,0
2020-11-23,Crystal Palace,0,1,15,5,away,0,0,1,0,-1,0
2020-11-27,Crystal Palace,0,2,12,3,home,0,0,1,0,-2,0
2020-12-06,Crystal Palace,5,1,18,6,away,1,0,0,3,4,0
2020-12-13,Crystal Palace,1,1,16,5,home,0,1,0,1,0,0
2020-12-16,Crystal Palace,1,1,8,2,away,0,1,0,1,0,0
2020-12-19,Crystal Palace,0,7,5,3,home,0,0,1,0,-7,0
2020-12-26,Crystal Palace,0,3,13,6,away,0,0,1,0,-3,0
2020-12-28,Crystal Palace,1,1,4,1,home,0,1,0,1,0,0
2021-01-02,Crystal Palace,2,0,9,4,home,1,0,0,3,2,1
2021-01-14,Crystal Palace,0,0,12,2,away,0,1,0,1,0,1
2021-01-17,Crystal Palace,0,4,2,0,away,0,0,1,0,-4,0
2021-01-26,Crystal Palace,2,3,6,3,home,0,0,1,0,-1,0
2021-01-30,Crystal Palace,1,0,11,2,home,1,0,0,3,1,1
2021-02-02,Crystal Palace,2,1,6,3,away,1,0,0,3,1,0
2021-02-08,Crystal Palace,0,2,8,3,away,0,0,1,0,-2,0
2021-02-13,Crystal Palace,0,3,13,3,home,0,0,1,0,-3,0
2021-02-22,Crystal Palace,2,1,3,2,away,1,0,0,3,1,0
2021-02-28,Crystal Palace,0,0,3,0,home,0,1,0,1,0,1
2021-03-03,Crystal Palace,0,0,8,2,home,0,1,0,1,0,1
2021-03-07,Crystal Palace,1,4,5,1,away,0,0,1,0,-3,0
2021-03-13,Crystal Palace,1,0,6,4,home,1,0,0,3,1,1
2021-04-05,Crystal Palace,1,1,13,6,away,0,1,0,1,0,0
2021-04-10,Crystal Palace,1,4,1,1,home,0,0,1,0,-3,0
2021-04-26,Crystal Palace,1,2,4,2,away,0,0,1,0,-1,0
2021-05-01,Crystal Palace,0,2,9,4,home,0,0,1,0,-2,0
2021-05-08,Crystal Palace,2,0,21,8,away,1,0,0,3,2,1
2021-05-11,Crystal Palace,1,3,11,4,away,0,0,1,0,-2,0
2021-05-16,Crystal Palace,3,2,23,8,home,1,0,0,3,1,0
2021-05-19,Crystal Palace,1,3,12,6,home,0,0,1,0,-2,0
2021-05-23,Crystal Palace,0,2,5,4,away,0,0,1,0,-2,0
2021-08-14,Crystal Palace,0,3,4,1,away,0,0,1,0,-3,0
2021-08-21,Crystal Palace,0,0,7,2,home,0,1,0,1,0,1
2021-08-28,Crystal Palace,2,2,9,2,away,0,1,0,1,0,0
2021-09-11,Crystal Palace,3,0,18,4,home,1,0,0,3,3,1
2021-09-18,Crystal Palace,0,3,13,2,away,0,0,1,0,-3,0
2021-09-27,Crystal Palace,1,1,8,3,home,0,1,0,1,0,0
2021-10-03,Crystal Palace,2,2,18,4,home,0,1,0,1,0,0
2021-10-18,Crystal Palace,2,2,9,6,away,0,1,0,1,0,0
2021-10-23,Crystal Palace,1,1,15,3,home,0,1,0,1,0,0
2021-10-30,Crystal Palace,2,0,8,3,away,1,0,0,3,2,1
2021-11-06,Crystal Palace,2,0,13,6,home,1,0,0,3,2,1
2021-11-20,Crystal Palace,3,3,18,8,away,0,1,0,1,0,0
2021-11-27,Crystal Palace,1,2,8,3,home,0,0,1,0,-1,0
2021-11-30,Crystal Palace,0,1,9,1,away,0,0,1,0,-1,0
2021-12-05,Crystal Palace,0,1,8,2,away,0,0,1,0,-1,0
2021-12-12,Crystal Palace,3,1,17,6,home,1,0,0,3,2,0
2021-12-15,Crystal Palace,2,2,9,6,home,0,1,0,1,0,0
2021-12-26,Crystal Palace,0,3,4,0,away,0,0,1,0,-3,0
2021-12-28,Crystal Palace,3,0,19,6,home,1,0,0,3,3,1
2022-01-01,Crystal Palace,2,3,22,6,home,0,0,1,0,-1,0
2022-01-14,Crystal Palace,1,1,3,1,away,0,1,0,1,0,0
2022-01-23,Crystal Palace,1,3,8,5,home,0,0,1,0,-2,0
2022-02-09,Crystal Palace,1,1,13,5,away,0,1,0,1,0,0
2022-02-12,Crystal Palace,0,0,6,3,away,0,1,0,1,0,1
2022-02-19,Crystal Palace,0,1,7,0,home,0,0,1,0,-1,0
2022-02-23,Crystal Palace,4,1,7,5,away,1,0,0,3,3,0
2022-02-26,Crystal Palace,1,1,11,4,home,0,1,0,1,0,0
2022-03-05,Crystal Palace,2,0,12,8,away,1,0,0,3,2,1
2022-03-14,Crystal Palace,0,0,7,1,home,0,1,0,1,0,1
2022-04-04,Crystal Palace,3,0,6,5,home,1,0,0,3,3,1
2022-04-10,Crystal Palace,1,2,11,3,away,0,0,1,0,-1,0
2022-04-20,Crystal Palace,0,1,10,2,away,0,0,1,0,-1,0
2022-04-25,Crystal Palace,0,0,17,7,home,0,1,0,1,0,1
2022-04-30,Crystal Palace,2,1,14,5,away,1,0,0,3,1,0
2022-05-07,Crystal Palace,1,0,15,7,home,1,0,0,3,1,1
2022-05-15,Crystal Palace,1,1,16,4,away,0,1,0,1,0,0
2022-05-19,Crystal Palace,2,3,7,5,away,0,0,1,0,-1,0
2022-05-22,Crystal Palace,1,0,6,3,home,1,0,0,3,1,1
2022-08-05,Crystal Palace,0,2,10,2,home,0,0,1,0,-2,0
2022-08-15,Crystal Palace,1,1,7,3,away,0,1,0,1,0,0
2022-08-20,Crystal Palace,3,1,17,9,home,1,0,0,3,2,0
2022-08-27,Crystal Palace,2,4,2,2,away,0,0,1,0,-2,0
2022-08-30,Crystal Palace,1,1,13,4,home,0,1,0,1,0,0
2022-09-03,Crystal Palace,0,0,19,9,away,0,1,0,1,0,1
2022-10-01,Crystal Palace,1,2,7,3,home,0,0,1,0,-1,0
2022-10-09,Crystal Palace,2,1,13,5,home,1,0,0,3,1,0
2022-10-15,Crystal Palace,0,0,8,1,away,0,1,0,1,0,1
2022-10-18,Crystal Palace,2,1,14,4,home,1,0,0,3,1,0
2022-10-22,Crystal Palace,0,3,9,2,away,0,0,1,0,-3,0
2022-10-29,Crystal Palace,1,0,12,3,home,1,0,0,3,1,1
2022-11-06,Crystal Palace,2,1,15,6,away,1,0,0,3,1,0
2022-11-12,Crystal Palace,0,1,8,0,away,0,0,1,0,-1,0
2022-12-26,Crystal Palace,0,3,4,0,home,0,0,1,0,-3,0
2022-12-31,Crystal Palace,2,0,15,6,away,1,0,0,3,2,1
2023-01-04,Crystal Palace,0,4,19,4,home,0,0,1,0,-4,0
2023-01-15,Crystal Palace,0,1,10,5,away,0,0,1,0,-1,0
2023-01-18,Crystal Palace,1,1,10,5,home,0,1,0,1,0,0
2023-01-21,Crystal Palace,0,0,6,1,home,0,1,0,1,0,1
2023-02-04,Crystal Palace,1,2,10,3,away,0,0,1,0,-1,0
2023-02-11,Crystal Palace,1,1,6,1,home,0,1,0,1,0,0
2023-02-18,Crystal Palace,1,1,10,4,away,0,1,0,1,0,0
2023-02-25,Crystal Palace,0,0,6,0,home,0,1,0,1,0,1
2023-03-04,Crystal Palace,0,1,3,0,away,0,0,1,0,-1,0
2023-03-11,Crystal Palace,0,1,4,0,home,0,0,1,0,-1,0
2023-03-15,Crystal Palace,0,1,11,3,away,0,0,1,0,-1,0
2023-03-19,Crystal Palace,1,4,8,4,away,0,0,1,0,-3,0
2023-04-01,Crystal Palace,2,1,31,9,home,1,0,0,3,1,0
2023-04-09,Crystal Palace,5,1,16,8,away,1,0,0,3,4,0
2023-04-15,Crystal Palace,2,0,9,2,away,1,0,0,3,2,1
2023-04-22,Crystal Palace,0,0,12,2,home,0,1,0,1,0,1
2023-04-25,Crystal Palace,0,2,14,4,away,0,0,1,0,-2,0
2023-04-29,Crystal Palace,4,3,16,6,home,1,0,0,3,1,0
2023-05-06,Crystal Palace,0,1,7,2,away,0,0,1,0,-1,0
2023-05-13,Crystal Palace,2,0,17,5,home,1,0,0,3,2,1
2023-05-20,Crystal Palace,2,2,11,5,away,0,1,0,1,0,0
2023-05-28,Crystal Palace,1,1,16,4,home,0,1,0,1,0,0
2023-08-12,Crystal Palace,1,0,24,8,away,1,0,0,3,1,1
2023-08-21,Crystal Palace,0,1,14,2,home,0,0,1,0,-1,0
2023-08-26,Crystal Palace,1,1,15,5,away,0,1,0,1,0,0
2023-09-03,Crystal Palace,3,2,16,11,home,1,0,0,3,1,0
2023-09-16,Crystal Palace,1,3,6,3,away,0,0,1,0,-2,0
2023-09-23,Crystal Palace,0,0,7,3,home,0,1,0,1,0,1
2023-09-30,Crystal Palace,1,0,8,2,away,1,0,0,3,1,1
2023-10-07,Crystal Palace,0,0,8,2,home,0,1,0,1,0,1
2023-10-21,Crystal Palace,0,4,17,3,away,0,0,1,0,-4,0
2023-10-27,Crystal Palace,1,2,13,3,home,0,0,1,0,-1,0
2023-11-04,Crystal Palace,2,0,4,3,away,1,0,0,3,2,1
2023-11-11,Crystal Palace,2,3,13,4,home,0,0,1,0,-1,0
2023-11-25,Crystal Palace,1,2,16,8,away,0,0,1,0,-1,0
2023-12-03,Crystal Palace,1,1,9,2,away,0,1,0,1,0,0
2023-12-06,Crystal Palace,0,2,16,3,home,0,0,1,0,-2,0
2023-12-09,Crystal Palace,1,2,8,4,home,0,0,1,0,-1,0
2023-12-16,Crystal Palace,2,2,5,2,away,0,1,0,1,0,0
2023-12-21,Crystal Palace,1,1,11,3,home,0,1,0,1,0,0
2023-12-27,Crystal Palace,1,2,13,5,away,0,0,1,0,-1,0
2023-12-30,Crystal Palace,3,1,13,6,home,1,0,0,3,2,0
2024-01-20,Crystal Palace,0,5,12,5,away,0,0,1,0,-5,0
2024-01-30,Crystal Palace,3,2,12,4,home,1,0,0,3,1,0
2024-02-03,Crystal Palace,1,4,7,5,away,0,0,1,0,-3,0
2024-02-12,Crystal Palace,1,3,13,4,home,0,0,1,0,-2,0
2024-02-19,Crystal Palace,1,1,10,4,away,0,1,0,1,0,0
2024-02-24,Crystal Palace,3,0,15,6,home,1,0,0,3,3,1
2024-03-02,Crystal Palace,1,3,4,1,away,0,0,1,0,-2,0
2024-03-09,Crystal Palace,1,1,21,4,home,0,1,0,1,0,0
2024-03-30,Crystal Palace,1,1,10,3,away,0,1,0,1,0,0
2024-04-02,Crystal Palace,0,1,3,2,away,0,0,1,0,-1,0
2024-04-06,Crystal Palace,2,4,7,4,home,0,0,1,0,-2,0
2024-04-14,Crystal Palace,1,0,8,5,away,1,0,0,3,1,1
2024-04-21,Crystal Palace,5,2,18,7,home,1,0,0,3,3,0
2024-04-24,Crystal Palace,2,0,20,7,home,1,0,0,3,2,1
2024-04-27,Crystal Palace,1,1,14,4,away,0,1,0,1,0,0
2024-05-06,Crystal Palace,4,0,18,10,home,1,0,0,3,4,1
2024-05-11,Crystal Palace,3,1,13,3,away,1,0,0,3,2,0
2024-05-19,Crystal Palace,5,0,15,9,home,1,0,0,3,5,1
2024-08-18,Crystal Palace,1,2,14,6,away,0,0,1,0,-1,0
2024-08-24,Crystal Palace,0,2,14,2,home,0,0,1,0,-2,0
2024-09-01,Crystal Palace,1,1,9,3,away,0,1,0,1,0,0
2024-09-14,Crystal Palace,2,2,20,4,home,0,1,0,1,0,0
2024-09-21,Crystal Palace,0,0,9,4,home,0,1,0,1,0,1
2024-09-28,Crystal Palace,1,2,17,5,away,0,0,1,0,-1,0
2024-10-05,Crystal Palace,0,1,9,5,home,0,0,1,0,-1,0
2024-10-21,Crystal Palace,0,1,20,7,away,0,0,1,0,-1,0
2024-10-27,Crystal Palace,1,0,14,6,home,1,0,0,3,1,1
2024-11-02,Crystal Palace,2,2,19,7,away,0,1,0,1,0,0
2024-11-09,Crystal Palace,0,2,13,5,home,0,0,1,0,-2,0
2024-11-23,Crystal Palace,2,2,13,6,away,0,1,0,1,0,0
2024-11-30,Crystal Palace,1,1,16,4,home,0,1,0,1,0,0
2024-12-03,Crystal Palace,1,0,13,3,away,1,0,0,3,1,1
2024-12-07,Crystal Palace,2,2,12,3,home,0,1,0,1,0,0
2024-12-15,Crystal Palace,3,1,13,5,away,1,0,0,3,2,0
2024-12-21,Crystal Palace,1,5,15,6,home,0,0,1,0,-4,0
2024-12-26,Crystal Palace,0,0,10,4,away,0,1,0,1,0,1
2024-12-29,Crystal Palace,2,1,19,10,home,1,0,0,3,1,0
2025-01-04,Crystal Palace,1,1,13,6,home,0,1,0,1,0,0
2025-01-15,Crystal Palace,2,0,9,4,away,1,0,0,3,2,1
2025-01-18,Crystal Palace,2,0,12,7,away,1,0,0,3,2,1
2025-01-26,Crystal Palace,1,2,16,5,home,0,0,1,0,-1,0
2025-02-02,Crystal Palace,2,0,11,3,away,1,0,0,3,2,1
2025-02-15,Crystal Palace,1,2,17,6,home,0,0,1,0,-1,0
2025-02-22,Crystal Palace,2,0,10,5,away,1,0,0,3,2,1
2025-02-25,Crystal Palace,4,1,19,6,home,1,0,0,3,3,0
2025-03-08,Crystal Palace,1,0,19,4,home,1,0,0,3,1,1
2025-04-02,Crystal Palace,1,1,9,3,away,0,1,0,1,0,0
2025-04-05,Crystal Palace,2,1,8,3,home,1,0,0,3,1,0
2025-04-12,Crystal Palace,2,5,8,3,away,0,0,1,0,-3,0
2025-04-16,Crystal Palace,0,5,11,4,away,0,0,1,0,-5,0
2025-04-19,Crystal Palace,0,0,5,0,home,0,1,0,1,0,1
2025-04-23,Crystal Palace,2,2,15,4,away,0,1,0,1,0,0
2025-05-05,Crystal Palace,1,1,20,3,home,0,1,0,1,0,0
2025-05-11,Crystal Palace,2,0,23,10,away,1,0,0,3,2,1
2025-05-20,Crystal Palace,4,2,14,10,home,1,0,0,3,2,0
2025-05-25,Crystal Palace,1,1,8,5,away,0,1,0,1,0,0
2025-08-17,Crystal Palace,0,0,12,4,away,0,1,0,1,0,1
2025-08-24,Crystal Palace,1,1,8,4,home,0,1,0,1,0,0
2025-08-31,Crystal Palace,3,0,6,4,away,1,0,0,3,3,1
2025-09-13,Crystal Palace,0,0,14,6,home,0,1,0,1,0,1
2025-09-20,Crystal Palace,2,1,18,3,away,1,0,0,3,1,0
2025-09-27,Crystal Palace,2,1,16,7,home,1,0,0,3,1,0
2025-10-05,Crystal Palace,1,2,15,8,away,0,0,1,0,-1,0
2025-10-18,Crystal Palace,3,3,20,7,home,0,1,0,1,0,0
2025-10-26,Crystal Palace,0,1,7,1,away,0,0,1,0,-1,0
2025-11-01,Crystal Palace,2,0,9,2,home,1,0,0,3,2,1
2025-11-09,Crystal Palace,0,0,10,2,home,0,1,0,1,0,1
2025-11-22,Crystal Palace,2,0,10,4,away,1,0,0,3,2,1
2025-11-30,Crystal Palace,1,2,14,3,home,0,0,1,0,-1,0
2025-12-03,Crystal Palace,1,0,3,3,away,1,0,0,3,1,1
2025-12-07,Crystal Palace,2,1,11,5,away,1,0,0,3,1,0
2025-12-14,Crystal Palace,0,3,16,4,home,0,0,1,0,-3,0
2025-12-20,Crystal Palace,1,4,9,3,away,0,0,1,0,-3,0
2025-12-28,Crystal Palace,0,1,15,2,home,0,0,1,0,-1,0
2026-01-01,Crystal Palace,1,1,11,2,home,0,1,0,1,0,0
2026-01-04,Crystal Palace,0,2,11,1,away,0,0,1,0,-2,0
2026-01-07,Crystal Palace,0,0,11,5,home,0,1,0,1,0,1
2026-01-17,Crystal Palace,1,2,6,2,away,0,0,1,0,-1,0
2026-01-25,Crystal Palace,1,3,13,7,home,0,0,1,0,-2,0
2026-02-01,Crystal Palace,1,1,14,3,away,0,1,0,1,0,0
2026-02-08,Crystal Palace,1,0,7,4,away,1,0,0,3,1,1
2026-02-11,Crystal Palace,2,3,21,3,home,0,0,1,0,-1,0
2026-02-22,Crystal Palace,1,0,14,3,home,1,0,0,3,1,1
2026-03-01,Crystal Palace,1,2,8,3,away,0,0,1,0,-1,0
2026-03-05,Crystal Palace,3,1,9,4,away,1,0,0,3,2,0
2026-03-15,Crystal Palace,0,0,12,0,home,0,1,0,1,0,1
2010-08-14,Everton,0,1,17,12,away,0,0,1,0,-1,0
2010-08-21,Everton,1,1,14,6,home,0,1,0,1,0,0
2010-08-29,Everton,0,1,15,9,away,0,0,1,0,-1,0
2010-09-11,Everton,3,3,23,14,home,0,1,0,1,0,0
2010-09-18,Everton,0,1,6,3,home,0,0,1,0,-1,0
2010-09-25,Everton,0,0,15,7,away,0,1,0,1,0,1
2010-10-02,Everton,2,0,11,6,away,1,0,0,3,2,1
2010-10-17,Everton,2,0,9,6,home,1,0,0,3,2,1
2010-10-23,Everton,1,1,7,3,away,0,1,0,1,0,0
2010-10-30,Everton,1,0,18,10,home,1,0,0,3,1,1
2010-11-06,Everton,2,2,20,14,away,0,1,0,1,0,0
2010-11-10,Everton,1,1,23,12,home,0,1,0,1,0,0
2010-11-14,Everton,1,2,14,7,home,0,0,1,0,-1,0
2010-11-22,Everton,2,2,10,8,away,0,1,0,1,0,0
2010-11-27,Everton,1,4,12,4,home,0,0,1,0,-3,0
2010-12-04,Everton,1,1,16,7,away,0,1,0,1,0,0
2010-12-11,Everton,0,0,16,8,home,0,1,0,1,0,1
2010-12-20,Everton,2,1,4,3,away,1,0,0,3,1,0
2010-12-28,Everton,1,1,13,5,away,0,1,0,1,0,0
2011-01-01,Everton,0,2,15,10,away,0,0,1,0,-2,0
2011-01-05,Everton,2,1,19,12,home,1,0,0,3,1,0
2011-01-16,Everton,2,2,10,5,away,0,1,0,1,0,0
2011-01-22,Everton,2,2,11,6,home,0,1,0,1,0,0
2011-02-01,Everton,1,2,4,4,away,0,0,1,0,-1,0
2011-02-05,Everton,5,3,23,16,home,1,0,0,3,2,0
2011-02-13,Everton,0,2,9,4,away,0,0,1,0,-2,0
2011-02-26,Everton,2,0,17,9,home,1,0,0,3,2,1
2011-03-05,Everton,2,1,13,8,away,1,0,0,3,1,0
2011-03-09,Everton,1,1,17,11,home,0,1,0,1,0,0
2011-03-19,Everton,2,1,16,12,home,1,0,0,3,1,0
2011-04-02,Everton,2,2,14,7,home,0,1,0,1,0,0
2011-04-09,Everton,3,0,9,6,away,1,0,0,3,3,1
2011-04-16,Everton,2,0,17,7,home,1,0,0,3,2,1
2011-04-23,Everton,0,1,5,3,away,0,0,1,0,-1,0
2011-04-30,Everton,1,1,3,3,away,0,1,0,1,0,0
2011-05-07,Everton,2,1,10,6,home,1,0,0,3,1,0
2011-05-14,Everton,0,1,23,10,away,0,0,1,0,-1,0
2011-05-22,Everton,1,0,11,3,home,1,0,0,3,1,1
2011-08-20,Everton,0,1,14,7,home,0,0,1,0,-1,0
2011-08-27,Everton,1,0,9,4,away,1,0,0,3,1,1
2011-09-10,Everton,2,2,17,10,home,0,1,0,1,0,0
2011-09-17,Everton,3,1,17,10,home,1,0,0,3,2,0
2011-09-24,Everton,0,2,7,3,away,0,0,1,0,-2,0
2011-10-01,Everton,0,2,12,4,home,0,0,1,0,-2,0
2011-10-15,Everton,1,3,9,5,away,0,0,1,0,-2,0
2011-10-23,Everton,3,1,11,7,away,1,0,0,3,2,0
2011-10-29,Everton,0,1,18,11,home,0,0,1,0,-1,0
2011-11-05,Everton,1,2,14,6,away,0,0,1,0,-1,0
2011-11-19,Everton,2,1,13,9,home,1,0,0,3,1,0
2011-11-26,Everton,2,0,17,14,away,1,0,0,3,2,1
2011-12-04,Everton,0,1,11,4,home,0,0,1,0,-1,0
2011-12-10,Everton,0,1,7,1,away,0,0,1,0,-1,0
2011-12-17,Everton,1,1,28,15,home,0,1,0,1,0,0
2011-12-21,Everton,1,0,13,6,home,1,0,0,3,1,1
2011-12-26,Everton,1,1,9,3,away,0,1,0,1,0,0
2012-01-01,Everton,1,0,13,8,away,1,0,0,3,1,1
2012-01-04,Everton,1,2,10,4,home,0,0,1,0,-1,0
2012-01-11,Everton,0,2,11,4,away,0,0,1,0,-2,0
2012-01-14,Everton,1,1,7,4,away,0,1,0,1,0,0
2012-01-21,Everton,1,1,15,8,home,0,1,0,1,0,0
2012-01-31,Everton,1,0,9,4,home,1,0,0,3,1,1
2012-02-04,Everton,1,1,8,4,away,0,1,0,1,0,0
2012-02-11,Everton,2,0,10,7,home,1,0,0,3,2,1
2012-03-03,Everton,1,1,8,5,away,0,1,0,1,0,0
2012-03-10,Everton,1,0,9,5,home,1,0,0,3,1,1
2012-03-13,Everton,0,3,5,3,away,0,0,1,0,-3,0
2012-03-21,Everton,0,1,7,2,home,0,0,1,0,-1,0
2012-03-24,Everton,2,0,15,8,away,1,0,0,3,2,1
2012-03-31,Everton,2,0,16,9,home,1,0,0,3,2,1
2012-04-07,Everton,2,2,9,5,away,0,1,0,1,0,0
2012-04-09,Everton,4,0,22,12,home,1,0,0,3,4,1
2012-04-22,Everton,4,4,17,10,away,0,1,0,1,0,0
2012-04-28,Everton,4,0,11,7,home,1,0,0,3,4,1
2012-05-01,Everton,1,1,11,4,away,0,1,0,1,0,0
2012-05-06,Everton,0,0,18,10,away,0,1,0,1,0,1
2012-05-13,Everton,3,1,17,11,home,1,0,0,3,2,0
2012-08-20,Everton,1,0,16,7,home,1,0,0,3,1,1
2012-08-25,Everton,3,1,19,11,away,1,0,0,3,2,0
2012-09-01,Everton,0,2,12,5,away,0,0,1,0,-2,0
2012-09-17,Everton,2,2,17,10,home,0,1,0,1,0,0
2012-09-22,Everton,3,0,30,19,away,1,0,0,3,3,1
2012-09-29,Everton,3,1,17,9,home,1,0,0,3,2,0
2012-10-06,Everton,2,2,16,11,away,0,1,0,1,0,0
2012-10-21,Everton,1,1,10,4,away,0,1,0,1,0,0
2012-10-28,Everton,2,2,17,8,home,0,1,0,1,0,0
2012-11-03,Everton,2,2,26,15,away,0,1,0,1,0,0
2012-11-10,Everton,2,1,16,10,home,1,0,0,3,1,0
2012-11-17,Everton,1,2,21,11,away,0,0,1,0,-1,0
2012-11-24,Everton,1,1,14,9,home,0,1,0,1,0,0
2012-11-28,Everton,1,1,14,10,home,0,1,0,1,0,0
2012-12-01,Everton,1,1,8,5,away,0,1,0,1,0,0
2012-12-09,Everton,2,1,17,11,home,1,0,0,3,1,0
2012-12-15,Everton,1,1,9,5,away,0,1,0,1,0,0
2012-12-22,Everton,2,1,15,8,away,1,0,0,3,1,0
2012-12-26,Everton,2,1,17,9,home,1,0,0,3,1,0
2012-12-30,Everton,1,2,12,6,home,0,0,1,0,-1,0
2013-01-02,Everton,2,1,7,6,away,1,0,0,3,1,0
2013-01-12,Everton,0,0,16,8,home,0,1,0,1,0,1
2013-01-21,Everton,0,0,10,7,away,0,1,0,1,0,1
2013-01-30,Everton,2,1,11,4,home,1,0,0,3,1,0
2013-02-02,Everton,3,3,22,13,home,0,1,0,1,0,0
2013-02-10,Everton,0,2,9,8,away,0,0,1,0,-2,0
2013-02-23,Everton,1,2,11,5,away,0,0,1,0,-1,0
2013-03-02,Everton,3,1,18,12,home,1,0,0,3,2,0
2013-03-16,Everton,2,0,11,5,home,1,0,0,3,2,1
2013-03-30,Everton,1,0,15,9,home,1,0,0,3,1,1
2013-04-07,Everton,2,2,9,5,away,0,1,0,1,0,0
2013-04-13,Everton,2,0,14,10,home,1,0,0,3,2,1
2013-04-16,Everton,0,0,10,5,away,0,1,0,1,0,1
2013-04-20,Everton,0,1,8,5,away,0,0,1,0,-1,0
2013-04-27,Everton,1,0,17,10,home,1,0,0,3,1,1
2013-05-05,Everton,0,0,11,4,away,0,1,0,1,0,1
2013-05-12,Everton,2,0,23,13,home,1,0,0,3,2,1
2013-05-19,Everton,1,2,16,9,away,0,0,1,0,-1,0
2013-08-17,Everton,2,2,19,6,away,0,1,0,1,0,0
2013-08-24,Everton,0,0,22,8,home,0,1,0,1,0,1
2013-08-31,Everton,0,0,13,3,away,0,1,0,1,0,1
2013-09-14,Everton,1,0,11,5,home,1,0,0,3,1,1
2013-09-21,Everton,3,2,10,4,away,1,0,0,3,1,0
2013-09-30,Everton,3,2,18,7,home,1,0,0,3,1,0
2013-10-05,Everton,1,3,6,4,away,0,0,1,0,-2,0
2013-10-19,Everton,2,1,14,6,home,1,0,0,3,1,0
2013-10-26,Everton,2,0,15,4,away,1,0,0,3,2,1
2013-11-03,Everton,0,0,8,1,home,0,1,0,1,0,1
2013-11-09,Everton,0,0,15,2,away,0,1,0,1,0,1
2013-11-23,Everton,3,3,18,12,home,0,1,0,1,0,0
2013-11-30,Everton,4,0,22,12,home,1,0,0,3,4,1
2013-12-04,Everton,1,0,15,4,away,1,0,0,3,1,1
2013-12-08,Everton,1,1,12,4,away,0,1,0,1,0,0
2013-12-14,Everton,4,1,22,7,home,1,0,0,3,3,0
2013-12-22,Everton,2,1,14,6,away,1,0,0,3,1,0
2013-12-26,Everton,0,1,26,9,home,0,0,1,0,-1,0
2013-12-29,Everton,2,1,9,4,home,1,0,0,3,1,0
2014-01-01,Everton,1,1,16,4,away,0,1,0,1,0,0
2014-01-11,Everton,2,0,23,5,home,1,0,0,3,2,1
2014-01-20,Everton,1,1,13,4,away,0,1,0,1,0,0
2014-01-28,Everton,0,4,18,4,away,0,0,1,0,-4,0
2014-02-01,Everton,2,1,13,6,home,1,0,0,3,1,0
2014-02-09,Everton,0,1,11,3,away,0,0,1,0,-1,0
2014-02-22,Everton,0,1,8,2,away,0,0,1,0,-1,0
2014-03-01,Everton,1,0,22,3,home,1,0,0,3,1,1
2014-03-15,Everton,2,1,19,6,home,1,0,0,3,1,0
2014-03-22,Everton,3,2,9,6,home,1,0,0,3,1,0
2014-03-25,Everton,3,0,8,6,away,1,0,0,3,3,1
2014-03-30,Everton,3,1,14,7,away,1,0,0,3,2,0
2014-04-06,Everton,3,0,14,8,home,1,0,0,3,3,1
2014-04-12,Everton,1,0,20,3,away,1,0,0,3,1,1
2014-04-16,Everton,2,3,17,5,home,0,0,1,0,-1,0
2014-04-20,Everton,2,0,17,5,home,1,0,0,3,2,1
2014-04-26,Everton,0,2,9,2,away,0,0,1,0,-2,0
2014-05-03,Everton,2,3,9,4,home,0,0,1,0,-1,0
2014-05-11,Everton,2,0,11,4,away,1,0,0,3,2,1
2014-08-16,Everton,2,2,13,3,away,0,1,0,1,0,0
2014-08-23,Everton,2,2,8,2,home,0,1,0,1,0,0
2014-08-30,Everton,3,6,17,7,home,0,0,1,0,-3,0
2014-09-13,Everton,2,0,11,4,away,1,0,0,3,2,1
2014-09-21,Everton,2,3,17,6,home,0,0,1,0,-1,0
2014-09-27,Everton,1,1,11,5,away,0,1,0,1,0,0
2014-10-05,Everton,1,2,10,6,away,0,0,1,0,-1,0
2014-10-18,Everton,3,0,15,6,home,1,0,0,3,3,1
2014-10-26,Everton,3,1,15,6,away,1,0,0,3,2,0
2014-11-01,Everton,0,0,17,3,home,0,1,0,1,0,1
2014-11-09,Everton,1,1,16,7,away,0,1,0,1,0,0
2014-11-22,Everton,2,1,14,4,home,1,0,0,3,1,0
2014-11-30,Everton,1,2,10,5,away,0,0,1,0,-1,0
2014-12-03,Everton,1,1,13,5,home,0,1,0,1,0,0
2014-12-06,Everton,0,1,9,2,away,0,0,1,0,-1,0
2014-12-15,Everton,3,1,13,5,home,1,0,0,3,2,0
2014-12-20,Everton,0,3,13,4,away,0,0,1,0,-3,0
2014-12-26,Everton,0,1,16,5,home,0,0,1,0,-1,0
2014-12-28,Everton,2,3,9,2,away,0,0,1,0,-1,0
2015-01-01,Everton,0,2,9,3,away,0,0,1,0,-2,0
2015-01-10,Everton,1,1,11,4,home,0,1,0,1,0,0
2015-01-19,Everton,0,0,17,4,home,0,1,0,1,0,1
2015-01-31,Everton,1,0,14,2,away,1,0,0,3,1,1
2015-02-07,Everton,0,0,6,1,home,0,1,0,1,0,1
2015-02-11,Everton,0,1,7,4,away,0,0,1,0,-1,0
2015-02-22,Everton,2,2,18,3,home,0,1,0,1,0,0
2015-03-01,Everton,0,2,8,2,away,0,0,1,0,-2,0
2015-03-04,Everton,0,2,10,5,away,0,0,1,0,-2,0
2015-03-15,Everton,3,0,15,9,home,1,0,0,3,3,1
2015-03-22,Everton,2,1,8,3,away,1,0,0,3,1,0
2015-04-04,Everton,1,0,11,1,home,1,0,0,3,1,1
2015-04-11,Everton,1,1,12,8,away,0,1,0,1,0,0
2015-04-18,Everton,1,0,21,8,home,1,0,0,3,1,1
2015-04-26,Everton,3,0,9,7,home,1,0,0,3,3,1
2015-05-02,Everton,2,3,9,5,away,0,0,1,0,-1,0
2015-05-09,Everton,0,2,22,4,home,0,0,1,0,-2,0
2015-05-16,Everton,2,1,21,5,away,1,0,0,3,1,0
2015-05-24,Everton,0,1,9,1,home,0,0,1,0,-1,0
2015-08-08,Everton,2,2,10,5,home,0,1,0,1,0,0
2015-08-15,Everton,3,0,10,4,away,1,0,0,3,3,1
2015-08-23,Everton,0,2,10,1,home,0,0,1,0,-2,0
2015-08-29,Everton,0,0,8,3,away,0,1,0,1,0,1
2015-09-12,Everton,3,1,14,9,home,1,0,0,3,2,0
2015-09-19,Everton,0,0,17,2,away,0,1,0,1,0,1
2015-09-28,Everton,3,2,12,4,away,1,0,0,3,1,0
2015-10-04,Everton,1,1,14,4,home,0,1,0,1,0,0
2015-10-17,Everton,0,3,12,3,home,0,0,1,0,-3,0
2015-10-24,Everton,1,2,10,5,away,0,0,1,0,-1,0
2015-11-01,Everton,6,2,15,8,home,1,0,0,3,4,0
2015-11-07,Everton,1,1,13,4,away,0,1,0,1,0,0
2015-11-21,Everton,4,0,16,9,home,1,0,0,3,4,1
2015-11-28,Everton,3,3,11,6,away,0,1,0,1,0,0
2015-12-07,Everton,1,1,19,4,home,0,1,0,1,0,0
2015-12-12,Everton,1,1,15,3,away,0,1,0,1,0,0
2015-12-19,Everton,2,3,13,5,home,0,0,1,0,-1,0
2015-12-26,Everton,1,0,20,7,away,1,0,0,3,1,1
2015-12-28,Everton,3,4,15,3,home,0,0,1,0,-1,0
2016-01-03,Everton,1,1,12,3,home,0,1,0,1,0,0
2016-01-13,Everton,0,0,7,2,away,0,1,0,1,0,1
2016-01-16,Everton,3,3,9,4,away,0,1,0,1,0,0
2016-01-24,Everton,1,2,20,2,home,0,0,1,0,-1,0
2016-02-03,Everton,3,0,18,7,home,1,0,0,3,3,1
2016-02-06,Everton,3,0,14,6,away,1,0,0,3,3,1
2016-02-13,Everton,0,1,34,6,home,0,0,1,0,-1,0
2016-03-01,Everton,3,1,10,7,away,1,0,0,3,2,0
2016-03-05,Everton,2,3,15,8,home,0,0,1,0,-1,0
2016-03-19,Everton,0,2,8,2,home,0,0,1,0,-2,0
2016-04-03,Everton,0,1,7,1,away,0,0,1,0,-1,0
2016-04-09,Everton,1,1,12,7,away,0,1,0,1,0,0
2016-04-13,Everton,0,0,9,5,away,0,1,0,1,0,1
2016-04-16,Everton,1,1,7,2,home,0,1,0,1,0,0
2016-04-20,Everton,0,4,3,0,away,0,0,1,0,-4,0
2016-04-30,Everton,2,1,12,5,home,1,0,0,3,1,0
2016-05-07,Everton,1,3,9,5,away,0,0,1,0,-2,0
2016-05-11,Everton,0,3,17,6,away,0,0,1,0,-3,0
2016-05-15,Everton,3,0,15,8,home,1,0,0,3,3,1
2016-08-13,Everton,1,1,12,6,home,0,1,0,1,0,0
2016-08-20,Everton,2,1,13,7,away,1,0,0,3,1,0
2016-08-27,Everton,1,0,21,9,home,1,0,0,3,1,1
2016-09-12,Everton,3,0,20,9,away,1,0,0,3,3,1
2016-09-17,Everton,3,1,11,6,home,1,0,0,3,2,0
2016-09-24,Everton,0,1,13,2,away,0,0,1,0,-1,0
2016-09-30,Everton,1,1,13,3,home,0,1,0,1,0,0
2016-10-15,Everton,1,1,3,2,away,0,1,0,1,0,0
2016-10-22,Everton,1,2,20,8,away,0,0,1,0,-1,0
2016-10-30,Everton,2,0,17,6,home,1,0,0,3,2,1
2016-11-05,Everton,0,5,1,0,away,0,0,1,0,-5,0
2016-11-19,Everton,1,1,14,6,home,0,1,0,1,0,0
2016-11-27,Everton,0,1,13,1,away,0,0,1,0,-1,0
2016-12-04,Everton,1,1,13,6,home,0,1,0,1,0,0
2016-12-10,Everton,2,3,11,4,away,0,0,1,0,-1,0
2016-12-13,Everton,2,1,14,4,home,1,0,0,3,1,0
2016-12-19,Everton,0,1,6,1,home,0,0,1,0,-1,0
2016-12-26,Everton,2,0,8,3,away,1,0,0,3,2,1
2016-12-30,Everton,2,2,20,7,away,0,1,0,1,0,0
2017-01-02,Everton,3,0,17,6,home,1,0,0,3,3,1
2017-01-15,Everton,4,0,6,4,home,1,0,0,3,4,1
2017-01-21,Everton,1,0,16,8,away,1,0,0,3,1,1
2017-02-01,Everton,1,1,14,5,away,0,1,0,1,0,0
2017-02-04,Everton,6,3,15,10,home,1,0,0,3,3,0
2017-02-11,Everton,0,0,7,3,away,0,1,0,1,0,1
2017-02-25,Everton,2,0,20,8,home,1,0,0,3,2,1
2017-03-05,Everton,2,3,8,4,away,0,0,1,0,-1,0
2017-03-11,Everton,3,0,16,5,home,1,0,0,3,3,1
2017-03-18,Everton,4,0,14,8,home,1,0,0,3,4,1
2017-04-01,Everton,1,3,9,4,away,0,0,1,0,-2,0
2017-04-04,Everton,1,1,11,4,away,0,1,0,1,0,0
2017-04-09,Everton,4,2,12,7,home,1,0,0,3,2,0
2017-04-15,Everton,3,1,29,7,home,1,0,0,3,2,0
2017-04-22,Everton,0,0,4,0,away,0,1,0,1,0,1
2017-04-30,Everton,0,3,12,4,home,0,0,1,0,-3,0
2017-05-06,Everton,0,1,8,2,away,0,0,1,0,-1,0
2017-05-12,Everton,1,0,15,6,home,1,0,0,3,1,1
2017-05-21,Everton,1,3,22,7,away,0,0,1,0,-2,0
2017-08-12,Everton,1,0,9,4,home,1,0,0,3,1,1
2017-08-21,Everton,1,1,7,2,away,0,1,0,1,0,0
2017-08-27,Everton,0,2,7,0,away,0,0,1,0,-2,0
2017-09-09,Everton,0,3,12,1,home,0,0,1,0,-3,0
2017-09-17,Everton,0,4,7,3,away,0,0,1,0,-4,0
2017-09-23,Everton,2,1,12,4,home,1,0,0,3,1,0
2017-10-01,Everton,0,1,23,4,home,0,0,1,0,-1,0
2017-10-15,Everton,1,1,13,6,away,0,1,0,1,0,0
2017-10-22,Everton,2,5,8,3,home,0,0,1,0,-3,0
2017-10-29,Everton,0,2,16,2,away,0,0,1,0,-2,0
2017-11-05,Everton,3,2,10,5,home,1,0,0,3,1,0
2017-11-18,Everton,2,2,8,5,away,0,1,0,1,0,0
2017-11-26,Everton,1,4,5,2,away,0,0,1,0,-3,0
2017-11-29,Everton,4,0,8,5,home,1,0,0,3,4,1
2017-12-02,Everton,2,0,6,4,home,1,0,0,3,2,1
2017-12-10,Everton,1,1,3,2,away,0,1,0,1,0,0
2017-12-13,Everton,1,0,7,4,away,1,0,0,3,1,1
2017-12-18,Everton,3,1,12,7,home,1,0,0,3,2,0
2017-12-23,Everton,0,0,5,0,home,0,1,0,1,0,1
2017-12-26,Everton,0,0,7,3,away,0,1,0,1,0,1
2017-12-30,Everton,1,2,6,1,away,0,0,1,0,-1,0
2018-01-01,Everton,0,2,12,0,home,0,0,1,0,-2,0
2018-01-13,Everton,0,4,7,0,away,0,0,1,0,-4,0
2018-01-20,Everton,1,1,9,4,home,0,1,0,1,0,0
2018-01-31,Everton,2,1,9,4,home,1,0,0,3,1,0
2018-02-03,Everton,1,5,11,2,away,0,0,1,0,-4,0
2018-02-10,Everton,3,1,11,5,home,1,0,0,3,2,0
2018-02-24,Everton,0,1,7,2,away,0,0,1,0,-1,0
2018-03-03,Everton,1,2,10,4,away,0,0,1,0,-1,0
2018-03-10,Everton,2,0,13,3,home,1,0,0,3,2,1
2018-03-17,Everton,2,1,17,9,away,1,0,0,3,1,0
2018-03-31,Everton,1,3,6,2,home,0,0,1,0,-2,0
2018-04-07,Everton,0,0,6,1,home,0,1,0,1,0,1
2018-04-14,Everton,1,1,12,3,away,0,1,0,1,0,0
2018-04-23,Everton,1,0,9,1,home,1,0,0,3,1,1
2018-04-28,Everton,2,0,7,5,away,1,0,0,3,2,1
2018-05-05,Everton,1,1,9,3,home,0,1,0,1,0,0
2018-05-13,Everton,1,3,14,7,away,0,0,1,0,-2,0
2018-08-11,Everton,2,2,6,5,away,0,1,0,1,0,0
2018-08-18,Everton,2,1,13,7,home,1,0,0,3,1,0
2018-08-25,Everton,2,2,11,3,away,0,1,0,1,0,0
2018-09-01,Everton,1,1,11,1,home,0,1,0,1,0,0
2018-09-16,Everton,1,3,16,4,home,0,0,1,0,-2,0
2018-09-23,Everton,0,2,9,6,away,0,0,1,0,-2,0
2018-09-29,Everton,3,0,19,6,home,1,0,0,3,3,1
2018-10-06,Everton,2,1,17,8,away,1,0,0,3,1,0
2018-10-21,Everton,2,0,20,4,home,1,0,0,3,2,1
2018-10-28,Everton,1,2,14,6,away,0,0,1,0,-1,0
2018-11-03,Everton,3,1,14,3,home,1,0,0,3,2,0
2018-11-11,Everton,0,0,6,1,away,0,1,0,1,0,1
2018-11-24,Everton,1,0,16,8,home,1,0,0,3,1,1
2018-12-02,Everton,0,1,9,3,away,0,0,1,0,-1,0
2018-12-05,Everton,1,1,19,3,home,0,1,0,1,0,0
2018-12-10,Everton,2,2,12,5,home,0,1,0,1,0,0
2018-12-15,Everton,1,3,9,2,away,0,0,1,0,-2,0
2018-12-23,Everton,2,6,10,3,home,0,0,1,0,-4,0
2018-12-26,Everton,5,1,13,6,away,1,0,0,3,4,0
2018-12-29,Everton,0,1,13,4,away,0,0,1,0,-1,0
2019-01-01,Everton,0,1,17,2,home,0,0,1,0,-1,0
2019-01-13,Everton,2,0,15,3,home,1,0,0,3,2,1
2019-01-19,Everton,1,2,7,2,away,0,0,1,0,-1,0
2019-01-29,Everton,1,0,10,5,away,1,0,0,3,1,1
2019-02-02,Everton,1,3,13,4,home,0,0,1,0,-2,0
2019-02-06,Everton,0,2,4,1,home,0,0,1,0,-2,0
2019-02-09,Everton,0,1,9,4,away,0,0,1,0,-1,0
2019-02-26,Everton,3,0,12,4,away,1,0,0,3,3,1
2019-03-03,Everton,0,0,7,3,home,0,1,0,1,0,1
2019-03-09,Everton,2,3,7,3,away,0,0,1,0,-1,0
2019-03-17,Everton,2,0,15,8,home,1,0,0,3,2,1
2019-03-30,Everton,2,0,17,9,away,1,0,0,3,2,1
2019-04-07,Everton,1,0,23,6,home,1,0,0,3,1,1
2019-04-13,Everton,0,2,8,1,away,0,0,1,0,-2,0
2019-04-21,Everton,4,0,15,8,home,1,0,0,3,4,1
2019-04-27,Everton,0,0,22,3,away,0,1,0,1,0,1
2019-05-03,Everton,2,0,20,6,home,1,0,0,3,2,1
2019-05-12,Everton,2,2,17,9,away,0,1,0,1,0,0
2019-08-10,Everton,0,0,10,3,away,0,1,0,1,0,1
2019-08-17,Everton,1,0,12,2,home,1,0,0,3,1,1
2019-08-23,Everton,0,2,12,1,away,0,0,1,0,-2,0
2019-09-01,Everton,3,2,15,6,home,1,0,0,3,1,0
2019-09-15,Everton,1,3,14,5,away,0,0,1,0,-2,0
2019-09-21,Everton,0,2,16,3,home,0,0,1,0,-2,0
2019-09-28,Everton,1,3,12,8,home,0,0,1,0,-2,0
2019-10-05,Everton,0,1,11,2,away,0,0,1,0,-1,0
2019-10-19,Everton,2,0,19,10,home,1,0,0,3,2,1
2019-10-26,Everton,2,3,10,6,away,0,0,1,0,-1,0
2019-11-03,Everton,1,1,7,3,home,0,1,0,1,0,0
2019-11-09,Everton,2,1,24,5,away,1,0,0,3,1,0
2019-11-23,Everton,0,2,18,7,home,0,0,1,0,-2,0
2019-12-01,Everton,1,2,11,3,away,0,0,1,0,-1,0
2019-12-04,Everton,2,5,12,4,away,0,0,1,0,-3,0
2019-12-07,Everton,3,1,13,7,home,1,0,0,3,2,0
2019-12-15,Everton,1,1,8,3,away,0,1,0,1,0,0
2019-12-21,Everton,0,0,9,0,home,0,1,0,1,0,1
2019-12-26,Everton,1,0,21,5,home,1,0,0,3,1,1
2019-12-28,Everton,2,1,22,9,away,1,0,0,3,1,0
2020-01-01,Everton,1,2,7,2,away,0,0,1,0,-1,0
2020-01-11,Everton,1,0,14,6,home,1,0,0,3,1,1
2020-01-18,Everton,1,1,11,3,away,0,1,0,1,0,0
2020-01-21,Everton,2,2,17,8,home,0,1,0,1,0,0
2020-02-01,Everton,3,2,12,5,away,1,0,0,3,1,0
2020-02-08,Everton,3,1,14,8,home,1,0,0,3,2,0
2020-02-23,Everton,2,3,17,5,away,0,0,1,0,-1,0
2020-03-01,Everton,1,1,16,5,home,0,1,0,1,0,0
2020-03-08,Everton,0,4,3,1,away,0,0,1,0,-4,0
2020-06-21,Everton,0,0,9,3,home,0,1,0,1,0,1
2020-06-24,Everton,1,0,12,5,away,1,0,0,3,1,1
2020-07-01,Everton,2,1,7,2,home,1,0,0,3,1,0
2020-07-06,Everton,0,1,11,3,away,0,0,1,0,-1,0
2020-07-09,Everton,1,1,11,4,home,0,1,0,1,0,0
2020-07-12,Everton,0,3,6,2,away,0,0,1,0,-3,0
2020-07-16,Everton,1,1,9,1,home,0,1,0,1,0,0
2020-07-20,Everton,1,0,5,2,away,1,0,0,3,1,1
2020-07-26,Everton,1,3,13,5,home,0,0,1,0,-2,0
2020-09-13,Everton,1,0,15,4,away,1,0,0,3,1,1
2020-09-19,Everton,5,2,17,7,home,1,0,0,3,3,0
2020-09-26,Everton,2,1,10,5,away,1,0,0,3,1,0
2020-10-03,Everton,4,2,11,6,home,1,0,0,3,2,0
2020-10-17,Everton,2,2,11,5,home,0,1,0,1,0,0
2020-10-25,Everton,0,2,6,2,away,0,0,1,0,-2,0
2020-11-01,Everton,1,2,15,4,away,0,0,1,0,-1,0
2020-11-07,Everton,1,3,7,1,home,0,0,1,0,-2,0
2020-11-22,Everton,3,2,9,7,away,1,0,0,3,1,0
2020-11-28,Everton,0,1,15,8,home,0,0,1,0,-1,0
2020-12-05,Everton,1,1,13,6,away,0,1,0,1,0,0
2020-12-12,Everton,1,0,9,4,home,1,0,0,3,1,1
2020-12-16,Everton,2,0,11,6,away,1,0,0,3,2,1
2020-12-19,Everton,2,1,9,2,home,1,0,0,3,1,0
2020-12-26,Everton,1,0,7,3,away,1,0,0,3,1,1
2021-01-01,Everton,0,1,10,2,home,0,0,1,0,-1,0
2021-01-12,Everton,2,1,5,3,away,1,0,0,3,1,0
2021-01-27,Everton,1,1,8,2,home,0,1,0,1,0,0
2021-01-30,Everton,0,2,11,3,home,0,0,1,0,-2,0
2021-02-03,Everton,2,1,10,6,away,1,0,0,3,1,0
2021-02-06,Everton,3,3,6,3,away,0,1,0,1,0,0
2021-02-14,Everton,0,2,7,2,home,0,0,1,0,-2,0
2021-02-17,Everton,1,3,3,2,home,0,0,1,0,-2,0
2021-02-20,Everton,2,0,9,6,away,1,0,0,3,2,1
2021-03-01,Everton,1,0,7,1,home,1,0,0,3,1,1
2021-03-04,Everton,1,0,11,3,away,1,0,0,3,1,1
2021-03-08,Everton,0,2,7,1,away,0,0,1,0,-2,0
2021-03-13,Everton,1,2,14,4,home,0,0,1,0,-1,0
2021-04-05,Everton,1,1,15,7,home,0,1,0,1,0,0
2021-04-12,Everton,0,0,8,1,away,0,1,0,1,0,1
2021-04-16,Everton,2,2,18,7,home,0,1,0,1,0,0
2021-04-23,Everton,1,0,8,1,away,1,0,0,3,1,1
2021-05-01,Everton,1,2,16,3,home,0,0,1,0,-1,0
2021-05-09,Everton,1,0,9,3,away,1,0,0,3,1,1
2021-05-13,Everton,0,0,15,5,away,0,1,0,1,0,1
2021-05-16,Everton,0,1,16,6,home,0,0,1,0,-1,0
2021-05-19,Everton,1,0,14,4,home,1,0,0,3,1,1
2021-05-23,Everton,0,5,8,3,away,0,0,1,0,-5,0
2021-08-14,Everton,3,1,14,6,home,1,0,0,3,2,0
2021-08-21,Everton,2,2,17,8,away,0,1,0,1,0,0
2021-08-28,Everton,2,0,14,5,away,1,0,0,3,2,1
2021-09-13,Everton,3,1,14,6,home,1,0,0,3,2,0
2021-09-18,Everton,0,3,11,1,away,0,0,1,0,-3,0
2021-09-25,Everton,2,0,11,4,home,1,0,0,3,2,1
2021-10-02,Everton,1,1,12,2,away,0,1,0,1,0,0
2021-10-17,Everton,0,1,15,2,home,0,0,1,0,-1,0
2021-10-23,Everton,2,5,15,4,home,0,0,1,0,-3,0
2021-11-01,Everton,1,2,14,5,away,0,0,1,0,-1,0
2021-11-07,Everton,0,0,12,2,home,0,1,0,1,0,1
2021-11-21,Everton,0,3,4,1,away,0,0,1,0,-3,0
2021-11-28,Everton,0,1,14,5,away,0,0,1,0,-1,0
2021-12-01,Everton,1,4,8,2,home,0,0,1,0,-3,0
2021-12-06,Everton,2,1,11,5,home,1,0,0,3,1,0
2021-12-12,Everton,1,3,12,6,away,0,0,1,0,-2,0
2021-12-16,Everton,1,1,5,3,away,0,1,0,1,0,0
2022-01-02,Everton,2,3,17,6,home,0,0,1,0,-1,0
2022-01-15,Everton,1,2,12,5,away,0,0,1,0,-1,0
2022-01-22,Everton,0,1,15,1,home,0,0,1,0,-1,0
2022-02-08,Everton,1,3,11,3,away,0,0,1,0,-2,0
2022-02-12,Everton,3,0,21,10,home,1,0,0,3,3,1
2022-02-19,Everton,0,2,9,0,away,0,0,1,0,-2,0
2022-02-26,Everton,0,1,6,2,home,0,0,1,0,-1,0
2022-03-07,Everton,0,5,6,0,away,0,0,1,0,-5,0
2022-03-13,Everton,0,1,8,2,home,0,0,1,0,-1,0
2022-03-17,Everton,1,0,9,3,home,1,0,0,3,1,1
2022-04-03,Everton,1,2,13,2,away,0,0,1,0,-1,0
2022-04-06,Everton,2,3,16,4,away,0,0,1,0,-1,0
2022-04-09,Everton,1,0,7,3,home,1,0,0,3,1,1
2022-04-20,Everton,1,1,13,3,home,0,1,0,1,0,0
2022-04-24,Everton,0,2,9,1,away,0,0,1,0,-2,0
2022-05-01,Everton,1,0,9,4,home,1,0,0,3,1,1
2022-05-08,Everton,2,1,10,4,away,1,0,0,3,1,0
2022-05-11,Everton,0,0,16,5,away,0,1,0,1,0,1
2022-05-15,Everton,2,3,10,5,home,0,0,1,0,-1,0
2022-05-19,Everton,3,2,12,6,home,1,0,0,3,1,0
2022-05-22,Everton,1,5,6,2,away,0,0,1,0,-4,0
2022-08-06,Everton,0,1,8,4,home,0,0,1,0,-1,0
2022-08-13,Everton,1,2,15,4,away,0,0,1,0,-1,0
2022-08-20,Everton,1,1,19,8,home,0,1,0,1,0,0
2022-08-27,Everton,1,1,14,7,away,0,1,0,1,0,0
2022-08-30,Everton,1,1,7,2,away,0,1,0,1,0,0
2022-09-03,Everton,0,0,14,3,home,0,1,0,1,0,1
2022-09-18,Everton,1,0,7,2,home,1,0,0,3,1,1
2022-10-01,Everton,2,1,12,5,away,1,0,0,3,1,0
2022-10-09,Everton,1,2,11,2,home,0,0,1,0,-1,0
2022-10-15,Everton,0,2,4,0,away,0,0,1,0,-2,0
2022-10-19,Everton,0,1,1,0,away,0,0,1,0,-1,0
2022-10-22,Everton,3,0,9,6,home,1,0,0,3,3,1
2022-10-29,Everton,0,0,9,4,away,0,1,0,1,0,1
2022-11-05,Everton,0,2,12,2,home,0,0,1,0,-2,0
2022-11-12,Everton,0,3,15,3,away,0,0,1,0,-3,0
2022-12-26,Everton,1,2,12,6,home,0,0,1,0,-1,0
2022-12-31,Everton,1,1,2,1,away,0,1,0,1,0,0
2023-01-03,Everton,1,4,10,4,home,0,0,1,0,-3,0
2023-01-14,Everton,1,2,12,4,home,0,0,1,0,-1,0
2023-01-21,Everton,0,2,5,2,away,0,0,1,0,-2,0
2023-02-04,Everton,1,0,12,4,home,1,0,0,3,1,1
2023-02-13,Everton,0,2,6,1,away,0,0,1,0,-2,0
2023-02-18,Everton,1,0,15,6,home,1,0,0,3,1,1
2023-02-25,Everton,0,2,15,5,home,0,0,1,0,-2,0
2023-03-01,Everton,0,4,8,5,away,0,0,1,0,-4,0
2023-03-05,Everton,2,2,10,3,away,0,1,0,1,0,0
2023-03-11,Everton,1,0,13,6,home,1,0,0,3,1,1
2023-03-18,Everton,2,2,12,3,away,0,1,0,1,0,0
2023-04-03,Everton,1,1,15,6,home,0,1,0,1,0,0
2023-04-08,Everton,0,2,15,1,away,0,0,1,0,-2,0
2023-04-15,Everton,1,3,15,7,home,0,0,1,0,-2,0
2023-04-22,Everton,0,0,10,5,away,0,1,0,1,0,1
2023-04-27,Everton,1,4,13,5,home,0,0,1,0,-3,0
2023-05-01,Everton,2,2,23,8,away,0,1,0,1,0,0
2023-05-08,Everton,5,1,10,5,away,1,0,0,3,4,0
2023-05-14,Everton,0,3,7,3,home,0,0,1,0,-3,0
2023-05-20,Everton,1,1,19,4,away,0,1,0,1,0,0
2023-05-28,Everton,1,0,13,6,home,1,0,0,3,1,1
2023-08-12,Everton,0,1,19,9,home,0,0,1,0,-1,0
2023-08-20,Everton,0,4,9,2,away,0,0,1,0,-4,0
2023-08-26,Everton,0,1,15,7,home,0,0,1,0,-1,0
2023-09-02,Everton,2,2,16,6,away,0,1,0,1,0,0
2023-09-17,Everton,0,1,8,1,home,0,0,1,0,-1,0
2023-09-23,Everton,3,1,18,6,away,1,0,0,3,2,0
2023-09-30,Everton,1,2,23,5,home,0,0,1,0,-1,0
2023-10-07,Everton,3,0,25,8,home,1,0,0,3,3,1
2023-10-21,Everton,0,2,6,1,away,0,0,1,0,-2,0
2023-10-29,Everton,1,0,10,4,away,1,0,0,3,1,1
2023-11-04,Everton,1,1,10,4,home,0,1,0,1,0,0
2023-11-11,Everton,3,2,8,4,away,1,0,0,3,1,0
2023-11-26,Everton,0,3,24,6,home,0,0,1,0,-3,0
2023-12-02,Everton,1,0,12,3,away,1,0,0,3,1,1
2023-12-07,Everton,3,0,21,6,home,1,0,0,3,3,1
2023-12-10,Everton,2,0,9,5,home,1,0,0,3,2,1
2023-12-16,Everton,2,0,9,6,away,1,0,0,3,2,1
2023-12-23,Everton,1,2,18,8,away,0,0,1,0,-1,0
2023-12-27,Everton,1,3,7,2,home,0,0,1,0,-2,0
2023-12-30,Everton,0,3,10,0,away,0,0,1,0,-3,0
2024-01-14,Everton,0,0,10,2,home,0,1,0,1,0,1
2024-01-30,Everton,0,0,21,4,away,0,1,0,1,0,1
2024-02-03,Everton,2,2,14,5,home,0,1,0,1,0,0
2024-02-10,Everton,0,2,5,1,away,0,0,1,0,-2,0
2024-02-19,Everton,1,1,19,4,home,0,1,0,1,0,0
2024-02-24,Everton,1,1,6,3,away,0,1,0,1,0,0
2024-03-02,Everton,1,3,22,11,home,0,0,1,0,-2,0
2024-03-09,Everton,0,2,23,6,away,0,0,1,0,-2,0
2024-03-30,Everton,1,2,7,3,away,0,0,1,0,-1,0
2024-04-02,Everton,1,1,10,3,away,0,1,0,1,0,0
2024-04-06,Everton,1,0,12,3,home,1,0,0,3,1,1
2024-04-15,Everton,0,6,10,2,away,0,0,1,0,-6,0
2024-04-21,Everton,2,0,7,4,home,1,0,0,3,2,1
2024-04-24,Everton,2,0,16,6,home,1,0,0,3,2,1
2024-04-27,Everton,1,0,18,1,home,1,0,0,3,1,1
2024-05-03,Everton,1,1,10,3,away,0,1,0,1,0,0
2024-05-11,Everton,1,0,15,6,home,1,0,0,3,1,1
2024-05-19,Everton,1,2,5,2,away,0,0,1,0,-1,0
2024-08-17,Everton,0,3,9,1,home,0,0,1,0,-3,0
2024-08-24,Everton,0,4,10,1,away,0,0,1,0,-4,0
2024-08-31,Everton,2,3,18,8,home,0,0,1,0,-1,0
2024-09-14,Everton,2,3,6,2,away,0,0,1,0,-1,0
2024-09-21,Everton,1,1,16,5,away,0,1,0,1,0,0
2024-09-28,Everton,2,1,8,2,home,1,0,0,3,1,0
2024-10-05,Everton,0,0,8,2,home,0,1,0,1,0,1
2024-10-19,Everton,2,0,11,8,away,1,0,0,3,2,1
2024-10-26,Everton,1,1,10,5,home,0,1,0,1,0,0
2024-11-02,Everton,0,1,16,5,away,0,0,1,0,-1,0
2024-11-09,Everton,0,0,18,4,away,0,1,0,1,0,1
2024-11-23,Everton,0,0,27,5,home,0,1,0,1,0,1
2024-12-01,Everton,0,4,8,2,away,0,0,1,0,-4,0
2024-12-04,Everton,4,0,13,4,home,1,0,0,3,4,1
2024-12-14,Everton,0,0,2,0,away,0,1,0,1,0,1
2024-12-22,Everton,0,0,5,4,home,0,1,0,1,0,1
2024-12-26,Everton,1,1,8,3,away,0,1,0,1,0,0
2024-12-29,Everton,0,2,13,2,home,0,0,1,0,-2,0
2025-01-04,Everton,0,1,9,0,away,0,0,1,0,-1,0
2025-01-15,Everton,0,1,10,3,home,0,0,1,0,-1,0
2025-01-19,Everton,3,2,12,6,home,1,0,0,3,1,0
2025-01-25,Everton,1,0,3,1,away,1,0,0,3,1,1
2025-02-01,Everton,4,0,13,7,home,1,0,0,3,4,1
2025-02-12,Everton,2,2,10,3,home,0,1,0,1,0,0
2025-02-15,Everton,2,1,11,6,away,1,0,0,3,1,0
2025-02-22,Everton,2,2,9,8,home,0,1,0,1,0,0
2025-02-26,Everton,1,1,14,4,away,0,1,0,1,0,0
2025-03-08,Everton,1,1,12,4,away,0,1,0,1,0,0
2025-03-15,Everton,1,1,13,5,home,0,1,0,1,0,0
2025-04-02,Everton,0,1,5,0,away,0,0,1,0,-1,0
2025-04-05,Everton,1,1,5,2,home,0,1,0,1,0,0
2025-04-12,Everton,1,0,13,5,away,1,0,0,3,1,1
2025-04-19,Everton,0,2,8,3,home,0,0,1,0,-2,0
2025-04-26,Everton,0,1,6,3,away,0,0,1,0,-1,0
2025-05-03,Everton,2,2,8,3,home,0,1,0,1,0,0
2025-05-10,Everton,3,1,11,7,away,1,0,0,3,2,0
2025-05-18,Everton,2,0,13,5,home,1,0,0,3,2,1
2025-05-25,Everton,1,0,14,6,away,1,0,0,3,1,1
2025-08-18,Everton,0,1,7,1,away,0,0,1,0,-1,0
2025-08-24,Everton,2,0,11,3,home,1,0,0,3,2,1
2025-08-30,Everton,3,2,10,4,away,1,0,0,3,1,0
2025-09-13,Everton,0,0,20,2,home,0,1,0,1,0,1
2025-09-20,Everton,1,2,9,2,away,0,0,1,0,-1,0
2025-09-29,Everton,1,1,12,6,home,0,1,0,1,0,0
2025-10-05,Everton,2,1,14,7,home,1,0,0,3,1,0
2025-10-18,Everton,0,2,5,1,away,0,0,1,0,-2,0
2025-10-26,Everton,0,3,12,2,home,0,0,1,0,-3,0
2025-11-03,Everton,1,1,8,2,away,0,1,0,1,0,0
2025-11-08,Everton,2,0,14,5,home,1,0,0,3,2,1
2025-11-24,Everton,1,0,3,1,away,1,0,0,3,1,1
2025-11-29,Everton,1,4,10,2,home,0,0,1,0,-3,0
2025-12-02,Everton,1,0,13,3,away,1,0,0,3,1,1
2025-12-06,Everton,3,0,11,5,home,1,0,0,3,3,1
2025-12-13,Everton,0,2,11,2,away,0,0,1,0,-2,0
2025-12-20,Everton,0,1,5,1,home,0,0,1,0,-1,0
2025-12-27,Everton,0,0,15,6,away,0,1,0,1,0,1
2025-12-30,Everton,2,0,11,3,away,1,0,0,3,2,1
2026-01-04,Everton,2,4,14,6,home,0,0,1,0,-2,0
2026-01-07,Everton,1,1,13,2,home,0,1,0,1,0,0
2026-01-18,Everton,1,0,9,3,away,1,0,0,3,1,1
2026-01-26,Everton,1,1,10,3,home,0,1,0,1,0,0
2026-01-31,Everton,1,1,7,4,away,0,1,0,1,0,0
2026-02-07,Everton,2,1,16,3,away,1,0,0,3,1,0
2026-02-10,Everton,1,2,16,6,home,0,0,1,0,-1,0
2026-02-23,Everton,0,1,12,4,home,0,0,1,0,-1,0
2026-02-28,Everton,3,2,9,5,away,1,0,0,3,1,0
2026-03-03,Everton,2,0,14,5,home,1,0,0,3,2,1
2026-03-14,Everton,0,2,9,3,away,0,0,1,0,-2,0
2026-03-21,Everton,3,0,10,9,home,1,0,0,3,3,1
2010-08-14,Fulham,0,0,12,7,away,0,1,0,1,0,1
2010-08-22,Fulham,2,2,16,8,home,0,1,0,1,0,0
2010-08-28,Fulham,2,2,12,7,away,0,1,0,1,0,0
2010-09-11,Fulham,2,1,13,6,home,1,0,0,3,1,0
2010-09-18,Fulham,1,1,9,4,away,0,1,0,1,0,0
2010-09-25,Fulham,0,0,12,2,home,0,1,0,1,0,1
2010-10-02,Fulham,1,1,17,5,away,0,1,0,1,0,0
2010-10-16,Fulham,1,2,11,5,home,0,0,1,0,-1,0
2010-10-23,Fulham,1,2,9,3,away,0,0,1,0,-1,0
2010-10-30,Fulham,2,0,15,9,home,1,0,0,3,2,1
2010-11-06,Fulham,1,1,14,10,home,0,1,0,1,0,0
2010-11-10,Fulham,0,1,5,3,away,0,0,1,0,-1,0
2010-11-13,Fulham,0,0,10,8,away,0,1,0,1,0,1
2010-11-21,Fulham,1,4,9,3,home,0,0,1,0,-3,0
2010-11-27,Fulham,1,1,11,7,home,0,1,0,1,0,0
2010-12-04,Fulham,1,2,11,7,away,0,0,1,0,-1,0
2010-12-11,Fulham,0,0,14,13,home,0,1,0,1,0,1
2010-12-26,Fulham,1,3,13,6,home,0,0,1,0,-2,0
2010-12-28,Fulham,2,0,4,3,away,1,0,0,3,2,1
2011-01-01,Fulham,0,1,12,4,away,0,0,1,0,-1,0
2011-01-04,Fulham,3,0,12,6,home,1,0,0,3,3,1
2011-01-15,Fulham,1,1,14,5,away,0,1,0,1,0,0
2011-01-22,Fulham,2,0,10,7,home,1,0,0,3,2,1
2011-01-26,Fulham,0,1,12,8,away,0,0,1,0,-1,0
2011-02-02,Fulham,1,0,11,9,home,1,0,0,3,1,1
2011-02-05,Fulham,2,2,13,9,away,0,1,0,1,0,0
2011-02-14,Fulham,0,0,12,8,home,0,1,0,1,0,1
2011-02-27,Fulham,1,1,11,5,away,0,1,0,1,0,0
2011-03-05,Fulham,3,2,15,11,home,1,0,0,3,1,0
2011-03-19,Fulham,1,2,12,6,away,0,0,1,0,-1,0
2011-04-03,Fulham,3,0,13,11,home,1,0,0,3,3,1
2011-04-09,Fulham,0,2,12,5,away,0,0,1,0,-2,0
2011-04-23,Fulham,1,1,15,5,away,0,1,0,1,0,0
2011-04-27,Fulham,3,0,18,7,home,1,0,0,3,3,1
2011-04-30,Fulham,3,0,9,6,away,1,0,0,3,3,1
2011-05-09,Fulham,2,5,10,7,home,0,0,1,0,-3,0
2011-05-15,Fulham,2,0,18,9,away,1,0,0,3,2,1
2011-05-22,Fulham,2,2,10,6,home,0,1,0,1,0,0
2011-08-13,Fulham,0,0,13,9,home,0,1,0,1,0,1
2011-08-21,Fulham,0,2,8,4,away,0,0,1,0,-2,0
2011-08-28,Fulham,1,2,16,9,away,0,0,1,0,-1,0
2011-09-11,Fulham,1,1,13,8,home,0,1,0,1,0,0
2011-09-18,Fulham,2,2,14,11,home,0,1,0,1,0,0
2011-09-24,Fulham,0,0,18,9,away,0,1,0,1,0,1
2011-10-02,Fulham,6,0,19,13,home,1,0,0,3,6,1
2011-10-15,Fulham,0,2,4,1,away,0,0,1,0,-2,0
2011-10-23,Fulham,1,3,15,8,home,0,0,1,0,-2,0
2011-10-29,Fulham,2,0,7,5,away,1,0,0,3,2,1
2011-11-06,Fulham,1,3,26,20,home,0,0,1,0,-2,0
2011-11-19,Fulham,0,0,13,9,away,0,1,0,1,0,1
2011-11-26,Fulham,1,1,10,6,away,0,1,0,1,0,0
2011-12-05,Fulham,1,0,19,13,home,1,0,0,3,1,1
2011-12-10,Fulham,0,2,12,7,away,0,0,1,0,-2,0
2011-12-17,Fulham,2,0,16,9,home,1,0,0,3,2,1
2011-12-21,Fulham,0,5,13,8,home,0,0,1,0,-5,0
2011-12-26,Fulham,1,1,9,6,away,0,1,0,1,0,0
2011-12-31,Fulham,1,1,11,6,away,0,1,0,1,0,0
2012-01-02,Fulham,2,1,21,8,home,1,0,0,3,1,0
2012-01-14,Fulham,1,3,17,7,away,0,0,1,0,-2,0
2012-01-21,Fulham,5,2,10,7,home,1,0,0,3,3,0
2012-02-01,Fulham,1,1,13,6,home,0,1,0,1,0,0
2012-02-04,Fulham,0,3,11,8,away,0,0,1,0,-3,0
2012-02-11,Fulham,2,1,11,4,home,1,0,0,3,1,0
2012-02-25,Fulham,1,0,7,3,away,1,0,0,3,1,1
2012-03-04,Fulham,5,0,25,19,home,1,0,0,3,5,1
2012-03-10,Fulham,0,1,5,1,away,0,0,1,0,-1,0
2012-03-17,Fulham,0,3,14,7,home,0,0,1,0,-3,0
2012-03-26,Fulham,0,1,5,4,away,0,0,1,0,-1,0
2012-03-31,Fulham,2,1,14,9,home,1,0,0,3,1,0
2012-04-07,Fulham,3,0,11,8,away,1,0,0,3,3,1
2012-04-09,Fulham,1,1,11,9,home,0,1,0,1,0,0
2012-04-21,Fulham,2,1,15,9,home,1,0,0,3,1,0
2012-04-28,Fulham,0,4,6,5,away,0,0,1,0,-4,0
2012-05-01,Fulham,1,0,7,4,away,1,0,0,3,1,1
2012-05-06,Fulham,2,1,20,15,home,1,0,0,3,1,0
2012-05-13,Fulham,0,2,10,7,away,0,0,1,0,-2,0
2012-08-18,Fulham,5,0,11,9,home,1,0,0,3,5,1
2012-08-25,Fulham,2,3,14,11,away,0,0,1,0,-1,0
2012-09-01,Fulham,0,3,14,13,away,0,0,1,0,-3,0
2012-09-15,Fulham,3,0,23,14,home,1,0,0,3,3,1
2012-09-22,Fulham,2,1,12,9,away,1,0,0,3,1,0
2012-09-29,Fulham,1,2,7,3,home,0,0,1,0,-1,0
2012-10-07,Fulham,2,2,14,5,away,0,1,0,1,0,0
2012-10-20,Fulham,1,0,17,8,home,1,0,0,3,1,1
2012-10-27,Fulham,3,3,16,8,away,0,1,0,1,0,0
2012-11-03,Fulham,2,2,8,5,home,0,1,0,1,0,0
2012-11-10,Fulham,3,3,9,5,away,0,1,0,1,0,0
2012-11-18,Fulham,1,3,18,13,home,0,0,1,0,-2,0
2012-11-24,Fulham,0,1,8,5,away,0,0,1,0,-1,0
2012-11-28,Fulham,0,0,8,7,away,0,1,0,1,0,1
2012-12-01,Fulham,0,3,8,2,home,0,0,1,0,-3,0
2012-12-10,Fulham,2,1,16,7,home,1,0,0,3,1,0
2012-12-15,Fulham,1,2,6,3,away,0,0,1,0,-1,0
2012-12-22,Fulham,0,4,7,6,away,0,0,1,0,-4,0
2012-12-26,Fulham,1,1,10,2,home,0,1,0,1,0,0
2012-12-29,Fulham,1,2,22,13,home,0,0,1,0,-1,0
2013-01-01,Fulham,2,1,10,5,away,1,0,0,3,1,0
2013-01-12,Fulham,1,1,14,5,home,0,1,0,1,0,0
2013-01-19,Fulham,0,2,3,0,away,0,0,1,0,-2,0
2013-01-30,Fulham,3,1,13,6,home,1,0,0,3,2,0
2013-02-02,Fulham,0,1,15,8,home,0,0,1,0,-1,0
2013-02-09,Fulham,0,0,7,5,away,0,1,0,1,0,1
2013-02-23,Fulham,1,0,20,9,home,1,0,0,3,1,1
2013-03-02,Fulham,2,2,7,4,away,0,1,0,1,0,0
2013-03-17,Fulham,1,0,6,2,away,1,0,0,3,1,1
2013-04-01,Fulham,3,2,9,5,home,1,0,0,3,1,0
2013-04-07,Fulham,0,1,5,3,away,0,0,1,0,-1,0
2013-04-13,Fulham,1,1,8,3,away,0,1,0,1,0,0
2013-04-17,Fulham,0,3,11,7,home,0,0,1,0,-3,0
2013-04-20,Fulham,0,1,7,5,home,0,0,1,0,-1,0
2013-04-27,Fulham,0,1,6,2,away,0,0,1,0,-1,0
2013-05-04,Fulham,2,4,18,13,home,0,0,1,0,-2,0
2013-05-12,Fulham,1,3,10,8,home,0,0,1,0,-2,0
2013-05-19,Fulham,3,0,8,6,away,1,0,0,3,3,1
2013-08-17,Fulham,1,0,5,1,away,1,0,0,3,1,1
2013-08-24,Fulham,1,3,16,7,home,0,0,1,0,-2,0
2013-08-31,Fulham,0,1,3,2,away,0,0,1,0,-1,0
2013-09-14,Fulham,1,1,12,2,home,0,1,0,1,0,0
2013-09-21,Fulham,0,2,4,1,away,0,0,1,0,-2,0
2013-09-28,Fulham,1,2,9,5,home,0,0,1,0,-1,0
2013-10-05,Fulham,1,0,9,2,home,1,0,0,3,1,1
2013-10-21,Fulham,4,1,9,6,away,1,0,0,3,3,0
2013-10-26,Fulham,0,2,1,0,away,0,0,1,0,-2,0
2013-11-02,Fulham,1,3,15,6,home,0,0,1,0,-2,0
2013-11-09,Fulham,0,4,4,1,away,0,0,1,0,-4,0
2013-11-23,Fulham,1,2,9,3,home,0,0,1,0,-1,0
2013-11-30,Fulham,0,3,10,0,away,0,0,1,0,-3,0
2013-12-04,Fulham,1,2,16,6,home,0,0,1,0,-1,0
2013-12-08,Fulham,2,0,22,10,home,1,0,0,3,2,1
2013-12-14,Fulham,1,4,16,3,away,0,0,1,0,-3,0
2013-12-21,Fulham,2,4,12,5,home,0,0,1,0,-2,0
2013-12-26,Fulham,2,1,15,7,away,1,0,0,3,1,0
2013-12-28,Fulham,0,6,5,2,away,0,0,1,0,-6,0
2014-01-01,Fulham,2,1,30,11,home,1,0,0,3,1,0
2014-01-11,Fulham,1,4,17,5,home,0,0,1,0,-3,0
2014-01-18,Fulham,0,2,8,2,away,0,0,1,0,-2,0
2014-01-28,Fulham,0,2,15,4,away,0,0,1,0,-2,0
2014-02-01,Fulham,0,3,8,4,home,0,0,1,0,-3,0
2014-02-09,Fulham,2,2,6,3,away,0,1,0,1,0,0
2014-02-12,Fulham,2,3,10,3,home,0,0,1,0,-1,0
2014-02-22,Fulham,1,1,7,3,away,0,1,0,1,0,0
2014-03-01,Fulham,1,3,7,3,home,0,0,1,0,-2,0
2014-03-08,Fulham,1,3,14,6,away,0,0,1,0,-2,0
2014-03-15,Fulham,1,0,12,3,home,1,0,0,3,1,1
2014-03-22,Fulham,0,5,6,0,away,0,0,1,0,-5,0
2014-03-30,Fulham,1,3,23,8,home,0,0,1,0,-2,0
2014-04-05,Fulham,2,1,16,8,away,1,0,0,3,1,0
2014-04-12,Fulham,1,0,14,3,home,1,0,0,3,1,1
2014-04-19,Fulham,1,3,11,4,away,0,0,1,0,-2,0
2014-04-26,Fulham,2,2,10,3,home,0,1,0,1,0,0
2014-05-03,Fulham,1,4,10,2,away,0,0,1,0,-3,0
2014-05-11,Fulham,2,2,15,5,home,0,1,0,1,0,0
2018-08-11,Fulham,0,2,15,6,home,0,0,1,0,-2,0
2018-08-18,Fulham,1,3,10,3,away,0,0,1,0,-2,0
2018-08-26,Fulham,4,2,25,12,home,1,0,0,3,2,0
2018-09-01,Fulham,2,2,10,5,away,0,1,0,1,0,0
2018-09-15,Fulham,0,3,9,3,away,0,0,1,0,-3,0
2018-09-22,Fulham,1,1,15,3,home,0,1,0,1,0,0
2018-09-29,Fulham,0,3,6,0,away,0,0,1,0,-3,0
2018-10-07,Fulham,1,5,21,4,home,0,0,1,0,-4,0
2018-10-20,Fulham,2,4,9,4,away,0,0,1,0,-2,0
2018-10-27,Fulham,0,3,11,1,home,0,0,1,0,-3,0
2018-11-05,Fulham,0,1,7,1,away,0,0,1,0,-1,0
2018-11-11,Fulham,0,2,8,3,away,0,0,1,0,-2,0
2018-11-24,Fulham,3,2,10,5,home,1,0,0,3,1,0
2018-12-02,Fulham,0,2,9,4,away,0,0,1,0,-2,0
2018-12-05,Fulham,1,1,25,7,home,0,1,0,1,0,0
2018-12-08,Fulham,1,4,10,4,away,0,0,1,0,-3,0
2018-12-15,Fulham,0,2,16,4,home,0,0,1,0,-2,0
2018-12-22,Fulham,0,0,4,2,away,0,1,0,1,0,1
2018-12-26,Fulham,1,1,11,9,home,0,1,0,1,0,0
2018-12-29,Fulham,1,0,14,5,home,1,0,0,3,1,1
2019-01-01,Fulham,1,4,9,4,away,0,0,1,0,-3,0
2019-01-12,Fulham,1,2,12,4,away,0,0,1,0,-1,0
2019-01-20,Fulham,1,2,12,4,home,0,0,1,0,-1,0
2019-01-29,Fulham,4,2,24,7,home,1,0,0,3,2,0
2019-02-02,Fulham,0,2,8,0,away,0,0,1,0,-2,0
2019-02-09,Fulham,0,3,15,3,home,0,0,1,0,-3,0
2019-02-22,Fulham,1,3,8,5,away,0,0,1,0,-2,0
2019-02-27,Fulham,0,2,14,4,away,0,0,1,0,-2,0
2019-03-03,Fulham,1,2,12,5,home,0,0,1,0,-1,0
2019-03-09,Fulham,1,3,6,3,away,0,0,1,0,-2,0
2019-03-17,Fulham,1,2,7,2,home,0,0,1,0,-1,0
2019-03-30,Fulham,0,2,5,0,home,0,0,1,0,-2,0
2019-04-02,Fulham,1,4,17,7,away,0,0,1,0,-3,0
2019-04-13,Fulham,2,0,12,5,home,1,0,0,3,2,1
2019-04-20,Fulham,1,0,17,5,away,1,0,0,3,1,1
2019-04-27,Fulham,1,0,8,2,home,1,0,0,3,1,1
2019-05-04,Fulham,0,1,6,2,away,0,0,1,0,-1,0
2019-05-12,Fulham,0,4,16,2,home,0,0,1,0,-4,0
2020-09-12,Fulham,0,3,5,2,home,0,0,1,0,-3,0
2020-09-19,Fulham,3,4,14,6,away,0,0,1,0,-1,0
2020-09-28,Fulham,0,3,16,3,home,0,0,1,0,-3,0
2020-10-04,Fulham,0,1,10,2,away,0,0,1,0,-1,0
2020-10-18,Fulham,1,1,15,6,away,0,1,0,1,0,0
2020-10-24,Fulham,1,2,16,3,home,0,0,1,0,-1,0
2020-11-02,Fulham,2,0,13,6,home,1,0,0,3,2,1
2020-11-07,Fulham,0,1,13,3,away,0,0,1,0,-1,0
2020-11-22,Fulham,2,3,14,6,home,0,0,1,0,-1,0
2020-11-30,Fulham,2,1,10,5,away,1,0,0,3,1,0
2020-12-05,Fulham,0,2,6,1,away,0,0,1,0,-2,0
2020-12-13,Fulham,1,1,10,5,home,0,1,0,1,0,0
2020-12-16,Fulham,0,0,9,4,home,0,1,0,1,0,1
2020-12-19,Fulham,1,1,11,4,away,0,1,0,1,0,0
2020-12-26,Fulham,0,0,10,1,home,0,1,0,1,0,1
2021-01-13,Fulham,1,1,15,4,away,0,1,0,1,0,0
2021-01-16,Fulham,0,1,10,3,home,0,0,1,0,-1,0
2021-01-20,Fulham,1,2,12,5,home,0,0,1,0,-1,0
2021-01-27,Fulham,0,0,10,3,away,0,1,0,1,0,1
2021-01-30,Fulham,2,2,12,7,away,0,1,0,1,0,0
2021-02-03,Fulham,0,2,8,1,home,0,0,1,0,-2,0
2021-02-06,Fulham,0,0,20,2,home,0,1,0,1,0,1
2021-02-14,Fulham,2,0,12,3,away,1,0,0,3,2,1
2021-02-17,Fulham,1,1,8,3,away,0,1,0,1,0,0
2021-02-20,Fulham,1,0,15,7,home,1,0,0,3,1,1
2021-02-28,Fulham,0,0,16,4,away,0,1,0,1,0,1
2021-03-04,Fulham,0,1,11,3,home,0,0,1,0,-1,0
2021-03-07,Fulham,1,0,10,3,away,1,0,0,3,1,1
2021-03-13,Fulham,0,3,3,0,home,0,0,1,0,-3,0
2021-03-19,Fulham,1,2,13,6,home,0,0,1,0,-1,0
2021-04-04,Fulham,1,3,15,7,away,0,0,1,0,-2,0
2021-04-09,Fulham,0,1,14,3,home,0,0,1,0,-1,0
2021-04-18,Fulham,1,1,3,1,away,0,1,0,1,0,0
2021-05-01,Fulham,0,2,10,3,away,0,0,1,0,-2,0
2021-05-10,Fulham,0,2,21,3,home,0,0,1,0,-2,0
2021-05-15,Fulham,1,3,10,3,away,0,0,1,0,-2,0
2021-05-18,Fulham,1,1,8,5,away,0,1,0,1,0,0
2021-05-23,Fulham,0,2,14,0,home,0,0,1,0,-2,0
2022-08-06,Fulham,2,2,9,3,home,0,1,0,1,0,0
2022-08-13,Fulham,0,0,9,3,away,0,1,0,1,0,1
2022-08-20,Fulham,3,2,18,9,home,1,0,0,3,1,0
2022-08-27,Fulham,1,2,11,3,away,0,0,1,0,-1,0
2022-08-30,Fulham,2,1,10,3,home,1,0,0,3,1,0
2022-09-03,Fulham,1,2,9,3,away,0,0,1,0,-1,0
2022-09-16,Fulham,3,2,15,7,away,1,0,0,3,1,0
2022-10-01,Fulham,1,4,3,1,home,0,0,1,0,-3,0
2022-10-09,Fulham,1,3,8,2,away,0,0,1,0,-2,0
2022-10-15,Fulham,2,2,19,4,home,0,1,0,1,0,0
2022-10-20,Fulham,3,0,18,8,home,1,0,0,3,3,1
2022-10-23,Fulham,3,2,11,5,away,1,0,0,3,1,0
2022-10-29,Fulham,0,0,24,6,home,0,1,0,1,0,1
2022-11-05,Fulham,1,2,4,2,away,0,0,1,0,-1,0
2022-11-13,Fulham,1,2,14,7,home,0,0,1,0,-1,0
2022-12-26,Fulham,3,0,23,11,away,1,0,0,3,3,1
2022-12-31,Fulham,2,1,8,2,home,1,0,0,3,1,0
2023-01-03,Fulham,1,0,11,2,away,1,0,0,3,1,1
2023-01-12,Fulham,2,1,8,3,home,1,0,0,3,1,0
2023-01-15,Fulham,0,1,5,0,away,0,0,1,0,-1,0
2023-01-23,Fulham,0,1,10,5,home,0,0,1,0,-1,0
2023-02-03,Fulham,0,0,10,4,away,0,1,0,1,0,1
2023-02-11,Fulham,2,0,16,3,home,1,0,0,3,2,1
2023-02-18,Fulham,1,0,5,2,away,1,0,0,3,1,1
2023-02-24,Fulham,1,1,10,5,home,0,1,0,1,0,0
2023-03-06,Fulham,2,3,9,5,away,0,0,1,0,-1,0
2023-03-12,Fulham,0,3,12,2,home,0,0,1,0,-3,0
2023-04-01,Fulham,1,2,10,2,away,0,0,1,0,-1,0
2023-04-08,Fulham,0,1,16,3,home,0,0,1,0,-1,0
2023-04-15,Fulham,3,1,21,7,away,1,0,0,3,2,0
2023-04-22,Fulham,2,1,12,5,home,1,0,0,3,1,0
2023-04-25,Fulham,0,1,1,0,away,0,0,1,0,-1,0
2023-04-30,Fulham,1,2,4,1,home,0,0,1,0,-1,0
2023-05-03,Fulham,0,1,9,3,away,0,0,1,0,-1,0
2023-05-08,Fulham,5,3,17,7,home,1,0,0,3,2,0
2023-05-13,Fulham,2,0,9,4,away,1,0,0,3,2,1
2023-05-20,Fulham,2,2,11,4,home,0,1,0,1,0,0
2023-05-28,Fulham,1,2,10,3,away,0,0,1,0,-1,0
2023-08-12,Fulham,1,0,9,2,away,1,0,0,3,1,1
2023-08-19,Fulham,0,3,10,2,home,0,0,1,0,-3,0
2023-08-26,Fulham,2,2,8,3,away,0,1,0,1,0,0
2023-09-02,Fulham,1,5,6,4,away,0,0,1,0,-4,0
2023-09-16,Fulham,1,0,13,2,home,1,0,0,3,1,1
2023-09-23,Fulham,0,0,10,5,away,0,1,0,1,0,1
2023-10-02,Fulham,0,2,10,3,home,0,0,1,0,-2,0
2023-10-07,Fulham,3,1,20,6,home,1,0,0,3,2,0
2023-10-23,Fulham,0,2,10,3,away,0,0,1,0,-2,0
2023-10-29,Fulham,1,1,10,5,away,0,1,0,1,0,0
2023-11-04,Fulham,0,1,18,3,home,0,0,1,0,-1,0
2023-11-12,Fulham,1,3,9,5,away,0,0,1,0,-2,0
2023-11-27,Fulham,3,2,12,6,home,1,0,0,3,1,0
2023-12-03,Fulham,3,4,9,5,away,0,0,1,0,-1,0
2023-12-06,Fulham,5,0,14,6,home,1,0,0,3,5,1
2023-12-10,Fulham,5,0,14,8,home,1,0,0,3,5,1
2023-12-16,Fulham,0,3,6,4,away,0,0,1,0,-3,0
2023-12-23,Fulham,0,2,19,5,home,0,0,1,0,-2,0
2023-12-26,Fulham,0,3,8,3,away,0,0,1,0,-3,0
2023-12-31,Fulham,2,1,15,4,home,1,0,0,3,1,0
2024-01-13,Fulham,0,1,14,4,away,0,0,1,0,-1,0
2024-01-30,Fulham,0,0,25,6,home,0,1,0,1,0,1
2024-02-03,Fulham,2,2,15,7,away,0,1,0,1,0,0
2024-02-10,Fulham,3,1,7,6,home,1,0,0,3,2,0
2024-02-17,Fulham,1,2,15,4,home,0,0,1,0,-1,0
2024-02-24,Fulham,2,1,17,5,away,1,0,0,3,1,0
2024-03-02,Fulham,3,0,12,5,home,1,0,0,3,3,1
2024-03-09,Fulham,1,2,23,6,away,0,0,1,0,-1,0
2024-03-16,Fulham,3,0,16,7,home,1,0,0,3,3,1
2024-03-30,Fulham,3,3,24,9,away,0,1,0,1,0,0
2024-04-02,Fulham,1,3,18,3,away,0,0,1,0,-2,0
2024-04-06,Fulham,0,1,14,4,home,0,0,1,0,-1,0
2024-04-14,Fulham,2,0,18,10,away,1,0,0,3,2,1
2024-04-21,Fulham,1,3,12,5,home,0,0,1,0,-2,0
2024-04-27,Fulham,1,1,9,2,home,0,1,0,1,0,0
2024-05-04,Fulham,0,0,15,3,away,0,1,0,1,0,1
2024-05-11,Fulham,0,4,1,1,home,0,0,1,0,-4,0
2024-05-19,Fulham,4,2,15,7,away,1,0,0,3,2,0
2024-08-16,Fulham,0,1,10,2,away,0,0,1,0,-1,0
2024-08-24,Fulham,2,1,18,6,home,1,0,0,3,1,0
2024-08-31,Fulham,1,1,9,4,away,0,1,0,1,0,0
2024-09-14,Fulham,1,1,21,5,home,0,1,0,1,0,0
2024-09-21,Fulham,3,1,22,11,home,1,0,0,3,2,0
2024-09-28,Fulham,1,0,14,2,away,1,0,0,3,1,1
2024-10-05,Fulham,2,3,11,4,away,0,0,1,0,-1,0
2024-10-19,Fulham,1,3,10,4,home,0,0,1,0,-2,0
2024-10-26,Fulham,1,1,14,3,away,0,1,0,1,0,0
2024-11-04,Fulham,2,1,26,12,home,1,0,0,3,1,0
2024-11-09,Fulham,2,0,17,7,away,1,0,0,3,2,1
2024-11-23,Fulham,1,4,10,3,home,0,0,1,0,-3,0
2024-12-01,Fulham,1,1,14,6,away,0,1,0,1,0,0
2024-12-05,Fulham,3,1,6,2,home,1,0,0,3,2,0
2024-12-08,Fulham,1,1,2,2,home,0,1,0,1,0,0
2024-12-14,Fulham,2,2,12,3,away,0,1,0,1,0,0
2024-12-22,Fulham,0,0,16,5,home,0,1,0,1,0,1
2024-12-26,Fulham,2,1,14,7,away,1,0,0,3,1,0
2024-12-29,Fulham,2,2,11,6,home,0,1,0,1,0,0
2025-01-05,Fulham,2,2,15,4,home,0,1,0,1,0,0
2025-01-14,Fulham,2,3,21,5,away,0,0,1,0,-1,0
2025-01-18,Fulham,2,0,17,2,away,1,0,0,3,2,1
2025-01-26,Fulham,0,1,9,3,home,0,0,1,0,-1,0
2025-02-01,Fulham,2,1,15,4,away,1,0,0,3,1,0
2025-02-15,Fulham,2,1,24,10,home,1,0,0,3,1,0
2025-02-22,Fulham,0,2,10,0,home,0,0,1,0,-2,0
2025-02-25,Fulham,2,1,11,5,away,1,0,0,3,1,0
2025-03-08,Fulham,1,2,6,1,away,0,0,1,0,-1,0
2025-03-16,Fulham,2,0,13,4,home,1,0,0,3,2,1
2025-04-01,Fulham,1,2,9,3,away,0,0,1,0,-1,0
2025-04-06,Fulham,3,2,12,6,home,1,0,0,3,1,0
2025-04-14,Fulham,0,1,12,7,away,0,0,1,0,-1,0
2025-04-20,Fulham,1,2,6,1,home,0,0,1,0,-1,0
2025-04-26,Fulham,2,1,26,5,away,1,0,0,3,1,0
2025-05-03,Fulham,0,1,11,3,away,0,0,1,0,-1,0
2025-05-10,Fulham,1,3,18,6,home,0,0,1,0,-2,0
2025-05-18,Fulham,3,2,16,7,away,1,0,0,3,1,0
2025-05-25,Fulham,0,2,13,3,home,0,0,1,0,-2,0
2025-08-16,Fulham,1,1,7,2,away,0,1,0,1,0,0
2025-08-24,Fulham,1,1,13,4,home,0,1,0,1,0,0
2025-08-30,Fulham,0,2,11,3,away,0,0,1,0,-2,0
2025-09-13,Fulham,1,0,5,3,home,1,0,0,3,1,1
2025-09-20,Fulham,3,1,14,3,home,1,0,0,3,2,0
2025-09-28,Fulham,1,3,11,4,away,0,0,1,0,-2,0
2025-10-03,Fulham,1,3,12,4,away,0,0,1,0,-2,0
2025-10-18,Fulham,0,1,9,0,home,0,0,1,0,-1,0
2025-10-25,Fulham,1,2,12,5,away,0,0,1,0,-1,0
2025-11-01,Fulham,3,0,19,6,home,1,0,0,3,3,1
2025-11-08,Fulham,0,2,8,4,away,0,0,1,0,-2,0
2025-11-22,Fulham,1,0,24,6,home,1,0,0,3,1,1
2025-11-29,Fulham,2,1,7,3,away,1,0,0,3,1,0
2025-12-02,Fulham,4,5,12,6,home,0,0,1,0,-1,0
2025-12-07,Fulham,1,2,12,4,home,0,0,1,0,-1,0
2025-12-13,Fulham,3,2,6,4,away,1,0,0,3,1,0
2025-12-22,Fulham,1,0,11,1,home,1,0,0,3,1,1
2025-12-27,Fulham,1,0,15,4,away,1,0,0,3,1,1
2026-01-01,Fulham,1,1,17,5,away,0,1,0,1,0,0
2026-01-04,Fulham,2,2,8,2,home,0,1,0,1,0,0
2026-01-07,Fulham,2,1,16,5,home,1,0,0,3,1,0
2026-01-17,Fulham,0,1,8,1,away,0,0,1,0,-1,0
2026-01-24,Fulham,2,1,12,4,home,1,0,0,3,1,0
2026-02-01,Fulham,2,3,14,6,away,0,0,1,0,-1,0
2026-02-07,Fulham,1,2,13,3,home,0,0,1,0,-1,0
2026-02-11,Fulham,0,3,14,3,away,0,0,1,0,-3,0
2026-02-22,Fulham,3,1,12,4,away,1,0,0,3,2,0
2026-03-01,Fulham,2,1,18,4,home,1,0,0,3,1,0
2026-03-04,Fulham,0,1,13,5,home,0,0,1,0,-1,0
2026-03-15,Fulham,0,0,5,0,away,0,1,0,1,0,1
2026-03-21,Fulham,3,1,22,6,home,1,0,0,3,2,0
2017-08-12,Huddersfield,3,0,8,6,away,1,0,0,3,3,1
2017-08-20,Huddersfield,1,0,7,3,home,1,0,0,3,1,1
2017-08-26,Huddersfield,0,0,16,6,home,0,1,0,1,0,1
2017-09-11,Huddersfield,0,2,10,2,away,0,0,1,0,-2,0
2017-09-16,Huddersfield,1,1,15,3,home,0,1,0,1,0,0
2017-09-23,Huddersfield,0,0,9,2,away,0,1,0,1,0,1
2017-09-30,Huddersfield,0,4,6,1,home,0,0,1,0,-4,0
2017-10-14,Huddersfield,0,2,7,2,away,0,0,1,0,-2,0
2017-10-21,Huddersfield,2,1,5,3,home,1,0,0,3,1,0
2017-10-28,Huddersfield,0,3,1,0,away,0,0,1,0,-3,0
2017-11-04,Huddersfield,1,0,7,3,home,1,0,0,3,1,1
2017-11-18,Huddersfield,0,4,20,3,away,0,0,1,0,-4,0
2017-11-26,Huddersfield,1,2,4,0,home,0,0,1,0,-1,0
2017-11-29,Huddersfield,0,5,7,2,away,0,0,1,0,-5,0
2017-12-02,Huddersfield,0,2,5,3,away,0,0,1,0,-2,0
2017-12-09,Huddersfield,2,0,19,6,home,1,0,0,3,2,1
2017-12-12,Huddersfield,1,3,7,2,home,0,0,1,0,-2,0
2017-12-16,Huddersfield,4,1,15,9,away,1,0,0,3,3,0
2017-12-23,Huddersfield,1,1,10,3,away,0,1,0,1,0,0
2017-12-26,Huddersfield,1,1,18,8,home,0,1,0,1,0,0
2017-12-30,Huddersfield,0,0,3,1,home,0,1,0,1,0,1
2018-01-01,Huddersfield,0,3,6,1,away,0,0,1,0,-3,0
2018-01-13,Huddersfield,1,4,8,2,home,0,0,1,0,-3,0
2018-01-20,Huddersfield,0,2,6,3,away,0,0,1,0,-2,0
2018-01-30,Huddersfield,0,3,5,1,home,0,0,1,0,-3,0
2018-02-03,Huddersfield,0,2,4,0,away,0,0,1,0,-2,0
2018-02-11,Huddersfield,4,1,15,4,home,1,0,0,3,3,0
2018-02-24,Huddersfield,2,1,16,7,away,1,0,0,3,1,0
2018-03-03,Huddersfield,0,2,3,3,away,0,0,1,0,-2,0
2018-03-10,Huddersfield,0,0,30,4,home,0,1,0,1,0,1
2018-03-17,Huddersfield,0,2,6,2,home,0,0,1,0,-2,0
2018-03-31,Huddersfield,0,1,4,0,away,0,0,1,0,-1,0
2018-04-07,Huddersfield,1,1,14,5,away,0,1,0,1,0,0
2018-04-14,Huddersfield,1,0,9,1,home,1,0,0,3,1,1
2018-04-28,Huddersfield,0,2,9,2,home,0,0,1,0,-2,0
2018-05-06,Huddersfield,0,0,5,3,away,0,1,0,1,0,1
2018-05-09,Huddersfield,1,1,3,2,away,0,1,0,1,0,0
2018-05-13,Huddersfield,0,1,18,3,home,0,0,1,0,-1,0
2018-08-11,Huddersfield,0,3,6,1,home,0,0,1,0,-3,0
2018-08-19,Huddersfield,1,6,5,1,away,0,0,1,0,-5,0
2018-08-25,Huddersfield,0,0,5,1,home,0,1,0,1,0,1
2018-09-01,Huddersfield,1,1,9,6,away,0,1,0,1,0,0
2018-09-15,Huddersfield,0,1,15,2,home,0,0,1,0,-1,0
2018-09-22,Huddersfield,1,3,9,2,away,0,0,1,0,-2,0
2018-09-29,Huddersfield,0,2,9,5,home,0,0,1,0,-2,0
2018-10-06,Huddersfield,1,1,19,2,away,0,1,0,1,0,0
2018-10-20,Huddersfield,0,1,13,1,home,0,0,1,0,-1,0
2018-10-27,Huddersfield,0,3,13,7,away,0,0,1,0,-3,0
2018-11-05,Huddersfield,1,0,10,2,home,1,0,0,3,1,1
2018-11-10,Huddersfield,1,1,15,7,home,0,1,0,1,0,0
2018-11-25,Huddersfield,2,0,14,6,away,1,0,0,3,2,1
2018-12-01,Huddersfield,1,2,7,2,home,0,0,1,0,-1,0
2018-12-04,Huddersfield,1,2,23,6,away,0,0,1,0,-1,0
2018-12-08,Huddersfield,0,1,6,0,away,0,0,1,0,-1,0
2018-12-15,Huddersfield,0,1,15,5,home,0,0,1,0,-1,0
2018-12-22,Huddersfield,1,3,16,5,home,0,0,1,0,-2,0
2018-12-26,Huddersfield,1,3,10,2,away,0,0,1,0,-2,0
2018-12-29,Huddersfield,0,1,9,5,away,0,0,1,0,-1,0
2019-01-02,Huddersfield,1,2,9,2,home,0,0,1,0,-1,0
2019-01-12,Huddersfield,0,0,14,2,away,0,1,0,1,0,1
2019-01-20,Huddersfield,0,3,5,2,home,0,0,1,0,-3,0
2019-01-29,Huddersfield,0,1,10,2,home,0,0,1,0,-1,0
2019-02-02,Huddersfield,0,5,5,2,away,0,0,1,0,-5,0
2019-02-09,Huddersfield,1,2,15,6,home,0,0,1,0,-1,0
2019-02-23,Huddersfield,0,2,3,1,away,0,0,1,0,-2,0
2019-02-26,Huddersfield,1,0,15,3,home,1,0,0,3,1,1
2019-03-02,Huddersfield,0,1,6,4,away,0,0,1,0,-1,0
2019-03-09,Huddersfield,0,2,8,1,home,0,0,1,0,-2,0
2019-03-16,Huddersfield,3,4,15,5,away,0,0,1,0,-1,0
2019-03-30,Huddersfield,0,2,15,5,away,0,0,1,0,-2,0
2019-04-06,Huddersfield,1,4,10,4,home,0,0,1,0,-3,0
2019-04-13,Huddersfield,0,4,7,1,away,0,0,1,0,-4,0
2019-04-20,Huddersfield,1,2,13,3,home,0,0,1,0,-1,0
2019-04-26,Huddersfield,0,5,5,1,away,0,0,1,0,-5,0
2019-05-05,Huddersfield,1,1,7,3,home,0,1,0,1,0,0
2019-05-12,Huddersfield,1,1,10,3,away,0,1,0,1,0,0
2013-08-18,Hull,0,2,7,2,away,0,0,1,0,-2,0
2013-08-24,Hull,1,0,6,1,home,1,0,0,3,1,1
2013-08-31,Hull,0,2,7,2,away,0,0,1,0,-2,0
2013-09-14,Hull,1,1,18,5,home,0,1,0,1,0,0
2013-09-21,Hull,3,2,12,5,away,1,0,0,3,1,0
2013-09-28,Hull,1,0,9,2,home,1,0,0,3,1,1
2013-10-05,Hull,0,0,6,1,home,0,1,0,1,0,1
2013-10-19,Hull,1,2,9,1,away,0,0,1,0,-1,0
2013-10-27,Hull,0,1,10,4,away,0,0,1,0,-1,0
2013-11-02,Hull,1,0,25,2,home,1,0,0,3,1,1
2013-11-09,Hull,1,4,10,2,away,0,0,1,0,-3,0
2013-11-23,Hull,0,1,15,2,home,0,0,1,0,-1,0
2013-12-01,Hull,3,1,12,4,home,1,0,0,3,2,0
2013-12-04,Hull,0,2,7,2,away,0,0,1,0,-2,0
2013-12-09,Hull,1,1,9,2,away,0,1,0,1,0,0
2013-12-14,Hull,0,0,13,4,home,0,1,0,1,0,1
2013-12-21,Hull,1,1,6,3,away,0,1,0,1,0,0
2013-12-26,Hull,2,3,17,5,home,0,0,1,0,-1,0
2013-12-28,Hull,6,0,21,13,home,1,0,0,3,6,1
2014-01-01,Hull,0,2,10,0,away,0,0,1,0,-2,0
2014-01-11,Hull,0,2,10,2,home,0,0,1,0,-2,0
2014-01-18,Hull,0,1,10,0,away,0,0,1,0,-1,0
2014-01-28,Hull,0,1,13,4,away,0,0,1,0,-1,0
2014-02-01,Hull,1,1,9,4,home,0,1,0,1,0,0
2014-02-08,Hull,2,0,25,9,away,1,0,0,3,2,1
2014-02-11,Hull,0,1,12,4,home,0,0,1,0,-1,0
2014-02-22,Hull,4,0,12,6,away,1,0,0,3,4,1
2014-03-01,Hull,1,4,13,3,home,0,0,1,0,-3,0
2014-03-15,Hull,0,2,15,5,home,0,0,1,0,-2,0
2014-03-22,Hull,2,0,12,5,home,1,0,0,3,2,1
2014-03-26,Hull,1,2,10,3,away,0,0,1,0,-1,0
2014-03-29,Hull,0,1,5,3,away,0,0,1,0,-1,0
2014-04-05,Hull,1,0,8,4,home,1,0,0,3,1,1
2014-04-20,Hull,0,3,13,4,home,0,0,1,0,-3,0
2014-04-26,Hull,2,2,8,4,away,0,1,0,1,0,0
2014-05-03,Hull,1,3,7,2,away,0,0,1,0,-2,0
2014-05-06,Hull,1,3,2,2,away,0,0,1,0,-2,0
2014-05-11,Hull,0,2,12,3,home,0,0,1,0,-2,0
2014-08-16,Hull,1,0,11,4,away,1,0,0,3,1,1
2014-08-24,Hull,1,1,9,2,home,0,1,0,1,0,0
2014-08-31,Hull,1,2,9,3,away,0,0,1,0,-1,0
2014-09-15,Hull,2,2,11,6,home,0,1,0,1,0,0
2014-09-20,Hull,2,2,10,3,away,0,1,0,1,0,0
2014-09-27,Hull,2,4,10,5,home,0,0,1,0,-2,0
2014-10-04,Hull,2,0,15,2,home,1,0,0,3,2,1
2014-10-18,Hull,2,2,4,4,away,0,1,0,1,0,0
2014-10-25,Hull,0,0,6,3,away,0,1,0,1,0,1
2014-11-01,Hull,0,1,8,1,home,0,0,1,0,-1,0
2014-11-08,Hull,0,1,12,1,away,0,0,1,0,-1,0
2014-11-23,Hull,1,2,10,2,home,0,0,1,0,-1,0
2014-11-29,Hull,0,3,4,2,away,0,0,1,0,-3,0
2014-12-03,Hull,1,1,8,1,away,0,1,0,1,0,0
2014-12-06,Hull,0,0,12,2,home,0,1,0,1,0,1
2014-12-13,Hull,0,2,8,0,away,0,0,1,0,-2,0
2014-12-20,Hull,0,1,11,3,home,0,0,1,0,-1,0
2014-12-26,Hull,3,1,13,5,away,1,0,0,3,2,0
2014-12-28,Hull,0,1,18,5,home,0,0,1,0,-1,0
2015-01-01,Hull,2,0,14,5,home,1,0,0,3,2,1
2015-01-10,Hull,0,1,12,2,away,0,0,1,0,-1,0
2015-01-18,Hull,0,3,9,3,away,0,0,1,0,-3,0
2015-01-31,Hull,0,3,13,8,home,0,0,1,0,-3,0
2015-02-07,Hull,1,1,7,3,away,0,1,0,1,0,0
2015-02-10,Hull,2,0,10,4,home,1,0,0,3,2,1
2015-02-21,Hull,2,1,16,6,home,1,0,0,3,1,0
2015-02-28,Hull,0,1,1,0,away,0,0,1,0,-1,0
2015-03-03,Hull,1,1,15,5,home,0,1,0,1,0,0
2015-03-14,Hull,0,0,12,5,away,0,1,0,1,0,1
2015-03-22,Hull,2,3,19,8,home,0,0,1,0,-1,0
2015-04-04,Hull,1,3,10,1,away,0,0,1,0,-2,0
2015-04-11,Hull,0,2,15,4,away,0,0,1,0,-2,0
2015-04-25,Hull,2,0,21,7,away,1,0,0,3,2,1
2015-04-28,Hull,1,0,7,4,home,1,0,0,3,1,1
2015-05-04,Hull,1,3,8,1,home,0,0,1,0,-2,0
2015-05-09,Hull,0,1,21,3,home,0,0,1,0,-1,0
2015-05-16,Hull,0,2,14,2,away,0,0,1,0,-2,0
2015-05-24,Hull,0,0,16,6,home,0,1,0,1,0,1
2016-08-13,Hull,2,1,14,5,home,1,0,0,3,1,0
2016-08-20,Hull,2,0,12,4,away,1,0,0,3,2,1
2016-08-27,Hull,0,1,8,2,home,0,0,1,0,-1,0
2016-09-10,Hull,1,1,11,3,away,0,1,0,1,0,0
2016-09-17,Hull,1,4,6,2,home,0,0,1,0,-3,0
2016-09-24,Hull,1,5,2,1,away,0,0,1,0,-4,0
2016-10-01,Hull,0,2,8,3,home,0,0,1,0,-2,0
2016-10-15,Hull,1,6,11,4,away,0,0,1,0,-5,0
2016-10-22,Hull,0,2,9,2,home,0,0,1,0,-2,0
2016-10-29,Hull,0,1,8,2,away,0,0,1,0,-1,0
2016-11-06,Hull,2,1,6,2,home,1,0,0,3,1,0
2016-11-19,Hull,0,3,17,7,away,0,0,1,0,-3,0
2016-11-26,Hull,1,1,10,4,home,0,1,0,1,0,0
2016-12-05,Hull,0,1,6,2,away,0,0,1,0,-1,0
2016-12-10,Hull,3,3,15,6,home,0,1,0,1,0,0
2016-12-14,Hull,0,3,10,5,away,0,0,1,0,-3,0
2016-12-17,Hull,0,1,16,5,away,0,0,1,0,-1,0
2016-12-26,Hull,0,3,10,3,home,0,0,1,0,-3,0
2016-12-30,Hull,2,2,13,4,home,0,1,0,1,0,0
2017-01-02,Hull,1,3,17,6,away,0,0,1,0,-2,0
2017-01-14,Hull,3,1,14,3,home,1,0,0,3,2,0
2017-01-22,Hull,0,2,9,4,away,0,0,1,0,-2,0
2017-02-01,Hull,0,0,6,2,away,0,1,0,1,0,1
2017-02-04,Hull,2,0,7,4,home,1,0,0,3,2,1
2017-02-11,Hull,0,2,9,4,away,0,0,1,0,-2,0
2017-02-25,Hull,1,1,15,1,home,0,1,0,1,0,0
2017-03-04,Hull,1,3,10,4,away,0,0,1,0,-2,0
2017-03-11,Hull,2,1,15,7,home,1,0,0,3,1,0
2017-03-18,Hull,0,4,6,0,away,0,0,1,0,-4,0
2017-04-01,Hull,2,1,7,3,home,1,0,0,3,1,0
2017-04-05,Hull,4,2,17,5,home,1,0,0,3,2,0
2017-04-08,Hull,1,3,6,1,away,0,0,1,0,-2,0
2017-04-15,Hull,1,3,14,3,away,0,0,1,0,-2,0
2017-04-22,Hull,2,0,8,3,home,1,0,0,3,2,1
2017-04-29,Hull,0,0,9,1,away,0,1,0,1,0,1
2017-05-06,Hull,0,2,16,6,home,0,0,1,0,-2,0
2017-05-14,Hull,0,4,9,0,away,0,0,1,0,-4,0
2017-05-21,Hull,1,7,10,4,home,0,0,1,0,-6,0
2024-08-17,Ipswich,0,2,7,2,home,0,0,1,0,-2,0
2024-08-24,Ipswich,1,4,1,1,away,0,0,1,0,-3,0
2024-08-31,Ipswich,1,1,11,4,home,0,1,0,1,0,0
2024-09-14,Ipswich,0,0,6,1,away,0,1,0,1,0,1
2024-09-21,Ipswich,1,1,13,6,away,0,1,0,1,0,0
2024-09-29,Ipswich,2,2,15,5,home,0,1,0,1,0,0
2024-10-05,Ipswich,1,4,9,2,away,0,0,1,0,-3,0
2024-10-19,Ipswich,0,2,13,2,home,0,0,1,0,-2,0
2024-10-26,Ipswich,3,4,11,5,away,0,0,1,0,-1,0
2024-11-02,Ipswich,1,1,14,2,home,0,1,0,1,0,0
2024-11-10,Ipswich,2,1,8,3,away,1,0,0,3,1,0
2024-11-24,Ipswich,1,1,11,6,home,0,1,0,1,0,0
2024-11-30,Ipswich,0,1,7,3,away,0,0,1,0,-1,0
2024-12-03,Ipswich,0,1,9,2,home,0,0,1,0,-1,0
2024-12-08,Ipswich,1,2,18,5,home,0,0,1,0,-1,0
2024-12-14,Ipswich,2,1,10,5,away,1,0,0,3,1,0
2024-12-21,Ipswich,0,4,10,2,home,0,0,1,0,-4,0
2024-12-27,Ipswich,0,1,3,0,away,0,0,1,0,-1,0
2024-12-30,Ipswich,2,0,9,6,home,1,0,0,3,2,1
2025-01-05,Ipswich,2,2,7,3,away,0,1,0,1,0,0
2025-01-16,Ipswich,0,2,5,3,home,0,0,1,0,-2,0
2025-01-19,Ipswich,0,6,8,4,home,0,0,1,0,-6,0
2025-01-25,Ipswich,1,4,3,3,away,0,0,1,0,-3,0
2025-02-01,Ipswich,1,2,15,6,home,0,0,1,0,-1,0
2025-02-15,Ipswich,1,1,4,3,away,0,1,0,1,0,0
2025-02-22,Ipswich,1,4,17,5,home,0,0,1,0,-3,0
2025-02-26,Ipswich,2,3,12,3,away,0,0,1,0,-1,0
2025-03-08,Ipswich,0,1,15,8,away,0,0,1,0,-1,0
2025-03-15,Ipswich,2,4,11,4,home,0,0,1,0,-2,0
2025-04-02,Ipswich,2,1,10,2,away,1,0,0,3,1,0
2025-04-05,Ipswich,1,2,6,2,home,0,0,1,0,-1,0
2025-04-13,Ipswich,2,2,13,4,away,0,1,0,1,0,0
2025-04-20,Ipswich,0,4,4,0,home,0,0,1,0,-4,0
2025-04-26,Ipswich,0,3,4,0,away,0,0,1,0,-3,0
2025-05-03,Ipswich,2,2,12,5,away,0,1,0,1,0,0
2025-05-10,Ipswich,0,1,11,4,home,0,0,1,0,-1,0
2025-05-18,Ipswich,0,2,20,2,away,0,0,1,0,-2,0
2025-05-25,Ipswich,1,3,14,4,home,0,0,1,0,-2,0
2020-09-12,Leeds,3,4,6,3,away,0,0,1,0,-1,0
2020-09-19,Leeds,4,3,10,7,home,1,0,0,3,1,0
2020-09-27,Leeds,1,0,17,9,away,1,0,0,3,1,1
2020-10-03,Leeds,1,1,12,7,home,0,1,0,1,0,0
2020-10-19,Leeds,0,1,13,2,home,0,0,1,0,-1,0
2020-10-23,Leeds,3,0,27,9,away,1,0,0,3,3,1
2020-11-02,Leeds,1,4,11,4,home,0,0,1,0,-3,0
2020-11-07,Leeds,1,4,9,3,away,0,0,1,0,-3,0
2020-11-22,Leeds,0,0,25,4,home,0,1,0,1,0,1
2020-11-28,Leeds,1,0,23,7,away,1,0,0,3,1,1
2020-12-05,Leeds,1,3,8,3,away,0,0,1,0,-2,0
2020-12-11,Leeds,1,2,13,7,home,0,0,1,0,-1,0
2020-12-16,Leeds,5,2,25,10,home,1,0,0,3,3,0
2020-12-20,Leeds,2,6,17,3,away,0,0,1,0,-4,0
2020-12-27,Leeds,1,0,11,4,home,1,0,0,3,1,1
2020-12-29,Leeds,5,0,14,6,away,1,0,0,3,5,1
2021-01-02,Leeds,0,3,18,5,away,0,0,1,0,-3,0
2021-01-16,Leeds,0,1,7,2,home,0,0,1,0,-1,0
2021-01-26,Leeds,2,1,9,2,away,1,0,0,3,1,0
2021-01-31,Leeds,3,1,8,7,away,1,0,0,3,2,0
2021-02-03,Leeds,1,2,16,7,home,0,0,1,0,-1,0
2021-02-08,Leeds,2,0,17,7,home,1,0,0,3,2,1
2021-02-14,Leeds,2,4,9,5,away,0,0,1,0,-2,0
2021-02-19,Leeds,0,1,18,7,away,0,0,1,0,-1,0
2021-02-23,Leeds,3,0,11,7,home,1,0,0,3,3,1
2021-02-27,Leeds,0,1,13,3,home,0,0,1,0,-1,0
2021-03-08,Leeds,0,2,17,2,away,0,0,1,0,-2,0
2021-03-13,Leeds,0,0,7,4,home,0,1,0,1,0,1
2021-03-19,Leeds,2,1,13,4,away,1,0,0,3,1,0
2021-04-03,Leeds,2,1,23,8,home,1,0,0,3,1,0
2021-04-10,Leeds,2,1,2,2,away,1,0,0,3,1,0
2021-04-19,Leeds,1,1,12,5,home,0,1,0,1,0,0
2021-04-25,Leeds,0,0,6,3,home,0,1,0,1,0,1
2021-05-01,Leeds,0,2,11,2,away,0,0,1,0,-2,0
2021-05-08,Leeds,3,1,16,7,home,1,0,0,3,2,0
2021-05-15,Leeds,4,0,16,6,away,1,0,0,3,4,1
2021-05-18,Leeds,2,0,15,7,away,1,0,0,3,2,1
2021-05-23,Leeds,3,1,17,9,home,1,0,0,3,2,0
2021-08-14,Leeds,1,5,10,3,away,0,0,1,0,-4,0
2021-08-21,Leeds,2,2,17,4,home,0,1,0,1,0,0
2021-08-29,Leeds,1,1,12,2,away,0,1,0,1,0,0
2021-09-12,Leeds,0,3,9,4,home,0,0,1,0,-3,0
2021-09-17,Leeds,1,1,22,9,away,0,1,0,1,0,0
2021-09-25,Leeds,1,2,15,5,home,0,0,1,0,-1,0
2021-10-02,Leeds,1,0,20,4,home,1,0,0,3,1,1
2021-10-16,Leeds,0,1,3,0,away,0,0,1,0,-1,0
2021-10-23,Leeds,1,1,18,4,home,0,1,0,1,0,0
2021-10-31,Leeds,2,1,13,6,away,1,0,0,3,1,0
2021-11-07,Leeds,1,1,18,5,home,0,1,0,1,0,0
2021-11-21,Leeds,1,2,18,7,away,0,0,1,0,-1,0
2021-11-27,Leeds,0,0,11,4,away,0,1,0,1,0,1
2021-11-30,Leeds,1,0,15,3,home,1,0,0,3,1,1
2021-12-05,Leeds,2,2,13,6,home,0,1,0,1,0,0
2021-12-11,Leeds,2,3,12,5,away,0,0,1,0,-1,0
2021-12-14,Leeds,0,7,6,3,away,0,0,1,0,-7,0
2021-12-18,Leeds,1,4,9,2,home,0,0,1,0,-3,0
2022-01-02,Leeds,3,1,22,7,home,1,0,0,3,2,0
2022-01-16,Leeds,3,2,18,5,away,1,0,0,3,1,0
2022-01-22,Leeds,0,1,13,4,home,0,0,1,0,-1,0
2022-02-09,Leeds,3,3,16,8,away,0,1,0,1,0,0
2022-02-12,Leeds,0,3,7,0,away,0,0,1,0,-3,0
2022-02-20,Leeds,2,4,16,6,home,0,0,1,0,-2,0
2022-02-23,Leeds,0,6,3,2,away,0,0,1,0,-6,0
2022-02-26,Leeds,0,4,19,3,home,0,0,1,0,-4,0
2022-03-05,Leeds,0,1,19,4,away,0,0,1,0,-1,0
2022-03-10,Leeds,0,3,4,1,home,0,0,1,0,-3,0
2022-03-13,Leeds,2,1,13,7,home,1,0,0,3,1,0
2022-03-18,Leeds,3,2,15,6,away,1,0,0,3,1,0
2022-04-02,Leeds,1,1,12,3,home,0,1,0,1,0,0
2022-04-09,Leeds,3,0,10,5,away,1,0,0,3,3,1
2022-04-25,Leeds,0,0,9,2,away,0,1,0,1,0,1
2022-04-30,Leeds,0,4,7,2,home,0,0,1,0,-4,0
2022-05-08,Leeds,1,2,3,2,away,0,0,1,0,-1,0
2022-05-11,Leeds,0,3,5,0,home,0,0,1,0,-3,0
2022-05-15,Leeds,1,1,19,5,home,0,1,0,1,0,0
2022-05-22,Leeds,2,1,14,6,away,1,0,0,3,1,0
2022-08-06,Leeds,2,1,12,4,home,1,0,0,3,1,0
2022-08-13,Leeds,2,2,13,5,away,0,1,0,1,0,0
2022-08-21,Leeds,3,0,12,6,home,1,0,0,3,3,1
2022-08-27,Leeds,0,1,10,2,away,0,0,1,0,-1,0
2022-08-30,Leeds,1,1,14,5,home,0,1,0,1,0,0
2022-09-03,Leeds,2,5,17,6,away,0,0,1,0,-3,0
2022-10-02,Leeds,0,0,9,1,home,0,1,0,1,0,1
2022-10-09,Leeds,1,2,10,4,away,0,0,1,0,-1,0
2022-10-16,Leeds,0,1,16,4,home,0,0,1,0,-1,0
2022-10-20,Leeds,0,2,14,2,away,0,0,1,0,-2,0
2022-10-23,Leeds,2,3,14,5,home,0,0,1,0,-1,0
2022-10-29,Leeds,2,1,14,6,away,1,0,0,3,1,0
2022-11-05,Leeds,4,3,18,4,home,1,0,0,3,1,0
2022-11-12,Leeds,3,4,12,5,away,0,0,1,0,-1,0
2022-12-28,Leeds,1,3,9,1,home,0,0,1,0,-2,0
2022-12-31,Leeds,0,0,8,1,away,0,1,0,1,0,1
2023-01-04,Leeds,2,2,14,6,home,0,1,0,1,0,0
2023-01-13,Leeds,1,2,16,4,away,0,0,1,0,-1,0
2023-01-22,Leeds,0,0,9,5,home,0,1,0,1,0,1
2023-02-05,Leeds,0,1,10,4,away,0,0,1,0,-1,0
2023-02-08,Leeds,2,2,8,2,away,0,1,0,1,0,0
2023-02-12,Leeds,0,2,16,6,home,0,0,1,0,-2,0
2023-02-18,Leeds,0,1,8,0,away,0,0,1,0,-1,0
2023-02-25,Leeds,1,0,14,4,home,1,0,0,3,1,1
2023-03-04,Leeds,0,1,11,2,away,0,0,1,0,-1,0
2023-03-11,Leeds,2,2,12,4,home,0,1,0,1,0,0
2023-03-18,Leeds,4,2,11,4,away,1,0,0,3,2,0
2023-04-01,Leeds,1,4,7,5,away,0,0,1,0,-3,0
2023-04-04,Leeds,2,1,21,6,home,1,0,0,3,1,0
2023-04-09,Leeds,1,5,11,7,home,0,0,1,0,-4,0
2023-04-17,Leeds,1,6,13,3,home,0,0,1,0,-5,0
2023-04-22,Leeds,1,2,10,2,away,0,0,1,0,-1,0
2023-04-25,Leeds,1,1,13,3,home,0,1,0,1,0,0
2023-04-30,Leeds,1,4,15,6,away,0,0,1,0,-3,0
2023-05-06,Leeds,1,2,4,2,away,0,0,1,0,-1,0
2023-05-13,Leeds,2,2,9,4,home,0,1,0,1,0,0
2023-05-21,Leeds,1,3,12,3,away,0,0,1,0,-2,0
2023-05-28,Leeds,1,4,19,2,home,0,0,1,0,-3,0
2025-08-18,Leeds,1,0,21,3,home,1,0,0,3,1,1
2025-08-23,Leeds,0,5,3,1,away,0,0,1,0,-5,0
2025-08-30,Leeds,0,0,10,1,home,0,1,0,1,0,1
2025-09-13,Leeds,0,1,10,3,away,0,0,1,0,-1,0
2025-09-20,Leeds,3,1,6,4,away,1,0,0,3,2,0
2025-09-27,Leeds,2,2,19,8,home,0,1,0,1,0,0
2025-10-04,Leeds,1,2,16,4,home,0,0,1,0,-1,0
2025-10-18,Leeds,0,2,19,4,away,0,0,1,0,-2,0
2025-10-24,Leeds,2,1,13,5,home,1,0,0,3,1,0
2025-11-01,Leeds,0,3,5,2,away,0,0,1,0,-3,0
2025-11-09,Leeds,1,3,10,3,away,0,0,1,0,-2,0
2025-11-23,Leeds,1,2,14,5,home,0,0,1,0,-1,0
2025-11-29,Leeds,2,3,9,4,away,0,0,1,0,-1,0
2025-12-03,Leeds,3,1,17,5,home,1,0,0,3,2,0
2025-12-06,Leeds,3,3,12,5,home,0,1,0,1,0,0
2025-12-14,Leeds,1,1,18,4,away,0,1,0,1,0,0
2025-12-20,Leeds,4,1,20,8,home,1,0,0,3,3,0
2025-12-28,Leeds,1,1,17,6,away,0,1,0,1,0,0
2026-01-01,Leeds,0,0,4,2,away,0,1,0,1,0,1
2026-01-04,Leeds,1,1,11,3,home,0,1,0,1,0,0
2026-01-07,Leeds,3,4,14,6,away,0,0,1,0,-1,0
2026-01-17,Leeds,1,0,14,5,home,1,0,0,3,1,1
2026-01-26,Leeds,1,1,14,4,away,0,1,0,1,0,0
2026-01-31,Leeds,0,4,3,1,home,0,0,1,0,-4,0
2026-02-06,Leeds,3,1,14,5,home,1,0,0,3,2,0
2026-02-10,Leeds,2,2,4,2,away,0,1,0,1,0,0
2026-02-21,Leeds,1,1,14,4,away,0,1,0,1,0,0
2026-02-28,Leeds,0,1,14,2,home,0,0,1,0,-1,0
2026-03-03,Leeds,0,1,18,4,home,0,0,1,0,-1,0
2026-03-15,Leeds,0,0,10,3,away,0,1,0,1,0,1
2026-03-21,Leeds,0,0,14,4,home,0,1,0,1,0,1
2014-08-16,Leicester,2,2,11,3,home,0,1,0,1,0,0
2014-08-23,Leicester,0,2,6,4,away,0,0,1,0,-2,0
2014-08-31,Leicester,1,1,9,3,home,0,1,0,1,0,0
2014-09-13,Leicester,1,0,8,1,away,1,0,0,3,1,1
2014-09-21,Leicester,5,3,15,5,home,1,0,0,3,2,0
2014-09-27,Leicester,0,2,7,1,away,0,0,1,0,-2,0
2014-10-04,Leicester,2,2,15,6,home,0,1,0,1,0,0
2014-10-18,Leicester,0,1,7,2,away,0,0,1,0,-1,0
2014-10-25,Leicester,0,2,9,4,away,0,0,1,0,-2,0
2014-11-01,Leicester,0,1,14,5,home,0,0,1,0,-1,0
2014-11-08,Leicester,0,2,5,0,away,0,0,1,0,-2,0
2014-11-22,Leicester,0,0,13,4,home,0,1,0,1,0,1
2014-11-29,Leicester,2,3,19,5,away,0,0,1,0,-1,0
2014-12-02,Leicester,1,3,20,4,home,0,0,1,0,-2,0
2014-12-07,Leicester,1,2,10,4,away,0,0,1,0,-1,0
2014-12-13,Leicester,0,1,7,1,home,0,0,1,0,-1,0
2014-12-20,Leicester,0,2,10,4,away,0,0,1,0,-2,0
2014-12-26,Leicester,1,2,22,6,home,0,0,1,0,-1,0
2014-12-28,Leicester,1,0,4,2,away,1,0,0,3,1,1
2015-01-01,Leicester,2,2,16,3,away,0,1,0,1,0,0
2015-01-10,Leicester,1,0,11,3,home,1,0,0,3,1,1
2015-01-17,Leicester,0,1,7,3,home,0,0,1,0,-1,0
2015-01-31,Leicester,1,3,4,1,away,0,0,1,0,-2,0
2015-02-07,Leicester,0,1,19,5,home,0,0,1,0,-1,0
2015-02-10,Leicester,1,2,11,4,away,0,0,1,0,-1,0
2015-02-22,Leicester,2,2,15,4,away,0,1,0,1,0,0
2015-03-04,Leicester,0,2,6,2,away,0,0,1,0,-2,0
2015-03-14,Leicester,0,0,15,3,home,0,1,0,1,0,1
2015-03-21,Leicester,3,4,14,5,away,0,0,1,0,-1,0
2015-04-04,Leicester,2,1,20,7,home,1,0,0,3,1,0
2015-04-11,Leicester,3,2,12,4,away,1,0,0,3,1,0
2015-04-18,Leicester,2,0,18,6,home,1,0,0,3,2,1
2015-04-25,Leicester,1,0,8,4,away,1,0,0,3,1,1
2015-04-29,Leicester,1,3,8,2,home,0,0,1,0,-2,0
2015-05-02,Leicester,3,0,19,7,home,1,0,0,3,3,1
2015-05-09,Leicester,2,0,10,3,home,1,0,0,3,2,1
2015-05-16,Leicester,0,0,11,0,away,0,1,0,1,0,1
2015-05-24,Leicester,5,1,22,7,home,1,0,0,3,4,0
2015-08-08,Leicester,4,2,19,8,home,1,0,0,3,2,0
2015-08-15,Leicester,2,1,11,6,away,1,0,0,3,1,0
2015-08-22,Leicester,1,1,13,2,home,0,1,0,1,0,0
2015-08-29,Leicester,1,1,4,2,away,0,1,0,1,0,0
2015-09-13,Leicester,3,2,21,6,home,1,0,0,3,1,0
2015-09-19,Leicester,2,2,12,5,away,0,1,0,1,0,0
2015-09-26,Leicester,2,5,16,7,home,0,0,1,0,-3,0
2015-10-03,Leicester,2,1,16,5,away,1,0,0,3,1,0
2015-10-17,Leicester,2,2,26,7,away,0,1,0,1,0,0
2015-10-24,Leicester,1,0,12,3,home,1,0,0,3,1,1
2015-10-31,Leicester,3,2,13,5,away,1,0,0,3,1,0
2015-11-07,Leicester,2,1,12,6,home,1,0,0,3,1,0
2015-11-21,Leicester,3,0,18,7,away,1,0,0,3,3,1
2015-11-28,Leicester,1,1,7,3,home,0,1,0,1,0,0
2015-12-05,Leicester,3,0,16,5,away,1,0,0,3,3,1
2015-12-14,Leicester,2,1,9,5,home,1,0,0,3,1,0
2015-12-19,Leicester,3,2,10,5,away,1,0,0,3,1,0
2015-12-26,Leicester,0,1,7,3,away,0,0,1,0,-1,0
2015-12-29,Leicester,0,0,11,4,home,0,1,0,1,0,1
2016-01-02,Leicester,0,0,16,2,home,0,1,0,1,0,1
2016-01-13,Leicester,1,0,10,2,away,1,0,0,3,1,1
2016-01-16,Leicester,1,1,12,5,away,0,1,0,1,0,0
2016-01-23,Leicester,3,0,15,5,home,1,0,0,3,3,1
2016-02-02,Leicester,2,0,13,6,home,1,0,0,3,2,1
2016-02-06,Leicester,3,1,14,7,away,1,0,0,3,2,0
2016-02-14,Leicester,1,2,7,3,away,0,0,1,0,-1,0
2016-02-27,Leicester,1,0,13,3,home,1,0,0,3,1,1
2016-03-01,Leicester,2,2,22,5,home,0,1,0,1,0,0
2016-03-05,Leicester,1,0,14,7,away,1,0,0,3,1,1
2016-03-14,Leicester,1,0,10,1,home,1,0,0,3,1,1
2016-03-19,Leicester,1,0,8,3,away,1,0,0,3,1,1
2016-04-03,Leicester,1,0,11,4,home,1,0,0,3,1,1
2016-04-10,Leicester,2,0,17,7,away,1,0,0,3,2,1
2016-04-17,Leicester,2,2,6,2,home,0,1,0,1,0,0
2016-04-24,Leicester,4,0,18,9,home,1,0,0,3,4,1
2016-05-01,Leicester,1,1,14,3,away,0,1,0,1,0,0
2016-05-07,Leicester,3,1,32,8,home,1,0,0,3,2,0
2016-05-15,Leicester,1,1,18,5,away,0,1,0,1,0,0
2016-08-13,Leicester,1,2,18,5,away,0,0,1,0,-1,0
2016-08-20,Leicester,0,0,8,1,home,0,1,0,1,0,1
2016-08-27,Leicester,2,1,13,6,home,1,0,0,3,1,0
2016-09-10,Leicester,1,4,12,3,away,0,0,1,0,-3,0
2016-09-17,Leicester,3,0,14,6,home,1,0,0,3,3,1
2016-09-24,Leicester,1,4,10,3,away,0,0,1,0,-3,0
2016-10-02,Leicester,0,0,9,1,home,0,1,0,1,0,1
2016-10-15,Leicester,0,3,5,0,away,0,0,1,0,-3,0
2016-10-22,Leicester,3,1,17,4,home,1,0,0,3,2,0
2016-10-29,Leicester,1,1,6,1,away,0,1,0,1,0,0
2016-11-06,Leicester,1,2,5,2,home,0,0,1,0,-1,0
2016-11-19,Leicester,1,2,10,2,away,0,0,1,0,-1,0
2016-11-26,Leicester,2,2,11,3,home,0,1,0,1,0,0
2016-12-03,Leicester,1,2,17,5,away,0,0,1,0,-1,0
2016-12-10,Leicester,4,2,10,6,home,1,0,0,3,2,0
2016-12-13,Leicester,0,1,12,4,away,0,0,1,0,-1,0
2016-12-17,Leicester,2,2,14,8,away,0,1,0,1,0,0
2016-12-26,Leicester,0,2,7,2,home,0,0,1,0,-2,0
2016-12-31,Leicester,1,0,12,4,home,1,0,0,3,1,1
2017-01-02,Leicester,0,0,10,4,away,0,1,0,1,0,1
2017-01-14,Leicester,0,3,7,2,home,0,0,1,0,-3,0
2017-01-22,Leicester,0,3,11,2,away,0,0,1,0,-3,0
2017-01-31,Leicester,0,1,13,5,away,0,0,1,0,-1,0
2017-02-05,Leicester,0,3,11,1,home,0,0,1,0,-3,0
2017-02-12,Leicester,0,2,9,1,away,0,0,1,0,-2,0
2017-02-27,Leicester,3,1,13,7,home,1,0,0,3,2,0
2017-03-04,Leicester,3,1,17,5,home,1,0,0,3,2,0
2017-03-18,Leicester,3,2,11,5,away,1,0,0,3,1,0
2017-04-01,Leicester,2,0,23,10,home,1,0,0,3,2,1
2017-04-04,Leicester,2,0,19,8,home,1,0,0,3,2,1
2017-04-09,Leicester,2,4,6,4,away,0,0,1,0,-2,0
2017-04-15,Leicester,2,2,6,2,away,0,1,0,1,0,0
2017-04-26,Leicester,0,1,7,3,away,0,0,1,0,-1,0
2017-04-29,Leicester,1,0,6,1,away,1,0,0,3,1,1
2017-05-06,Leicester,3,0,11,5,home,1,0,0,3,3,1
2017-05-13,Leicester,1,2,9,4,away,0,0,1,0,-1,0
2017-05-18,Leicester,1,6,12,5,home,0,0,1,0,-5,0
2017-05-21,Leicester,1,1,21,5,home,0,1,0,1,0,0
2017-08-11,Leicester,3,4,6,3,away,0,0,1,0,-1,0
2017-08-19,Leicester,2,0,14,4,home,1,0,0,3,2,1
2017-08-26,Leicester,0,2,11,4,away,0,0,1,0,-2,0
2017-09-09,Leicester,1,2,8,2,home,0,0,1,0,-1,0
2017-09-16,Leicester,1,1,10,1,away,0,1,0,1,0,0
2017-09-23,Leicester,2,3,12,7,home,0,0,1,0,-1,0
2017-09-30,Leicester,0,0,8,1,away,0,1,0,1,0,1
2017-10-16,Leicester,1,1,11,3,home,0,1,0,1,0,0
2017-10-21,Leicester,2,1,11,6,away,1,0,0,3,1,0
2017-10-29,Leicester,2,0,9,3,home,1,0,0,3,2,1
2017-11-04,Leicester,2,2,14,4,away,0,1,0,1,0,0
2017-11-18,Leicester,0,2,2,0,home,0,0,1,0,-2,0
2017-11-24,Leicester,1,1,7,2,away,0,1,0,1,0,0
2017-11-28,Leicester,2,1,7,4,home,1,0,0,3,1,0
2017-12-02,Leicester,1,0,16,3,home,1,0,0,3,1,1
2017-12-09,Leicester,3,2,13,5,away,1,0,0,3,1,0
2017-12-13,Leicester,4,1,16,11,away,1,0,0,3,3,0
2017-12-16,Leicester,0,3,11,2,home,0,0,1,0,-3,0
2017-12-23,Leicester,2,2,11,3,home,0,1,0,1,0,0
2017-12-26,Leicester,1,2,11,5,away,0,0,1,0,-1,0
2017-12-30,Leicester,1,2,7,1,away,0,0,1,0,-1,0
2018-01-01,Leicester,3,0,11,5,home,1,0,0,3,3,1
2018-01-13,Leicester,0,0,14,1,away,0,1,0,1,0,1
2018-01-20,Leicester,2,0,9,5,home,1,0,0,3,2,1
2018-01-31,Leicester,1,2,8,1,away,0,0,1,0,-1,0
2018-02-03,Leicester,1,1,13,5,home,0,1,0,1,0,0
2018-02-10,Leicester,1,5,2,2,away,0,0,1,0,-4,0
2018-02-24,Leicester,1,1,19,9,home,0,1,0,1,0,0
2018-03-03,Leicester,1,1,23,4,home,0,1,0,1,0,0
2018-03-10,Leicester,4,1,14,6,away,1,0,0,3,3,0
2018-03-31,Leicester,2,0,6,4,away,1,0,0,3,2,1
2018-04-07,Leicester,1,2,8,1,home,0,0,1,0,-1,0
2018-04-14,Leicester,1,2,15,6,away,0,0,1,0,-1,0
2018-04-19,Leicester,0,0,11,3,home,0,1,0,1,0,1
2018-04-28,Leicester,0,5,6,1,away,0,0,1,0,-5,0
2018-05-05,Leicester,0,2,13,2,home,0,0,1,0,-2,0
2018-05-09,Leicester,3,1,19,10,home,1,0,0,3,2,0
2018-05-13,Leicester,4,5,16,9,away,0,0,1,0,-1,0
2018-08-10,Leicester,1,2,13,4,away,0,0,1,0,-1,0
2018-08-18,Leicester,2,0,6,2,home,1,0,0,3,2,1
2018-08-25,Leicester,2,1,8,5,away,1,0,0,3,1,0
2018-09-01,Leicester,1,2,12,5,home,0,0,1,0,-1,0
2018-09-15,Leicester,2,4,14,8,away,0,0,1,0,-2,0
2018-09-22,Leicester,3,1,18,8,home,1,0,0,3,2,0
2018-09-29,Leicester,2,0,12,5,away,1,0,0,3,2,1
2018-10-06,Leicester,1,2,8,2,home,0,0,1,0,-1,0
2018-10-22,Leicester,1,3,8,2,away,0,0,1,0,-2,0
2018-10-27,Leicester,1,1,21,7,home,0,1,0,1,0,0
2018-11-03,Leicester,1,0,13,5,away,1,0,0,3,1,1
2018-11-10,Leicester,0,0,22,5,home,0,1,0,1,0,1
2018-11-24,Leicester,1,1,8,3,away,0,1,0,1,0,0
2018-12-01,Leicester,2,0,7,3,home,1,0,0,3,2,1
2018-12-05,Leicester,1,1,13,5,away,0,1,0,1,0,0
2018-12-08,Leicester,0,2,11,3,home,0,0,1,0,-2,0
2018-12-15,Leicester,0,1,12,2,away,0,0,1,0,-1,0
2018-12-22,Leicester,1,0,8,3,away,1,0,0,3,1,1
2018-12-26,Leicester,2,1,10,5,home,1,0,0,3,1,0
2018-12-29,Leicester,0,1,16,7,home,0,0,1,0,-1,0
2019-01-01,Leicester,1,0,8,4,away,1,0,0,3,1,1
2019-01-12,Leicester,1,2,23,6,home,0,0,1,0,-1,0
2019-01-19,Leicester,3,4,16,6,away,0,0,1,0,-1,0
2019-01-30,Leicester,1,1,5,2,away,0,1,0,1,0,0
2019-02-03,Leicester,0,1,17,6,home,0,0,1,0,-1,0
2019-02-10,Leicester,1,3,20,9,away,0,0,1,0,-2,0
2019-02-23,Leicester,1,4,27,5,home,0,0,1,0,-3,0
2019-02-26,Leicester,2,1,19,3,home,1,0,0,3,1,0
2019-03-03,Leicester,1,2,14,2,away,0,0,1,0,-1,0
2019-03-09,Leicester,3,1,18,8,home,1,0,0,3,2,0
2019-03-16,Leicester,2,1,9,4,away,1,0,0,3,1,0
2019-03-30,Leicester,2,0,18,4,home,1,0,0,3,2,1
2019-04-06,Leicester,4,1,18,9,away,1,0,0,3,3,0
2019-04-12,Leicester,0,1,12,5,home,0,0,1,0,-1,0
2019-04-20,Leicester,2,2,11,5,away,0,1,0,1,0,0
2019-04-28,Leicester,3,0,24,12,home,1,0,0,3,3,1
2019-05-06,Leicester,0,1,7,2,away,0,0,1,0,-1,0
2019-05-12,Leicester,0,0,9,3,home,0,1,0,1,0,1
2019-08-11,Leicester,0,0,15,1,home,0,1,0,1,0,1
2019-08-18,Leicester,1,1,12,3,away,0,1,0,1,0,0
2019-08-24,Leicester,2,1,10,2,away,1,0,0,3,1,0
2019-08-31,Leicester,3,1,13,5,home,1,0,0,3,2,0
2019-09-14,Leicester,0,1,9,3,away,0,0,1,0,-1,0
2019-09-21,Leicester,2,1,16,7,home,1,0,0,3,1,0
2019-09-29,Leicester,5,0,13,5,home,1,0,0,3,5,1
2019-10-05,Leicester,1,2,2,1,away,0,0,1,0,-1,0
2019-10-19,Leicester,2,1,19,3,home,1,0,0,3,1,0
2019-10-25,Leicester,9,0,25,15,away,1,0,0,3,9,1
2019-11-03,Leicester,2,0,14,5,away,1,0,0,3,2,1
2019-11-09,Leicester,2,0,19,7,home,1,0,0,3,2,1
2019-11-23,Leicester,2,0,19,9,away,1,0,0,3,2,1
2019-12-01,Leicester,2,1,16,6,home,1,0,0,3,1,0
2019-12-04,Leicester,2,0,12,6,home,1,0,0,3,2,1
2019-12-08,Leicester,4,1,23,8,away,1,0,0,3,3,0
2019-12-14,Leicester,1,1,18,5,home,0,1,0,1,0,0
2019-12-21,Leicester,1,3,5,2,away,0,0,1,0,-2,0
2019-12-26,Leicester,0,4,3,0,home,0,0,1,0,-4,0
2019-12-28,Leicester,2,1,13,8,away,1,0,0,3,1,0
2020-01-01,Leicester,3,0,17,10,away,1,0,0,3,3,1
2020-01-11,Leicester,1,2,5,5,home,0,0,1,0,-1,0
2020-01-19,Leicester,1,2,18,8,away,0,0,1,0,-1,0
2020-01-22,Leicester,4,1,19,8,home,1,0,0,3,3,0
2020-02-01,Leicester,2,2,14,4,home,0,1,0,1,0,0
2020-02-14,Leicester,0,0,9,3,away,0,1,0,1,0,1
2020-02-22,Leicester,0,1,10,3,home,0,0,1,0,-1,0
2020-02-28,Leicester,0,1,19,4,away,0,0,1,0,-1,0
2020-03-09,Leicester,4,0,15,7,home,1,0,0,3,4,1
2020-06-20,Leicester,1,1,15,2,away,0,1,0,1,0,0
2020-06-23,Leicester,0,0,11,2,home,0,1,0,1,0,1
2020-07-01,Leicester,1,2,15,3,away,0,0,1,0,-1,0
2020-07-04,Leicester,3,0,15,4,home,1,0,0,3,3,1
2020-07-07,Leicester,1,1,13,5,away,0,1,0,1,0,0
2020-07-12,Leicester,1,4,13,5,away,0,0,1,0,-3,0
2020-07-16,Leicester,2,0,15,7,home,1,0,0,3,2,1
2020-07-19,Leicester,0,3,24,6,away,0,0,1,0,-3,0
2020-07-26,Leicester,0,2,14,3,home,0,0,1,0,-2,0
2020-09-13,Leicester,3,0,13,7,away,1,0,0,3,3,1
2020-09-20,Leicester,4,2,14,6,home,1,0,0,3,2,0
2020-09-27,Leicester,5,2,7,7,away,1,0,0,3,3,0
2020-10-04,Leicester,0,3,4,0,home,0,0,1,0,-3,0
2020-10-18,Leicester,0,1,11,5,home,0,0,1,0,-1,0
2020-10-25,Leicester,1,0,6,2,away,1,0,0,3,1,1
2020-11-02,Leicester,4,1,10,8,away,1,0,0,3,3,0
2020-11-08,Leicester,1,0,10,3,home,1,0,0,3,1,1
2020-11-22,Leicester,0,3,11,4,away,0,0,1,0,-3,0
2020-11-30,Leicester,1,2,16,3,home,0,0,1,0,-1,0
2020-12-06,Leicester,2,1,13,4,away,1,0,0,3,1,0
2020-12-13,Leicester,3,0,15,6,home,1,0,0,3,3,1
2020-12-16,Leicester,0,2,14,2,home,0,0,1,0,-2,0
2020-12-20,Leicester,2,0,17,4,away,1,0,0,3,2,1
2020-12-26,Leicester,2,2,10,2,home,0,1,0,1,0,0
2020-12-28,Leicester,1,1,17,3,away,0,1,0,1,0,0
2021-01-03,Leicester,2,1,9,3,away,1,0,0,3,1,0
2021-01-16,Leicester,2,0,16,5,home,1,0,0,3,2,1
2021-01-19,Leicester,2,0,8,6,home,1,0,0,3,2,1
2021-01-27,Leicester,1,1,19,6,away,0,1,0,1,0,0
2021-01-31,Leicester,1,3,18,8,home,0,0,1,0,-2,0
2021-02-03,Leicester,2,0,9,5,away,1,0,0,3,2,1
2021-02-07,Leicester,0,0,13,3,away,0,1,0,1,0,1
2021-02-13,Leicester,3,1,11,6,home,1,0,0,3,2,0
2021-02-21,Leicester,2,1,16,7,away,1,0,0,3,1,0
2021-02-28,Leicester,1,3,8,3,home,0,0,1,0,-2,0
2021-03-03,Leicester,1,1,15,4,away,0,1,0,1,0,0
2021-03-06,Leicester,2,1,8,4,away,1,0,0,3,1,0
2021-03-14,Leicester,5,0,19,10,home,1,0,0,3,5,1
2021-04-03,Leicester,0,2,5,2,home,0,0,1,0,-2,0
2021-04-11,Leicester,2,3,15,5,away,0,0,1,0,-1,0
2021-04-22,Leicester,3,0,17,7,home,1,0,0,3,3,1
2021-04-26,Leicester,2,1,13,5,home,1,0,0,3,1,0
2021-04-30,Leicester,1,1,23,9,away,0,1,0,1,0,0
2021-05-07,Leicester,2,4,25,9,home,0,0,1,0,-2,0
2021-05-11,Leicester,2,1,12,3,away,1,0,0,3,1,0
2021-05-18,Leicester,1,2,7,3,away,0,0,1,0,-1,0
2021-05-23,Leicester,2,4,10,6,home,0,0,1,0,-2,0
2021-08-14,Leicester,1,0,9,5,home,1,0,0,3,1,1
2021-08-23,Leicester,1,4,5,1,away,0,0,1,0,-3,0
2021-08-28,Leicester,2,1,9,3,away,1,0,0,3,1,0
2021-09-11,Leicester,0,1,6,1,home,0,0,1,0,-1,0
2021-09-19,Leicester,1,2,14,3,away,0,0,1,0,-1,0
2021-09-25,Leicester,2,2,22,5,home,0,1,0,1,0,0
2021-10-03,Leicester,2,2,9,5,away,0,1,0,1,0,0
2021-10-16,Leicester,4,2,22,11,home,1,0,0,3,2,0
2021-10-24,Leicester,2,1,10,6,away,1,0,0,3,1,0
2021-10-30,Leicester,0,2,16,8,home,0,0,1,0,-2,0
2021-11-07,Leicester,1,1,9,3,away,0,1,0,1,0,0
2021-11-20,Leicester,0,3,4,3,home,0,0,1,0,-3,0
2021-11-28,Leicester,4,2,18,8,home,1,0,0,3,2,0
2021-12-01,Leicester,2,2,15,6,away,0,1,0,1,0,0
2021-12-05,Leicester,1,2,12,5,away,0,0,1,0,-1,0
2021-12-12,Leicester,4,0,8,5,home,1,0,0,3,4,1
2021-12-26,Leicester,3,6,14,8,away,0,0,1,0,-3,0
2021-12-28,Leicester,1,0,6,1,home,1,0,0,3,1,1
2022-01-19,Leicester,2,3,14,4,home,0,0,1,0,-1,0
2022-01-23,Leicester,1,1,15,5,home,0,1,0,1,0,0
2022-02-10,Leicester,0,2,5,1,away,0,0,1,0,-2,0
2022-02-13,Leicester,2,2,13,2,home,0,1,0,1,0,0
2022-02-20,Leicester,1,2,17,7,away,0,0,1,0,-1,0
2022-03-01,Leicester,2,0,22,6,away,1,0,0,3,2,1
2022-03-05,Leicester,1,0,7,4,home,1,0,0,3,1,1
2022-03-13,Leicester,0,2,6,3,away,0,0,1,0,-2,0
2022-03-20,Leicester,2,1,12,4,home,1,0,0,3,1,0
2022-04-02,Leicester,1,1,11,3,away,0,1,0,1,0,0
2022-04-10,Leicester,2,1,12,3,home,1,0,0,3,1,0
2022-04-17,Leicester,1,2,8,2,away,0,0,1,0,-1,0
2022-04-20,Leicester,1,1,11,3,away,0,1,0,1,0,0
2022-04-23,Leicester,0,0,5,2,home,0,1,0,1,0,1
2022-05-01,Leicester,1,3,6,2,away,0,0,1,0,-2,0
2022-05-08,Leicester,1,2,16,9,home,0,0,1,0,-1,0
2022-05-11,Leicester,3,0,20,8,home,1,0,0,3,3,1
2022-05-15,Leicester,5,1,13,7,away,1,0,0,3,4,0
2022-05-19,Leicester,1,1,2,1,away,0,1,0,1,0,0
2022-05-22,Leicester,4,1,12,6,home,1,0,0,3,3,0
2022-08-07,Leicester,2,2,14,5,home,0,1,0,1,0,0
2022-08-13,Leicester,2,4,6,2,away,0,0,1,0,-2,0
2022-08-20,Leicester,1,2,6,1,home,0,0,1,0,-1,0
2022-08-27,Leicester,1,2,17,5,away,0,0,1,0,-1,0
2022-09-01,Leicester,0,1,10,2,home,0,0,1,0,-1,0
2022-09-04,Leicester,2,5,6,4,away,0,0,1,0,-3,0
2022-09-17,Leicester,2,6,19,7,away,0,0,1,0,-4,0
2022-10-03,Leicester,4,0,17,7,home,1,0,0,3,4,1
2022-10-08,Leicester,1,2,9,5,away,0,0,1,0,-1,0
2022-10-15,Leicester,0,0,14,5,home,0,1,0,1,0,1
2022-10-20,Leicester,2,0,5,1,home,1,0,0,3,2,1
2022-10-23,Leicester,4,0,5,4,away,1,0,0,3,4,1
2022-10-29,Leicester,0,1,10,5,home,0,0,1,0,-1,0
2022-11-05,Leicester,2,0,22,8,away,1,0,0,3,2,1
2022-11-12,Leicester,2,0,9,6,away,1,0,0,3,2,1
2022-12-26,Leicester,0,3,8,2,home,0,0,1,0,-3,0
2022-12-30,Leicester,1,2,7,2,away,0,0,1,0,-1,0
2023-01-03,Leicester,0,1,15,6,home,0,0,1,0,-1,0
2023-01-14,Leicester,0,2,6,1,away,0,0,1,0,-2,0
2023-01-21,Leicester,2,2,9,2,home,0,1,0,1,0,0
2023-02-04,Leicester,4,2,9,5,away,1,0,0,3,2,0
2023-02-11,Leicester,4,1,15,7,home,1,0,0,3,3,0
2023-02-19,Leicester,0,3,19,3,away,0,0,1,0,-3,0
2023-02-25,Leicester,0,1,1,0,home,0,0,1,0,-1,0
2023-03-04,Leicester,0,1,11,0,away,0,0,1,0,-1,0
2023-03-11,Leicester,1,3,17,7,home,0,0,1,0,-2,0
2023-03-18,Leicester,1,1,14,1,away,0,1,0,1,0,0
2023-04-01,Leicester,1,2,3,2,away,0,0,1,0,-1,0
2023-04-04,Leicester,1,2,9,4,home,0,0,1,0,-1,0
2023-04-08,Leicester,0,1,14,4,home,0,0,1,0,-1,0
2023-04-15,Leicester,1,3,10,4,away,0,0,1,0,-2,0
2023-04-22,Leicester,2,1,15,8,home,1,0,0,3,1,0
2023-04-25,Leicester,1,1,15,3,away,0,1,0,1,0,0
2023-05-01,Leicester,2,2,15,6,home,0,1,0,1,0,0
2023-05-08,Leicester,3,5,18,9,away,0,0,1,0,-2,0
2023-05-15,Leicester,0,3,4,4,home,0,0,1,0,-3,0
2023-05-22,Leicester,0,0,1,1,away,0,1,0,1,0,1
2023-05-28,Leicester,2,1,13,4,home,1,0,0,3,1,0
2024-08-19,Leicester,1,1,7,3,home,0,1,0,1,0,0
2024-08-24,Leicester,1,2,10,4,away,0,0,1,0,-1,0
2024-08-31,Leicester,1,2,9,3,home,0,0,1,0,-1,0
2024-09-14,Leicester,2,2,9,4,away,0,1,0,1,0,0
2024-09-21,Leicester,1,1,12,2,home,0,1,0,1,0,0
2024-09-28,Leicester,2,4,5,3,away,0,0,1,0,-2,0
2024-10-05,Leicester,1,0,6,2,home,1,0,0,3,1,1
2024-10-19,Leicester,3,2,18,4,away,1,0,0,3,1,0
2024-10-25,Leicester,1,3,11,1,home,0,0,1,0,-2,0
2024-11-02,Leicester,1,1,20,6,away,0,1,0,1,0,0
2024-11-10,Leicester,0,3,6,5,away,0,0,1,0,-3,0
2024-11-23,Leicester,1,2,4,1,home,0,0,1,0,-1,0
2024-11-30,Leicester,1,4,7,3,away,0,0,1,0,-3,0
2024-12-03,Leicester,3,1,8,6,home,1,0,0,3,2,0
2024-12-08,Leicester,2,2,10,3,home,0,1,0,1,0,0
2024-12-14,Leicester,0,4,4,1,away,0,0,1,0,-4,0
2024-12-22,Leicester,0,3,9,5,home,0,0,1,0,-3,0
2024-12-26,Leicester,1,3,4,1,away,0,0,1,0,-2,0
2024-12-29,Leicester,0,2,11,4,home,0,0,1,0,-2,0
2025-01-04,Leicester,1,2,4,2,away,0,0,1,0,-1,0
2025-01-15,Leicester,0,2,21,4,home,0,0,1,0,-2,0
2025-01-18,Leicester,0,2,8,4,home,0,0,1,0,-2,0
2025-01-26,Leicester,2,1,12,3,away,1,0,0,3,1,0
2025-02-01,Leicester,0,4,9,1,away,0,0,1,0,-4,0
2025-02-15,Leicester,0,2,6,2,home,0,0,1,0,-2,0
2025-02-21,Leicester,0,4,8,3,home,0,0,1,0,-4,0
2025-02-27,Leicester,0,2,10,2,away,0,0,1,0,-2,0
2025-03-09,Leicester,0,1,3,3,away,0,0,1,0,-1,0
2025-03-16,Leicester,0,3,11,3,home,0,0,1,0,-3,0
2025-04-02,Leicester,0,2,2,0,away,0,0,1,0,-2,0
2025-04-07,Leicester,0,3,7,2,home,0,0,1,0,-3,0
2025-04-12,Leicester,2,2,15,6,away,0,1,0,1,0,0
2025-04-20,Leicester,0,1,5,0,home,0,0,1,0,-1,0
2025-04-26,Leicester,0,3,8,2,away,0,0,1,0,-3,0
2025-05-03,Leicester,2,0,14,4,home,1,0,0,3,2,1
2025-05-11,Leicester,2,2,10,6,away,0,1,0,1,0,0
2025-05-18,Leicester,2,0,9,3,home,1,0,0,3,2,1
2025-05-25,Leicester,0,2,3,0,away,0,0,1,0,-2,0
2010-08-15,Liverpool,1,1,7,4,home,0,1,0,1,0,0
2010-08-23,Liverpool,0,3,13,7,away,0,0,1,0,-3,0
2010-08-29,Liverpool,1,0,11,7,home,1,0,0,3,1,1
2010-09-12,Liverpool,0,0,14,8,away,0,1,0,1,0,1
2010-09-19,Liverpool,2,3,7,1,away,0,0,1,0,-1,0
2010-09-25,Liverpool,2,2,13,5,home,0,1,0,1,0,0
2010-10-03,Liverpool,1,2,19,10,home,0,0,1,0,-1,0
2010-10-17,Liverpool,0,2,15,9,away,0,0,1,0,-2,0
2010-10-24,Liverpool,2,1,17,10,home,1,0,0,3,1,0
2010-10-31,Liverpool,1,0,10,4,away,1,0,0,3,1,1
2010-11-07,Liverpool,2,0,9,7,home,1,0,0,3,2,1
2010-11-10,Liverpool,1,1,8,3,away,0,1,0,1,0,0
2010-11-13,Liverpool,0,2,10,6,away,0,0,1,0,-2,0
2010-11-20,Liverpool,3,0,19,11,home,1,0,0,3,3,1
2010-11-28,Liverpool,1,2,12,8,away,0,0,1,0,-1,0
2010-12-06,Liverpool,3,0,12,7,home,1,0,0,3,3,1
2010-12-11,Liverpool,1,3,16,7,away,0,0,1,0,-2,0
2010-12-29,Liverpool,0,1,9,5,home,0,0,1,0,-1,0
2011-01-01,Liverpool,2,1,16,7,home,1,0,0,3,1,0
2011-01-05,Liverpool,1,3,13,9,away,0,0,1,0,-2,0
2011-01-12,Liverpool,1,2,10,6,away,0,0,1,0,-1,0
2011-01-16,Liverpool,2,2,19,14,home,0,1,0,1,0,0
2011-01-22,Liverpool,3,0,15,10,away,1,0,0,3,3,1
2011-01-26,Liverpool,1,0,11,7,home,1,0,0,3,1,1
2011-02-02,Liverpool,2,0,13,9,home,1,0,0,3,2,1
2011-02-06,Liverpool,1,0,7,4,away,1,0,0,3,1,1
2011-02-12,Liverpool,1,1,13,5,home,0,1,0,1,0,0
2011-02-27,Liverpool,1,3,12,8,away,0,0,1,0,-2,0
2011-03-06,Liverpool,3,1,17,10,home,1,0,0,3,2,0
2011-03-20,Liverpool,2,0,10,4,away,1,0,0,3,2,1
2011-04-02,Liverpool,1,2,13,9,away,0,0,1,0,-1,0
2011-04-11,Liverpool,3,0,15,7,home,1,0,0,3,3,1
2011-04-17,Liverpool,1,1,9,5,away,0,1,0,1,0,0
2011-04-23,Liverpool,5,0,17,13,home,1,0,0,3,5,1
2011-05-01,Liverpool,3,0,9,5,home,1,0,0,3,3,1
2011-05-09,Liverpool,5,2,16,11,away,1,0,0,3,3,0
2011-05-15,Liverpool,0,2,10,2,home,0,0,1,0,-2,0
2011-05-22,Liverpool,0,1,9,4,away,0,0,1,0,-1,0
2011-08-13,Liverpool,1,1,11,4,home,0,1,0,1,0,0
2011-08-20,Liverpool,2,0,13,8,away,1,0,0,3,2,1
2011-08-27,Liverpool,3,1,17,9,home,1,0,0,3,2,0
2011-09-10,Liverpool,0,1,20,11,away,0,0,1,0,-1,0
2011-09-18,Liverpool,0,4,5,2,away,0,0,1,0,-4,0
2011-09-24,Liverpool,2,1,14,6,home,1,0,0,3,1,0
2011-10-01,Liverpool,2,0,15,9,away,1,0,0,3,2,1
2011-10-15,Liverpool,1,1,14,8,home,0,1,0,1,0,0
2011-10-22,Liverpool,1,1,25,15,home,0,1,0,1,0,0
2011-10-29,Liverpool,2,0,17,7,away,1,0,0,3,2,1
2011-11-05,Liverpool,0,0,18,10,home,0,1,0,1,0,1
2011-11-20,Liverpool,2,1,9,3,away,1,0,0,3,1,0
2011-11-27,Liverpool,1,1,17,9,home,0,1,0,1,0,0
2011-12-05,Liverpool,0,1,17,9,away,0,0,1,0,-1,0
2011-12-10,Liverpool,1,0,21,15,home,1,0,0,3,1,1
2011-12-18,Liverpool,2,0,19,12,away,1,0,0,3,2,1
2011-12-21,Liverpool,0,0,18,10,away,0,1,0,1,0,1
2011-12-26,Liverpool,1,1,28,13,home,0,1,0,1,0,0
2011-12-30,Liverpool,3,1,15,7,home,1,0,0,3,2,0
2012-01-03,Liverpool,0,3,18,10,away,0,0,1,0,-3,0
2012-01-14,Liverpool,0,0,13,5,home,0,1,0,1,0,1
2012-01-21,Liverpool,1,3,11,8,away,0,0,1,0,-2,0
2012-01-31,Liverpool,3,0,23,14,away,1,0,0,3,3,1
2012-02-06,Liverpool,0,0,15,10,home,0,1,0,1,0,1
2012-02-11,Liverpool,1,2,9,6,away,0,0,1,0,-1,0
2012-03-03,Liverpool,1,2,12,4,home,0,0,1,0,-1,0
2012-03-10,Liverpool,0,1,9,5,away,0,0,1,0,-1,0
2012-03-13,Liverpool,3,0,15,10,home,1,0,0,3,3,1
2012-03-21,Liverpool,2,3,18,11,away,0,0,1,0,-1,0
2012-03-24,Liverpool,1,2,12,9,home,0,0,1,0,-1,0
2012-04-01,Liverpool,0,2,9,6,away,0,0,1,0,-2,0
2012-04-07,Liverpool,1,1,21,5,home,0,1,0,1,0,0
2012-04-10,Liverpool,3,2,16,12,away,1,0,0,3,1,0
2012-04-22,Liverpool,0,1,28,12,home,0,0,1,0,-1,0
2012-04-28,Liverpool,3,0,15,9,away,1,0,0,3,3,1
2012-05-01,Liverpool,0,1,18,5,home,0,0,1,0,-1,0
2012-05-08,Liverpool,4,1,23,13,home,1,0,0,3,3,0
2012-05-13,Liverpool,0,1,14,9,away,0,0,1,0,-1,0
2012-08-18,Liverpool,0,3,14,7,away,0,0,1,0,-3,0
2012-08-26,Liverpool,2,2,15,8,home,0,1,0,1,0,0
2012-09-02,Liverpool,0,2,17,8,home,0,0,1,0,-2,0
2012-09-15,Liverpool,1,1,20,9,away,0,1,0,1,0,0
2012-09-23,Liverpool,1,2,13,8,home,0,0,1,0,-1,0
2012-09-29,Liverpool,5,2,10,6,away,1,0,0,3,3,0
2012-10-07,Liverpool,0,0,16,5,home,0,1,0,1,0,1
2012-10-20,Liverpool,1,0,23,13,home,1,0,0,3,1,1
2012-10-28,Liverpool,2,2,12,5,away,0,1,0,1,0,0
2012-11-04,Liverpool,1,1,20,12,home,0,1,0,1,0,0
2012-11-11,Liverpool,1,1,9,5,away,0,1,0,1,0,0
2012-11-17,Liverpool,3,0,22,11,home,1,0,0,3,3,1
2012-11-25,Liverpool,0,0,21,14,away,0,1,0,1,0,1
2012-11-28,Liverpool,1,2,14,9,away,0,0,1,0,-1,0
2012-12-01,Liverpool,1,0,24,11,home,1,0,0,3,1,1
2012-12-09,Liverpool,3,2,16,8,away,1,0,0,3,1,0
2012-12-15,Liverpool,1,3,26,17,home,0,0,1,0,-2,0
2012-12-22,Liverpool,4,0,22,12,home,1,0,0,3,4,1
2012-12-26,Liverpool,1,3,12,6,away,0,0,1,0,-2,0
2012-12-30,Liverpool,3,0,16,11,away,1,0,0,3,3,1
2013-01-02,Liverpool,3,0,27,16,home,1,0,0,3,3,1
2013-01-13,Liverpool,1,2,12,5,away,0,0,1,0,-1,0
2013-01-19,Liverpool,5,0,17,10,home,1,0,0,3,5,1
2013-01-30,Liverpool,2,2,10,5,away,0,1,0,1,0,0
2013-02-03,Liverpool,2,2,21,12,away,0,1,0,1,0,0
2013-02-11,Liverpool,0,2,23,14,home,0,0,1,0,-2,0
2013-02-17,Liverpool,5,0,33,18,home,1,0,0,3,5,1
2013-03-02,Liverpool,4,0,8,7,away,1,0,0,3,4,1
2013-03-10,Liverpool,3,2,10,4,home,1,0,0,3,1,0
2013-03-16,Liverpool,1,3,8,6,away,0,0,1,0,-2,0
2013-03-31,Liverpool,2,1,16,12,away,1,0,0,3,1,0
2013-04-07,Liverpool,0,0,19,12,home,0,1,0,1,0,1
2013-04-13,Liverpool,0,0,26,15,away,0,1,0,1,0,1
2013-04-21,Liverpool,2,2,23,12,home,0,1,0,1,0,0
2013-04-27,Liverpool,6,0,11,10,away,1,0,0,3,6,1
2013-05-05,Liverpool,0,0,16,8,home,0,1,0,1,0,1
2013-05-12,Liverpool,3,1,20,14,away,1,0,0,3,2,0
2013-05-19,Liverpool,1,0,27,20,home,1,0,0,3,1,1
2013-08-17,Liverpool,1,0,26,11,home,1,0,0,3,1,1
2013-08-24,Liverpool,1,0,5,1,away,1,0,0,3,1,1
2013-09-01,Liverpool,1,0,10,5,home,1,0,0,3,1,1
2013-09-16,Liverpool,2,2,12,5,away,0,1,0,1,0,0
2013-09-21,Liverpool,0,1,10,5,home,0,0,1,0,-1,0
2013-09-29,Liverpool,3,1,15,6,away,1,0,0,3,2,0
2013-10-05,Liverpool,3,1,13,7,home,1,0,0,3,2,0
2013-10-19,Liverpool,2,2,23,7,away,0,1,0,1,0,0
2013-10-26,Liverpool,4,1,18,7,home,1,0,0,3,3,0
2013-11-02,Liverpool,0,2,12,4,away,0,0,1,0,-2,0
2013-11-09,Liverpool,4,0,32,10,home,1,0,0,3,4,1
2013-11-23,Liverpool,3,3,11,5,away,0,1,0,1,0,0
2013-12-01,Liverpool,1,3,9,4,away,0,0,1,0,-2,0
2013-12-04,Liverpool,5,1,28,12,home,1,0,0,3,4,0
2013-12-07,Liverpool,4,1,32,9,home,1,0,0,3,3,0
2013-12-15,Liverpool,5,0,21,10,away,1,0,0,3,5,1
2013-12-21,Liverpool,3,1,27,7,home,1,0,0,3,2,0
2013-12-26,Liverpool,1,2,12,5,away,0,0,1,0,-1,0
2013-12-29,Liverpool,1,2,8,4,away,0,0,1,0,-1,0
2014-01-01,Liverpool,2,0,17,6,home,1,0,0,3,2,1
2014-01-12,Liverpool,5,3,13,9,away,1,0,0,3,2,0
2014-01-18,Liverpool,2,2,14,6,home,0,1,0,1,0,0
2014-01-28,Liverpool,4,0,20,9,home,1,0,0,3,4,1
2014-02-02,Liverpool,1,1,12,3,away,0,1,0,1,0,0
2014-02-08,Liverpool,5,1,22,12,home,1,0,0,3,4,0
2014-02-12,Liverpool,3,2,21,7,away,1,0,0,3,1,0
2014-02-23,Liverpool,4,3,21,10,home,1,0,0,3,1,0
2014-03-01,Liverpool,3,0,12,5,away,1,0,0,3,3,1
2014-03-16,Liverpool,3,0,17,7,away,1,0,0,3,3,1
2014-03-22,Liverpool,6,3,19,9,away,1,0,0,3,3,0
2014-03-26,Liverpool,2,1,21,7,home,1,0,0,3,1,0
2014-03-30,Liverpool,4,0,11,5,home,1,0,0,3,4,1
2014-04-06,Liverpool,2,1,17,8,away,1,0,0,3,1,0
2014-04-13,Liverpool,3,2,10,4,home,1,0,0,3,1,0
2014-04-20,Liverpool,3,2,14,6,away,1,0,0,3,1,0
2014-04-27,Liverpool,0,2,26,8,home,0,0,1,0,-2,0
2014-05-05,Liverpool,3,3,26,9,away,0,1,0,1,0,0
2014-05-11,Liverpool,2,1,13,5,home,1,0,0,3,1,0
2014-08-17,Liverpool,2,1,12,5,home,1,0,0,3,1,0
2014-08-25,Liverpool,1,3,11,3,away,0,0,1,0,-2,0
2014-08-31,Liverpool,3,0,17,8,away,1,0,0,3,3,1
2014-09-13,Liverpool,0,1,18,1,home,0,0,1,0,-1,0
2014-09-20,Liverpool,1,3,11,5,away,0,0,1,0,-2,0
2014-09-27,Liverpool,1,1,24,8,home,0,1,0,1,0,0
2014-10-04,Liverpool,2,1,19,7,home,1,0,0,3,1,0
2014-10-19,Liverpool,3,2,15,5,away,1,0,0,3,1,0
2014-10-25,Liverpool,0,0,17,4,home,0,1,0,1,0,1
2014-11-01,Liverpool,0,1,6,3,away,0,0,1,0,-1,0
2014-11-08,Liverpool,1,2,12,4,home,0,0,1,0,-1,0
2014-11-23,Liverpool,1,3,12,1,away,0,0,1,0,-2,0
2014-11-29,Liverpool,1,0,16,3,home,1,0,0,3,1,1
2014-12-02,Liverpool,3,1,11,3,away,1,0,0,3,2,0
2014-12-06,Liverpool,0,0,15,2,home,0,1,0,1,0,1
2014-12-14,Liverpool,0,3,19,9,away,0,0,1,0,-3,0
2014-12-21,Liverpool,2,2,27,10,home,0,1,0,1,0,0
2014-12-26,Liverpool,1,0,10,3,away,1,0,0,3,1,1
2014-12-29,Liverpool,4,1,21,11,home,1,0,0,3,3,0
2015-01-01,Liverpool,2,2,18,6,home,0,1,0,1,0,0
2015-01-10,Liverpool,1,0,21,4,away,1,0,0,3,1,1
2015-01-17,Liverpool,2,0,12,5,away,1,0,0,3,2,1
2015-01-31,Liverpool,2,0,21,7,home,1,0,0,3,2,1
2015-02-07,Liverpool,0,0,17,6,away,0,1,0,1,0,1
2015-02-10,Liverpool,3,2,16,7,home,1,0,0,3,1,0
2015-02-22,Liverpool,2,0,6,4,away,1,0,0,3,2,1
2015-03-01,Liverpool,2,1,11,5,home,1,0,0,3,1,0
2015-03-04,Liverpool,2,0,20,8,home,1,0,0,3,2,1
2015-03-16,Liverpool,1,0,16,5,away,1,0,0,3,1,1
2015-03-22,Liverpool,1,2,7,1,home,0,0,1,0,-1,0
2015-04-04,Liverpool,1,4,13,2,away,0,0,1,0,-3,0
2015-04-13,Liverpool,2,0,14,6,home,1,0,0,3,2,1
2015-04-25,Liverpool,0,0,22,5,away,0,1,0,1,0,1
2015-04-28,Liverpool,0,1,12,9,away,0,0,1,0,-1,0
2015-05-02,Liverpool,2,1,25,8,home,1,0,0,3,1,0
2015-05-10,Liverpool,1,1,15,4,away,0,1,0,1,0,0
2015-05-16,Liverpool,1,3,18,3,home,0,0,1,0,-2,0
2015-05-24,Liverpool,1,6,13,4,away,0,0,1,0,-5,0
2015-08-09,Liverpool,1,0,8,3,away,1,0,0,3,1,1
2015-08-17,Liverpool,1,0,18,2,home,1,0,0,3,1,1
2015-08-24,Liverpool,0,0,15,8,away,0,1,0,1,0,1
2015-08-29,Liverpool,0,3,13,1,home,0,0,1,0,-3,0
2015-09-12,Liverpool,1,3,8,4,away,0,0,1,0,-2,0
2015-09-20,Liverpool,1,1,23,7,home,0,1,0,1,0,0
2015-09-26,Liverpool,3,2,21,12,home,1,0,0,3,1,0
2015-10-04,Liverpool,1,1,13,4,away,0,1,0,1,0,0
2015-10-17,Liverpool,0,0,12,3,away,0,1,0,1,0,1
2015-10-25,Liverpool,1,1,15,2,home,0,1,0,1,0,0
2015-10-31,Liverpool,3,1,16,7,away,1,0,0,3,2,0
2015-11-08,Liverpool,1,2,22,4,home,0,0,1,0,-1,0
2015-11-21,Liverpool,4,1,14,9,away,1,0,0,3,3,0
2015-11-29,Liverpool,1,0,10,2,home,1,0,0,3,1,1
2015-12-06,Liverpool,0,2,10,1,away,0,0,1,0,-2,0
2015-12-13,Liverpool,2,2,28,8,home,0,1,0,1,0,0
2015-12-20,Liverpool,0,3,12,4,away,0,0,1,0,-3,0
2015-12-26,Liverpool,1,0,25,4,home,1,0,0,3,1,1
2015-12-30,Liverpool,1,0,17,6,away,1,0,0,3,1,1
2016-01-02,Liverpool,0,2,23,2,away,0,0,1,0,-2,0
2016-01-13,Liverpool,3,3,22,6,home,0,1,0,1,0,0
2016-01-17,Liverpool,0,1,19,4,home,0,0,1,0,-1,0
2016-01-23,Liverpool,5,4,13,7,away,1,0,0,3,1,0
2016-02-02,Liverpool,0,2,14,2,away,0,0,1,0,-2,0
2016-02-06,Liverpool,2,2,16,5,home,0,1,0,1,0,0
2016-02-14,Liverpool,6,0,11,9,away,1,0,0,3,6,1
2016-03-02,Liverpool,3,0,11,7,home,1,0,0,3,3,1
2016-03-06,Liverpool,2,1,19,5,away,1,0,0,3,1,0
2016-03-20,Liverpool,2,3,18,9,away,0,0,1,0,-1,0
2016-04-02,Liverpool,1,1,15,7,home,0,1,0,1,0,0
2016-04-10,Liverpool,4,1,14,6,home,1,0,0,3,3,0
2016-04-17,Liverpool,2,1,19,6,away,1,0,0,3,1,0
2016-04-20,Liverpool,4,0,37,13,home,1,0,0,3,4,1
2016-04-23,Liverpool,2,2,13,4,home,0,1,0,1,0,0
2016-05-01,Liverpool,1,3,11,3,away,0,0,1,0,-2,0
2016-05-08,Liverpool,2,0,19,5,home,1,0,0,3,2,1
2016-05-11,Liverpool,1,1,28,9,home,0,1,0,1,0,0
2016-05-15,Liverpool,1,1,7,3,away,0,1,0,1,0,0
2016-08-14,Liverpool,4,3,16,7,away,1,0,0,3,1,0
2016-08-20,Liverpool,0,2,26,5,away,0,0,1,0,-2,0
2016-08-27,Liverpool,1,1,13,3,away,0,1,0,1,0,0
2016-09-10,Liverpool,4,1,17,11,home,1,0,0,3,3,0
2016-09-16,Liverpool,2,1,13,5,away,1,0,0,3,1,0
2016-09-24,Liverpool,5,1,32,12,home,1,0,0,3,4,0
2016-10-01,Liverpool,2,1,18,6,away,1,0,0,3,1,0
2016-10-17,Liverpool,0,0,9,3,home,0,1,0,1,0,1
2016-10-22,Liverpool,2,1,21,7,home,1,0,0,3,1,0
2016-10-29,Liverpool,4,2,17,10,away,1,0,0,3,2,0
2016-11-06,Liverpool,6,1,28,17,home,1,0,0,3,5,0
2016-11-19,Liverpool,0,0,15,2,away,0,1,0,1,0,1
2016-11-26,Liverpool,2,0,27,7,home,1,0,0,3,2,1
2016-12-04,Liverpool,3,4,10,3,away,0,0,1,0,-1,0
2016-12-11,Liverpool,2,2,18,3,home,0,1,0,1,0,0
2016-12-14,Liverpool,3,0,15,4,away,1,0,0,3,3,1
2016-12-19,Liverpool,1,0,11,4,away,1,0,0,3,1,1
2016-12-27,Liverpool,4,1,20,6,home,1,0,0,3,3,0
2016-12-31,Liverpool,1,0,5,1,home,1,0,0,3,1,1
2017-01-02,Liverpool,2,2,21,15,away,0,1,0,1,0,0
2017-01-15,Liverpool,1,1,13,4,away,0,1,0,1,0,0
2017-01-21,Liverpool,2,3,16,5,home,0,0,1,0,-1,0
2017-01-31,Liverpool,1,1,7,3,home,0,1,0,1,0,0
2017-02-04,Liverpool,0,2,22,5,away,0,0,1,0,-2,0
2017-02-11,Liverpool,2,0,17,9,home,1,0,0,3,2,1
2017-02-27,Liverpool,1,3,17,7,away,0,0,1,0,-2,0
2017-03-04,Liverpool,3,1,18,7,home,1,0,0,3,2,0
2017-03-12,Liverpool,2,1,10,3,home,1,0,0,3,1,0
2017-03-19,Liverpool,1,1,13,4,away,0,1,0,1,0,0
2017-04-01,Liverpool,3,1,10,6,home,1,0,0,3,2,0
2017-04-05,Liverpool,2,2,20,8,home,0,1,0,1,0,0
2017-04-08,Liverpool,2,1,14,4,away,1,0,0,3,1,0
2017-04-16,Liverpool,1,0,15,2,away,1,0,0,3,1,1
2017-04-23,Liverpool,1,2,14,1,home,0,0,1,0,-1,0
2017-05-01,Liverpool,1,0,12,8,away,1,0,0,3,1,1
2017-05-07,Liverpool,0,0,17,8,home,0,1,0,1,0,1
2017-05-14,Liverpool,4,0,26,11,away,1,0,0,3,4,1
2017-05-21,Liverpool,3,0,25,10,home,1,0,0,3,3,1
2017-08-12,Liverpool,3,3,14,5,away,0,1,0,1,0,0
2017-08-19,Liverpool,1,0,23,13,home,1,0,0,3,1,1
2017-08-27,Liverpool,4,0,18,10,home,1,0,0,3,4,1
2017-09-09,Liverpool,0,5,10,3,away,0,0,1,0,-5,0
2017-09-16,Liverpool,1,1,35,9,home,0,1,0,1,0,0
2017-09-23,Liverpool,3,2,23,6,away,1,0,0,3,1,0
2017-10-01,Liverpool,1,1,17,2,away,0,1,0,1,0,0
2017-10-14,Liverpool,0,0,19,5,home,0,1,0,1,0,1
2017-10-22,Liverpool,1,4,12,7,away,0,0,1,0,-3,0
2017-10-28,Liverpool,3,0,16,8,home,1,0,0,3,3,1
2017-11-04,Liverpool,4,1,15,7,away,1,0,0,3,3,0
2017-11-18,Liverpool,3,0,21,8,home,1,0,0,3,3,1
2017-11-25,Liverpool,1,1,16,4,home,0,1,0,1,0,0
2017-11-29,Liverpool,3,0,14,7,away,1,0,0,3,3,1
2017-12-02,Liverpool,5,1,12,6,away,1,0,0,3,4,0
2017-12-10,Liverpool,1,1,23,3,home,0,1,0,1,0,0
2017-12-13,Liverpool,0,0,14,5,home,0,1,0,1,0,1
2017-12-17,Liverpool,4,0,21,7,away,1,0,0,3,4,1
2017-12-22,Liverpool,3,3,14,9,away,0,1,0,1,0,0
2017-12-26,Liverpool,5,0,22,9,home,1,0,0,3,5,1
2017-12-30,Liverpool,2,1,17,6,home,1,0,0,3,1,0
2018-01-01,Liverpool,2,1,19,5,away,1,0,0,3,1,0
2018-01-14,Liverpool,4,3,16,7,home,1,0,0,3,1,0
2018-01-22,Liverpool,0,1,21,4,away,0,0,1,0,-1,0
2018-01-30,Liverpool,3,0,14,7,away,1,0,0,3,3,1
2018-02-04,Liverpool,2,2,9,3,home,0,1,0,1,0,0
2018-02-11,Liverpool,2,0,16,4,away,1,0,0,3,2,1
2018-02-24,Liverpool,4,1,21,12,home,1,0,0,3,3,0
2018-03-03,Liverpool,2,0,14,3,home,1,0,0,3,2,1
2018-03-10,Liverpool,1,2,14,2,away,0,0,1,0,-1,0
2018-03-17,Liverpool,5,0,13,10,home,1,0,0,3,5,1
2018-03-31,Liverpool,2,1,16,6,away,1,0,0,3,1,0
2018-04-07,Liverpool,0,0,10,3,away,0,1,0,1,0,1
2018-04-14,Liverpool,3,0,20,7,home,1,0,0,3,3,1
2018-04-21,Liverpool,2,2,9,3,away,0,1,0,1,0,0
2018-04-28,Liverpool,0,0,20,2,home,0,1,0,1,0,1
2018-05-06,Liverpool,0,1,10,5,away,0,0,1,0,-1,0
2018-05-13,Liverpool,4,0,22,11,home,1,0,0,3,4,1
2018-08-12,Liverpool,4,0,18,8,home,1,0,0,3,4,1
2018-08-20,Liverpool,2,0,16,6,away,1,0,0,3,2,1
2018-08-25,Liverpool,1,0,22,8,home,1,0,0,3,1,1
2018-09-01,Liverpool,2,1,10,4,away,1,0,0,3,1,0
2018-09-15,Liverpool,2,1,17,10,away,1,0,0,3,1,0
2018-09-22,Liverpool,3,0,12,4,home,1,0,0,3,3,1
2018-09-29,Liverpool,1,1,13,6,away,0,1,0,1,0,0
2018-10-07,Liverpool,0,0,7,2,home,0,1,0,1,0,1
2018-10-20,Liverpool,1,0,11,2,away,1,0,0,3,1,1
2018-10-27,Liverpool,4,1,19,7,home,1,0,0,3,3,0
2018-11-03,Liverpool,1,1,13,4,away,0,1,0,1,0,0
2018-11-11,Liverpool,2,0,20,7,home,1,0,0,3,2,1
2018-11-24,Liverpool,3,0,10,7,away,1,0,0,3,3,1
2018-12-02,Liverpool,1,0,16,3,home,1,0,0,3,1,1
2018-12-05,Liverpool,3,1,18,12,away,1,0,0,3,2,0
2018-12-08,Liverpool,4,0,10,4,away,1,0,0,3,4,1
2018-12-16,Liverpool,3,1,36,11,home,1,0,0,3,2,0
2018-12-21,Liverpool,2,0,15,6,away,1,0,0,3,2,1
2018-12-26,Liverpool,4,0,16,8,home,1,0,0,3,4,1
2018-12-29,Liverpool,5,1,15,10,home,1,0,0,3,4,0
2019-01-03,Liverpool,1,2,7,5,away,0,0,1,0,-1,0
2019-01-12,Liverpool,1,0,10,3,away,1,0,0,3,1,1
2019-01-19,Liverpool,4,3,19,9,home,1,0,0,3,1,0
2019-01-30,Liverpool,1,1,10,3,home,0,1,0,1,0,0
2019-02-04,Liverpool,1,1,11,6,away,0,1,0,1,0,0
2019-02-09,Liverpool,3,0,20,9,home,1,0,0,3,3,1
2019-02-24,Liverpool,0,0,7,1,away,0,1,0,1,0,1
2019-02-27,Liverpool,5,0,19,10,home,1,0,0,3,5,1
2019-03-03,Liverpool,0,0,10,3,away,0,1,0,1,0,1
2019-03-10,Liverpool,4,2,23,5,home,1,0,0,3,2,0
2019-03-17,Liverpool,2,1,16,6,away,1,0,0,3,1,0
2019-03-31,Liverpool,2,1,14,3,home,1,0,0,3,1,0
2019-04-05,Liverpool,3,1,17,5,away,1,0,0,3,2,0
2019-04-14,Liverpool,2,0,15,7,home,1,0,0,3,2,1
2019-04-21,Liverpool,2,0,17,6,away,1,0,0,3,2,1
2019-04-26,Liverpool,5,0,21,7,home,1,0,0,3,5,1
2019-05-04,Liverpool,3,2,11,4,away,1,0,0,3,1,0
2019-05-12,Liverpool,2,0,13,5,home,1,0,0,3,2,1
2019-08-09,Liverpool,4,1,15,7,home,1,0,0,3,3,0
2019-08-17,Liverpool,2,1,15,6,away,1,0,0,3,1,0
2019-08-24,Liverpool,3,1,25,5,home,1,0,0,3,2,0
2019-08-31,Liverpool,3,0,15,7,away,1,0,0,3,3,1
2019-09-14,Liverpool,3,1,21,9,home,1,0,0,3,2,0
2019-09-22,Liverpool,2,1,6,3,away,1,0,0,3,1,0
2019-09-28,Liverpool,1,0,16,4,away,1,0,0,3,1,1
2019-10-05,Liverpool,2,1,18,8,home,1,0,0,3,1,0
2019-10-20,Liverpool,1,1,10,4,away,0,1,0,1,0,0
2019-10-27,Liverpool,2,1,21,13,home,1,0,0,3,1,0
2019-11-02,Liverpool,2,1,25,6,away,1,0,0,3,1,0
2019-11-10,Liverpool,3,1,12,5,home,1,0,0,3,2,0
2019-11-23,Liverpool,2,1,12,4,away,1,0,0,3,1,0
2019-11-30,Liverpool,2,1,15,7,home,1,0,0,3,1,0
2019-12-04,Liverpool,5,2,11,5,home,1,0,0,3,3,0
2019-12-07,Liverpool,3,0,21,9,away,1,0,0,3,3,1
2019-12-14,Liverpool,2,0,16,6,home,1,0,0,3,2,1
2019-12-26,Liverpool,4,0,15,6,away,1,0,0,3,4,1
2019-12-29,Liverpool,1,0,10,3,home,1,0,0,3,1,1
2020-01-02,Liverpool,2,0,19,7,home,1,0,0,3,2,1
2020-01-11,Liverpool,1,0,13,7,away,1,0,0,3,1,1
2020-01-19,Liverpool,2,0,16,5,home,1,0,0,3,2,1
2020-01-23,Liverpool,2,1,13,6,away,1,0,0,3,1,0
2020-01-29,Liverpool,2,0,13,5,away,1,0,0,3,2,1
2020-02-01,Liverpool,4,0,16,9,home,1,0,0,3,4,1
2020-02-15,Liverpool,1,0,17,6,away,1,0,0,3,1,1
2020-02-24,Liverpool,3,2,25,7,home,1,0,0,3,1,0
2020-02-29,Liverpool,0,3,7,1,away,0,0,1,0,-3,0
2020-03-07,Liverpool,2,1,14,6,home,1,0,0,3,1,0
2020-06-21,Liverpool,0,0,10,3,away,0,1,0,1,0,1
2020-06-24,Liverpool,4,0,21,7,home,1,0,0,3,4,1
2020-07-02,Liverpool,0,4,11,3,away,0,0,1,0,-4,0
2020-07-05,Liverpool,2,0,6,4,home,1,0,0,3,2,1
2020-07-08,Liverpool,3,1,19,8,away,1,0,0,3,2,0
2020-07-11,Liverpool,1,1,23,9,home,0,1,0,1,0,0
2020-07-15,Liverpool,1,2,24,8,away,0,0,1,0,-1,0
2020-07-22,Liverpool,5,3,10,7,home,1,0,0,3,2,0
2020-07-26,Liverpool,3,1,14,6,away,1,0,0,3,2,0
2020-09-12,Liverpool,4,3,22,6,home,1,0,0,3,1,0
2020-09-20,Liverpool,2,0,18,6,away,1,0,0,3,2,1
2020-09-28,Liverpool,3,1,21,8,home,1,0,0,3,2,0
2020-10-04,Liverpool,2,7,14,8,away,0,0,1,0,-5,0
2020-10-17,Liverpool,2,2,22,8,away,0,1,0,1,0,0
2020-10-24,Liverpool,2,1,17,5,home,1,0,0,3,1,0
2020-10-31,Liverpool,2,1,9,5,home,1,0,0,3,1,0
2020-11-08,Liverpool,1,1,10,3,away,0,1,0,1,0,0
2020-11-22,Liverpool,3,0,24,13,home,1,0,0,3,3,1
2020-11-28,Liverpool,1,1,6,2,away,0,1,0,1,0,0
2020-12-06,Liverpool,4,0,11,6,home,1,0,0,3,4,1
2020-12-13,Liverpool,1,1,12,6,away,0,1,0,1,0,0
2020-12-16,Liverpool,2,1,17,11,home,1,0,0,3,1,0
2020-12-19,Liverpool,7,0,14,8,away,1,0,0,3,7,1
2020-12-27,Liverpool,1,1,17,2,home,0,1,0,1,0,0
2020-12-30,Liverpool,0,0,11,4,away,0,1,0,1,0,1
2021-01-04,Liverpool,0,1,17,1,away,0,0,1,0,-1,0
2021-01-17,Liverpool,0,0,17,3,home,0,1,0,1,0,1
2021-01-21,Liverpool,0,1,27,6,home,0,0,1,0,-1,0
2021-01-28,Liverpool,3,1,14,7,away,1,0,0,3,2,0
2021-01-31,Liverpool,3,1,14,5,away,1,0,0,3,2,0
2021-02-03,Liverpool,0,1,11,1,home,0,0,1,0,-1,0
2021-02-07,Liverpool,1,4,8,3,home,0,0,1,0,-3,0
2021-02-13,Liverpool,1,3,15,4,away,0,0,1,0,-2,0
2021-02-20,Liverpool,0,2,15,6,home,0,0,1,0,-2,0
2021-02-28,Liverpool,2,0,16,8,away,1,0,0,3,2,1
2021-03-04,Liverpool,0,1,7,1,home,0,0,1,0,-1,0
2021-03-07,Liverpool,0,1,16,3,home,0,0,1,0,-1,0
2021-03-15,Liverpool,1,0,12,4,away,1,0,0,3,1,1
2021-04-03,Liverpool,3,0,16,7,away,1,0,0,3,3,1
2021-04-10,Liverpool,2,1,23,10,home,1,0,0,3,1,0
2021-04-19,Liverpool,1,1,17,7,away,0,1,0,1,0,0
2021-04-24,Liverpool,1,1,22,9,home,0,1,0,1,0,0
2021-05-08,Liverpool,2,0,14,6,home,1,0,0,3,2,1
2021-05-13,Liverpool,4,2,17,8,away,1,0,0,3,2,0
2021-05-16,Liverpool,2,1,26,6,away,1,0,0,3,1,0
2021-05-19,Liverpool,3,0,20,3,away,1,0,0,3,3,1
2021-05-23,Liverpool,2,0,19,5,home,1,0,0,3,2,1
2021-08-14,Liverpool,3,0,19,8,away,1,0,0,3,3,1
2021-08-21,Liverpool,2,0,27,9,home,1,0,0,3,2,1
2021-08-28,Liverpool,1,1,24,7,home,0,1,0,1,0,0
2021-09-12,Liverpool,3,0,30,9,away,1,0,0,3,3,1
2021-09-18,Liverpool,3,0,25,10,home,1,0,0,3,3,1
2021-09-25,Liverpool,3,3,16,6,away,0,1,0,1,0,0
2021-10-03,Liverpool,2,2,6,4,home,0,1,0,1,0,0
2021-10-16,Liverpool,5,0,19,8,away,1,0,0,3,5,1
2021-10-24,Liverpool,5,0,19,8,away,1,0,0,3,5,1
2021-10-30,Liverpool,2,2,14,3,home,0,1,0,1,0,0
2021-11-07,Liverpool,2,3,16,5,away,0,0,1,0,-1,0
2021-11-20,Liverpool,4,0,19,9,home,1,0,0,3,4,1
2021-11-27,Liverpool,4,0,20,6,home,1,0,0,3,4,1
2021-12-01,Liverpool,4,1,16,7,away,1,0,0,3,3,0
2021-12-04,Liverpool,1,0,17,5,away,1,0,0,3,1,1
2021-12-11,Liverpool,1,0,20,5,home,1,0,0,3,1,1
2021-12-16,Liverpool,3,1,23,8,home,1,0,0,3,2,0
2021-12-19,Liverpool,2,2,18,6,away,0,1,0,1,0,0
2021-12-28,Liverpool,0,1,21,4,away,0,0,1,0,-1,0
2022-01-02,Liverpool,2,2,10,6,away,0,1,0,1,0,0
2022-01-16,Liverpool,3,0,27,13,home,1,0,0,3,3,1
2022-01-23,Liverpool,3,1,15,7,away,1,0,0,3,2,0
2022-02-10,Liverpool,2,0,22,11,home,1,0,0,3,2,1
2022-02-13,Liverpool,1,0,12,4,away,1,0,0,3,1,1
2022-02-19,Liverpool,3,1,29,8,home,1,0,0,3,2,0
2022-02-23,Liverpool,6,0,23,15,home,1,0,0,3,6,1
2022-03-05,Liverpool,1,0,22,5,home,1,0,0,3,1,1
2022-03-12,Liverpool,2,0,18,9,away,1,0,0,3,2,1
2022-03-16,Liverpool,2,0,9,3,away,1,0,0,3,2,1
2022-04-02,Liverpool,2,0,20,3,home,1,0,0,3,2,1
2022-04-10,Liverpool,2,2,6,4,away,0,1,0,1,0,0
2022-04-19,Liverpool,4,0,14,5,home,1,0,0,3,4,1
2022-04-24,Liverpool,2,0,18,4,home,1,0,0,3,2,1
2022-04-30,Liverpool,1,0,24,10,away,1,0,0,3,1,1
2022-05-07,Liverpool,1,1,22,3,home,0,1,0,1,0,0
2022-05-10,Liverpool,2,1,17,6,away,1,0,0,3,1,0
2022-05-17,Liverpool,2,1,24,5,away,1,0,0,3,1,0
2022-05-22,Liverpool,3,1,29,8,home,1,0,0,3,2,0
2022-08-06,Liverpool,2,2,11,4,away,0,1,0,1,0,0
2022-08-15,Liverpool,1,1,24,4,home,0,1,0,1,0,0
2022-08-22,Liverpool,1,2,17,5,away,0,0,1,0,-1,0
2022-08-27,Liverpool,9,0,19,12,home,1,0,0,3,9,1
2022-08-31,Liverpool,2,1,23,6,home,1,0,0,3,1,0
2022-09-03,Liverpool,0,0,23,8,away,0,1,0,1,0,1
2022-10-01,Liverpool,3,3,15,7,home,0,1,0,1,0,0
2022-10-09,Liverpool,2,3,8,3,away,0,0,1,0,-1,0
2022-10-16,Liverpool,1,0,13,2,home,1,0,0,3,1,1
2022-10-19,Liverpool,1,0,22,7,home,1,0,0,3,1,1
2022-10-22,Liverpool,0,1,15,7,away,0,0,1,0,-1,0
2022-10-29,Liverpool,1,2,22,10,home,0,0,1,0,-1,0
2022-11-06,Liverpool,2,1,13,6,away,1,0,0,3,1,0
2022-11-12,Liverpool,3,1,15,7,home,1,0,0,3,2,0
2022-12-26,Liverpool,3,1,16,9,away,1,0,0,3,2,0
2022-12-30,Liverpool,2,1,21,5,home,1,0,0,3,1,0
2023-01-02,Liverpool,1,3,16,6,away,0,0,1,0,-2,0
2023-01-14,Liverpool,0,3,6,2,away,0,0,1,0,-3,0
2023-01-21,Liverpool,0,0,15,3,home,0,1,0,1,0,1
2023-02-04,Liverpool,0,3,22,4,away,0,0,1,0,-3,0
2023-02-13,Liverpool,2,0,15,6,home,1,0,0,3,2,1
2023-02-18,Liverpool,2,0,13,7,away,1,0,0,3,2,1
2023-02-25,Liverpool,0,0,12,4,away,0,1,0,1,0,1
2023-03-01,Liverpool,2,0,15,6,home,1,0,0,3,2,1
2023-03-05,Liverpool,7,0,18,8,home,1,0,0,3,7,1
2023-03-11,Liverpool,0,1,15,6,away,0,0,1,0,-1,0
2023-04-01,Liverpool,1,4,4,1,away,0,0,1,0,-3,0
2023-04-04,Liverpool,0,0,7,4,away,0,1,0,1,0,1
2023-04-09,Liverpool,2,2,21,6,home,0,1,0,1,0,0
2023-04-17,Liverpool,6,1,13,7,away,1,0,0,3,5,0
2023-04-22,Liverpool,3,2,18,6,home,1,0,0,3,1,0
2023-04-26,Liverpool,2,1,20,4,away,1,0,0,3,1,0
2023-04-30,Liverpool,4,3,12,4,home,1,0,0,3,1,0
2023-05-03,Liverpool,1,0,15,3,home,1,0,0,3,1,1
2023-05-06,Liverpool,1,0,15,5,home,1,0,0,3,1,1
2023-05-15,Liverpool,3,0,16,5,away,1,0,0,3,3,1
2023-05-20,Liverpool,1,1,10,5,home,0,1,0,1,0,0
2023-05-28,Liverpool,4,4,30,8,away,0,1,0,1,0,0
2023-08-13,Liverpool,1,1,13,1,away,0,1,0,1,0,0
2023-08-19,Liverpool,3,1,26,10,home,1,0,0,3,2,0
2023-08-27,Liverpool,2,1,9,4,away,1,0,0,3,1,0
2023-09-03,Liverpool,3,0,17,4,home,1,0,0,3,3,1
2023-09-16,Liverpool,3,1,16,6,away,1,0,0,3,2,0
2023-09-24,Liverpool,3,1,22,7,home,1,0,0,3,2,0
2023-09-30,Liverpool,1,2,12,4,away,0,0,1,0,-1,0
2023-10-08,Liverpool,2,2,14,4,away,0,1,0,1,0,0
2023-10-21,Liverpool,2,0,26,6,home,1,0,0,3,2,1
2023-10-29,Liverpool,3,0,21,8,home,1,0,0,3,3,1
2023-11-05,Liverpool,1,1,24,6,away,0,1,0,1,0,0
2023-11-12,Liverpool,3,0,17,10,home,1,0,0,3,3,1
2023-11-25,Liverpool,1,1,8,3,away,0,1,0,1,0,0
2023-12-03,Liverpool,4,3,26,12,home,1,0,0,3,1,0
2023-12-06,Liverpool,2,0,15,8,away,1,0,0,3,2,1
2023-12-09,Liverpool,2,1,14,2,away,1,0,0,3,1,0
2023-12-17,Liverpool,0,0,34,8,home,0,1,0,1,0,1
2023-12-23,Liverpool,1,1,13,3,home,0,1,0,1,0,0
2023-12-26,Liverpool,2,0,19,10,away,1,0,0,3,2,1
2024-01-01,Liverpool,4,2,34,15,home,1,0,0,3,2,0
2024-01-21,Liverpool,4,0,14,7,away,1,0,0,3,4,1
2024-01-31,Liverpool,4,1,28,13,home,1,0,0,3,3,0
2024-02-04,Liverpool,1,3,10,1,away,0,0,1,0,-2,0
2024-02-10,Liverpool,3,1,25,10,home,1,0,0,3,2,0
2024-02-17,Liverpool,4,1,15,8,away,1,0,0,3,3,0
2024-02-21,Liverpool,4,1,29,13,home,1,0,0,3,3,0
2024-03-02,Liverpool,1,0,22,2,away,1,0,0,3,1,1
2024-03-10,Liverpool,1,1,19,6,home,0,1,0,1,0,0
2024-03-31,Liverpool,2,1,30,8,home,1,0,0,3,1,0
2024-04-04,Liverpool,3,1,29,9,home,1,0,0,3,2,0
2024-04-07,Liverpool,2,2,28,7,away,0,1,0,1,0,0
2024-04-14,Liverpool,0,1,21,6,home,0,0,1,0,-1,0
2024-04-21,Liverpool,3,1,14,7,away,1,0,0,3,2,0
2024-04-24,Liverpool,0,2,23,7,away,0,0,1,0,-2,0
2024-04-27,Liverpool,2,2,28,8,away,0,1,0,1,0,0
2024-05-05,Liverpool,4,2,25,13,home,1,0,0,3,2,0
2024-05-13,Liverpool,3,3,14,7,away,0,1,0,1,0,0
2024-05-19,Liverpool,2,0,36,14,home,1,0,0,3,2,1
2024-08-17,Liverpool,2,0,18,5,away,1,0,0,3,2,1
2024-08-25,Liverpool,2,0,19,8,home,1,0,0,3,2,1
2024-09-01,Liverpool,3,0,11,3,away,1,0,0,3,3,1
2024-09-14,Liverpool,0,1,14,5,home,0,0,1,0,-1,0
2024-09-21,Liverpool,3,0,19,13,home,1,0,0,3,3,1
2024-09-28,Liverpool,2,1,10,6,away,1,0,0,3,1,0
2024-10-05,Liverpool,1,0,16,4,away,1,0,0,3,1,1
2024-10-20,Liverpool,2,1,9,5,home,1,0,0,3,1,0
2024-10-27,Liverpool,2,2,9,4,away,0,1,0,1,0,0
2024-11-02,Liverpool,2,1,16,8,home,1,0,0,3,1,0
2024-11-09,Liverpool,2,0,14,5,home,1,0,0,3,2,1
2024-11-24,Liverpool,3,2,27,11,away,1,0,0,3,1,0
2024-12-01,Liverpool,2,0,18,7,home,1,0,0,3,2,1
2024-12-04,Liverpool,3,3,16,5,away,0,1,0,1,0,0
2024-12-14,Liverpool,2,2,16,4,home,0,1,0,1,0,0
2024-12-22,Liverpool,6,3,24,12,away,1,0,0,3,3,0
2024-12-26,Liverpool,3,1,19,7,home,1,0,0,3,2,0
2024-12-29,Liverpool,5,0,22,13,away,1,0,0,3,5,1
2025-01-05,Liverpool,2,2,19,6,home,0,1,0,1,0,0
2025-01-14,Liverpool,1,1,23,7,away,0,1,0,1,0,0
2025-01-18,Liverpool,2,0,37,8,away,1,0,0,3,2,1
2025-01-25,Liverpool,4,1,16,6,home,1,0,0,3,3,0
2025-02-01,Liverpool,2,0,19,7,away,1,0,0,3,2,1
2025-02-12,Liverpool,2,2,6,4,away,0,1,0,1,0,0
2025-02-16,Liverpool,2,1,10,3,home,1,0,0,3,1,0
2025-02-19,Liverpool,2,2,17,3,away,0,1,0,1,0,0
2025-02-23,Liverpool,2,0,8,4,away,1,0,0,3,2,1
2025-02-26,Liverpool,2,0,12,3,home,1,0,0,3,2,1
2025-03-08,Liverpool,3,1,28,7,home,1,0,0,3,2,0
2025-04-02,Liverpool,1,0,17,3,home,1,0,0,3,1,1
2025-04-06,Liverpool,2,3,14,6,away,0,0,1,0,-1,0
2025-04-13,Liverpool,2,1,15,6,home,1,0,0,3,1,0
2025-04-20,Liverpool,1,0,28,10,away,1,0,0,3,1,1
2025-04-27,Liverpool,5,1,25,8,home,1,0,0,3,4,0
2025-05-04,Liverpool,1,3,11,2,away,0,0,1,0,-2,0
2025-05-11,Liverpool,2,2,14,5,home,0,1,0,1,0,0
2025-05-19,Liverpool,2,3,18,5,away,0,0,1,0,-1,0
2025-05-25,Liverpool,1,1,14,3,home,0,1,0,1,0,0
2025-08-15,Liverpool,4,2,19,10,home,1,0,0,3,2,0
2025-08-25,Liverpool,3,2,5,4,away,1,0,0,3,1,0
2025-08-31,Liverpool,1,0,9,3,home,1,0,0,3,1,1
2025-09-14,Liverpool,1,0,27,4,away,1,0,0,3,1,1
2025-09-20,Liverpool,2,1,11,3,home,1,0,0,3,1,0
2025-09-27,Liverpool,1,2,20,4,away,0,0,1,0,-1,0
2025-10-04,Liverpool,1,2,12,2,away,0,0,1,0,-1,0
2025-10-19,Liverpool,1,2,19,6,home,0,0,1,0,-1,0
2025-10-25,Liverpool,2,3,18,5,away,0,0,1,0,-1,0
2025-11-01,Liverpool,2,0,16,4,home,1,0,0,3,2,1
2025-11-09,Liverpool,0,3,7,1,away,0,0,1,0,-3,0
2025-11-22,Liverpool,0,3,21,4,home,0,0,1,0,-3,0
2025-11-30,Liverpool,2,0,9,5,away,1,0,0,3,2,1
2025-12-03,Liverpool,1,1,23,4,home,0,1,0,1,0,0
2025-12-06,Liverpool,3,3,16,7,away,0,1,0,1,0,0
2025-12-13,Liverpool,2,0,18,4,home,1,0,0,3,2,1
2025-12-20,Liverpool,2,1,8,4,away,1,0,0,3,1,0
2025-12-27,Liverpool,2,1,14,4,home,1,0,0,3,1,0
2026-01-01,Liverpool,0,0,19,4,home,0,1,0,1,0,1
2026-01-04,Liverpool,2,2,10,2,away,0,1,0,1,0,0
2026-01-08,Liverpool,0,0,8,0,away,0,1,0,1,0,1
2026-01-17,Liverpool,1,1,32,11,home,0,1,0,1,0,0
2026-01-24,Liverpool,2,3,14,4,away,0,0,1,0,-1,0
2026-01-31,Liverpool,4,1,17,7,home,1,0,0,3,3,0
2026-02-08,Liverpool,1,2,15,4,home,0,0,1,0,-1,0
2026-02-11,Liverpool,1,0,23,3,away,1,0,0,3,1,1
2026-02-22,Liverpool,1,0,10,4,away,1,0,0,3,1,1
2026-02-28,Liverpool,5,2,18,7,home,1,0,0,3,3,0
2026-03-03,Liverpool,1,2,19,7,away,0,0,1,0,-1,0
2026-03-15,Liverpool,1,1,17,4,home,0,1,0,1,0,0
2026-03-21,Liverpool,1,2,12,5,away,0,0,1,0,-1,0
2023-08-12,Luton,1,4,9,3,away,0,0,1,0,-3,0
2023-08-25,Luton,0,3,11,1,away,0,0,1,0,-3,0
2023-09-01,Luton,1,2,16,1,home,0,0,1,0,-1,0
2023-09-16,Luton,0,1,7,2,away,0,0,1,0,-1,0
2023-09-23,Luton,1,1,20,4,home,0,1,0,1,0,0
2023-09-30,Luton,2,1,9,2,away,1,0,0,3,1,0
2023-10-03,Luton,1,2,18,3,home,0,0,1,0,-1,0
2023-10-07,Luton,0,1,12,2,home,0,0,1,0,-1,0
2023-10-21,Luton,2,2,13,4,away,0,1,0,1,0,0
2023-10-29,Luton,1,3,7,1,away,0,0,1,0,-2,0
2023-11-05,Luton,1,1,8,5,home,0,1,0,1,0,0
2023-11-11,Luton,0,1,10,4,away,0,0,1,0,-1,0
2023-11-25,Luton,2,1,8,3,home,1,0,0,3,1,0
2023-12-02,Luton,1,3,7,1,away,0,0,1,0,-2,0
2023-12-05,Luton,3,4,6,4,home,0,0,1,0,-1,0
2023-12-10,Luton,1,2,4,2,home,0,0,1,0,-1,0
2023-12-23,Luton,1,0,16,5,home,1,0,0,3,1,1
2023-12-26,Luton,3,2,12,4,away,1,0,0,3,1,0
2023-12-30,Luton,2,3,15,6,home,0,0,1,0,-1,0
2024-01-12,Luton,1,1,14,5,away,0,1,0,1,0,0
2024-01-30,Luton,4,0,18,8,home,1,0,0,3,4,1
2024-02-03,Luton,4,4,11,8,away,0,1,0,1,0,0
2024-02-10,Luton,1,3,20,5,home,0,0,1,0,-2,0
2024-02-18,Luton,1,2,22,4,home,0,0,1,0,-1,0
2024-02-21,Luton,1,4,12,3,away,0,0,1,0,-3,0
2024-03-02,Luton,2,3,13,5,home,0,0,1,0,-1,0
2024-03-09,Luton,1,1,8,2,away,0,1,0,1,0,0
2024-03-13,Luton,3,4,8,4,away,0,0,1,0,-1,0
2024-03-16,Luton,1,1,10,4,home,0,1,0,1,0,0
2024-03-30,Luton,1,2,7,3,away,0,0,1,0,-1,0
2024-04-03,Luton,0,2,5,1,away,0,0,1,0,-2,0
2024-04-06,Luton,2,1,19,9,home,1,0,0,3,1,0
2024-04-13,Luton,1,5,4,2,away,0,0,1,0,-4,0
2024-04-20,Luton,1,5,6,3,home,0,0,1,0,-4,0
2024-04-27,Luton,1,2,9,6,away,0,0,1,0,-1,0
2024-05-03,Luton,1,1,18,5,home,0,1,0,1,0,0
2024-05-11,Luton,1,3,4,1,away,0,0,1,0,-2,0
2024-05-19,Luton,2,4,15,6,home,0,0,1,0,-2,0
2010-08-14,Man City,0,0,11,7,away,0,1,0,1,0,1
2010-08-23,Man City,3,0,8,3,home,1,0,0,3,3,1
2010-08-29,Man City,0,1,9,7,away,0,0,1,0,-1,0
2010-09-11,Man City,1,1,20,14,home,0,1,0,1,0,0
2010-09-19,Man City,2,0,11,5,away,1,0,0,3,2,1
2010-09-25,Man City,1,0,8,6,home,1,0,0,3,1,1
2010-10-03,Man City,2,1,9,5,home,1,0,0,3,1,0
2010-10-17,Man City,3,2,13,8,away,1,0,0,3,1,0
2010-10-24,Man City,0,3,9,6,home,0,0,1,0,-3,0
2010-10-30,Man City,1,2,17,9,away,0,0,1,0,-1,0
2010-11-07,Man City,2,0,9,5,away,1,0,0,3,2,1
2010-11-10,Man City,0,0,6,4,home,0,1,0,1,0,1
2010-11-13,Man City,0,0,21,11,home,0,1,0,1,0,1
2010-11-21,Man City,4,1,11,8,away,1,0,0,3,3,0
2010-11-27,Man City,1,1,9,4,away,0,1,0,1,0,0
2010-12-04,Man City,1,0,19,10,home,1,0,0,3,1,1
2010-12-11,Man City,3,1,12,7,away,1,0,0,3,2,0
2010-12-20,Man City,1,2,25,15,home,0,0,1,0,-1,0
2010-12-26,Man City,3,1,9,6,away,1,0,0,3,2,0
2010-12-28,Man City,4,0,11,8,home,1,0,0,3,4,1
2011-01-01,Man City,1,0,15,4,home,1,0,0,3,1,1
2011-01-05,Man City,0,0,5,0,away,0,1,0,1,0,1
2011-01-15,Man City,4,3,15,12,home,1,0,0,3,1,0
2011-01-22,Man City,0,1,24,14,away,0,0,1,0,-1,0
2011-02-02,Man City,2,2,12,9,away,0,1,0,1,0,0
2011-02-05,Man City,3,0,13,9,home,1,0,0,3,3,1
2011-02-12,Man City,1,2,13,8,away,0,0,1,0,-1,0
2011-02-27,Man City,1,1,14,4,home,0,1,0,1,0,0
2011-03-05,Man City,1,0,7,3,home,1,0,0,3,1,1
2011-03-20,Man City,0,2,5,2,away,0,0,1,0,-2,0
2011-04-03,Man City,5,0,14,12,home,1,0,0,3,5,1
2011-04-11,Man City,0,3,13,4,away,0,0,1,0,-3,0
2011-04-25,Man City,1,0,10,5,away,1,0,0,3,1,1
2011-05-01,Man City,2,1,19,12,home,1,0,0,3,1,0
2011-05-07,Man City,1,2,12,7,away,0,0,1,0,-1,0
2011-05-10,Man City,1,0,7,4,home,1,0,0,3,1,1
2011-05-17,Man City,3,0,16,9,home,1,0,0,3,3,1
2011-05-22,Man City,2,0,16,10,away,1,0,0,3,2,1
2011-08-15,Man City,4,0,26,19,home,1,0,0,3,4,1
2011-08-21,Man City,3,2,17,9,away,1,0,0,3,1,0
2011-08-28,Man City,5,1,22,12,away,1,0,0,3,4,0
2011-09-10,Man City,3,0,23,10,home,1,0,0,3,3,1
2011-09-18,Man City,2,2,18,11,away,0,1,0,1,0,0
2011-09-24,Man City,2,0,18,8,home,1,0,0,3,2,1
2011-10-01,Man City,4,0,19,12,away,1,0,0,3,4,1
2011-10-15,Man City,4,1,15,10,home,1,0,0,3,3,0
2011-10-23,Man City,6,1,19,12,away,1,0,0,3,5,0
2011-10-29,Man City,3,1,18,9,home,1,0,0,3,2,0
2011-11-05,Man City,3,2,16,8,away,1,0,0,3,1,0
2011-11-19,Man City,3,1,12,9,home,1,0,0,3,2,0
2011-11-27,Man City,1,1,7,3,away,0,1,0,1,0,0
2011-12-03,Man City,5,1,21,16,home,1,0,0,3,4,0
2011-12-12,Man City,1,2,7,4,away,0,0,1,0,-1,0
2011-12-18,Man City,1,0,15,9,home,1,0,0,3,1,1
2011-12-21,Man City,3,0,20,16,home,1,0,0,3,3,1
2011-12-26,Man City,0,0,18,9,away,0,1,0,1,0,1
2012-01-01,Man City,0,1,25,11,away,0,0,1,0,-1,0
2012-01-03,Man City,3,0,10,8,home,1,0,0,3,3,1
2012-01-16,Man City,1,0,12,8,away,1,0,0,3,1,1
2012-01-22,Man City,3,2,13,7,home,1,0,0,3,1,0
2012-01-31,Man City,0,1,17,11,away,0,0,1,0,-1,0
2012-02-04,Man City,3,0,16,10,home,1,0,0,3,3,1
2012-02-12,Man City,1,0,17,10,away,1,0,0,3,1,1
2012-02-25,Man City,3,0,20,13,home,1,0,0,3,3,1
2012-03-03,Man City,2,0,23,10,home,1,0,0,3,2,1
2012-03-11,Man City,0,1,18,13,away,0,0,1,0,-1,0
2012-03-21,Man City,2,1,20,10,home,1,0,0,3,1,0
2012-03-24,Man City,1,1,16,11,away,0,1,0,1,0,0
2012-03-31,Man City,3,3,19,10,home,0,1,0,1,0,0
2012-04-08,Man City,0,1,7,2,away,0,0,1,0,-1,0
2012-04-11,Man City,4,0,17,12,home,1,0,0,3,4,1
2012-04-14,Man City,6,1,22,17,away,1,0,0,3,5,0
2012-04-22,Man City,2,0,17,9,away,1,0,0,3,2,1
2012-04-30,Man City,1,0,12,5,home,1,0,0,3,1,1
2012-05-06,Man City,2,0,19,12,away,1,0,0,3,2,1
2012-05-13,Man City,3,2,35,24,home,1,0,0,3,1,0
2012-08-19,Man City,3,2,20,15,home,1,0,0,3,1,0
2012-08-26,Man City,2,2,11,5,away,0,1,0,1,0,0
2012-09-01,Man City,3,1,19,12,home,1,0,0,3,2,0
2012-09-15,Man City,1,1,15,11,away,0,1,0,1,0,0
2012-09-23,Man City,1,1,14,10,home,0,1,0,1,0,0
2012-09-29,Man City,2,1,21,12,away,1,0,0,3,1,0
2012-10-06,Man City,3,0,26,16,home,1,0,0,3,3,1
2012-10-20,Man City,2,1,21,13,away,1,0,0,3,1,0
2012-10-27,Man City,1,0,10,5,home,1,0,0,3,1,1
2012-11-03,Man City,0,0,18,8,away,0,1,0,1,0,1
2012-11-11,Man City,2,1,16,8,home,1,0,0,3,1,0
2012-11-17,Man City,5,0,21,8,home,1,0,0,3,5,1
2012-11-25,Man City,0,0,11,7,away,0,1,0,1,0,1
2012-11-28,Man City,2,0,15,6,away,1,0,0,3,2,1
2012-12-01,Man City,1,1,9,6,home,0,1,0,1,0,0
2012-12-09,Man City,2,3,16,11,home,0,0,1,0,-1,0
2012-12-15,Man City,3,1,16,10,away,1,0,0,3,2,0
2012-12-22,Man City,1,0,17,10,home,1,0,0,3,1,1
2012-12-26,Man City,0,1,19,12,away,0,0,1,0,-1,0
2012-12-29,Man City,4,3,13,9,away,1,0,0,3,1,0
2013-01-01,Man City,3,0,17,9,home,1,0,0,3,3,1
2013-01-13,Man City,2,0,16,9,away,1,0,0,3,2,1
2013-01-19,Man City,2,0,20,11,home,1,0,0,3,2,1
2013-01-29,Man City,0,0,15,7,away,0,1,0,1,0,1
2013-02-03,Man City,2,2,9,5,home,0,1,0,1,0,0
2013-02-09,Man City,1,3,7,4,away,0,0,1,0,-2,0
2013-02-24,Man City,2,0,15,11,home,1,0,0,3,2,1
2013-03-04,Man City,1,0,20,12,away,1,0,0,3,1,1
2013-03-16,Man City,0,2,17,11,away,0,0,1,0,-2,0
2013-03-30,Man City,4,0,19,11,home,1,0,0,3,4,1
2013-04-08,Man City,2,1,9,5,away,1,0,0,3,1,0
2013-04-17,Man City,1,0,10,4,home,1,0,0,3,1,1
2013-04-21,Man City,1,3,11,7,away,0,0,1,0,-2,0
2013-04-27,Man City,2,1,16,10,home,1,0,0,3,1,0
2013-05-04,Man City,0,0,12,8,away,0,1,0,1,0,1
2013-05-07,Man City,1,0,21,9,home,1,0,0,3,1,1
2013-05-14,Man City,2,0,27,20,away,1,0,0,3,2,1
2013-05-19,Man City,2,3,12,5,home,0,0,1,0,-1,0
2013-08-19,Man City,4,0,20,11,home,1,0,0,3,4,1
2013-08-25,Man City,2,3,16,5,away,0,0,1,0,-1,0
2013-08-31,Man City,2,0,12,6,home,1,0,0,3,2,1
2013-09-14,Man City,0,0,10,3,away,0,1,0,1,0,1
2013-09-22,Man City,4,1,18,5,home,1,0,0,3,3,0
2013-09-28,Man City,2,3,20,7,away,0,0,1,0,-1,0
2013-10-05,Man City,3,1,12,6,home,1,0,0,3,2,0
2013-10-19,Man City,3,1,16,9,away,1,0,0,3,2,0
2013-10-27,Man City,1,2,15,6,away,0,0,1,0,-1,0
2013-11-02,Man City,7,0,27,9,home,1,0,0,3,7,1
2013-11-10,Man City,0,1,24,4,away,0,0,1,0,-1,0
2013-11-24,Man City,6,0,15,10,home,1,0,0,3,6,1
2013-12-01,Man City,3,0,22,7,home,1,0,0,3,3,1
2013-12-04,Man City,3,2,15,5,away,1,0,0,3,1,0
2013-12-07,Man City,1,1,13,3,away,0,1,0,1,0,0
2013-12-14,Man City,6,3,22,7,home,1,0,0,3,3,0
2013-12-21,Man City,4,2,17,10,away,1,0,0,3,2,0
2013-12-26,Man City,2,1,20,6,home,1,0,0,3,1,0
2013-12-28,Man City,1,0,23,4,home,1,0,0,3,1,1
2014-01-01,Man City,3,2,14,4,away,1,0,0,3,1,0
2014-01-12,Man City,2,0,14,6,away,1,0,0,3,2,1
2014-01-18,Man City,4,2,24,9,home,1,0,0,3,2,0
2014-01-29,Man City,5,1,24,10,away,1,0,0,3,4,0
2014-02-03,Man City,0,1,25,3,home,0,0,1,0,-1,0
2014-02-08,Man City,0,0,15,2,away,0,1,0,1,0,1
2014-02-22,Man City,1,0,19,7,home,1,0,0,3,1,1
2014-03-15,Man City,2,0,8,3,away,1,0,0,3,2,1
2014-03-22,Man City,5,0,22,12,home,1,0,0,3,5,1
2014-03-25,Man City,3,0,13,4,away,1,0,0,3,3,1
2014-03-29,Man City,1,1,15,4,away,0,1,0,1,0,0
2014-04-05,Man City,4,1,15,8,home,1,0,0,3,3,0
2014-04-13,Man City,2,3,13,5,away,0,0,1,0,-1,0
2014-04-16,Man City,2,2,16,4,home,0,1,0,1,0,0
2014-04-21,Man City,3,1,19,6,home,1,0,0,3,2,0
2014-04-27,Man City,2,0,16,6,away,1,0,0,3,2,1
2014-05-03,Man City,3,2,18,6,away,1,0,0,3,1,0
2014-05-07,Man City,4,0,18,9,home,1,0,0,3,4,1
2014-05-11,Man City,2,0,28,7,home,1,0,0,3,2,1
2014-08-17,Man City,2,0,13,5,away,1,0,0,3,2,1
2014-08-25,Man City,3,1,9,4,home,1,0,0,3,2,0
2014-08-30,Man City,0,1,16,2,home,0,0,1,0,-1,0
2014-09-13,Man City,2,2,15,8,away,0,1,0,1,0,0
2014-09-21,Man City,1,1,16,4,home,0,1,0,1,0,0
2014-09-27,Man City,4,2,20,6,away,1,0,0,3,2,0
2014-10-04,Man City,2,0,27,7,away,1,0,0,3,2,1
2014-10-18,Man City,4,1,20,12,home,1,0,0,3,3,0
2014-10-25,Man City,1,2,21,5,away,0,0,1,0,-1,0
2014-11-02,Man City,1,0,16,6,home,1,0,0,3,1,1
2014-11-08,Man City,2,2,23,6,away,0,1,0,1,0,0
2014-11-22,Man City,2,1,23,10,home,1,0,0,3,1,0
2014-11-30,Man City,3,0,15,6,away,1,0,0,3,3,1
2014-12-03,Man City,4,1,15,4,away,1,0,0,3,3,0
2014-12-06,Man City,1,0,19,3,home,1,0,0,3,1,1
2014-12-13,Man City,1,0,9,4,away,1,0,0,3,1,1
2014-12-20,Man City,3,0,15,3,home,1,0,0,3,3,1
2014-12-26,Man City,3,1,9,5,away,1,0,0,3,2,0
2014-12-28,Man City,2,2,17,6,home,0,1,0,1,0,0
2015-01-01,Man City,3,2,32,12,home,1,0,0,3,1,0
2015-01-10,Man City,1,1,18,2,away,0,1,0,1,0,0
2015-01-18,Man City,0,2,12,4,home,0,0,1,0,-2,0
2015-01-31,Man City,1,1,10,5,away,0,1,0,1,0,0
2015-02-07,Man City,1,1,18,5,home,0,1,0,1,0,0
2015-02-11,Man City,4,1,14,8,away,1,0,0,3,3,0
2015-02-21,Man City,5,0,16,9,home,1,0,0,3,5,1
2015-03-01,Man City,1,2,8,1,away,0,0,1,0,-1,0
2015-03-04,Man City,2,0,22,9,home,1,0,0,3,2,1
2015-03-14,Man City,0,1,21,5,away,0,0,1,0,-1,0
2015-03-21,Man City,3,0,43,16,home,1,0,0,3,3,1
2015-04-06,Man City,1,2,22,4,away,0,0,1,0,-1,0
2015-04-12,Man City,2,4,10,3,away,0,0,1,0,-2,0
2015-04-19,Man City,2,0,18,3,home,1,0,0,3,2,1
2015-04-25,Man City,3,2,11,4,home,1,0,0,3,1,0
2015-05-03,Man City,1,0,15,4,away,1,0,0,3,1,1
2015-05-10,Man City,6,0,23,11,home,1,0,0,3,6,1
2015-05-17,Man City,4,2,22,11,away,1,0,0,3,2,0
2015-05-24,Man City,2,0,15,6,home,1,0,0,3,2,1
2015-08-10,Man City,3,0,19,7,away,1,0,0,3,3,1
2015-08-16,Man City,3,0,18,8,home,1,0,0,3,3,1
2015-08-23,Man City,2,0,16,9,away,1,0,0,3,2,1
2015-08-29,Man City,2,0,18,5,home,1,0,0,3,2,1
2015-09-12,Man City,1,0,21,7,away,1,0,0,3,1,1
2015-09-19,Man City,1,2,27,8,home,0,0,1,0,-1,0
2015-09-26,Man City,1,4,22,8,away,0,0,1,0,-3,0
2015-10-03,Man City,6,1,23,11,home,1,0,0,3,5,0
2015-10-17,Man City,5,1,15,11,home,1,0,0,3,4,0
2015-10-25,Man City,0,0,6,1,away,0,1,0,1,0,1
2015-10-31,Man City,2,1,21,5,home,1,0,0,3,1,0
2015-11-08,Man City,0,0,13,3,away,0,1,0,1,0,1
2015-11-21,Man City,1,4,11,3,home,0,0,1,0,-3,0
2015-11-28,Man City,3,1,16,9,home,1,0,0,3,2,0
2015-12-05,Man City,0,2,11,4,away,0,0,1,0,-2,0
2015-12-12,Man City,2,1,13,5,home,1,0,0,3,1,0
2015-12-21,Man City,1,2,20,6,away,0,0,1,0,-1,0
2015-12-26,Man City,4,1,19,9,home,1,0,0,3,3,0
2015-12-29,Man City,0,0,21,5,away,0,1,0,1,0,1
2016-01-02,Man City,2,1,16,5,away,1,0,0,3,1,0
2016-01-13,Man City,0,0,22,5,home,0,1,0,1,0,1
2016-01-16,Man City,4,0,17,4,home,1,0,0,3,4,1
2016-01-23,Man City,2,2,16,3,away,0,1,0,1,0,0
2016-02-02,Man City,1,0,6,2,away,1,0,0,3,1,1
2016-02-06,Man City,1,3,22,4,home,0,0,1,0,-2,0
2016-02-14,Man City,1,2,19,4,home,0,0,1,0,-1,0
2016-03-02,Man City,0,3,4,2,away,0,0,1,0,-3,0
2016-03-05,Man City,4,0,22,9,home,1,0,0,3,4,1
2016-03-12,Man City,0,0,15,3,away,0,1,0,1,0,1
2016-03-20,Man City,0,1,26,2,home,0,0,1,0,-1,0
2016-04-02,Man City,4,0,15,7,away,1,0,0,3,4,1
2016-04-09,Man City,2,1,13,4,home,1,0,0,3,1,0
2016-04-16,Man City,3,0,11,8,away,1,0,0,3,3,1
2016-04-19,Man City,1,1,9,5,away,0,1,0,1,0,0
2016-04-23,Man City,4,0,11,6,home,1,0,0,3,4,1
2016-05-01,Man City,2,4,6,5,away,0,0,1,0,-2,0
2016-05-08,Man City,2,2,14,3,home,0,1,0,1,0,0
2016-05-15,Man City,1,1,18,5,away,0,1,0,1,0,0
2016-08-13,Man City,2,1,16,4,home,1,0,0,3,1,0
2016-08-20,Man City,4,1,12,6,away,1,0,0,3,3,0
2016-08-28,Man City,3,1,22,5,home,1,0,0,3,2,0
2016-09-10,Man City,2,1,18,6,away,1,0,0,3,1,0
2016-09-17,Man City,4,0,20,12,home,1,0,0,3,4,1
2016-09-24,Man City,3,1,18,4,away,1,0,0,3,2,0
2016-10-02,Man City,0,2,12,6,away,0,0,1,0,-2,0
2016-10-15,Man City,1,1,19,8,home,0,1,0,1,0,0
2016-10-23,Man City,1,1,14,3,home,0,1,0,1,0,0
2016-10-29,Man City,4,0,21,8,away,1,0,0,3,4,1
2016-11-05,Man City,1,1,25,7,home,0,1,0,1,0,0
2016-11-19,Man City,2,1,10,4,away,1,0,0,3,1,0
2016-11-26,Man City,2,1,21,5,away,1,0,0,3,1,0
2016-12-03,Man City,1,3,14,5,home,0,0,1,0,-2,0
2016-12-10,Man City,2,4,19,4,away,0,0,1,0,-2,0
2016-12-14,Man City,2,0,13,7,home,1,0,0,3,2,1
2016-12-18,Man City,2,1,14,5,home,1,0,0,3,1,0
2016-12-26,Man City,3,0,16,6,away,1,0,0,3,3,1
2016-12-31,Man City,0,1,9,2,away,0,0,1,0,-1,0
2017-01-02,Man City,2,1,14,3,home,1,0,0,3,1,0
2017-01-15,Man City,0,4,13,5,away,0,0,1,0,-4,0
2017-01-21,Man City,2,2,17,7,home,0,1,0,1,0,0
2017-02-01,Man City,4,0,11,4,away,1,0,0,3,4,1
2017-02-05,Man City,2,1,17,5,home,1,0,0,3,1,0
2017-02-13,Man City,2,0,17,5,away,1,0,0,3,2,1
2017-03-05,Man City,2,0,14,7,away,1,0,0,3,2,1
2017-03-08,Man City,0,0,12,1,home,0,1,0,1,0,1
2017-03-19,Man City,1,1,13,3,home,0,1,0,1,0,0
2017-04-02,Man City,2,2,14,5,away,0,1,0,1,0,0
2017-04-05,Man City,1,2,17,7,away,0,0,1,0,-1,0
2017-04-08,Man City,3,1,23,7,home,1,0,0,3,2,0
2017-04-15,Man City,3,0,18,5,away,1,0,0,3,3,1
2017-04-27,Man City,0,0,19,6,home,0,1,0,1,0,1
2017-04-30,Man City,2,2,22,4,away,0,1,0,1,0,0
2017-05-06,Man City,5,0,26,12,home,1,0,0,3,5,1
2017-05-13,Man City,2,1,17,5,home,1,0,0,3,1,0
2017-05-16,Man City,3,1,21,10,home,1,0,0,3,2,0
2017-05-21,Man City,5,0,15,9,away,1,0,0,3,5,1
2017-08-12,Man City,2,0,14,4,away,1,0,0,3,2,1
2017-08-21,Man City,1,1,19,6,home,0,1,0,1,0,0
2017-08-26,Man City,2,1,19,8,away,1,0,0,3,1,0
2017-09-09,Man City,5,0,13,7,home,1,0,0,3,5,1
2017-09-16,Man City,6,0,28,10,away,1,0,0,3,6,1
2017-09-23,Man City,5,0,25,9,home,1,0,0,3,5,1
2017-09-30,Man City,1,0,17,6,away,1,0,0,3,1,1
2017-10-14,Man City,7,2,20,11,home,1,0,0,3,5,0
2017-10-21,Man City,3,0,15,10,home,1,0,0,3,3,1
2017-10-28,Man City,3,2,15,5,away,1,0,0,3,1,0
2017-11-05,Man City,3,1,9,5,home,1,0,0,3,2,0
2017-11-18,Man City,2,0,12,4,away,1,0,0,3,2,1
2017-11-26,Man City,2,1,14,5,away,1,0,0,3,1,0
2017-11-29,Man City,2,1,26,12,home,1,0,0,3,1,0
2017-12-03,Man City,2,1,24,8,home,1,0,0,3,1,0
2017-12-10,Man City,2,1,14,7,away,1,0,0,3,1,0
2017-12-13,Man City,4,0,23,10,away,1,0,0,3,4,1
2017-12-16,Man City,4,1,20,11,home,1,0,0,3,3,0
2017-12-23,Man City,4,0,14,5,home,1,0,0,3,4,1
2017-12-27,Man City,1,0,22,6,away,1,0,0,3,1,1
2017-12-31,Man City,0,0,15,4,away,0,1,0,1,0,1
2018-01-02,Man City,3,1,17,7,home,1,0,0,3,2,0
2018-01-14,Man City,3,4,11,4,away,0,0,1,0,-1,0
2018-01-20,Man City,3,1,21,9,home,1,0,0,3,2,0
2018-01-31,Man City,3,0,19,10,home,1,0,0,3,3,1
2018-02-03,Man City,1,1,20,7,away,0,1,0,1,0,0
2018-02-10,Man City,5,1,19,11,home,1,0,0,3,4,0
2018-03-01,Man City,3,0,9,5,away,1,0,0,3,3,1
2018-03-04,Man City,1,0,13,3,home,1,0,0,3,1,1
2018-03-12,Man City,2,0,17,6,away,1,0,0,3,2,1
2018-03-31,Man City,3,1,18,4,away,1,0,0,3,2,0
2018-04-07,Man City,2,3,20,6,home,0,0,1,0,-1,0
2018-04-14,Man City,3,1,17,6,away,1,0,0,3,2,0
2018-04-22,Man City,5,0,19,12,home,1,0,0,3,5,1
2018-04-29,Man City,4,1,19,7,away,1,0,0,3,3,0
2018-05-06,Man City,0,0,15,2,home,0,1,0,1,0,1
2018-05-09,Man City,3,1,19,7,home,1,0,0,3,2,0
2018-05-13,Man City,1,0,13,2,away,1,0,0,3,1,1
2018-08-12,Man City,2,0,17,8,away,1,0,0,3,2,1
2018-08-19,Man City,6,1,32,14,home,1,0,0,3,5,0
2018-08-25,Man City,1,1,18,6,away,0,1,0,1,0,0
2018-09-01,Man City,2,1,24,8,home,1,0,0,3,1,0
2018-09-15,Man City,3,0,28,9,home,1,0,0,3,3,1
2018-09-22,Man City,5,0,21,10,away,1,0,0,3,5,1
2018-09-29,Man City,2,0,28,8,home,1,0,0,3,2,1
2018-10-07,Man City,0,0,6,2,away,0,1,0,1,0,1
2018-10-20,Man City,5,0,24,10,home,1,0,0,3,5,1
2018-10-29,Man City,1,0,13,6,away,1,0,0,3,1,1
2018-11-04,Man City,6,1,18,8,home,1,0,0,3,5,0
2018-11-11,Man City,3,1,17,5,home,1,0,0,3,2,0
2018-11-24,Man City,4,0,9,6,away,1,0,0,3,4,1
2018-12-01,Man City,3,1,16,6,home,1,0,0,3,2,0
2018-12-04,Man City,2,1,15,7,away,1,0,0,3,1,0
2018-12-08,Man City,0,2,14,4,away,0,0,1,0,-2,0
2018-12-15,Man City,3,1,13,5,home,1,0,0,3,2,0
2018-12-22,Man City,2,3,19,5,home,0,0,1,0,-1,0
2018-12-26,Man City,1,2,11,4,away,0,0,1,0,-1,0
2018-12-30,Man City,3,1,14,6,away,1,0,0,3,2,0
2019-01-03,Man City,2,1,9,4,home,1,0,0,3,1,0
2019-01-14,Man City,3,0,24,9,home,1,0,0,3,3,1
2019-01-20,Man City,3,0,12,4,away,1,0,0,3,3,1
2019-01-29,Man City,1,2,12,4,away,0,0,1,0,-1,0
2019-02-03,Man City,3,1,19,12,home,1,0,0,3,2,0
2019-02-06,Man City,2,0,15,4,away,1,0,0,3,2,1
2019-02-10,Man City,6,0,15,9,home,1,0,0,3,6,1
2019-02-27,Man City,1,0,20,7,home,1,0,0,3,1,1
2019-03-02,Man City,1,0,23,7,away,1,0,0,3,1,1
2019-03-09,Man City,3,1,19,9,home,1,0,0,3,2,0
2019-03-30,Man City,2,0,24,7,away,1,0,0,3,2,1
2019-04-03,Man City,2,0,27,11,home,1,0,0,3,2,1
2019-04-14,Man City,3,1,20,6,away,1,0,0,3,2,0
2019-04-20,Man City,1,0,15,4,home,1,0,0,3,1,1
2019-04-24,Man City,2,0,8,5,away,1,0,0,3,2,1
2019-04-28,Man City,1,0,25,7,away,1,0,0,3,1,1
2019-05-06,Man City,1,0,19,5,home,1,0,0,3,1,1
2019-05-12,Man City,4,1,20,9,away,1,0,0,3,3,0
2019-08-10,Man City,5,0,14,9,away,1,0,0,3,5,1
2019-08-17,Man City,2,2,30,10,home,0,1,0,1,0,0
2019-08-25,Man City,3,1,19,5,away,1,0,0,3,2,0
2019-08-31,Man City,4,0,15,6,home,1,0,0,3,4,1
2019-09-14,Man City,2,3,25,8,away,0,0,1,0,-1,0
2019-09-21,Man City,8,0,28,11,home,1,0,0,3,8,1
2019-09-28,Man City,3,1,20,9,away,1,0,0,3,2,0
2019-10-06,Man City,0,2,18,2,home,0,0,1,0,-2,0
2019-10-19,Man City,2,0,21,10,away,1,0,0,3,2,1
2019-10-26,Man City,3,0,25,9,home,1,0,0,3,3,1
2019-11-02,Man City,2,1,26,4,home,1,0,0,3,1,0
2019-11-10,Man City,1,3,18,3,away,0,0,1,0,-2,0
2019-11-23,Man City,2,1,15,4,home,1,0,0,3,1,0
2019-11-30,Man City,2,2,24,9,away,0,1,0,1,0,0
2019-12-03,Man City,4,1,17,8,away,1,0,0,3,3,0
2019-12-07,Man City,1,2,22,5,home,0,0,1,0,-1,0
2019-12-15,Man City,3,0,14,7,away,1,0,0,3,3,1
2019-12-21,Man City,3,1,23,12,home,1,0,0,3,2,0
2019-12-27,Man City,2,3,7,3,away,0,0,1,0,-1,0
2019-12-29,Man City,2,0,16,4,home,1,0,0,3,2,1
2020-01-01,Man City,2,1,16,7,home,1,0,0,3,1,0
2020-01-12,Man City,6,1,22,12,away,1,0,0,3,5,0
2020-01-18,Man City,2,2,25,6,home,0,1,0,1,0,0
2020-01-21,Man City,1,0,18,5,away,1,0,0,3,1,1
2020-02-02,Man City,0,2,18,5,away,0,0,1,0,-2,0
2020-02-19,Man City,2,0,20,7,home,1,0,0,3,2,1
2020-02-22,Man City,1,0,18,7,away,1,0,0,3,1,1
2020-03-08,Man City,0,2,7,2,away,0,0,1,0,-2,0
2020-06-17,Man City,3,0,20,12,home,1,0,0,3,3,1
2020-06-22,Man City,5,0,19,7,home,1,0,0,3,5,1
2020-06-25,Man City,1,2,11,2,away,0,0,1,0,-1,0
2020-07-02,Man City,4,0,14,6,home,1,0,0,3,4,1
2020-07-05,Man City,0,1,26,6,away,0,0,1,0,-1,0
2020-07-08,Man City,5,0,23,9,home,1,0,0,3,5,1
2020-07-11,Man City,5,0,26,8,away,1,0,0,3,5,1
2020-07-15,Man City,2,1,8,4,home,1,0,0,3,1,0
2020-07-21,Man City,4,0,26,10,away,1,0,0,3,4,1
2020-07-26,Man City,5,0,31,10,home,1,0,0,3,5,1
2020-09-21,Man City,3,1,14,9,away,1,0,0,3,2,0
2020-09-27,Man City,2,5,16,5,home,0,0,1,0,-3,0
2020-10-03,Man City,1,1,23,2,away,0,1,0,1,0,0
2020-10-17,Man City,1,0,13,5,home,1,0,0,3,1,1
2020-10-24,Man City,1,1,14,7,away,0,1,0,1,0,0
2020-10-31,Man City,1,0,16,8,away,1,0,0,3,1,1
2020-11-08,Man City,1,1,7,2,home,0,1,0,1,0,0
2020-11-21,Man City,0,2,22,5,away,0,0,1,0,-2,0
2020-11-28,Man City,5,0,19,6,home,1,0,0,3,5,1
2020-12-05,Man City,2,0,16,6,home,1,0,0,3,2,1
2020-12-12,Man City,0,0,9,2,away,0,1,0,1,0,1
2020-12-15,Man City,1,1,26,7,home,0,1,0,1,0,0
2020-12-19,Man City,1,0,11,5,away,1,0,0,3,1,1
2020-12-26,Man City,2,0,11,6,home,1,0,0,3,2,1
2021-01-03,Man City,3,1,18,6,away,1,0,0,3,2,0
2021-01-13,Man City,1,0,16,6,home,1,0,0,3,1,1
2021-01-17,Man City,4,0,13,6,home,1,0,0,3,4,1
2021-01-20,Man City,2,0,28,9,home,1,0,0,3,2,1
2021-01-26,Man City,5,0,18,7,away,1,0,0,3,5,1
2021-01-30,Man City,1,0,10,5,home,1,0,0,3,1,1
2021-02-03,Man City,2,0,17,6,away,1,0,0,3,2,1
2021-02-07,Man City,4,1,8,5,away,1,0,0,3,3,0
2021-02-13,Man City,3,0,15,6,home,1,0,0,3,3,1
2021-02-17,Man City,3,1,16,7,away,1,0,0,3,2,0
2021-02-21,Man City,1,0,15,3,away,1,0,0,3,1,1
2021-02-27,Man City,2,1,10,3,home,1,0,0,3,1,0
2021-03-02,Man City,4,1,22,10,home,1,0,0,3,3,0
2021-03-07,Man City,0,2,23,6,home,0,0,1,0,-2,0
2021-03-10,Man City,5,2,17,10,home,1,0,0,3,3,0
2021-03-13,Man City,3,0,8,7,away,1,0,0,3,3,1
2021-04-03,Man City,2,0,11,4,away,1,0,0,3,2,1
2021-04-10,Man City,1,2,29,7,home,0,0,1,0,-1,0
2021-04-21,Man City,2,1,13,3,away,1,0,0,3,1,0
2021-05-01,Man City,2,0,20,3,away,1,0,0,3,2,1
2021-05-08,Man City,1,2,16,4,home,0,0,1,0,-1,0
2021-05-14,Man City,4,3,15,6,away,1,0,0,3,1,0
2021-05-18,Man City,2,3,8,4,away,0,0,1,0,-1,0
2021-05-23,Man City,5,0,21,11,home,1,0,0,3,5,1
2021-08-15,Man City,0,1,18,4,away,0,0,1,0,-1,0
2021-08-21,Man City,5,0,16,4,home,1,0,0,3,5,1
2021-08-28,Man City,5,0,25,10,home,1,0,0,3,5,1
2021-09-11,Man City,1,0,25,8,away,1,0,0,3,1,1
2021-09-18,Man City,0,0,18,1,home,0,1,0,1,0,1
2021-09-25,Man City,1,0,15,4,away,1,0,0,3,1,1
2021-10-03,Man City,2,2,12,3,away,0,1,0,1,0,0
2021-10-16,Man City,2,0,15,6,home,1,0,0,3,2,1
2021-10-23,Man City,4,1,23,14,away,1,0,0,3,3,0
2021-10-30,Man City,0,2,14,3,home,0,0,1,0,-2,0
2021-11-06,Man City,2,0,16,5,away,1,0,0,3,2,1
2021-11-21,Man City,3,0,17,7,home,1,0,0,3,3,1
2021-11-28,Man City,2,1,19,9,home,1,0,0,3,1,0
2021-12-01,Man City,2,1,17,7,away,1,0,0,3,1,0
2021-12-04,Man City,3,1,26,13,away,1,0,0,3,2,0
2021-12-11,Man City,1,0,24,10,home,1,0,0,3,1,1
2021-12-14,Man City,7,0,31,15,home,1,0,0,3,7,1
2021-12-19,Man City,4,0,18,7,away,1,0,0,3,4,1
2021-12-26,Man City,6,3,17,9,home,1,0,0,3,3,0
2021-12-29,Man City,1,0,12,3,away,1,0,0,3,1,1
2022-01-01,Man City,2,1,15,2,away,1,0,0,3,1,0
2022-01-15,Man City,1,0,11,6,home,1,0,0,3,1,1
2022-01-22,Man City,1,1,20,5,away,0,1,0,1,0,0
2022-02-09,Man City,2,0,15,7,home,1,0,0,3,2,1
2022-02-12,Man City,4,0,22,9,away,1,0,0,3,4,1
2022-02-19,Man City,2,3,21,4,home,0,0,1,0,-1,0
2022-02-26,Man City,1,0,13,8,away,1,0,0,3,1,1
2022-03-06,Man City,4,1,24,10,home,1,0,0,3,3,0
2022-03-14,Man City,0,0,18,4,away,0,1,0,1,0,1
2022-04-02,Man City,2,0,18,6,away,1,0,0,3,2,1
2022-04-10,Man City,2,2,11,5,home,0,1,0,1,0,0
2022-04-20,Man City,3,0,17,5,home,1,0,0,3,3,1
2022-04-23,Man City,5,1,21,8,home,1,0,0,3,4,0
2022-04-30,Man City,4,0,19,6,away,1,0,0,3,4,1
2022-05-08,Man City,5,0,21,9,home,1,0,0,3,5,1
2022-05-11,Man City,5,1,16,5,away,1,0,0,3,4,0
2022-05-15,Man City,2,2,31,8,away,0,1,0,1,0,0
2022-05-22,Man City,3,2,24,5,home,1,0,0,3,1,0
2022-08-07,Man City,2,0,14,2,away,1,0,0,3,2,1
2022-08-13,Man City,4,0,19,7,home,1,0,0,3,4,1
2022-08-21,Man City,3,3,21,10,away,0,1,0,1,0,0
2022-08-27,Man City,4,2,18,5,home,1,0,0,3,2,0
2022-08-31,Man City,6,0,17,9,home,1,0,0,3,6,1
2022-09-03,Man City,1,1,13,4,away,0,1,0,1,0,0
2022-09-17,Man City,3,0,16,7,away,1,0,0,3,3,1
2022-10-02,Man City,6,3,22,10,home,1,0,0,3,3,0
2022-10-08,Man City,4,0,21,8,home,1,0,0,3,4,1
2022-10-16,Man City,0,1,16,6,away,0,0,1,0,-1,0
2022-10-22,Man City,3,1,10,4,home,1,0,0,3,2,0
2022-10-29,Man City,1,0,15,5,away,1,0,0,3,1,1
2022-11-05,Man City,2,1,16,5,home,1,0,0,3,1,0
2022-11-12,Man City,1,2,29,6,home,0,0,1,0,-1,0
2022-12-28,Man City,3,1,26,9,away,1,0,0,3,2,0
2022-12-31,Man City,1,1,16,3,home,0,1,0,1,0,0
2023-01-05,Man City,1,0,12,3,away,1,0,0,3,1,1
2023-01-14,Man City,1,2,5,1,away,0,0,1,0,-1,0
2023-01-19,Man City,4,2,16,6,home,1,0,0,3,2,0
2023-01-22,Man City,3,0,13,7,home,1,0,0,3,3,1
2023-02-05,Man City,0,1,15,5,away,0,0,1,0,-1,0
2023-02-12,Man City,3,1,17,9,home,1,0,0,3,2,0
2023-02-15,Man City,3,1,9,6,away,1,0,0,3,2,0
2023-02-18,Man City,1,1,26,6,away,0,1,0,1,0,0
2023-02-25,Man City,4,1,20,5,away,1,0,0,3,3,0
2023-03-04,Man City,2,0,11,3,home,1,0,0,3,2,1
2023-03-11,Man City,1,0,14,4,away,1,0,0,3,1,1
2023-04-01,Man City,4,1,17,8,home,1,0,0,3,3,0
2023-04-08,Man City,4,1,13,8,away,1,0,0,3,3,0
2023-04-15,Man City,3,1,12,4,home,1,0,0,3,2,0
2023-04-26,Man City,4,1,14,9,home,1,0,0,3,3,0
2023-04-30,Man City,2,1,12,9,away,1,0,0,3,1,0
2023-05-03,Man City,3,0,16,7,home,1,0,0,3,3,1
2023-05-06,Man City,2,1,18,6,home,1,0,0,3,1,0
2023-05-14,Man City,3,0,9,4,away,1,0,0,3,3,1
2023-05-21,Man City,1,0,15,2,home,1,0,0,3,1,1
2023-05-24,Man City,1,1,13,4,away,0,1,0,1,0,0
2023-05-28,Man City,0,1,17,3,away,0,0,1,0,-1,0
2023-08-11,Man City,3,0,17,8,away,1,0,0,3,3,1
2023-08-19,Man City,1,0,14,4,home,1,0,0,3,1,1
2023-08-27,Man City,2,1,30,9,away,1,0,0,3,1,0
2023-09-02,Man City,5,1,7,5,home,1,0,0,3,4,0
2023-09-16,Man City,3,1,29,15,away,1,0,0,3,2,0
2023-09-23,Man City,2,0,7,4,home,1,0,0,3,2,1
2023-09-30,Man City,1,2,23,8,away,0,0,1,0,-1,0
2023-10-08,Man City,0,1,4,1,away,0,0,1,0,-1,0
2023-10-21,Man City,2,1,10,6,home,1,0,0,3,1,0
2023-10-29,Man City,3,0,21,10,away,1,0,0,3,3,1
2023-11-04,Man City,6,1,21,8,home,1,0,0,3,5,0
2023-11-12,Man City,4,4,15,10,away,0,1,0,1,0,0
2023-11-25,Man City,1,1,16,5,home,0,1,0,1,0,0
2023-12-03,Man City,3,3,18,4,home,0,1,0,1,0,0
2023-12-06,Man City,0,1,2,2,away,0,0,1,0,-1,0
2023-12-10,Man City,2,1,18,6,away,1,0,0,3,1,0
2023-12-16,Man City,2,2,19,9,home,0,1,0,1,0,0
2023-12-27,Man City,3,1,23,9,away,1,0,0,3,2,0
2023-12-30,Man City,2,0,18,4,home,1,0,0,3,2,1
2024-01-13,Man City,3,2,27,11,away,1,0,0,3,1,0
2024-01-31,Man City,3,1,14,4,home,1,0,0,3,2,0
2024-02-05,Man City,3,1,25,15,away,1,0,0,3,2,0
2024-02-10,Man City,2,0,19,3,home,1,0,0,3,2,1
2024-02-17,Man City,1,1,31,5,home,0,1,0,1,0,0
2024-02-20,Man City,1,0,25,11,home,1,0,0,3,1,1
2024-02-24,Man City,1,0,15,6,away,1,0,0,3,1,1
2024-03-03,Man City,3,1,27,8,home,1,0,0,3,2,0
2024-03-10,Man City,1,1,10,6,away,0,1,0,1,0,0
2024-03-31,Man City,0,0,12,1,home,0,1,0,1,0,1
2024-04-03,Man City,4,1,25,11,home,1,0,0,3,3,0
2024-04-06,Man City,4,2,18,8,away,1,0,0,3,2,0
2024-04-13,Man City,5,1,33,13,home,1,0,0,3,4,0
2024-04-25,Man City,4,0,14,6,away,1,0,0,3,4,1
2024-04-28,Man City,2,0,11,5,away,1,0,0,3,2,1
2024-05-04,Man City,5,1,20,12,home,1,0,0,3,4,0
2024-05-11,Man City,4,0,16,9,away,1,0,0,3,4,1
2024-05-14,Man City,2,0,8,5,away,1,0,0,3,2,1
2024-05-19,Man City,3,1,28,12,home,1,0,0,3,2,0
2024-08-18,Man City,2,0,11,5,away,1,0,0,3,2,1
2024-08-24,Man City,4,1,14,5,home,1,0,0,3,3,0
2024-08-31,Man City,3,1,23,8,away,1,0,0,3,2,0
2024-09-14,Man City,2,1,18,7,home,1,0,0,3,1,0
2024-09-22,Man City,2,2,33,11,home,0,1,0,1,0,0
2024-09-28,Man City,1,1,16,6,away,0,1,0,1,0,0
2024-10-05,Man City,3,2,20,7,home,1,0,0,3,1,0
2024-10-20,Man City,2,1,22,7,away,1,0,0,3,1,0
2024-10-26,Man City,1,0,22,8,home,1,0,0,3,1,1
2024-11-02,Man City,1,2,18,4,away,0,0,1,0,-1,0
2024-11-09,Man City,1,2,15,6,away,0,0,1,0,-1,0
2024-11-23,Man City,0,4,23,5,home,0,0,1,0,-4,0
2024-12-01,Man City,0,2,8,2,away,0,0,1,0,-2,0
2024-12-04,Man City,3,0,17,7,home,1,0,0,3,3,1
2024-12-07,Man City,2,2,12,4,away,0,1,0,1,0,0
2024-12-15,Man City,1,2,10,3,home,0,0,1,0,-1,0
2024-12-21,Man City,1,2,12,6,away,0,0,1,0,-1,0
2024-12-26,Man City,1,1,24,5,home,0,1,0,1,0,0
2024-12-29,Man City,2,0,14,5,away,1,0,0,3,2,1
2025-01-04,Man City,4,1,10,7,home,1,0,0,3,3,0
2025-01-14,Man City,2,2,21,8,away,0,1,0,1,0,0
2025-01-19,Man City,6,0,17,9,away,1,0,0,3,6,1
2025-01-25,Man City,3,1,15,6,home,1,0,0,3,2,0
2025-02-02,Man City,1,5,7,4,away,0,0,1,0,-4,0
2025-02-15,Man City,4,0,11,7,home,1,0,0,3,4,1
2025-02-23,Man City,0,2,16,5,home,0,0,1,0,-2,0
2025-02-26,Man City,1,0,12,5,away,1,0,0,3,1,1
2025-03-08,Man City,0,1,14,3,away,0,0,1,0,-1,0
2025-03-15,Man City,2,2,11,3,home,0,1,0,1,0,0
2025-04-02,Man City,2,0,18,5,home,1,0,0,3,2,1
2025-04-06,Man City,0,0,9,5,away,0,1,0,1,0,1
2025-04-12,Man City,5,2,21,9,home,1,0,0,3,3,0
2025-04-19,Man City,2,0,12,7,away,1,0,0,3,2,1
2025-04-22,Man City,2,1,14,6,home,1,0,0,3,1,0
2025-05-02,Man City,1,0,9,2,home,1,0,0,3,1,1
2025-05-10,Man City,0,0,26,5,away,0,1,0,1,0,1
2025-05-20,Man City,3,1,12,5,home,1,0,0,3,2,0
2025-05-25,Man City,2,0,20,5,away,1,0,0,3,2,1
2025-08-16,Man City,4,0,15,4,away,1,0,0,3,4,1
2025-08-23,Man City,0,2,10,4,home,0,0,1,0,-2,0
2025-08-31,Man City,1,2,12,3,away,0,0,1,0,-1,0
2025-09-14,Man City,3,0,13,6,home,1,0,0,3,3,1
2025-09-21,Man City,1,1,5,3,away,0,1,0,1,0,0
2025-09-27,Man City,5,1,21,8,home,1,0,0,3,4,0
2025-10-05,Man City,1,0,10,4,away,1,0,0,3,1,1
2025-10-18,Man City,2,0,19,7,home,1,0,0,3,2,1
2025-10-26,Man City,0,1,18,4,away,0,0,1,0,-1,0
2025-11-02,Man City,3,1,15,8,home,1,0,0,3,2,0
2025-11-09,Man City,3,0,14,6,home,1,0,0,3,3,1
2025-11-22,Man City,1,2,17,4,away,0,0,1,0,-1,0
2025-11-29,Man City,3,2,18,9,home,1,0,0,3,1,0
2025-12-02,Man City,5,4,11,4,away,1,0,0,3,1,0
2025-12-06,Man City,3,0,18,6,home,1,0,0,3,3,1
2025-12-14,Man City,3,0,7,6,away,1,0,0,3,3,1
2025-12-20,Man City,3,0,17,8,home,1,0,0,3,3,1
2025-12-27,Man City,2,1,16,5,away,1,0,0,3,1,0
2026-01-01,Man City,0,0,14,4,away,0,1,0,1,0,1
2026-01-04,Man City,1,1,14,3,home,0,1,0,1,0,0
2026-01-07,Man City,1,1,22,6,home,0,1,0,1,0,0
2026-01-17,Man City,0,2,7,1,away,0,0,1,0,-2,0
2026-01-24,Man City,2,0,11,4,home,1,0,0,3,2,1
2026-02-01,Man City,2,2,15,3,away,0,1,0,1,0,0
2026-02-08,Man City,2,1,17,7,away,1,0,0,3,1,0
2026-02-11,Man City,3,0,13,5,home,1,0,0,3,3,1
2026-02-21,Man City,2,1,15,7,home,1,0,0,3,1,0
2026-02-28,Man City,1,0,14,5,away,1,0,0,3,1,1
2026-03-04,Man City,2,2,21,7,home,0,1,0,1,0,0
2026-03-14,Man City,1,1,24,6,away,0,1,0,1,0,0
2010-08-16,Man United,3,0,18,10,home,1,0,0,3,3,1
2010-08-22,Man United,2,2,14,7,away,0,1,0,1,0,0
2010-08-28,Man United,3,0,18,11,home,1,0,0,3,3,1
2010-09-11,Man United,3,3,13,8,away,0,1,0,1,0,0
2010-09-19,Man United,3,2,16,7,home,1,0,0,3,1,0
2010-09-26,Man United,2,2,12,6,away,0,1,0,1,0,0
2010-10-02,Man United,0,0,10,4,away,0,1,0,1,0,1
2010-10-16,Man United,2,2,16,9,home,0,1,0,1,0,0
2010-10-24,Man United,2,1,12,5,away,1,0,0,3,1,0
2010-10-30,Man United,2,0,18,10,home,1,0,0,3,2,1
2010-11-06,Man United,2,1,14,10,home,1,0,0,3,1,0
2010-11-10,Man United,0,0,7,4,away,0,1,0,1,0,1
2010-11-13,Man United,2,2,16,10,away,0,1,0,1,0,0
2010-11-20,Man United,2,0,17,12,home,1,0,0,3,2,1
2010-11-27,Man United,7,1,15,11,home,1,0,0,3,6,0
2010-12-13,Man United,1,0,14,10,home,1,0,0,3,1,1
2010-12-26,Man United,2,0,14,10,home,1,0,0,3,2,1
2010-12-28,Man United,1,1,10,4,away,0,1,0,1,0,0
2011-01-01,Man United,2,1,5,3,away,1,0,0,3,1,0
2011-01-04,Man United,2,1,18,7,home,1,0,0,3,1,0
2011-01-16,Man United,0,0,7,4,away,0,1,0,1,0,1
2011-01-22,Man United,5,0,23,9,home,1,0,0,3,5,1
2011-01-25,Man United,3,2,17,13,away,1,0,0,3,1,0
2011-02-01,Man United,3,1,18,11,home,1,0,0,3,2,0
2011-02-05,Man United,1,2,14,7,away,0,0,1,0,-1,0
2011-02-12,Man United,2,1,11,6,home,1,0,0,3,1,0
2011-02-26,Man United,4,0,14,9,away,1,0,0,3,4,1
2011-03-01,Man United,1,2,12,7,away,0,0,1,0,-1,0
2011-03-06,Man United,1,3,12,7,away,0,0,1,0,-2,0
2011-03-19,Man United,1,0,14,8,home,1,0,0,3,1,1
2011-04-02,Man United,4,2,18,9,away,1,0,0,3,2,0
2011-04-09,Man United,2,0,16,12,home,1,0,0,3,2,1
2011-04-19,Man United,0,0,18,8,away,0,1,0,1,0,1
2011-04-23,Man United,1,0,21,12,home,1,0,0,3,1,1
2011-05-01,Man United,0,1,11,7,away,0,0,1,0,-1,0
2011-05-08,Man United,2,1,13,8,home,1,0,0,3,1,0
2011-05-14,Man United,1,1,9,4,away,0,1,0,1,0,0
2011-05-22,Man United,4,2,18,11,home,1,0,0,3,2,0
2011-08-14,Man United,2,1,11,5,away,1,0,0,3,1,0
2011-08-22,Man United,3,0,27,21,home,1,0,0,3,3,1
2011-08-28,Man United,8,2,25,15,home,1,0,0,3,6,0
2011-09-10,Man United,5,0,13,9,away,1,0,0,3,5,1
2011-09-18,Man United,3,1,12,7,home,1,0,0,3,2,0
2011-09-24,Man United,1,1,13,9,away,0,1,0,1,0,0
2011-10-01,Man United,2,0,17,9,home,1,0,0,3,2,1
2011-10-15,Man United,1,1,10,3,away,0,1,0,1,0,0
2011-10-23,Man United,1,6,12,8,home,0,0,1,0,-5,0
2011-10-29,Man United,1,0,7,6,away,1,0,0,3,1,1
2011-11-05,Man United,1,0,15,9,home,1,0,0,3,1,1
2011-11-19,Man United,1,0,13,7,away,1,0,0,3,1,1
2011-11-26,Man United,1,1,23,13,home,0,1,0,1,0,0
2011-12-03,Man United,1,0,11,5,away,1,0,0,3,1,1
2011-12-10,Man United,4,1,22,18,home,1,0,0,3,3,0
2011-12-18,Man United,2,0,19,12,away,1,0,0,3,2,1
2011-12-21,Man United,5,0,14,12,away,1,0,0,3,5,1
2011-12-26,Man United,5,0,17,9,home,1,0,0,3,5,1
2011-12-31,Man United,2,3,26,13,home,0,0,1,0,-1,0
2012-01-04,Man United,0,3,6,6,away,0,0,1,0,-3,0
2012-01-14,Man United,3,0,19,9,home,1,0,0,3,3,1
2012-01-22,Man United,2,1,9,5,away,1,0,0,3,1,0
2012-01-31,Man United,2,0,11,7,home,1,0,0,3,2,1
2012-02-05,Man United,3,3,14,10,away,0,1,0,1,0,0
2012-02-11,Man United,2,1,11,6,home,1,0,0,3,1,0
2012-02-26,Man United,2,1,11,9,away,1,0,0,3,1,0
2012-03-04,Man United,3,1,6,5,away,1,0,0,3,2,0
2012-03-11,Man United,2,0,20,9,home,1,0,0,3,2,1
2012-03-18,Man United,5,0,22,18,away,1,0,0,3,5,1
2012-03-26,Man United,1,0,19,16,home,1,0,0,3,1,1
2012-04-02,Man United,2,0,14,6,away,1,0,0,3,2,1
2012-04-08,Man United,2,0,24,14,home,1,0,0,3,2,1
2012-04-11,Man United,0,1,8,3,away,0,0,1,0,-1,0
2012-04-15,Man United,4,0,24,16,home,1,0,0,3,4,1
2012-04-22,Man United,4,4,20,11,home,0,1,0,1,0,0
2012-04-30,Man United,0,1,4,2,away,0,0,1,0,-1,0
2012-05-06,Man United,2,0,26,18,home,1,0,0,3,2,1
2012-05-13,Man United,1,0,17,9,away,1,0,0,3,1,1
2012-08-20,Man United,0,1,12,7,away,0,0,1,0,-1,0
2012-08-25,Man United,3,2,20,11,home,1,0,0,3,1,0
2012-09-02,Man United,3,2,18,9,away,1,0,0,3,1,0
2012-09-15,Man United,4,0,17,10,home,1,0,0,3,4,1
2012-09-23,Man United,2,1,8,4,away,1,0,0,3,1,0
2012-09-29,Man United,2,3,15,8,home,0,0,1,0,-1,0
2012-10-07,Man United,3,0,12,9,away,1,0,0,3,3,1
2012-10-20,Man United,4,2,13,8,home,1,0,0,3,2,0
2012-10-28,Man United,3,2,15,7,away,1,0,0,3,1,0
2012-11-03,Man United,2,1,11,7,home,1,0,0,3,1,0
2012-11-10,Man United,3,2,16,7,away,1,0,0,3,1,0
2012-11-17,Man United,0,1,12,9,away,0,0,1,0,-1,0
2012-11-24,Man United,3,1,15,10,home,1,0,0,3,2,0
2012-11-28,Man United,1,0,23,13,home,1,0,0,3,1,1
2012-12-01,Man United,4,3,10,5,away,1,0,0,3,1,0
2012-12-09,Man United,3,2,8,3,away,1,0,0,3,1,0
2012-12-15,Man United,3,1,15,6,home,1,0,0,3,2,0
2012-12-23,Man United,1,1,19,16,away,0,1,0,1,0,0
2012-12-26,Man United,4,3,16,10,home,1,0,0,3,1,0
2012-12-29,Man United,2,0,17,14,home,1,0,0,3,2,1
2013-01-01,Man United,4,0,14,9,away,1,0,0,3,4,1
2013-01-13,Man United,2,1,15,10,home,1,0,0,3,1,0
2013-01-20,Man United,1,1,6,4,away,0,1,0,1,0,0
2013-01-30,Man United,2,1,11,7,home,1,0,0,3,1,0
2013-02-02,Man United,1,0,13,8,away,1,0,0,3,1,1
2013-02-10,Man United,2,0,10,6,home,1,0,0,3,2,1
2013-02-23,Man United,2,0,13,8,away,1,0,0,3,2,1
2013-03-02,Man United,4,0,13,10,home,1,0,0,3,4,1
2013-03-16,Man United,1,0,17,8,home,1,0,0,3,1,1
2013-03-30,Man United,1,0,10,6,away,1,0,0,3,1,1
2013-04-08,Man United,1,2,16,7,home,0,0,1,0,-1,0
2013-04-14,Man United,2,0,9,3,away,1,0,0,3,2,1
2013-04-17,Man United,2,2,15,9,away,0,1,0,1,0,0
2013-04-22,Man United,3,0,10,5,home,1,0,0,3,3,1
2013-04-28,Man United,1,1,10,5,away,0,1,0,1,0,0
2013-05-05,Man United,0,1,10,4,home,0,0,1,0,-1,0
2013-05-12,Man United,2,1,16,9,home,1,0,0,3,1,0
2013-05-19,Man United,5,5,12,8,away,0,1,0,1,0,0
2013-08-17,Man United,4,1,15,7,away,1,0,0,3,3,0
2013-08-26,Man United,0,0,13,3,home,0,1,0,1,0,1
2013-09-01,Man United,0,1,10,4,away,0,0,1,0,-1,0
2013-09-14,Man United,2,0,19,7,home,1,0,0,3,2,1
2013-09-22,Man United,1,4,14,3,away,0,0,1,0,-3,0
2013-09-28,Man United,1,2,14,6,home,0,0,1,0,-1,0
2013-10-05,Man United,2,1,13,6,away,1,0,0,3,1,0
2013-10-19,Man United,1,1,12,5,home,0,1,0,1,0,0
2013-10-26,Man United,3,2,19,5,home,1,0,0,3,1,0
2013-11-02,Man United,3,1,10,4,away,1,0,0,3,2,0
2013-11-10,Man United,1,0,5,2,home,1,0,0,3,1,1
2013-11-24,Man United,2,2,16,5,away,0,1,0,1,0,0
2013-12-01,Man United,2,2,8,3,away,0,1,0,1,0,0
2013-12-04,Man United,0,1,18,6,home,0,0,1,0,-1,0
2013-12-07,Man United,0,1,8,4,home,0,0,1,0,-1,0
2013-12-15,Man United,3,0,14,5,away,1,0,0,3,3,1
2013-12-21,Man United,3,1,21,8,home,1,0,0,3,2,0
2013-12-26,Man United,3,2,13,4,away,1,0,0,3,1,0
2013-12-28,Man United,1,0,7,3,away,1,0,0,3,1,1
2014-01-01,Man United,1,2,16,6,home,0,0,1,0,-1,0
2014-01-11,Man United,2,0,16,5,home,1,0,0,3,2,1
2014-01-19,Man United,1,3,10,4,away,0,0,1,0,-2,0
2014-01-28,Man United,2,0,17,5,home,1,0,0,3,2,1
2014-02-01,Man United,1,2,19,4,away,0,0,1,0,-1,0
2014-02-09,Man United,2,2,31,9,home,0,1,0,1,0,0
2014-02-12,Man United,0,0,6,2,away,0,1,0,1,0,1
2014-02-22,Man United,2,0,14,5,away,1,0,0,3,2,1
2014-03-08,Man United,3,0,14,5,away,1,0,0,3,3,1
2014-03-16,Man United,0,3,13,1,home,0,0,1,0,-3,0
2014-03-22,Man United,2,0,16,7,away,1,0,0,3,2,1
2014-03-25,Man United,0,3,10,4,home,0,0,1,0,-3,0
2014-03-29,Man United,4,1,9,6,home,1,0,0,3,3,0
2014-04-05,Man United,4,0,8,4,away,1,0,0,3,4,1
2014-04-20,Man United,0,2,9,2,away,0,0,1,0,-2,0
2014-04-26,Man United,4,0,25,11,home,1,0,0,3,4,1
2014-05-03,Man United,0,1,17,2,home,0,0,1,0,-1,0
2014-05-06,Man United,3,1,18,7,home,1,0,0,3,2,0
2014-05-11,Man United,1,1,8,2,away,0,1,0,1,0,0
2014-08-16,Man United,1,2,14,5,home,0,0,1,0,-1,0
2014-08-24,Man United,1,1,10,3,away,0,1,0,1,0,0
2014-08-30,Man United,0,0,7,2,away,0,1,0,1,0,1
2014-09-14,Man United,4,0,19,9,home,1,0,0,3,4,1
2014-09-21,Man United,3,5,16,5,away,0,0,1,0,-2,0
2014-09-27,Man United,2,1,8,3,home,1,0,0,3,1,0
2014-10-05,Man United,2,1,15,4,home,1,0,0,3,1,0
2014-10-20,Man United,2,2,22,7,away,0,1,0,1,0,0
2014-10-26,Man United,1,1,19,7,home,0,1,0,1,0,0
2014-11-02,Man United,0,1,9,2,away,0,0,1,0,-1,0
2014-11-08,Man United,1,0,23,5,home,1,0,0,3,1,1
2014-11-22,Man United,2,1,12,2,away,1,0,0,3,1,0
2014-11-29,Man United,3,0,12,6,home,1,0,0,3,3,1
2014-12-02,Man United,2,1,10,3,home,1,0,0,3,1,0
2014-12-08,Man United,2,1,3,2,away,1,0,0,3,1,0
2014-12-14,Man United,3,0,11,6,home,1,0,0,3,3,1
2014-12-20,Man United,1,1,16,9,away,0,1,0,1,0,0
2014-12-26,Man United,3,1,9,4,home,1,0,0,3,2,0
2014-12-28,Man United,0,0,9,5,away,0,1,0,1,0,1
2015-01-01,Man United,1,1,6,2,away,0,1,0,1,0,0
2015-01-11,Man United,0,1,10,0,home,0,0,1,0,-1,0
2015-01-17,Man United,2,0,12,7,away,1,0,0,3,2,1
2015-01-31,Man United,3,1,12,5,home,1,0,0,3,2,0
2015-02-08,Man United,1,1,18,6,away,0,1,0,1,0,0
2015-02-11,Man United,3,1,11,7,home,1,0,0,3,2,0
2015-02-21,Man United,1,2,18,3,away,0,0,1,0,-1,0
2015-02-28,Man United,2,0,30,10,home,1,0,0,3,2,1
2015-03-04,Man United,1,0,11,5,away,1,0,0,3,1,1
2015-03-15,Man United,3,0,11,3,home,1,0,0,3,3,1
2015-03-22,Man United,2,1,6,4,away,1,0,0,3,1,0
2015-04-04,Man United,3,1,19,7,home,1,0,0,3,2,0
2015-04-12,Man United,4,2,11,7,home,1,0,0,3,2,0
2015-04-18,Man United,0,1,15,2,away,0,0,1,0,-1,0
2015-04-26,Man United,0,3,17,4,away,0,0,1,0,-3,0
2015-05-02,Man United,0,1,26,9,home,0,0,1,0,-1,0
2015-05-09,Man United,2,1,13,4,away,1,0,0,3,1,0
2015-05-17,Man United,1,1,12,4,home,0,1,0,1,0,0
2015-05-24,Man United,0,0,7,1,away,0,1,0,1,0,1
2015-08-08,Man United,1,0,9,1,home,1,0,0,3,1,1
2015-08-14,Man United,1,0,9,2,away,1,0,0,3,1,1
2015-08-22,Man United,0,0,20,8,home,0,1,0,1,0,1
2015-08-30,Man United,1,2,11,4,away,0,0,1,0,-1,0
2015-09-12,Man United,3,1,9,3,home,1,0,0,3,2,0
2015-09-20,Man United,3,2,10,3,away,1,0,0,3,1,0
2015-09-26,Man United,3,0,12,7,home,1,0,0,3,3,1
2015-10-04,Man United,0,3,9,5,away,0,0,1,0,-3,0
2015-10-17,Man United,3,0,10,7,away,1,0,0,3,3,1
2015-10-25,Man United,0,0,6,1,home,0,1,0,1,0,1
2015-10-31,Man United,0,0,5,1,away,0,1,0,1,0,1
2015-11-07,Man United,2,0,13,3,home,1,0,0,3,2,1
2015-11-21,Man United,2,1,13,6,away,1,0,0,3,1,0
2015-11-28,Man United,1,1,10,2,away,0,1,0,1,0,0
2015-12-05,Man United,0,0,21,1,home,0,1,0,1,0,1
2015-12-12,Man United,1,2,11,5,away,0,0,1,0,-1,0
2015-12-19,Man United,1,2,11,2,home,0,0,1,0,-1,0
2015-12-26,Man United,0,2,11,6,away,0,0,1,0,-2,0
2015-12-28,Man United,0,0,12,2,home,0,1,0,1,0,1
2016-01-02,Man United,2,1,19,6,home,1,0,0,3,1,0
2016-01-12,Man United,3,3,12,4,away,0,1,0,1,0,0
2016-01-17,Man United,1,0,7,1,away,1,0,0,3,1,1
2016-01-23,Man United,0,1,8,1,home,0,0,1,0,-1,0
2016-02-02,Man United,3,0,15,5,home,1,0,0,3,3,1
2016-02-07,Man United,1,1,17,7,away,0,1,0,1,0,0
2016-02-13,Man United,1,2,12,6,away,0,0,1,0,-1,0
2016-02-28,Man United,3,2,7,5,home,1,0,0,3,1,0
2016-03-02,Man United,1,0,14,3,home,1,0,0,3,1,1
2016-03-06,Man United,0,1,7,1,away,0,0,1,0,-1,0
2016-03-20,Man United,1,0,5,3,away,1,0,0,3,1,1
2016-04-03,Man United,1,0,10,2,home,1,0,0,3,1,1
2016-04-10,Man United,0,3,5,1,away,0,0,1,0,-3,0
2016-04-16,Man United,1,0,13,4,home,1,0,0,3,1,1
2016-04-20,Man United,2,0,16,10,home,1,0,0,3,2,1
2016-05-01,Man United,1,1,21,6,home,0,1,0,1,0,0
2016-05-07,Man United,1,0,15,2,away,1,0,0,3,1,1
2016-05-10,Man United,2,3,3,2,away,0,0,1,0,-1,0
2016-05-17,Man United,3,1,12,5,home,1,0,0,3,2,0
2016-08-14,Man United,3,1,11,7,away,1,0,0,3,2,0
2016-08-19,Man United,2,0,12,5,home,1,0,0,3,2,1
2016-08-27,Man United,1,0,29,9,away,1,0,0,3,1,1
2016-09-10,Man United,1,2,14,3,home,0,0,1,0,-1,0
2016-09-18,Man United,1,3,15,2,away,0,0,1,0,-2,0
2016-09-24,Man United,4,1,16,7,home,1,0,0,3,3,0
2016-10-02,Man United,1,1,24,9,home,0,1,0,1,0,0
2016-10-17,Man United,0,0,7,1,away,0,1,0,1,0,1
2016-10-23,Man United,0,4,16,5,away,0,0,1,0,-4,0
2016-10-29,Man United,0,0,37,11,home,0,1,0,1,0,1
2016-11-06,Man United,3,1,9,3,away,1,0,0,3,2,0
2016-11-19,Man United,1,1,12,5,home,0,1,0,1,0,0
2016-11-27,Man United,1,1,17,8,home,0,1,0,1,0,0
2016-12-04,Man United,1,1,10,2,away,0,1,0,1,0,0
2016-12-11,Man United,1,0,15,5,home,1,0,0,3,1,1
2016-12-14,Man United,2,1,16,6,away,1,0,0,3,1,0
2016-12-17,Man United,2,0,10,5,away,1,0,0,3,2,1
2016-12-26,Man United,3,1,26,9,home,1,0,0,3,2,0
2016-12-31,Man United,2,1,32,12,home,1,0,0,3,1,0
2017-01-02,Man United,2,0,13,6,away,1,0,0,3,2,1
2017-01-15,Man United,1,1,9,3,home,0,1,0,1,0,0
2017-01-21,Man United,1,1,25,8,away,0,1,0,1,0,0
2017-02-01,Man United,0,0,15,6,home,0,1,0,1,0,1
2017-02-05,Man United,3,0,15,9,away,1,0,0,3,3,1
2017-02-11,Man United,2,0,22,11,home,1,0,0,3,2,1
2017-03-04,Man United,1,1,20,7,home,0,1,0,1,0,0
2017-03-19,Man United,3,1,14,6,away,1,0,0,3,2,0
2017-04-01,Man United,0,0,18,3,home,0,1,0,1,0,1
2017-04-04,Man United,1,1,18,3,home,0,1,0,1,0,0
2017-04-09,Man United,3,0,18,9,away,1,0,0,3,3,1
2017-04-16,Man United,2,0,9,3,home,1,0,0,3,2,1
2017-04-23,Man United,2,0,12,6,away,1,0,0,3,2,1
2017-04-27,Man United,0,0,3,1,away,0,1,0,1,0,1
2017-04-30,Man United,1,1,12,6,home,0,1,0,1,0,0
2017-05-07,Man United,0,2,10,4,away,0,0,1,0,-2,0
2017-05-14,Man United,1,2,8,2,away,0,0,1,0,-1,0
2017-05-17,Man United,0,0,11,1,away,0,1,0,1,0,1
2017-05-21,Man United,2,0,9,2,home,1,0,0,3,2,1
2017-08-13,Man United,4,0,22,6,home,1,0,0,3,4,1
2017-08-19,Man United,4,0,17,8,away,1,0,0,3,4,1
2017-08-26,Man United,2,0,22,7,home,1,0,0,3,2,1
2017-09-09,Man United,2,2,18,8,away,0,1,0,1,0,0
2017-09-17,Man United,4,0,16,7,home,1,0,0,3,4,1
2017-09-23,Man United,1,0,9,4,away,1,0,0,3,1,1
2017-09-30,Man United,4,0,18,7,home,1,0,0,3,4,1
2017-10-14,Man United,0,0,6,1,away,0,1,0,1,0,1
2017-10-21,Man United,1,2,9,3,away,0,0,1,0,-1,0
2017-10-28,Man United,1,0,11,3,home,1,0,0,3,1,1
2017-11-05,Man United,0,1,10,2,away,0,0,1,0,-1,0
2017-11-18,Man United,4,1,16,7,home,1,0,0,3,3,0
2017-11-25,Man United,1,0,15,4,home,1,0,0,3,1,1
2017-11-28,Man United,4,2,15,7,away,1,0,0,3,2,0
2017-12-02,Man United,3,1,8,4,away,1,0,0,3,2,0
2017-12-10,Man United,1,2,8,5,home,0,0,1,0,-1,0
2017-12-13,Man United,1,0,9,2,home,1,0,0,3,1,1
2017-12-17,Man United,2,1,8,3,away,1,0,0,3,1,0
2017-12-23,Man United,2,2,19,6,away,0,1,0,1,0,0
2017-12-26,Man United,2,2,23,6,home,0,1,0,1,0,0
2017-12-30,Man United,0,0,15,3,home,0,1,0,1,0,1
2018-01-01,Man United,2,0,21,6,away,1,0,0,3,2,1
2018-01-15,Man United,3,0,20,9,home,1,0,0,3,3,1
2018-01-20,Man United,1,0,12,2,away,1,0,0,3,1,1
2018-01-31,Man United,0,2,6,3,away,0,0,1,0,-2,0
2018-02-03,Man United,2,0,16,7,home,1,0,0,3,2,1
2018-02-11,Man United,0,1,13,6,away,0,0,1,0,-1,0
2018-02-25,Man United,2,1,10,5,home,1,0,0,3,1,0
2018-03-05,Man United,3,2,17,8,away,1,0,0,3,1,0
2018-03-10,Man United,2,1,5,2,home,1,0,0,3,1,0
2018-03-31,Man United,2,0,11,5,home,1,0,0,3,2,1
2018-04-07,Man United,3,2,5,4,away,1,0,0,3,1,0
2018-04-15,Man United,0,1,14,4,home,0,0,1,0,-1,0
2018-04-18,Man United,2,0,13,4,away,1,0,0,3,2,1
2018-04-29,Man United,2,1,17,3,home,1,0,0,3,1,0
2018-05-04,Man United,0,1,16,3,away,0,0,1,0,-1,0
2018-05-10,Man United,0,0,16,6,away,0,1,0,1,0,1
2018-05-13,Man United,1,0,7,1,home,1,0,0,3,1,1
2018-08-10,Man United,2,1,8,6,home,1,0,0,3,1,0
2018-08-19,Man United,2,3,9,3,away,0,0,1,0,-1,0
2018-08-27,Man United,0,3,23,5,home,0,0,1,0,-3,0
2018-09-02,Man United,2,0,21,9,away,1,0,0,3,2,1
2018-09-15,Man United,2,1,9,6,away,1,0,0,3,1,0
2018-09-22,Man United,1,1,15,6,home,0,1,0,1,0,0
2018-09-29,Man United,1,3,9,4,away,0,0,1,0,-2,0
2018-10-06,Man United,3,2,18,10,home,1,0,0,3,1,0
2018-10-20,Man United,2,2,7,4,away,0,1,0,1,0,0
2018-10-28,Man United,2,1,14,10,home,1,0,0,3,1,0
2018-11-03,Man United,2,1,18,8,away,1,0,0,3,1,0
2018-11-11,Man United,1,3,6,1,away,0,0,1,0,-2,0
2018-11-24,Man United,0,0,12,5,home,0,1,0,1,0,1
2018-12-01,Man United,2,2,11,5,away,0,1,0,1,0,0
2018-12-05,Man United,2,2,10,7,home,0,1,0,1,0,0
2018-12-08,Man United,4,1,20,11,home,1,0,0,3,3,0
2018-12-16,Man United,1,3,6,2,away,0,0,1,0,-2,0
2018-12-22,Man United,5,1,17,9,away,1,0,0,3,4,0
2018-12-26,Man United,3,1,16,10,home,1,0,0,3,2,0
2018-12-30,Man United,4,1,11,8,home,1,0,0,3,3,0
2019-01-02,Man United,2,0,16,7,away,1,0,0,3,2,1
2019-01-13,Man United,1,0,13,8,away,1,0,0,3,1,1
2019-01-19,Man United,2,1,20,5,home,1,0,0,3,1,0
2019-01-29,Man United,2,2,28,9,home,0,1,0,1,0,0
2019-02-03,Man United,1,0,10,6,away,1,0,0,3,1,1
2019-02-09,Man United,3,0,15,7,away,1,0,0,3,3,1
2019-02-24,Man United,0,0,6,3,home,0,1,0,1,0,1
2019-02-27,Man United,3,1,13,4,away,1,0,0,3,2,0
2019-03-02,Man United,3,2,16,6,home,1,0,0,3,1,0
2019-03-10,Man United,0,2,14,4,away,0,0,1,0,-2,0
2019-03-30,Man United,2,1,8,5,home,1,0,0,3,1,0
2019-04-02,Man United,1,2,18,4,away,0,0,1,0,-1,0
2019-04-13,Man United,2,1,14,4,home,1,0,0,3,1,0
2019-04-21,Man United,0,4,7,1,away,0,0,1,0,-4,0
2019-04-24,Man United,0,2,12,1,home,0,0,1,0,-2,0
2019-04-28,Man United,1,1,7,5,home,0,1,0,1,0,0
2019-05-05,Man United,1,1,23,7,away,0,1,0,1,0,0
2019-05-12,Man United,0,2,26,10,home,0,0,1,0,-2,0
2019-08-11,Man United,4,0,11,5,home,1,0,0,3,4,1
2019-08-19,Man United,1,1,9,2,away,0,1,0,1,0,0
2019-08-24,Man United,1,2,22,3,home,0,0,1,0,-1,0
2019-08-31,Man United,1,1,21,8,away,0,1,0,1,0,0
2019-09-14,Man United,1,0,10,5,home,1,0,0,3,1,1
2019-09-22,Man United,0,2,9,3,away,0,0,1,0,-2,0
2019-09-30,Man United,1,1,16,4,home,0,1,0,1,0,0
2019-10-06,Man United,0,1,12,3,away,0,0,1,0,-1,0
2019-10-20,Man United,1,1,7,2,home,0,1,0,1,0,0
2019-10-27,Man United,3,1,21,11,away,1,0,0,3,2,0
2019-11-02,Man United,0,1,15,4,away,0,0,1,0,-1,0
2019-11-10,Man United,3,1,21,11,home,1,0,0,3,2,0
2019-11-24,Man United,3,3,11,5,away,0,1,0,1,0,0
2019-12-01,Man United,2,2,16,6,home,0,1,0,1,0,0
2019-12-04,Man United,2,1,12,7,home,1,0,0,3,1,0
2019-12-07,Man United,2,1,11,7,away,1,0,0,3,1,0
2019-12-15,Man United,1,1,24,8,home,0,1,0,1,0,0
2019-12-22,Man United,0,2,17,8,away,0,0,1,0,-2,0
2019-12-26,Man United,4,1,22,10,home,1,0,0,3,3,0
2019-12-28,Man United,2,0,14,5,away,1,0,0,3,2,1
2020-01-01,Man United,0,2,10,4,away,0,0,1,0,-2,0
2020-01-11,Man United,4,0,13,6,home,1,0,0,3,4,1
2020-01-19,Man United,0,2,9,4,away,0,0,1,0,-2,0
2020-01-22,Man United,0,2,24,7,home,0,0,1,0,-2,0
2020-02-01,Man United,0,0,15,5,home,0,1,0,1,0,1
2020-02-17,Man United,2,0,9,3,away,1,0,0,3,2,1
2020-02-23,Man United,3,0,21,9,home,1,0,0,3,3,1
2020-03-01,Man United,1,1,14,5,away,0,1,0,1,0,0
2020-03-08,Man United,2,0,12,6,home,1,0,0,3,2,1
2020-06-19,Man United,1,1,12,6,away,0,1,0,1,0,0
2020-06-24,Man United,3,0,15,6,home,1,0,0,3,3,1
2020-06-30,Man United,3,0,12,6,away,1,0,0,3,3,1
2020-07-04,Man United,5,2,19,10,home,1,0,0,3,3,0
2020-07-09,Man United,3,0,14,6,away,1,0,0,3,3,1
2020-07-13,Man United,2,2,8,4,home,0,1,0,1,0,0
2020-07-16,Man United,2,0,17,5,away,1,0,0,3,2,1
2020-07-22,Man United,1,1,11,4,home,0,1,0,1,0,0
2020-07-26,Man United,2,0,7,3,away,1,0,0,3,2,1
2020-09-19,Man United,1,3,13,4,home,0,0,1,0,-2,0
2020-09-26,Man United,3,2,7,3,away,1,0,0,3,1,0
2020-10-04,Man United,1,6,5,2,home,0,0,1,0,-5,0
2020-10-17,Man United,4,1,28,14,away,1,0,0,3,3,0
2020-10-24,Man United,0,0,14,4,home,0,1,0,1,0,1
2020-11-01,Man United,0,1,8,2,home,0,0,1,0,-1,0
2020-11-07,Man United,3,1,13,5,away,1,0,0,3,2,0
2020-11-21,Man United,1,0,17,7,home,1,0,0,3,1,1
2020-11-29,Man United,3,2,15,6,away,1,0,0,3,1,0
2020-12-05,Man United,3,1,15,6,away,1,0,0,3,2,0
2020-12-12,Man United,0,0,11,2,home,0,1,0,1,0,1
2020-12-17,Man United,3,2,14,8,away,1,0,0,3,1,0
2020-12-20,Man United,6,2,26,14,home,1,0,0,3,4,0
2020-12-26,Man United,2,2,9,4,away,0,1,0,1,0,0
2020-12-29,Man United,1,0,11,3,home,1,0,0,3,1,1
2021-01-01,Man United,2,1,19,9,home,1,0,0,3,1,0
2021-01-12,Man United,1,0,13,7,away,1,0,0,3,1,1
2021-01-17,Man United,0,0,8,4,away,0,1,0,1,0,1
2021-01-20,Man United,2,1,15,5,away,1,0,0,3,1,0
2021-01-27,Man United,1,2,16,4,home,0,0,1,0,-1,0
2021-01-30,Man United,0,0,14,3,away,0,1,0,1,0,1
2021-02-02,Man United,9,0,24,14,home,1,0,0,3,9,1
2021-02-06,Man United,3,3,14,5,home,0,1,0,1,0,0
2021-02-14,Man United,1,1,10,7,away,0,1,0,1,0,0
2021-02-21,Man United,3,1,15,7,home,1,0,0,3,2,0
2021-02-28,Man United,0,0,11,4,away,0,1,0,1,0,1
2021-03-03,Man United,0,0,11,1,away,0,1,0,1,0,1
2021-03-07,Man United,2,0,8,6,away,1,0,0,3,2,1
2021-03-14,Man United,1,0,15,4,home,1,0,0,3,1,1
2021-04-04,Man United,2,1,15,7,home,1,0,0,3,1,0
2021-04-11,Man United,3,1,12,7,away,1,0,0,3,2,0
2021-04-18,Man United,3,1,17,9,home,1,0,0,3,2,0
2021-04-25,Man United,0,0,16,4,away,0,1,0,1,0,1
2021-05-09,Man United,3,1,18,7,away,1,0,0,3,2,0
2021-05-11,Man United,1,2,4,1,home,0,0,1,0,-1,0
2021-05-13,Man United,2,4,18,3,home,0,0,1,0,-2,0
2021-05-18,Man United,1,1,13,6,home,0,1,0,1,0,0
2021-05-23,Man United,2,1,9,4,away,1,0,0,3,1,0
2021-08-14,Man United,5,1,16,8,home,1,0,0,3,4,0
2021-08-22,Man United,1,1,15,4,away,0,1,0,1,0,0
2021-08-29,Man United,1,0,10,3,away,1,0,0,3,1,1
2021-09-11,Man United,4,1,21,7,home,1,0,0,3,3,0
2021-09-19,Man United,2,1,17,10,away,1,0,0,3,1,0
2021-09-25,Man United,0,1,28,4,home,0,0,1,0,-1,0
2021-10-02,Man United,1,1,13,6,home,0,1,0,1,0,0
2021-10-16,Man United,2,4,18,6,away,0,0,1,0,-2,0
2021-10-24,Man United,0,5,12,4,home,0,0,1,0,-5,0
2021-10-30,Man United,3,0,10,4,away,1,0,0,3,3,1
2021-11-06,Man United,0,2,5,1,home,0,0,1,0,-2,0
2021-11-20,Man United,1,4,9,3,away,0,0,1,0,-3,0
2021-11-28,Man United,1,1,3,2,away,0,1,0,1,0,0
2021-12-02,Man United,3,2,14,10,home,1,0,0,3,1,0
2021-12-05,Man United,1,0,16,3,home,1,0,0,3,1,1
2021-12-11,Man United,1,0,13,5,away,1,0,0,3,1,1
2021-12-27,Man United,1,1,13,4,away,0,1,0,1,0,0
2021-12-30,Man United,3,1,18,6,home,1,0,0,3,2,0
2022-01-03,Man United,0,1,9,2,home,0,0,1,0,-1,0
2022-01-15,Man United,2,2,13,6,away,0,1,0,1,0,0
2022-01-19,Man United,3,1,13,5,away,1,0,0,3,2,0
2022-01-22,Man United,1,0,18,3,home,1,0,0,3,1,1
2022-02-08,Man United,1,1,22,5,away,0,1,0,1,0,0
2022-02-12,Man United,1,1,12,8,home,0,1,0,1,0,0
2022-02-15,Man United,2,0,19,7,home,1,0,0,3,2,1
2022-02-20,Man United,4,2,15,9,away,1,0,0,3,2,0
2022-02-26,Man United,0,0,22,3,home,0,1,0,1,0,1
2022-03-06,Man United,1,4,5,2,away,0,0,1,0,-3,0
2022-03-12,Man United,3,2,10,6,home,1,0,0,3,1,0
2022-04-02,Man United,1,1,11,5,home,0,1,0,1,0,0
2022-04-09,Man United,0,1,12,4,away,0,0,1,0,-1,0
2022-04-16,Man United,3,2,20,9,home,1,0,0,3,1,0
2022-04-19,Man United,0,4,2,1,away,0,0,1,0,-4,0
2022-04-23,Man United,1,3,14,5,away,0,0,1,0,-2,0
2022-04-28,Man United,1,1,6,3,home,0,1,0,1,0,0
2022-05-02,Man United,3,0,9,5,home,1,0,0,3,3,1
2022-05-07,Man United,0,4,15,5,away,0,0,1,0,-4,0
2022-05-22,Man United,0,1,10,4,away,0,0,1,0,-1,0
2022-08-07,Man United,1,2,17,5,home,0,0,1,0,-1,0
2022-08-13,Man United,0,4,15,4,away,0,0,1,0,-4,0
2022-08-22,Man United,2,1,12,4,home,1,0,0,3,1,0
2022-08-27,Man United,1,0,11,6,away,1,0,0,3,1,1
2022-09-01,Man United,1,0,9,2,away,1,0,0,3,1,1
2022-09-04,Man United,3,1,10,6,home,1,0,0,3,2,0
2022-10-02,Man United,3,6,12,8,away,0,0,1,0,-3,0
2022-10-09,Man United,2,1,12,4,away,1,0,0,3,1,0
2022-10-16,Man United,0,0,15,2,home,0,1,0,1,0,1
2022-10-19,Man United,2,0,28,10,home,1,0,0,3,2,1
2022-10-22,Man United,1,1,13,6,away,0,1,0,1,0,0
2022-10-30,Man United,1,0,16,3,home,1,0,0,3,1,1
2022-11-06,Man United,1,3,8,3,away,0,0,1,0,-2,0
2022-11-13,Man United,2,1,14,9,away,1,0,0,3,1,0
2022-12-27,Man United,3,0,17,8,home,1,0,0,3,3,1
2022-12-31,Man United,1,0,16,6,away,1,0,0,3,1,1
2023-01-03,Man United,3,0,18,6,home,1,0,0,3,3,1
2023-01-14,Man United,2,1,8,4,home,1,0,0,3,1,0
2023-01-18,Man United,1,1,15,4,away,0,1,0,1,0,0
2023-01-22,Man United,2,3,6,4,away,0,0,1,0,-1,0
2023-02-04,Man United,2,1,14,5,home,1,0,0,3,1,0
2023-02-08,Man United,2,2,24,7,home,0,1,0,1,0,0
2023-02-12,Man United,2,0,11,5,away,1,0,0,3,2,1
2023-02-19,Man United,3,0,26,8,home,1,0,0,3,3,1
2023-03-05,Man United,0,7,8,4,away,0,0,1,0,-7,0
2023-03-12,Man United,0,0,10,4,home,0,1,0,1,0,1
2023-04-02,Man United,0,2,6,1,away,0,0,1,0,-2,0
2023-04-05,Man United,1,0,18,3,home,1,0,0,3,1,1
2023-04-08,Man United,2,0,29,11,home,1,0,0,3,2,1
2023-04-16,Man United,2,0,22,8,away,1,0,0,3,2,1
2023-04-27,Man United,2,2,17,8,away,0,1,0,1,0,0
2023-04-30,Man United,1,0,14,6,home,1,0,0,3,1,1
2023-05-04,Man United,0,1,16,5,away,0,0,1,0,-1,0
2023-05-07,Man United,0,1,19,4,away,0,0,1,0,-1,0
2023-05-13,Man United,2,0,27,9,home,1,0,0,3,2,1
2023-05-20,Man United,1,0,20,5,away,1,0,0,3,1,1
2023-05-25,Man United,4,1,18,9,home,1,0,0,3,3,0
2023-05-28,Man United,2,1,21,8,home,1,0,0,3,1,0
2023-08-14,Man United,1,0,15,3,home,1,0,0,3,1,1
2023-08-19,Man United,0,2,22,6,away,0,0,1,0,-2,0
2023-08-26,Man United,3,2,18,9,home,1,0,0,3,1,0
2023-09-03,Man United,1,3,10,2,away,0,0,1,0,-2,0
2023-09-16,Man United,1,3,14,4,home,0,0,1,0,-2,0
2023-09-23,Man United,1,0,11,4,away,1,0,0,3,1,1
2023-09-30,Man United,0,1,19,4,home,0,0,1,0,-1,0
2023-10-07,Man United,2,1,21,8,home,1,0,0,3,1,0
2023-10-21,Man United,2,1,14,5,away,1,0,0,3,1,0
2023-10-29,Man United,0,3,7,3,home,0,0,1,0,-3,0
2023-11-04,Man United,1,0,12,5,away,1,0,0,3,1,1
2023-11-11,Man United,1,0,15,4,home,1,0,0,3,1,1
2023-11-26,Man United,3,0,9,4,away,1,0,0,3,3,1
2023-12-02,Man United,0,1,8,1,away,0,0,1,0,-1,0
2023-12-06,Man United,2,1,28,9,home,1,0,0,3,1,0
2023-12-09,Man United,0,3,20,3,home,0,0,1,0,-3,0
2023-12-17,Man United,0,0,6,1,away,0,1,0,1,0,1
2023-12-23,Man United,0,2,11,3,away,0,0,1,0,-2,0
2023-12-26,Man United,3,2,13,7,home,1,0,0,3,1,0
2023-12-30,Man United,1,2,10,5,away,0,0,1,0,-1,0
2024-01-14,Man United,2,2,9,2,home,0,1,0,1,0,0
2024-02-01,Man United,4,3,21,8,away,1,0,0,3,1,0
2024-02-04,Man United,3,0,12,5,home,1,0,0,3,3,1
2024-02-11,Man United,2,1,17,5,away,1,0,0,3,1,0
2024-02-18,Man United,2,1,21,9,away,1,0,0,3,1,0
2024-02-24,Man United,1,2,21,9,home,0,0,1,0,-1,0
2024-03-03,Man United,1,3,3,1,away,0,0,1,0,-2,0
2024-03-09,Man United,2,0,15,8,home,1,0,0,3,2,1
2024-03-30,Man United,1,1,11,5,away,0,1,0,1,0,0
2024-04-04,Man United,3,4,19,5,away,0,0,1,0,-1,0
2024-04-07,Man United,2,2,9,5,home,0,1,0,1,0,0
2024-04-13,Man United,2,2,8,2,away,0,1,0,1,0,0
2024-04-24,Man United,4,2,25,13,home,1,0,0,3,2,0
2024-04-27,Man United,1,1,27,10,home,0,1,0,1,0,0
2024-05-06,Man United,0,4,7,2,away,0,0,1,0,-4,0
2024-05-12,Man United,0,1,14,2,home,0,0,1,0,-1,0
2024-05-15,Man United,3,2,17,8,home,1,0,0,3,1,0
2024-05-19,Man United,2,0,11,4,away,1,0,0,3,2,1
2024-08-16,Man United,1,0,14,5,home,1,0,0,3,1,1
2024-08-24,Man United,1,2,11,4,away,0,0,1,0,-1,0
2024-09-01,Man United,0,3,8,3,home,0,0,1,0,-3,0
2024-09-14,Man United,3,0,20,10,away,1,0,0,3,3,1
2024-09-21,Man United,0,0,15,6,away,0,1,0,1,0,1
2024-09-29,Man United,0,3,11,2,home,0,0,1,0,-3,0
2024-10-06,Man United,0,0,10,4,away,0,1,0,1,0,1
2024-10-19,Man United,2,1,23,11,home,1,0,0,3,1,0
2024-10-27,Man United,1,2,18,5,away,0,0,1,0,-1,0
2024-11-03,Man United,1,1,11,4,home,0,1,0,1,0,0
2024-11-10,Man United,3,0,13,3,home,1,0,0,3,3,1
2024-11-24,Man United,1,1,11,4,away,0,1,0,1,0,0
2024-12-01,Man United,4,0,11,5,home,1,0,0,3,4,1
2024-12-04,Man United,0,2,5,2,away,0,0,1,0,-2,0
2024-12-07,Man United,2,3,17,7,home,0,0,1,0,-1,0
2024-12-15,Man United,2,1,10,3,away,1,0,0,3,1,0
2024-12-22,Man United,0,3,23,7,home,0,0,1,0,-3,0
2024-12-26,Man United,0,2,11,4,away,0,0,1,0,-2,0
2024-12-30,Man United,0,2,10,0,home,0,0,1,0,-2,0
2025-01-05,Man United,2,2,13,4,away,0,1,0,1,0,0
2025-01-16,Man United,3,1,23,9,home,1,0,0,3,2,0
2025-01-19,Man United,1,3,10,1,home,0,0,1,0,-2,0
2025-01-26,Man United,1,0,4,1,away,1,0,0,3,1,1
2025-02-02,Man United,0,2,17,2,home,0,0,1,0,-2,0
2025-02-16,Man United,0,1,16,6,away,0,0,1,0,-1,0
2025-02-22,Man United,2,2,9,3,away,0,1,0,1,0,0
2025-02-26,Man United,3,2,10,6,home,1,0,0,3,1,0
2025-03-09,Man United,1,1,10,6,home,0,1,0,1,0,0
2025-03-16,Man United,3,0,18,5,away,1,0,0,3,3,1
2025-04-01,Man United,0,1,23,6,away,0,0,1,0,-1,0
2025-04-06,Man United,0,0,13,2,home,0,1,0,1,0,1
2025-04-13,Man United,1,4,9,5,away,0,0,1,0,-3,0
2025-04-20,Man United,0,1,12,2,home,0,0,1,0,-1,0
2025-04-27,Man United,1,1,25,6,away,0,1,0,1,0,0
2025-05-04,Man United,3,4,14,5,away,0,0,1,0,-1,0
2025-05-11,Man United,0,2,20,5,home,0,0,1,0,-2,0
2025-05-16,Man United,0,1,4,1,away,0,0,1,0,-1,0
2025-05-25,Man United,2,0,25,10,home,1,0,0,3,2,1
2025-08-17,Man United,0,1,22,7,home,0,0,1,0,-1,0
2025-08-24,Man United,1,1,10,3,away,0,1,0,1,0,0
2025-08-30,Man United,3,2,26,6,home,1,0,0,3,1,0
2025-09-14,Man United,0,3,12,2,away,0,0,1,0,-3,0
2025-09-20,Man United,2,1,11,4,home,1,0,0,3,1,0
2025-09-27,Man United,1,3,14,6,away,0,0,1,0,-2,0
2025-10-04,Man United,2,0,15,6,home,1,0,0,3,2,1
2025-10-19,Man United,2,1,12,4,away,1,0,0,3,1,0
2025-10-25,Man United,4,2,13,9,home,1,0,0,3,2,0
2025-11-01,Man United,2,2,18,7,away,0,1,0,1,0,0
2025-11-08,Man United,2,2,5,2,away,0,1,0,1,0,0
2025-11-24,Man United,0,1,25,6,home,0,0,1,0,-1,0
2025-11-30,Man United,2,1,14,6,away,1,0,0,3,1,0
2025-12-04,Man United,1,1,17,4,home,0,1,0,1,0,0
2025-12-08,Man United,4,1,27,10,away,1,0,0,3,3,0
2025-12-15,Man United,4,4,25,9,home,0,1,0,1,0,0
2025-12-21,Man United,1,2,15,6,away,0,0,1,0,-1,0
2025-12-26,Man United,1,0,10,4,home,1,0,0,3,1,1
2025-12-30,Man United,1,1,15,6,home,0,1,0,1,0,0
2026-01-04,Man United,1,1,15,2,away,0,1,0,1,0,0
2026-01-07,Man United,2,2,30,10,away,0,1,0,1,0,0
2026-01-17,Man United,2,0,11,7,home,1,0,0,3,2,1
2026-01-25,Man United,3,2,10,3,away,1,0,0,3,1,0
2026-02-01,Man United,3,2,13,6,home,1,0,0,3,1,0
2026-02-07,Man United,2,0,23,10,home,1,0,0,3,2,1
2026-02-10,Man United,1,1,9,3,away,0,1,0,1,0,0
2026-02-23,Man United,1,0,11,3,away,1,0,0,3,1,1
2026-03-01,Man United,2,1,20,11,home,1,0,0,3,1,0
2026-03-04,Man United,1,2,14,5,away,0,0,1,0,-1,0
2026-03-15,Man United,3,1,16,6,home,1,0,0,3,2,0
2026-03-20,Man United,2,2,14,5,away,0,1,0,1,0,0
2016-08-13,Middlesbrough,1,1,12,2,home,0,1,0,1,0,0
2016-08-21,Middlesbrough,2,1,8,3,away,1,0,0,3,1,0
2016-08-28,Middlesbrough,0,0,7,2,away,0,1,0,1,0,1
2016-09-10,Middlesbrough,1,2,12,4,home,0,0,1,0,-1,0
2016-09-17,Middlesbrough,1,3,7,0,away,0,0,1,0,-2,0
2016-09-24,Middlesbrough,1,2,6,2,home,0,0,1,0,-1,0
2016-10-01,Middlesbrough,1,1,9,3,away,0,1,0,1,0,0
2016-10-16,Middlesbrough,0,1,10,3,home,0,0,1,0,-1,0
2016-10-22,Middlesbrough,0,0,11,4,away,0,1,0,1,0,1
2016-10-29,Middlesbrough,2,0,10,3,home,1,0,0,3,2,1
2016-11-05,Middlesbrough,1,1,5,3,away,0,1,0,1,0,0
2016-11-20,Middlesbrough,0,1,12,1,home,0,0,1,0,-1,0
2016-11-26,Middlesbrough,2,2,6,2,away,0,1,0,1,0,0
2016-12-05,Middlesbrough,1,0,16,4,home,1,0,0,3,1,1
2016-12-11,Middlesbrough,0,1,6,2,away,0,0,1,0,-1,0
2016-12-14,Middlesbrough,0,3,8,3,home,0,0,1,0,-3,0
2016-12-17,Middlesbrough,3,0,10,4,home,1,0,0,3,3,1
2016-12-26,Middlesbrough,0,1,8,2,away,0,0,1,0,-1,0
2016-12-31,Middlesbrough,1,2,9,2,away,0,0,1,0,-1,0
2017-01-02,Middlesbrough,0,0,9,1,home,0,1,0,1,0,1
2017-01-14,Middlesbrough,0,0,5,1,away,0,1,0,1,0,1
2017-01-21,Middlesbrough,1,3,11,2,home,0,0,1,0,-2,0
2017-01-31,Middlesbrough,1,1,11,3,home,0,1,0,1,0,0
2017-02-04,Middlesbrough,0,1,8,0,away,0,0,1,0,-1,0
2017-02-11,Middlesbrough,0,0,9,3,home,0,1,0,1,0,1
2017-02-25,Middlesbrough,0,1,11,4,away,0,0,1,0,-1,0
2017-03-04,Middlesbrough,0,2,8,2,away,0,0,1,0,-2,0
2017-03-19,Middlesbrough,1,3,10,3,home,0,0,1,0,-2,0
2017-04-02,Middlesbrough,0,0,8,1,away,0,1,0,1,0,1
2017-04-05,Middlesbrough,2,4,12,4,away,0,0,1,0,-2,0
2017-04-08,Middlesbrough,0,0,12,5,home,0,1,0,1,0,1
2017-04-17,Middlesbrough,1,2,13,5,home,0,0,1,0,-1,0
2017-04-22,Middlesbrough,0,4,5,2,away,0,0,1,0,-4,0
2017-04-26,Middlesbrough,1,0,6,2,home,1,0,0,3,1,1
2017-04-30,Middlesbrough,2,2,14,6,home,0,1,0,1,0,0
2017-05-08,Middlesbrough,0,3,2,1,away,0,0,1,0,-3,0
2017-05-13,Middlesbrough,1,2,14,3,home,0,0,1,0,-1,0
2017-05-21,Middlesbrough,0,3,9,3,away,0,0,1,0,-3,0
2010-08-16,Newcastle,0,3,7,3,away,0,0,1,0,-3,0
2010-08-22,Newcastle,6,0,20,14,home,1,0,0,3,6,1
2010-08-28,Newcastle,1,1,11,6,away,0,1,0,1,0,0
2010-09-11,Newcastle,0,2,16,13,home,0,0,1,0,-2,0
2010-09-18,Newcastle,1,0,9,4,away,1,0,0,3,1,1
2010-09-26,Newcastle,1,2,11,7,home,0,0,1,0,-1,0
2010-10-03,Newcastle,1,2,8,4,away,0,0,1,0,-1,0
2010-10-16,Newcastle,2,2,9,4,home,0,1,0,1,0,0
2010-10-23,Newcastle,2,1,13,8,away,1,0,0,3,1,0
2010-10-31,Newcastle,5,1,16,12,home,1,0,0,3,4,0
2010-11-07,Newcastle,1,0,7,2,away,1,0,0,3,1,1
2010-11-10,Newcastle,1,2,9,3,home,0,0,1,0,-1,0
2010-11-13,Newcastle,0,0,13,7,home,0,1,0,1,0,1
2010-11-20,Newcastle,1,5,6,1,away,0,0,1,0,-4,0
2010-11-28,Newcastle,1,1,5,3,home,0,1,0,1,0,0
2010-12-05,Newcastle,1,3,11,7,away,0,0,1,0,-2,0
2010-12-11,Newcastle,3,1,8,5,home,1,0,0,3,2,0
2010-12-26,Newcastle,1,3,20,10,home,0,0,1,0,-2,0
2010-12-28,Newcastle,0,2,12,8,away,0,0,1,0,-2,0
2011-01-02,Newcastle,1,0,13,5,away,1,0,0,3,1,1
2011-01-05,Newcastle,5,0,11,7,home,1,0,0,3,5,1
2011-01-16,Newcastle,1,1,9,2,away,0,1,0,1,0,0
2011-01-22,Newcastle,1,1,13,6,home,0,1,0,1,0,0
2011-02-02,Newcastle,0,1,4,3,away,0,0,1,0,-1,0
2011-02-05,Newcastle,4,4,16,8,home,0,1,0,1,0,0
2011-02-12,Newcastle,0,0,12,6,away,0,1,0,1,0,1
2011-02-15,Newcastle,2,0,10,7,away,1,0,0,3,2,1
2011-02-26,Newcastle,1,1,13,6,home,0,1,0,1,0,0
2011-03-05,Newcastle,1,2,10,8,home,0,0,1,0,-1,0
2011-03-19,Newcastle,0,4,14,9,away,0,0,1,0,-4,0
2011-04-02,Newcastle,4,1,17,13,home,1,0,0,3,3,0
2011-04-10,Newcastle,0,1,6,4,away,0,0,1,0,-1,0
2011-04-19,Newcastle,0,0,12,5,home,0,1,0,1,0,1
2011-04-23,Newcastle,1,1,9,6,away,0,1,0,1,0,0
2011-05-01,Newcastle,0,3,7,3,away,0,0,1,0,-3,0
2011-05-07,Newcastle,2,1,19,14,home,1,0,0,3,1,0
2011-05-15,Newcastle,2,2,13,9,away,0,1,0,1,0,0
2011-05-22,Newcastle,3,3,15,10,home,0,1,0,1,0,0
2011-08-13,Newcastle,0,0,6,1,home,0,1,0,1,0,1
2011-08-20,Newcastle,1,0,12,10,away,1,0,0,3,1,1
2011-08-28,Newcastle,2,1,13,9,home,1,0,0,3,1,0
2011-09-12,Newcastle,0,0,8,3,away,0,1,0,1,0,1
2011-09-17,Newcastle,1,1,21,13,away,0,1,0,1,0,0
2011-09-24,Newcastle,3,1,19,8,home,1,0,0,3,2,0
2011-10-01,Newcastle,2,1,10,6,away,1,0,0,3,1,0
2011-10-16,Newcastle,2,2,12,7,home,0,1,0,1,0,0
2011-10-22,Newcastle,1,0,13,10,home,1,0,0,3,1,1
2011-10-31,Newcastle,3,1,6,2,away,1,0,0,3,2,0
2011-11-05,Newcastle,2,1,10,6,home,1,0,0,3,1,0
2011-11-19,Newcastle,1,3,10,7,away,0,0,1,0,-2,0
2011-11-26,Newcastle,1,1,8,6,away,0,1,0,1,0,0
2011-12-03,Newcastle,0,3,16,9,home,0,0,1,0,-3,0
2011-12-10,Newcastle,2,4,11,8,away,0,0,1,0,-2,0
2011-12-17,Newcastle,0,0,17,6,home,0,1,0,1,0,1
2011-12-21,Newcastle,2,3,21,11,home,0,0,1,0,-1,0
2011-12-26,Newcastle,2,0,12,7,away,1,0,0,3,2,1
2011-12-30,Newcastle,1,3,5,2,away,0,0,1,0,-2,0
2012-01-04,Newcastle,3,0,10,6,home,1,0,0,3,3,1
2012-01-15,Newcastle,1,0,9,4,home,1,0,0,3,1,1
2012-01-21,Newcastle,2,5,15,9,away,0,0,1,0,-3,0
2012-02-01,Newcastle,2,0,9,5,away,1,0,0,3,2,1
2012-02-05,Newcastle,2,1,16,8,home,1,0,0,3,1,0
2012-02-11,Newcastle,0,5,7,3,away,0,0,1,0,-5,0
2012-02-25,Newcastle,2,2,13,8,home,0,1,0,1,0,0
2012-03-04,Newcastle,1,1,24,12,home,0,1,0,1,0,0
2012-03-12,Newcastle,1,2,5,3,away,0,0,1,0,-1,0
2012-03-18,Newcastle,1,0,15,10,home,1,0,0,3,1,1
2012-03-25,Newcastle,3,1,10,7,away,1,0,0,3,2,0
2012-04-01,Newcastle,2,0,11,7,home,1,0,0,3,2,1
2012-04-06,Newcastle,2,0,5,4,away,1,0,0,3,2,1
2012-04-09,Newcastle,2,0,8,4,home,1,0,0,3,2,1
2012-04-21,Newcastle,3,0,16,11,home,1,0,0,3,3,1
2012-04-28,Newcastle,0,4,11,3,away,0,0,1,0,-4,0
2012-05-02,Newcastle,2,0,12,6,away,1,0,0,3,2,1
2012-05-06,Newcastle,0,2,14,9,home,0,0,1,0,-2,0
2012-05-13,Newcastle,1,3,11,5,away,0,0,1,0,-2,0
2012-08-18,Newcastle,2,1,6,4,home,1,0,0,3,1,0
2012-08-25,Newcastle,0,2,11,5,away,0,0,1,0,-2,0
2012-09-02,Newcastle,1,1,16,6,home,0,1,0,1,0,0
2012-09-17,Newcastle,2,2,11,7,away,0,1,0,1,0,0
2012-09-23,Newcastle,1,0,16,8,home,1,0,0,3,1,1
2012-09-29,Newcastle,2,2,8,3,away,0,1,0,1,0,0
2012-10-07,Newcastle,0,3,13,3,home,0,0,1,0,-3,0
2012-10-21,Newcastle,1,1,10,7,away,0,1,0,1,0,0
2012-10-28,Newcastle,2,1,10,6,home,1,0,0,3,1,0
2012-11-04,Newcastle,1,1,10,3,away,0,1,0,1,0,0
2012-11-11,Newcastle,0,1,14,9,home,0,0,1,0,-1,0
2012-11-17,Newcastle,1,2,27,10,home,0,0,1,0,-1,0
2012-11-25,Newcastle,0,2,8,3,away,0,0,1,0,-2,0
2012-11-28,Newcastle,1,2,7,6,away,0,0,1,0,-1,0
2012-12-03,Newcastle,3,0,16,8,home,1,0,0,3,3,1
2012-12-10,Newcastle,1,2,20,13,away,0,0,1,0,-1,0
2012-12-15,Newcastle,1,3,17,8,home,0,0,1,0,-2,0
2012-12-22,Newcastle,1,0,18,8,home,1,0,0,3,1,1
2012-12-26,Newcastle,3,4,16,11,away,0,0,1,0,-1,0
2012-12-29,Newcastle,3,7,10,8,away,0,0,1,0,-4,0
2013-01-02,Newcastle,1,2,14,11,home,0,0,1,0,-1,0
2013-01-12,Newcastle,0,0,9,4,away,0,1,0,1,0,1
2013-01-19,Newcastle,1,2,15,10,home,0,0,1,0,-1,0
2013-01-29,Newcastle,2,1,10,7,away,1,0,0,3,1,0
2013-02-02,Newcastle,3,2,19,13,home,1,0,0,3,1,0
2013-02-09,Newcastle,1,2,9,7,away,0,0,1,0,-1,0
2013-02-24,Newcastle,4,2,11,5,home,1,0,0,3,2,0
2013-03-02,Newcastle,0,1,14,7,away,0,0,1,0,-1,0
2013-03-10,Newcastle,2,1,14,6,home,1,0,0,3,1,0
2013-03-17,Newcastle,1,2,9,4,away,0,0,1,0,-1,0
2013-03-30,Newcastle,0,4,5,1,away,0,0,1,0,-4,0
2013-04-07,Newcastle,1,0,20,10,home,1,0,0,3,1,1
2013-04-14,Newcastle,0,3,15,9,home,0,0,1,0,-3,0
2013-04-20,Newcastle,1,1,10,6,away,0,1,0,1,0,0
2013-04-27,Newcastle,0,6,5,1,home,0,0,1,0,-6,0
2013-05-04,Newcastle,0,0,11,6,away,0,1,0,1,0,1
2013-05-12,Newcastle,2,1,10,7,away,1,0,0,3,1,0
2013-05-19,Newcastle,0,1,7,2,home,0,0,1,0,-1,0
2013-08-19,Newcastle,0,4,5,1,away,0,0,1,0,-4,0
2013-08-24,Newcastle,0,0,16,0,home,0,1,0,1,0,1
2013-08-31,Newcastle,1,0,24,9,home,1,0,0,3,1,1
2013-09-14,Newcastle,2,1,17,8,away,1,0,0,3,1,0
2013-09-21,Newcastle,2,3,15,2,home,0,0,1,0,-1,0
2013-09-30,Newcastle,2,3,15,6,away,0,0,1,0,-1,0
2013-10-05,Newcastle,2,1,20,10,away,1,0,0,3,1,0
2013-10-19,Newcastle,2,2,14,4,home,0,1,0,1,0,0
2013-10-27,Newcastle,1,2,16,4,away,0,0,1,0,-1,0
2013-11-02,Newcastle,2,0,15,8,home,1,0,0,3,2,1
2013-11-10,Newcastle,1,0,8,4,away,1,0,0,3,1,1
2013-11-23,Newcastle,2,1,21,5,home,1,0,0,3,1,0
2013-11-30,Newcastle,2,1,14,6,home,1,0,0,3,1,0
2013-12-04,Newcastle,0,3,14,3,away,0,0,1,0,-3,0
2013-12-07,Newcastle,1,0,9,3,away,1,0,0,3,1,1
2013-12-14,Newcastle,1,1,16,5,home,0,1,0,1,0,0
2013-12-21,Newcastle,3,0,13,6,away,1,0,0,3,3,1
2013-12-26,Newcastle,5,1,27,8,home,1,0,0,3,4,0
2013-12-29,Newcastle,0,1,11,3,home,0,0,1,0,-1,0
2014-01-01,Newcastle,0,1,9,3,away,0,0,1,0,-1,0
2014-01-12,Newcastle,0,2,13,5,home,0,0,1,0,-2,0
2014-01-18,Newcastle,3,1,19,9,away,1,0,0,3,2,0
2014-01-28,Newcastle,0,0,22,3,away,0,1,0,1,0,1
2014-02-01,Newcastle,0,3,28,10,home,0,0,1,0,-3,0
2014-02-08,Newcastle,0,3,12,6,away,0,0,1,0,-3,0
2014-02-12,Newcastle,0,4,13,5,home,0,0,1,0,-4,0
2014-02-23,Newcastle,1,0,23,5,home,1,0,0,3,1,1
2014-03-01,Newcastle,4,1,17,7,away,1,0,0,3,3,0
2014-03-15,Newcastle,0,1,12,3,away,0,0,1,0,-1,0
2014-03-22,Newcastle,1,0,21,8,home,1,0,0,3,1,1
2014-03-25,Newcastle,0,3,16,3,home,0,0,1,0,-3,0
2014-03-29,Newcastle,0,4,5,2,away,0,0,1,0,-4,0
2014-04-05,Newcastle,0,4,14,4,home,0,0,1,0,-4,0
2014-04-12,Newcastle,0,1,13,1,away,0,0,1,0,-1,0
2014-04-19,Newcastle,1,2,14,4,home,0,0,1,0,-1,0
2014-04-28,Newcastle,0,3,8,3,away,0,0,1,0,-3,0
2014-05-03,Newcastle,3,0,22,6,home,1,0,0,3,3,1
2014-05-11,Newcastle,1,2,8,2,away,0,0,1,0,-1,0
2014-08-17,Newcastle,0,2,12,0,home,0,0,1,0,-2,0
2014-08-23,Newcastle,0,0,11,4,away,0,1,0,1,0,1
2014-08-30,Newcastle,3,3,18,4,home,0,1,0,1,0,0
2014-09-13,Newcastle,0,4,9,4,away,0,0,1,0,-4,0
2014-09-20,Newcastle,2,2,25,7,home,0,1,0,1,0,0
2014-09-29,Newcastle,0,1,16,1,away,0,0,1,0,-1,0
2014-10-04,Newcastle,2,2,9,4,away,0,1,0,1,0,0
2014-10-18,Newcastle,1,0,19,6,home,1,0,0,3,1,1
2014-10-26,Newcastle,2,1,8,2,away,1,0,0,3,1,0
2014-11-01,Newcastle,1,0,14,3,home,1,0,0,3,1,1
2014-11-09,Newcastle,2,0,8,3,away,1,0,0,3,2,1
2014-11-22,Newcastle,1,0,14,6,home,1,0,0,3,1,1
2014-11-29,Newcastle,0,1,7,1,away,0,0,1,0,-1,0
2014-12-02,Newcastle,1,1,11,4,away,0,1,0,1,0,0
2014-12-06,Newcastle,2,1,9,3,home,1,0,0,3,1,0
2014-12-13,Newcastle,1,4,10,4,away,0,0,1,0,-3,0
2014-12-21,Newcastle,0,1,15,7,home,0,0,1,0,-1,0
2014-12-26,Newcastle,1,3,8,4,away,0,0,1,0,-2,0
2014-12-28,Newcastle,3,2,13,6,home,1,0,0,3,1,0
2015-01-01,Newcastle,3,3,10,4,home,0,1,0,1,0,0
2015-01-10,Newcastle,0,2,11,5,away,0,0,1,0,-2,0
2015-01-17,Newcastle,1,2,16,3,home,0,0,1,0,-1,0
2015-01-31,Newcastle,3,0,12,5,away,1,0,0,3,3,1
2015-02-08,Newcastle,1,1,9,3,home,0,1,0,1,0,0
2015-02-11,Newcastle,1,1,5,1,away,0,1,0,1,0,0
2015-02-21,Newcastle,0,5,8,1,away,0,0,1,0,-5,0
2015-02-28,Newcastle,1,0,14,5,home,1,0,0,3,1,1
2015-03-04,Newcastle,0,1,9,2,home,0,0,1,0,-1,0
2015-03-15,Newcastle,0,3,12,4,away,0,0,1,0,-3,0
2015-03-21,Newcastle,1,2,16,4,home,0,0,1,0,-1,0
2015-04-05,Newcastle,0,1,10,1,away,0,0,1,0,-1,0
2015-04-13,Newcastle,0,2,10,3,away,0,0,1,0,-2,0
2015-04-19,Newcastle,1,3,11,5,home,0,0,1,0,-2,0
2015-04-25,Newcastle,2,3,12,4,home,0,0,1,0,-1,0
2015-05-02,Newcastle,0,3,12,3,away,0,0,1,0,-3,0
2015-05-09,Newcastle,1,1,15,5,home,0,1,0,1,0,0
2015-05-16,Newcastle,1,2,22,8,away,0,0,1,0,-1,0
2015-05-24,Newcastle,2,0,17,4,home,1,0,0,3,2,1
2015-08-09,Newcastle,2,2,9,4,home,0,1,0,1,0,0
2015-08-15,Newcastle,0,2,4,2,away,0,0,1,0,-2,0
2015-08-22,Newcastle,0,0,7,0,away,0,1,0,1,0,1
2015-08-29,Newcastle,0,1,1,0,home,0,0,1,0,-1,0
2015-09-14,Newcastle,0,2,14,4,away,0,0,1,0,-2,0
2015-09-19,Newcastle,1,2,15,5,home,0,0,1,0,-1,0
2015-09-26,Newcastle,2,2,11,5,home,0,1,0,1,0,0
2015-10-03,Newcastle,1,6,6,4,away,0,0,1,0,-5,0
2015-10-18,Newcastle,6,2,11,6,home,1,0,0,3,4,0
2015-10-25,Newcastle,0,3,21,8,away,0,0,1,0,-3,0
2015-10-31,Newcastle,0,0,15,6,home,0,1,0,1,0,1
2015-11-07,Newcastle,1,0,2,1,away,1,0,0,3,1,1
2015-11-21,Newcastle,0,3,9,1,home,0,0,1,0,-3,0
2015-11-28,Newcastle,1,5,7,2,away,0,0,1,0,-4,0
2015-12-06,Newcastle,2,0,6,1,home,1,0,0,3,2,1
2015-12-13,Newcastle,2,1,8,4,away,1,0,0,3,1,0
2015-12-19,Newcastle,1,1,8,4,home,0,1,0,1,0,0
2015-12-26,Newcastle,0,1,10,1,home,0,0,1,0,-1,0
2015-12-28,Newcastle,0,1,7,2,away,0,0,1,0,-1,0
2016-01-02,Newcastle,0,1,15,6,away,0,0,1,0,-1,0
2016-01-12,Newcastle,3,3,14,6,home,0,1,0,1,0,0
2016-01-16,Newcastle,2,1,23,10,home,1,0,0,3,1,0
2016-01-23,Newcastle,1,2,11,2,away,0,0,1,0,-1,0
2016-02-03,Newcastle,0,3,7,3,away,0,0,1,0,-3,0
2016-02-06,Newcastle,1,0,19,7,home,1,0,0,3,1,1
2016-02-13,Newcastle,1,5,10,4,away,0,0,1,0,-4,0
2016-03-02,Newcastle,0,1,5,3,away,0,0,1,0,-1,0
2016-03-05,Newcastle,1,3,14,3,home,0,0,1,0,-2,0
2016-03-14,Newcastle,0,1,13,2,away,0,0,1,0,-1,0
2016-03-20,Newcastle,1,1,17,8,home,0,1,0,1,0,0
2016-04-02,Newcastle,2,3,13,5,away,0,0,1,0,-1,0
2016-04-09,Newcastle,1,3,5,3,away,0,0,1,0,-2,0
2016-04-16,Newcastle,3,0,12,7,home,1,0,0,3,3,1
2016-04-19,Newcastle,1,1,5,3,home,0,1,0,1,0,0
2016-04-23,Newcastle,2,2,6,3,away,0,1,0,1,0,0
2016-04-30,Newcastle,1,0,10,4,home,1,0,0,3,1,1
2016-05-07,Newcastle,0,0,9,3,away,0,1,0,1,0,1
2016-05-15,Newcastle,5,1,19,10,home,1,0,0,3,4,0
2017-08-13,Newcastle,0,2,6,3,home,0,0,1,0,-2,0
2017-08-20,Newcastle,0,1,13,5,away,0,0,1,0,-1,0
2017-08-26,Newcastle,3,0,16,8,home,1,0,0,3,3,1
2017-09-10,Newcastle,1,0,16,8,away,1,0,0,3,1,1
2017-09-16,Newcastle,2,1,14,3,home,1,0,0,3,1,0
2017-09-24,Newcastle,0,1,17,5,away,0,0,1,0,-1,0
2017-10-01,Newcastle,1,1,8,5,home,0,1,0,1,0,0
2017-10-15,Newcastle,2,2,19,5,away,0,1,0,1,0,0
2017-10-21,Newcastle,1,0,7,3,home,1,0,0,3,1,1
2017-10-30,Newcastle,0,1,12,5,away,0,0,1,0,-1,0
2017-11-04,Newcastle,0,1,16,4,home,0,0,1,0,-1,0
2017-11-18,Newcastle,1,4,12,5,away,0,0,1,0,-3,0
2017-11-25,Newcastle,0,3,12,2,home,0,0,1,0,-3,0
2017-11-28,Newcastle,2,2,14,4,away,0,1,0,1,0,0
2017-12-02,Newcastle,1,3,8,2,away,0,0,1,0,-2,0
2017-12-09,Newcastle,2,3,10,4,home,0,0,1,0,-1,0
2017-12-13,Newcastle,0,1,16,4,home,0,0,1,0,-1,0
2017-12-16,Newcastle,0,1,10,2,away,0,0,1,0,-1,0
2017-12-23,Newcastle,3,2,11,4,away,1,0,0,3,1,0
2017-12-27,Newcastle,0,1,6,2,home,0,0,1,0,-1,0
2017-12-30,Newcastle,0,0,11,2,home,0,1,0,1,0,1
2018-01-01,Newcastle,1,0,14,6,away,1,0,0,3,1,1
2018-01-13,Newcastle,1,1,12,4,home,0,1,0,1,0,0
2018-01-20,Newcastle,1,3,6,4,away,0,0,1,0,-2,0
2018-01-31,Newcastle,1,1,14,4,home,0,1,0,1,0,0
2018-02-04,Newcastle,1,1,11,8,away,0,1,0,1,0,0
2018-02-11,Newcastle,1,0,10,3,home,1,0,0,3,1,1
2018-02-24,Newcastle,2,2,15,4,away,0,1,0,1,0,0
2018-03-03,Newcastle,0,2,7,2,away,0,0,1,0,-2,0
2018-03-10,Newcastle,3,0,7,5,home,1,0,0,3,3,1
2018-03-31,Newcastle,1,0,18,3,home,1,0,0,3,1,1
2018-04-07,Newcastle,2,1,8,4,away,1,0,0,3,1,0
2018-04-15,Newcastle,2,1,8,4,home,1,0,0,3,1,0
2018-04-23,Newcastle,0,1,9,2,away,0,0,1,0,-1,0
2018-04-28,Newcastle,0,1,17,2,home,0,0,1,0,-1,0
2018-05-05,Newcastle,1,2,9,1,away,0,0,1,0,-1,0
2018-05-09,Newcastle,0,1,14,3,away,0,0,1,0,-1,0
2018-05-13,Newcastle,3,0,16,6,home,1,0,0,3,3,1
2018-08-11,Newcastle,1,2,15,2,home,0,0,1,0,-1,0
2018-08-18,Newcastle,0,0,12,6,away,0,1,0,1,0,1
2018-08-26,Newcastle,1,2,6,2,home,0,0,1,0,-1,0
2018-09-01,Newcastle,1,2,3,2,away,0,0,1,0,-1,0
2018-09-15,Newcastle,1,2,4,2,home,0,0,1,0,-1,0
2018-09-22,Newcastle,0,0,6,3,away,0,1,0,1,0,1
2018-09-29,Newcastle,0,2,6,1,home,0,0,1,0,-2,0
2018-10-06,Newcastle,2,3,13,8,away,0,0,1,0,-1,0
2018-10-20,Newcastle,0,1,27,6,home,0,0,1,0,-1,0
2018-10-27,Newcastle,0,0,6,0,away,0,1,0,1,0,1
2018-11-03,Newcastle,1,0,10,2,home,1,0,0,3,1,1
2018-11-10,Newcastle,2,1,18,6,home,1,0,0,3,1,0
2018-11-26,Newcastle,2,1,17,3,away,1,0,0,3,1,0
2018-12-01,Newcastle,0,3,16,4,home,0,0,1,0,-3,0
2018-12-05,Newcastle,1,1,8,5,away,0,1,0,1,0,0
2018-12-09,Newcastle,1,2,12,4,home,0,0,1,0,-1,0
2018-12-15,Newcastle,1,0,8,5,away,1,0,0,3,1,1
2018-12-22,Newcastle,0,0,9,0,home,0,1,0,1,0,1
2018-12-26,Newcastle,0,4,6,2,away,0,0,1,0,-4,0
2018-12-29,Newcastle,1,1,8,2,away,0,1,0,1,0,0
2019-01-02,Newcastle,0,2,14,3,home,0,0,1,0,-2,0
2019-01-12,Newcastle,1,2,9,2,away,0,0,1,0,-1,0
2019-01-19,Newcastle,3,0,16,6,home,1,0,0,3,3,1
2019-01-29,Newcastle,2,1,6,2,home,1,0,0,3,1,0
2019-02-02,Newcastle,0,1,8,2,away,0,0,1,0,-1,0
2019-02-11,Newcastle,1,1,9,3,away,0,1,0,1,0,0
2019-02-23,Newcastle,2,0,29,12,home,1,0,0,3,2,1
2019-02-26,Newcastle,2,0,12,3,home,1,0,0,3,2,1
2019-03-02,Newcastle,0,2,17,2,away,0,0,1,0,-2,0
2019-03-09,Newcastle,3,2,19,7,home,1,0,0,3,1,0
2019-03-16,Newcastle,2,2,12,4,away,0,1,0,1,0,0
2019-04-01,Newcastle,0,2,3,1,away,0,0,1,0,-2,0
2019-04-06,Newcastle,0,1,18,5,home,0,0,1,0,-1,0
2019-04-12,Newcastle,1,0,11,5,away,1,0,0,3,1,1
2019-04-20,Newcastle,3,1,15,6,home,1,0,0,3,2,0
2019-04-27,Newcastle,1,1,9,1,away,0,1,0,1,0,0
2019-05-04,Newcastle,2,3,14,7,home,0,0,1,0,-1,0
2019-05-12,Newcastle,4,0,13,6,away,1,0,0,3,4,1
2019-08-11,Newcastle,0,1,9,2,home,0,0,1,0,-1,0
2019-08-17,Newcastle,1,3,10,3,away,0,0,1,0,-2,0
2019-08-25,Newcastle,1,0,8,3,away,1,0,0,3,1,1
2019-08-31,Newcastle,1,1,13,5,home,0,1,0,1,0,0
2019-09-14,Newcastle,1,3,8,1,away,0,0,1,0,-2,0
2019-09-21,Newcastle,0,0,11,4,home,0,1,0,1,0,1
2019-09-29,Newcastle,0,5,3,0,away,0,0,1,0,-5,0
2019-10-06,Newcastle,1,0,12,2,home,1,0,0,3,1,1
2019-10-19,Newcastle,0,1,5,0,away,0,0,1,0,-1,0
2019-10-27,Newcastle,1,1,13,2,home,0,1,0,1,0,0
2019-11-02,Newcastle,3,2,12,9,away,1,0,0,3,1,0
2019-11-09,Newcastle,2,1,20,9,home,1,0,0,3,1,0
2019-11-25,Newcastle,0,2,11,5,away,0,0,1,0,-2,0
2019-11-30,Newcastle,2,2,6,3,home,0,1,0,1,0,0
2019-12-05,Newcastle,2,0,6,4,away,1,0,0,3,2,1
2019-12-08,Newcastle,2,1,12,6,home,1,0,0,3,1,0
2019-12-14,Newcastle,0,1,9,0,away,0,0,1,0,-1,0
2019-12-21,Newcastle,1,0,8,3,home,1,0,0,3,1,1
2019-12-26,Newcastle,1,4,7,2,away,0,0,1,0,-3,0
2019-12-28,Newcastle,1,2,20,5,home,0,0,1,0,-1,0
2020-01-01,Newcastle,0,3,5,2,home,0,0,1,0,-3,0
2020-01-11,Newcastle,1,1,5,1,away,0,1,0,1,0,0
2020-01-18,Newcastle,1,0,7,2,home,1,0,0,3,1,1
2020-01-21,Newcastle,2,2,8,2,away,0,1,0,1,0,0
2020-02-01,Newcastle,0,0,15,5,home,0,1,0,1,0,1
2020-02-16,Newcastle,0,4,10,2,away,0,0,1,0,-4,0
2020-02-22,Newcastle,0,1,8,2,away,0,0,1,0,-1,0
2020-02-29,Newcastle,0,0,21,4,home,0,1,0,1,0,1
2020-03-07,Newcastle,1,0,14,7,away,1,0,0,3,1,1
2020-06-21,Newcastle,3,0,12,8,home,1,0,0,3,3,1
2020-06-24,Newcastle,1,1,13,3,home,0,1,0,1,0,0
2020-07-01,Newcastle,4,1,12,7,away,1,0,0,3,3,0
2020-07-05,Newcastle,2,2,11,4,home,0,1,0,1,0,0
2020-07-08,Newcastle,0,5,6,1,away,0,0,1,0,-5,0
2020-07-11,Newcastle,1,2,8,4,away,0,0,1,0,-1,0
2020-07-15,Newcastle,1,3,22,6,home,0,0,1,0,-2,0
2020-07-20,Newcastle,0,0,12,1,away,0,1,0,1,0,1
2020-07-26,Newcastle,1,3,3,2,home,0,0,1,0,-2,0
2020-09-12,Newcastle,2,0,15,2,away,1,0,0,3,2,1
2020-09-20,Newcastle,0,3,6,0,home,0,0,1,0,-3,0
2020-09-27,Newcastle,1,1,6,1,away,0,1,0,1,0,0
2020-10-03,Newcastle,3,1,10,5,home,1,0,0,3,2,0
2020-10-17,Newcastle,1,4,7,4,home,0,0,1,0,-3,0
2020-10-25,Newcastle,1,1,5,2,away,0,1,0,1,0,0
2020-11-01,Newcastle,2,1,11,4,home,1,0,0,3,1,0
2020-11-06,Newcastle,0,2,4,2,away,0,0,1,0,-2,0
2020-11-21,Newcastle,0,2,8,1,home,0,0,1,0,-2,0
2020-11-27,Newcastle,2,0,14,7,away,1,0,0,3,2,1
2020-12-12,Newcastle,2,1,12,7,home,1,0,0,3,1,0
2020-12-16,Newcastle,2,5,10,4,away,0,0,1,0,-3,0
2020-12-19,Newcastle,1,1,12,5,home,0,1,0,1,0,0
2020-12-26,Newcastle,0,2,7,2,away,0,0,1,0,-2,0
2020-12-30,Newcastle,0,0,8,2,home,0,1,0,1,0,1
2021-01-03,Newcastle,1,2,8,2,home,0,0,1,0,-1,0
2021-01-12,Newcastle,0,1,7,3,away,0,0,1,0,-1,0
2021-01-18,Newcastle,0,3,4,1,away,0,0,1,0,-3,0
2021-01-23,Newcastle,0,2,7,1,away,0,0,1,0,-2,0
2021-01-26,Newcastle,1,2,22,5,home,0,0,1,0,-1,0
2021-01-30,Newcastle,2,0,13,3,away,1,0,0,3,2,1
2021-02-02,Newcastle,1,2,21,5,home,0,0,1,0,-1,0
2021-02-06,Newcastle,3,2,6,4,home,1,0,0,3,1,0
2021-02-15,Newcastle,0,2,10,4,away,0,0,1,0,-2,0
2021-02-21,Newcastle,1,3,10,6,away,0,0,1,0,-2,0
2021-02-27,Newcastle,1,1,19,7,home,0,1,0,1,0,0
2021-03-07,Newcastle,0,0,9,5,away,0,1,0,1,0,1
2021-03-12,Newcastle,1,1,12,3,home,0,1,0,1,0,0
2021-03-20,Newcastle,0,3,3,1,away,0,0,1,0,-3,0
2021-04-04,Newcastle,2,2,22,6,home,0,1,0,1,0,0
2021-04-11,Newcastle,2,1,10,5,away,1,0,0,3,1,0
2021-04-17,Newcastle,3,2,16,8,home,1,0,0,3,1,0
2021-04-24,Newcastle,1,1,7,4,away,0,1,0,1,0,0
2021-05-02,Newcastle,0,2,5,1,home,0,0,1,0,-2,0
2021-05-07,Newcastle,4,2,14,6,away,1,0,0,3,2,0
2021-05-14,Newcastle,3,4,11,5,home,0,0,1,0,-1,0
2021-05-19,Newcastle,1,0,16,5,home,1,0,0,3,1,1
2021-05-23,Newcastle,2,0,10,4,away,1,0,0,3,2,1
2021-08-15,Newcastle,2,4,17,3,home,0,0,1,0,-2,0
2021-08-21,Newcastle,0,2,9,1,away,0,0,1,0,-2,0
2021-08-28,Newcastle,2,2,10,5,home,0,1,0,1,0,0
2021-09-11,Newcastle,1,4,12,3,away,0,0,1,0,-3,0
2021-09-17,Newcastle,1,1,17,7,home,0,1,0,1,0,0
2021-09-25,Newcastle,1,1,20,6,away,0,1,0,1,0,0
2021-10-02,Newcastle,1,2,8,2,away,0,0,1,0,-1,0
2021-10-17,Newcastle,2,3,7,1,home,0,0,1,0,-1,0
2021-10-23,Newcastle,1,1,6,2,away,0,1,0,1,0,0
2021-10-30,Newcastle,0,3,6,1,home,0,0,1,0,-3,0
2021-11-06,Newcastle,1,1,6,1,away,0,1,0,1,0,0
2021-11-20,Newcastle,3,3,23,9,home,0,1,0,1,0,0
2021-11-27,Newcastle,0,2,9,5,away,0,0,1,0,-2,0
2021-11-30,Newcastle,1,1,9,1,home,0,1,0,1,0,0
2021-12-04,Newcastle,1,0,19,4,home,1,0,0,3,1,1
2021-12-12,Newcastle,0,4,12,3,away,0,0,1,0,-4,0
2021-12-16,Newcastle,1,3,4,2,away,0,0,1,0,-2,0
2021-12-19,Newcastle,0,4,5,1,home,0,0,1,0,-4,0
2021-12-27,Newcastle,1,1,13,8,home,0,1,0,1,0,0
2022-01-15,Newcastle,1,1,12,1,home,0,1,0,1,0,0
2022-01-22,Newcastle,1,0,15,3,away,1,0,0,3,1,1
2022-02-08,Newcastle,3,1,20,9,home,1,0,0,3,2,0
2022-02-13,Newcastle,1,0,10,2,home,1,0,0,3,1,1
2022-02-19,Newcastle,1,1,14,3,away,0,1,0,1,0,0
2022-02-26,Newcastle,2,0,26,11,away,1,0,0,3,2,1
2022-03-05,Newcastle,2,1,10,4,home,1,0,0,3,1,0
2022-03-10,Newcastle,2,1,8,4,away,1,0,0,3,1,0
2022-03-13,Newcastle,0,1,7,2,away,0,0,1,0,-1,0
2022-03-17,Newcastle,0,1,17,6,away,0,0,1,0,-1,0
2022-04-03,Newcastle,1,5,8,1,away,0,0,1,0,-4,0
2022-04-08,Newcastle,1,0,12,4,home,1,0,0,3,1,1
2022-04-17,Newcastle,2,1,16,7,home,1,0,0,3,1,0
2022-04-20,Newcastle,1,0,13,4,home,1,0,0,3,1,1
2022-04-23,Newcastle,3,0,13,7,away,1,0,0,3,3,1
2022-04-30,Newcastle,0,1,4,2,home,0,0,1,0,-1,0
2022-05-08,Newcastle,0,5,7,3,away,0,0,1,0,-5,0
2022-05-16,Newcastle,2,0,16,4,home,1,0,0,3,2,1
2022-05-22,Newcastle,2,1,8,6,away,1,0,0,3,1,0
2022-08-06,Newcastle,2,0,23,10,home,1,0,0,3,2,1
2022-08-13,Newcastle,0,0,4,1,away,0,1,0,1,0,1
2022-08-21,Newcastle,3,3,12,6,home,0,1,0,1,0,0
2022-08-28,Newcastle,1,1,21,6,away,0,1,0,1,0,0
2022-08-31,Newcastle,1,2,5,2,away,0,0,1,0,-1,0
2022-09-03,Newcastle,0,0,23,6,home,0,1,0,1,0,1
2022-09-17,Newcastle,1,1,20,7,home,0,1,0,1,0,0
2022-10-01,Newcastle,4,1,19,10,away,1,0,0,3,3,0
2022-10-08,Newcastle,5,1,16,6,home,1,0,0,3,4,0
2022-10-16,Newcastle,0,0,9,2,away,0,1,0,1,0,1
2022-10-19,Newcastle,1,0,16,4,home,1,0,0,3,1,1
2022-10-23,Newcastle,2,1,13,5,away,1,0,0,3,1,0
2022-10-29,Newcastle,4,0,20,7,home,1,0,0,3,4,1
2022-11-06,Newcastle,4,1,7,4,away,1,0,0,3,3,0
2022-11-12,Newcastle,1,0,10,3,home,1,0,0,3,1,1
2022-12-26,Newcastle,3,0,12,5,away,1,0,0,3,3,1
2022-12-31,Newcastle,0,0,16,5,home,0,1,0,1,0,1
2023-01-03,Newcastle,0,0,8,1,away,0,1,0,1,0,1
2023-01-15,Newcastle,1,0,20,5,home,1,0,0,3,1,1
2023-01-21,Newcastle,0,0,16,7,away,0,1,0,1,0,1
2023-02-04,Newcastle,1,1,8,2,home,0,1,0,1,0,0
2023-02-11,Newcastle,1,1,15,7,away,0,1,0,1,0,0
2023-02-18,Newcastle,0,2,14,4,home,0,0,1,0,-2,0
2023-03-04,Newcastle,0,2,5,2,away,0,0,1,0,-2,0
2023-03-12,Newcastle,2,1,19,8,home,1,0,0,3,1,0
2023-03-17,Newcastle,2,1,15,4,away,1,0,0,3,1,0
2023-04-02,Newcastle,2,0,22,6,home,1,0,0,3,2,1
2023-04-05,Newcastle,5,1,15,8,away,1,0,0,3,4,0
2023-04-08,Newcastle,2,1,10,4,away,1,0,0,3,1,0
2023-04-15,Newcastle,0,3,8,2,away,0,0,1,0,-3,0
2023-04-23,Newcastle,6,1,25,8,home,1,0,0,3,5,0
2023-04-27,Newcastle,4,1,15,8,away,1,0,0,3,3,0
2023-04-30,Newcastle,3,1,22,5,home,1,0,0,3,2,0
2023-05-07,Newcastle,0,2,12,5,home,0,0,1,0,-2,0
2023-05-13,Newcastle,2,2,18,5,away,0,1,0,1,0,0
2023-05-18,Newcastle,4,1,22,9,home,1,0,0,3,3,0
2023-05-22,Newcastle,0,0,23,4,home,0,1,0,1,0,1
2023-05-28,Newcastle,1,1,13,4,away,0,1,0,1,0,0
2023-08-12,Newcastle,5,1,17,13,home,1,0,0,3,4,0
2023-08-19,Newcastle,0,1,7,1,away,0,0,1,0,-1,0
2023-08-27,Newcastle,1,2,23,8,home,0,0,1,0,-1,0
2023-09-02,Newcastle,1,3,9,2,away,0,0,1,0,-2,0
2023-09-16,Newcastle,1,0,9,2,home,1,0,0,3,1,1
2023-09-24,Newcastle,8,0,22,15,away,1,0,0,3,8,1
2023-09-30,Newcastle,2,0,20,8,home,1,0,0,3,2,1
2023-10-08,Newcastle,2,2,10,3,away,0,1,0,1,0,0
2023-10-21,Newcastle,4,0,10,7,home,1,0,0,3,4,1
2023-10-28,Newcastle,2,2,13,5,away,0,1,0,1,0,0
2023-11-04,Newcastle,1,0,9,2,home,1,0,0,3,1,1
2023-11-11,Newcastle,0,2,8,5,away,0,0,1,0,-2,0
2023-11-25,Newcastle,4,1,14,5,home,1,0,0,3,3,0
2023-12-02,Newcastle,1,0,22,4,home,1,0,0,3,1,1
2023-12-07,Newcastle,0,3,13,3,away,0,0,1,0,-3,0
2023-12-10,Newcastle,1,4,9,3,away,0,0,1,0,-3,0
2023-12-16,Newcastle,3,0,27,10,home,1,0,0,3,3,1
2023-12-23,Newcastle,0,1,15,2,away,0,0,1,0,-1,0
2023-12-26,Newcastle,1,3,19,7,home,0,0,1,0,-2,0
2024-01-01,Newcastle,2,4,5,3,away,0,0,1,0,-2,0
2024-01-13,Newcastle,2,3,12,5,home,0,0,1,0,-1,0
2024-01-30,Newcastle,3,1,14,5,away,1,0,0,3,2,0
2024-02-03,Newcastle,4,4,19,6,home,0,1,0,1,0,0
2024-02-10,Newcastle,3,2,7,5,away,1,0,0,3,1,0
2024-02-17,Newcastle,2,2,17,5,home,0,1,0,1,0,0
2024-02-24,Newcastle,1,4,3,2,away,0,0,1,0,-3,0
2024-03-02,Newcastle,3,0,14,7,home,1,0,0,3,3,1
2024-03-11,Newcastle,2,3,11,3,away,0,0,1,0,-1,0
2024-03-30,Newcastle,4,3,24,9,home,1,0,0,3,1,0
2024-04-02,Newcastle,1,1,18,6,home,0,1,0,1,0,0
2024-04-06,Newcastle,1,0,12,5,away,1,0,0,3,1,1
2024-04-13,Newcastle,4,0,18,5,home,1,0,0,3,4,1
2024-04-24,Newcastle,0,2,7,2,away,0,0,1,0,-2,0
2024-04-27,Newcastle,5,1,20,7,home,1,0,0,3,4,0
2024-05-04,Newcastle,4,1,23,11,away,1,0,0,3,3,0
2024-05-11,Newcastle,1,1,18,7,home,0,1,0,1,0,0
2024-05-15,Newcastle,2,3,21,8,away,0,0,1,0,-1,0
2024-05-19,Newcastle,4,2,12,7,away,1,0,0,3,2,0
2024-08-17,Newcastle,1,0,3,1,home,1,0,0,3,1,1
2024-08-25,Newcastle,1,1,14,5,away,0,1,0,1,0,0
2024-09-01,Newcastle,2,1,9,3,home,1,0,0,3,1,0
2024-09-15,Newcastle,2,1,14,6,away,1,0,0,3,1,0
2024-09-21,Newcastle,1,3,15,4,away,0,0,1,0,-2,0
2024-09-28,Newcastle,1,1,11,4,home,0,1,0,1,0,0
2024-10-05,Newcastle,0,0,14,3,away,0,1,0,1,0,1
2024-10-19,Newcastle,0,1,21,6,home,0,0,1,0,-1,0
2024-10-27,Newcastle,1,2,11,3,away,0,0,1,0,-1,0
2024-11-02,Newcastle,1,0,9,4,home,1,0,0,3,1,1
2024-11-10,Newcastle,3,1,17,6,away,1,0,0,3,2,0
2024-11-25,Newcastle,0,2,18,2,home,0,0,1,0,-2,0
2024-11-30,Newcastle,1,1,1,0,away,0,1,0,1,0,0
2024-12-04,Newcastle,3,3,17,6,home,0,1,0,1,0,0
2024-12-07,Newcastle,2,4,16,3,away,0,0,1,0,-2,0
2024-12-14,Newcastle,4,0,27,11,home,1,0,0,3,4,1
2024-12-21,Newcastle,4,0,15,7,away,1,0,0,3,4,1
2024-12-26,Newcastle,3,0,22,8,home,1,0,0,3,3,1
2024-12-30,Newcastle,2,0,12,4,away,1,0,0,3,2,1
2025-01-04,Newcastle,2,1,14,4,away,1,0,0,3,1,0
2025-01-15,Newcastle,3,0,17,5,home,1,0,0,3,3,1
2025-01-18,Newcastle,1,4,13,5,home,0,0,1,0,-3,0
2025-01-25,Newcastle,3,1,17,9,away,1,0,0,3,2,0
2025-02-01,Newcastle,1,2,11,4,home,0,0,1,0,-1,0
2025-02-15,Newcastle,0,4,3,1,away,0,0,1,0,-4,0
2025-02-23,Newcastle,4,3,13,5,home,1,0,0,3,1,0
2025-02-26,Newcastle,0,2,3,0,away,0,0,1,0,-2,0
2025-03-10,Newcastle,1,0,9,3,away,1,0,0,3,1,1
2025-04-02,Newcastle,2,1,21,4,home,1,0,0,3,1,0
2025-04-07,Newcastle,3,0,16,5,away,1,0,0,3,3,1
2025-04-13,Newcastle,4,1,13,6,home,1,0,0,3,3,0
2025-04-16,Newcastle,5,0,14,7,home,1,0,0,3,5,1
2025-04-19,Newcastle,1,4,10,3,away,0,0,1,0,-3,0
2025-04-26,Newcastle,3,0,25,5,home,1,0,0,3,3,1
2025-05-04,Newcastle,1,1,13,5,away,0,1,0,1,0,0
2025-05-11,Newcastle,2,0,15,6,home,1,0,0,3,2,1
2025-05-18,Newcastle,0,1,14,5,away,0,0,1,0,-1,0
2025-05-25,Newcastle,0,1,17,6,home,0,0,1,0,-1,0
2025-08-16,Newcastle,0,0,16,3,away,0,1,0,1,0,1
2025-08-25,Newcastle,2,3,10,3,home,0,0,1,0,-1,0
2025-08-30,Newcastle,0,0,8,2,away,0,1,0,1,0,1
2025-09-13,Newcastle,1,0,16,4,home,1,0,0,3,1,1
2025-09-21,Newcastle,0,0,4,1,away,0,1,0,1,0,1
2025-09-28,Newcastle,1,2,8,3,home,0,0,1,0,-1,0
2025-10-05,Newcastle,2,0,18,9,home,1,0,0,3,2,1
2025-10-18,Newcastle,1,2,16,3,away,0,0,1,0,-1,0
2025-10-25,Newcastle,2,1,18,7,home,1,0,0,3,1,0
2025-11-02,Newcastle,1,3,12,4,away,0,0,1,0,-2,0
2025-11-09,Newcastle,1,3,5,1,away,0,0,1,0,-2,0
2025-11-22,Newcastle,2,1,9,5,home,1,0,0,3,1,0
2025-11-29,Newcastle,4,1,13,8,away,1,0,0,3,3,0
2025-12-02,Newcastle,2,2,19,7,home,0,1,0,1,0,0
2025-12-06,Newcastle,2,1,17,7,home,1,0,0,3,1,0
2025-12-14,Newcastle,0,1,6,2,away,0,0,1,0,-1,0
2025-12-20,Newcastle,2,2,11,5,home,0,1,0,1,0,0
2025-12-26,Newcastle,0,1,16,3,away,0,0,1,0,-1,0
2025-12-30,Newcastle,3,1,20,9,away,1,0,0,3,2,0
2026-01-04,Newcastle,2,0,12,7,home,1,0,0,3,2,1
2026-01-07,Newcastle,4,3,18,8,home,1,0,0,3,1,0
2026-01-18,Newcastle,0,0,12,2,away,0,1,0,1,0,1
2026-01-25,Newcastle,0,2,15,4,home,0,0,1,0,-2,0
2026-01-31,Newcastle,1,4,8,2,away,0,0,1,0,-3,0
2026-02-07,Newcastle,2,3,16,4,home,0,0,1,0,-1,0
2026-02-10,Newcastle,2,1,21,5,away,1,0,0,3,1,0
2026-02-21,Newcastle,1,2,13,7,away,0,0,1,0,-1,0
2026-02-28,Newcastle,2,3,17,7,home,0,0,1,0,-1,0
2026-03-04,Newcastle,2,1,12,5,home,1,0,0,3,1,0
2026-03-14,Newcastle,1,0,7,5,away,1,0,0,3,1,1
2026-03-22,Newcastle,1,2,16,4,home,0,0,1,0,-1,0
2011-08-13,Norwich,1,1,13,3,away,0,1,0,1,0,0
2011-08-21,Norwich,1,1,9,7,home,0,1,0,1,0,0
2011-08-27,Norwich,1,3,9,6,away,0,0,1,0,-2,0
2011-09-11,Norwich,0,1,17,5,home,0,0,1,0,-1,0
2011-09-17,Norwich,2,1,11,5,away,1,0,0,3,1,0
2011-09-26,Norwich,2,1,11,8,home,1,0,0,3,1,0
2011-10-01,Norwich,0,2,13,6,away,0,0,1,0,-2,0
2011-10-15,Norwich,3,1,15,8,home,1,0,0,3,2,0
2011-10-22,Norwich,1,1,12,10,away,0,1,0,1,0,0
2011-10-29,Norwich,3,3,13,6,home,0,1,0,1,0,0
2011-11-05,Norwich,2,3,9,7,away,0,0,1,0,-1,0
2011-11-19,Norwich,1,2,7,4,home,0,0,1,0,-1,0
2011-11-26,Norwich,2,1,15,8,home,1,0,0,3,1,0
2011-12-03,Norwich,1,5,5,2,away,0,0,1,0,-4,0
2011-12-10,Norwich,4,2,13,11,home,1,0,0,3,2,0
2011-12-17,Norwich,1,1,7,1,away,0,1,0,1,0,0
2011-12-20,Norwich,2,2,18,14,away,0,1,0,1,0,0
2011-12-27,Norwich,0,2,8,4,home,0,0,1,0,-2,0
2011-12-31,Norwich,1,1,18,9,home,0,1,0,1,0,0
2012-01-02,Norwich,2,1,13,6,away,1,0,0,3,1,0
2012-01-14,Norwich,2,1,7,4,away,1,0,0,3,1,0
2012-01-21,Norwich,0,0,5,3,home,0,1,0,1,0,1
2012-02-01,Norwich,0,3,12,4,away,0,0,1,0,-3,0
2012-02-04,Norwich,2,0,22,9,home,1,0,0,3,2,1
2012-02-11,Norwich,3,2,18,11,away,1,0,0,3,1,0
2012-02-26,Norwich,1,2,16,7,home,0,0,1,0,-1,0
2012-03-03,Norwich,0,1,7,5,away,0,0,1,0,-1,0
2012-03-11,Norwich,1,1,13,6,home,0,1,0,1,0,0
2012-03-18,Norwich,0,1,12,5,away,0,0,1,0,-1,0
2012-03-24,Norwich,2,1,15,11,home,1,0,0,3,1,0
2012-03-31,Norwich,1,2,16,8,away,0,0,1,0,-1,0
2012-04-07,Norwich,2,2,14,11,home,0,1,0,1,0,0
2012-04-09,Norwich,2,1,12,6,away,1,0,0,3,1,0
2012-04-14,Norwich,1,6,16,8,home,0,0,1,0,-5,0
2012-04-21,Norwich,0,2,12,5,away,0,0,1,0,-2,0
2012-04-28,Norwich,0,3,8,3,home,0,0,1,0,-3,0
2012-05-05,Norwich,3,3,12,6,away,0,1,0,1,0,0
2012-05-13,Norwich,2,0,21,12,home,1,0,0,3,2,1
2012-08-18,Norwich,0,5,4,2,away,0,0,1,0,-5,0
2012-08-25,Norwich,1,1,13,4,home,0,1,0,1,0,0
2012-09-01,Norwich,1,1,10,4,away,0,1,0,1,0,0
2012-09-15,Norwich,0,0,20,14,home,0,1,0,1,0,1
2012-09-23,Norwich,0,1,8,3,away,0,0,1,0,-1,0
2012-09-29,Norwich,2,5,10,7,home,0,0,1,0,-3,0
2012-10-06,Norwich,1,4,7,4,away,0,0,1,0,-3,0
2012-10-20,Norwich,1,0,7,3,home,1,0,0,3,1,1
2012-10-27,Norwich,1,1,14,6,away,0,1,0,1,0,0
2012-11-03,Norwich,1,0,12,8,home,1,0,0,3,1,1
2012-11-10,Norwich,0,0,10,3,away,0,1,0,1,0,1
2012-11-17,Norwich,1,0,10,5,home,1,0,0,3,1,1
2012-11-24,Norwich,1,1,8,4,away,0,1,0,1,0,0
2012-11-28,Norwich,1,1,9,5,away,0,1,0,1,0,0
2012-12-02,Norwich,2,1,7,5,home,1,0,0,3,1,0
2012-12-08,Norwich,4,3,10,8,away,1,0,0,3,1,0
2012-12-15,Norwich,2,1,16,10,home,1,0,0,3,1,0
2012-12-22,Norwich,1,2,10,4,away,0,0,1,0,-1,0
2012-12-26,Norwich,0,1,8,4,home,0,0,1,0,-1,0
2012-12-29,Norwich,3,4,13,8,home,0,0,1,0,-1,0
2013-01-01,Norwich,1,2,9,3,away,0,0,1,0,-1,0
2013-01-12,Norwich,0,0,12,3,home,0,1,0,1,0,1
2013-01-19,Norwich,0,5,5,3,away,0,0,1,0,-5,0
2013-01-30,Norwich,1,1,8,4,home,0,1,0,1,0,0
2013-02-02,Norwich,0,0,14,9,away,0,1,0,1,0,1
2013-02-09,Norwich,0,0,15,8,home,0,1,0,1,0,1
2013-02-23,Norwich,2,1,10,9,home,1,0,0,3,1,0
2013-03-02,Norwich,0,4,1,1,away,0,0,1,0,-4,0
2013-03-09,Norwich,0,0,3,2,home,0,1,0,1,0,1
2013-03-17,Norwich,1,1,7,3,away,0,1,0,1,0,0
2013-03-30,Norwich,0,1,9,5,away,0,0,1,0,-1,0
2013-04-06,Norwich,2,2,12,9,home,0,1,0,1,0,0
2013-04-13,Norwich,1,3,5,5,away,0,0,1,0,-2,0
2013-04-20,Norwich,2,1,19,9,home,1,0,0,3,1,0
2013-04-27,Norwich,0,1,5,0,away,0,0,1,0,-1,0
2013-05-04,Norwich,1,2,9,4,home,0,0,1,0,-1,0
2013-05-12,Norwich,4,0,11,8,home,1,0,0,3,4,1
2013-05-19,Norwich,3,2,12,7,away,1,0,0,3,1,0
2013-08-17,Norwich,2,2,8,2,home,0,1,0,1,0,0
2013-08-24,Norwich,0,1,13,4,away,0,0,1,0,-1,0
2013-08-31,Norwich,1,0,15,4,home,1,0,0,3,1,1
2013-09-14,Norwich,0,2,4,1,away,0,0,1,0,-2,0
2013-09-21,Norwich,0,1,12,1,home,0,0,1,0,-1,0
2013-09-29,Norwich,1,0,8,3,away,1,0,0,3,1,1
2013-10-06,Norwich,1,3,14,3,home,0,0,1,0,-2,0
2013-10-19,Norwich,1,4,12,6,away,0,0,1,0,-3,0
2013-10-26,Norwich,0,0,31,10,home,0,1,0,1,0,1
2013-11-02,Norwich,0,7,7,1,away,0,0,1,0,-7,0
2013-11-09,Norwich,3,1,15,6,home,1,0,0,3,2,0
2013-11-23,Norwich,1,2,10,2,away,0,0,1,0,-1,0
2013-11-30,Norwich,1,0,10,3,home,1,0,0,3,1,1
2013-12-04,Norwich,1,5,14,5,away,0,0,1,0,-4,0
2013-12-07,Norwich,2,0,8,3,away,1,0,0,3,2,1
2013-12-15,Norwich,1,1,16,3,home,0,1,0,1,0,0
2013-12-21,Norwich,0,0,14,5,away,0,1,0,1,0,1
2013-12-26,Norwich,1,2,12,3,home,0,0,1,0,-1,0
2013-12-28,Norwich,0,1,15,4,home,0,0,1,0,-1,0
2014-01-01,Norwich,1,1,8,5,away,0,1,0,1,0,0
2014-01-11,Norwich,0,2,12,3,away,0,0,1,0,-2,0
2014-01-18,Norwich,1,0,25,4,home,1,0,0,3,1,1
2014-01-28,Norwich,0,0,9,2,home,0,1,0,1,0,1
2014-02-01,Norwich,1,2,27,6,away,0,0,1,0,-1,0
2014-02-08,Norwich,0,0,7,2,home,0,1,0,1,0,1
2014-02-11,Norwich,0,2,13,6,away,0,0,1,0,-2,0
2014-02-23,Norwich,1,0,13,3,home,1,0,0,3,1,1
2014-03-02,Norwich,1,4,7,4,away,0,0,1,0,-3,0
2014-03-08,Norwich,1,1,13,5,home,0,1,0,1,0,0
2014-03-15,Norwich,2,4,6,3,away,0,0,1,0,-2,0
2014-03-22,Norwich,2,0,14,8,home,1,0,0,3,2,1
2014-03-29,Norwich,0,3,8,4,away,0,0,1,0,-3,0
2014-04-05,Norwich,0,1,12,4,home,0,0,1,0,-1,0
2014-04-12,Norwich,0,1,13,3,away,0,0,1,0,-1,0
2014-04-20,Norwich,2,3,13,5,home,0,0,1,0,-1,0
2014-04-26,Norwich,0,4,9,2,away,0,0,1,0,-4,0
2014-05-04,Norwich,0,0,6,3,away,0,1,0,1,0,1
2014-05-11,Norwich,0,2,11,5,home,0,0,1,0,-2,0
2015-08-08,Norwich,1,3,17,6,home,0,0,1,0,-2,0
2015-08-15,Norwich,3,1,19,6,away,1,0,0,3,2,0
2015-08-22,Norwich,1,1,21,7,home,0,1,0,1,0,0
2015-08-30,Norwich,0,3,6,1,away,0,0,1,0,-3,0
2015-09-12,Norwich,3,1,12,4,home,1,0,0,3,2,0
2015-09-20,Norwich,1,1,7,2,away,0,1,0,1,0,0
2015-09-26,Norwich,2,2,16,7,away,0,1,0,1,0,0
2015-10-03,Norwich,1,2,17,2,home,0,0,1,0,-1,0
2015-10-18,Norwich,2,6,18,6,away,0,0,1,0,-4,0
2015-10-24,Norwich,0,1,16,3,home,0,0,1,0,-1,0
2015-10-31,Norwich,1,2,5,3,away,0,0,1,0,-1,0
2015-11-07,Norwich,1,0,9,5,home,1,0,0,3,1,1
2015-11-21,Norwich,0,1,4,2,away,0,0,1,0,-1,0
2015-11-29,Norwich,1,1,7,2,home,0,1,0,1,0,0
2015-12-05,Norwich,0,2,6,1,away,0,0,1,0,-2,0
2015-12-12,Norwich,1,1,9,2,home,0,1,0,1,0,0
2015-12-19,Norwich,2,1,6,4,away,1,0,0,3,1,0
2015-12-26,Norwich,0,3,11,3,away,0,0,1,0,-3,0
2015-12-28,Norwich,2,0,9,4,home,1,0,0,3,2,1
2016-01-02,Norwich,1,0,10,1,home,1,0,0,3,1,1
2016-01-13,Norwich,1,3,5,2,away,0,0,1,0,-2,0
2016-01-16,Norwich,0,3,10,3,away,0,0,1,0,-3,0
2016-01-23,Norwich,4,5,6,5,home,0,0,1,0,-1,0
2016-02-02,Norwich,0,3,10,2,home,0,0,1,0,-3,0
2016-02-06,Norwich,0,2,12,4,away,0,0,1,0,-2,0
2016-02-13,Norwich,2,2,13,3,home,0,1,0,1,0,0
2016-02-27,Norwich,0,1,9,1,away,0,0,1,0,-1,0
2016-03-01,Norwich,1,2,13,2,home,0,0,1,0,-1,0
2016-03-05,Norwich,0,1,8,3,away,0,0,1,0,-1,0
2016-03-12,Norwich,0,0,5,0,home,0,1,0,1,0,1
2016-03-19,Norwich,1,0,7,1,away,1,0,0,3,1,1
2016-04-02,Norwich,3,2,13,6,home,1,0,0,3,1,0
2016-04-09,Norwich,0,1,13,4,away,0,0,1,0,-1,0
2016-04-16,Norwich,0,3,19,6,home,0,0,1,0,-3,0
2016-04-30,Norwich,0,1,12,3,away,0,0,1,0,-1,0
2016-05-07,Norwich,0,1,8,2,home,0,0,1,0,-1,0
2016-05-11,Norwich,4,2,18,6,home,1,0,0,3,2,0
2016-05-15,Norwich,0,3,10,2,away,0,0,1,0,-3,0
2019-08-09,Norwich,1,4,12,5,away,0,0,1,0,-3,0
2019-08-17,Norwich,3,1,15,8,home,1,0,0,3,2,0
2019-08-24,Norwich,2,3,6,5,home,0,0,1,0,-1,0
2019-08-31,Norwich,0,2,8,3,away,0,0,1,0,-2,0
2019-09-14,Norwich,3,2,7,3,home,1,0,0,3,1,0
2019-09-21,Norwich,0,2,11,2,away,0,0,1,0,-2,0
2019-09-28,Norwich,0,2,10,3,away,0,0,1,0,-2,0
2019-10-05,Norwich,1,5,21,5,home,0,0,1,0,-4,0
2019-10-19,Norwich,0,0,10,1,away,0,1,0,1,0,1
2019-10-27,Norwich,1,3,10,3,home,0,0,1,0,-2,0
2019-11-02,Norwich,0,2,7,0,away,0,0,1,0,-2,0
2019-11-08,Norwich,0,2,17,5,home,0,0,1,0,-2,0
2019-11-23,Norwich,2,0,13,5,away,1,0,0,3,2,1
2019-12-01,Norwich,2,2,15,8,home,0,1,0,1,0,0
2019-12-04,Norwich,1,2,10,3,away,0,0,1,0,-1,0
2019-12-08,Norwich,1,2,14,4,home,0,0,1,0,-1,0
2019-12-14,Norwich,1,1,10,3,away,0,1,0,1,0,0
2019-12-21,Norwich,1,2,13,7,home,0,0,1,0,-1,0
2019-12-26,Norwich,0,1,16,6,away,0,0,1,0,-1,0
2019-12-28,Norwich,2,2,5,2,home,0,1,0,1,0,0
2020-01-01,Norwich,1,1,15,4,home,0,1,0,1,0,0
2020-01-11,Norwich,0,4,8,3,away,0,0,1,0,-4,0
2020-01-18,Norwich,1,0,16,5,home,1,0,0,3,1,1
2020-01-22,Norwich,1,2,12,2,away,0,0,1,0,-1,0
2020-02-01,Norwich,0,0,19,4,away,0,1,0,1,0,1
2020-02-15,Norwich,0,1,5,1,home,0,0,1,0,-1,0
2020-02-23,Norwich,0,3,6,4,away,0,0,1,0,-3,0
2020-02-28,Norwich,1,0,11,6,home,1,0,0,3,1,1
2020-03-07,Norwich,0,1,12,5,away,0,0,1,0,-1,0
2020-06-19,Norwich,0,3,9,1,home,0,0,1,0,-3,0
2020-06-24,Norwich,0,1,9,1,home,0,0,1,0,-1,0
2020-07-01,Norwich,0,4,8,2,away,0,0,1,0,-4,0
2020-07-04,Norwich,0,1,12,1,home,0,0,1,0,-1,0
2020-07-07,Norwich,1,2,12,3,away,0,0,1,0,-1,0
2020-07-11,Norwich,0,4,11,2,home,0,0,1,0,-4,0
2020-07-14,Norwich,0,1,2,0,away,0,0,1,0,-1,0
2020-07-18,Norwich,0,2,6,2,home,0,0,1,0,-2,0
2020-07-26,Norwich,0,5,5,4,away,0,0,1,0,-5,0
2021-08-14,Norwich,0,3,14,3,home,0,0,1,0,-3,0
2021-08-21,Norwich,0,5,1,0,away,0,0,1,0,-5,0
2021-08-28,Norwich,1,2,14,4,home,0,0,1,0,-1,0
2021-09-11,Norwich,0,1,10,1,away,0,0,1,0,-1,0
2021-09-18,Norwich,1,3,12,5,home,0,0,1,0,-2,0
2021-09-25,Norwich,0,2,10,2,away,0,0,1,0,-2,0
2021-10-02,Norwich,0,0,10,2,away,0,1,0,1,0,1
2021-10-16,Norwich,0,0,15,3,home,0,1,0,1,0,1
2021-10-23,Norwich,0,7,3,1,away,0,0,1,0,-7,0
2021-10-31,Norwich,1,2,14,3,home,0,0,1,0,-1,0
2021-11-06,Norwich,2,1,9,5,away,1,0,0,3,1,0
2021-11-20,Norwich,2,1,8,4,home,1,0,0,3,1,0
2021-11-27,Norwich,0,0,14,4,home,0,1,0,1,0,1
2021-11-30,Norwich,1,1,16,6,away,0,1,0,1,0,0
2021-12-05,Norwich,0,3,10,1,away,0,0,1,0,-3,0
2021-12-11,Norwich,0,1,11,5,home,0,0,1,0,-1,0
2021-12-14,Norwich,0,2,7,3,home,0,0,1,0,-2,0
2021-12-26,Norwich,0,5,4,2,home,0,0,1,0,-5,0
2021-12-28,Norwich,0,3,12,3,away,0,0,1,0,-3,0
2022-01-12,Norwich,0,2,7,3,away,0,0,1,0,-2,0
2022-01-15,Norwich,2,1,14,3,home,1,0,0,3,1,0
2022-01-21,Norwich,3,0,7,2,away,1,0,0,3,3,1
2022-02-09,Norwich,1,1,5,1,home,0,1,0,1,0,0
2022-02-12,Norwich,0,4,8,3,home,0,0,1,0,-4,0
2022-02-19,Norwich,1,3,6,1,away,0,0,1,0,-2,0
2022-02-25,Norwich,0,2,8,1,away,0,0,1,0,-2,0
2022-03-05,Norwich,1,3,15,7,home,0,0,1,0,-2,0
2022-03-10,Norwich,1,3,9,3,home,0,0,1,0,-2,0
2022-03-13,Norwich,1,2,12,4,away,0,0,1,0,-1,0
2022-04-02,Norwich,0,0,6,0,away,0,1,0,1,0,1
2022-04-10,Norwich,2,0,17,6,home,1,0,0,3,2,1
2022-04-16,Norwich,2,3,15,4,away,0,0,1,0,-1,0
2022-04-23,Norwich,0,3,5,2,home,0,0,1,0,-3,0
2022-04-30,Norwich,0,2,9,3,away,0,0,1,0,-2,0
2022-05-08,Norwich,0,4,8,2,home,0,0,1,0,-4,0
2022-05-11,Norwich,0,3,9,5,away,0,0,1,0,-3,0
2022-05-15,Norwich,1,1,11,2,away,0,1,0,1,0,0
2022-05-22,Norwich,0,5,9,0,home,0,0,1,0,-5,0
2022-08-06,Nott'm Forest,0,2,5,0,away,0,0,1,0,-2,0
2022-08-14,Nott'm Forest,1,0,13,6,home,1,0,0,3,1,1
2022-08-20,Nott'm Forest,1,1,14,5,away,0,1,0,1,0,0
2022-08-28,Nott'm Forest,0,2,17,1,home,0,0,1,0,-2,0
2022-08-31,Nott'm Forest,0,6,8,1,away,0,0,1,0,-6,0
2022-09-03,Nott'm Forest,2,3,11,3,home,0,0,1,0,-1,0
2022-09-16,Nott'm Forest,2,3,11,3,home,0,0,1,0,-1,0
2022-10-03,Nott'm Forest,0,4,10,3,away,0,0,1,0,-4,0
2022-10-10,Nott'm Forest,1,1,6,3,home,0,1,0,1,0,0
2022-10-15,Nott'm Forest,0,1,10,2,away,0,0,1,0,-1,0
2022-10-18,Nott'm Forest,0,0,3,0,away,0,1,0,1,0,1
2022-10-22,Nott'm Forest,1,0,10,7,home,1,0,0,3,1,1
2022-10-30,Nott'm Forest,0,5,5,2,away,0,0,1,0,-5,0
2022-11-05,Nott'm Forest,2,2,15,7,home,0,1,0,1,0,0
2022-11-12,Nott'm Forest,1,0,9,2,home,1,0,0,3,1,1
2022-12-27,Nott'm Forest,0,3,8,3,away,0,0,1,0,-3,0
2023-01-01,Nott'm Forest,1,1,12,5,home,0,1,0,1,0,0
2023-01-04,Nott'm Forest,1,0,11,1,away,1,0,0,3,1,1
2023-01-14,Nott'm Forest,2,0,15,5,home,1,0,0,3,2,1
2023-01-21,Nott'm Forest,1,1,20,5,away,0,1,0,1,0,0
2023-02-05,Nott'm Forest,1,0,6,2,home,1,0,0,3,1,1
2023-02-11,Nott'm Forest,0,2,10,1,away,0,0,1,0,-2,0
2023-02-18,Nott'm Forest,1,1,4,1,home,0,1,0,1,0,0
2023-02-25,Nott'm Forest,0,4,8,3,away,0,0,1,0,-4,0
2023-03-05,Nott'm Forest,2,2,10,4,home,0,1,0,1,0,0
2023-03-11,Nott'm Forest,1,3,9,5,away,0,0,1,0,-2,0
2023-03-17,Nott'm Forest,1,2,5,3,home,0,0,1,0,-1,0
2023-04-01,Nott'm Forest,1,1,17,7,home,0,1,0,1,0,0
2023-04-04,Nott'm Forest,1,2,13,1,away,0,0,1,0,-1,0
2023-04-08,Nott'm Forest,0,2,6,2,away,0,0,1,0,-2,0
2023-04-16,Nott'm Forest,0,2,6,0,home,0,0,1,0,-2,0
2023-04-22,Nott'm Forest,2,3,11,5,away,0,0,1,0,-1,0
2023-04-26,Nott'm Forest,3,1,12,5,home,1,0,0,3,2,0
2023-04-29,Nott'm Forest,1,2,5,3,away,0,0,1,0,-1,0
2023-05-08,Nott'm Forest,4,3,9,4,home,1,0,0,3,1,0
2023-05-13,Nott'm Forest,2,2,11,2,away,0,1,0,1,0,0
2023-05-20,Nott'm Forest,1,0,6,2,home,1,0,0,3,1,1
2023-05-28,Nott'm Forest,1,1,7,4,away,0,1,0,1,0,0
2023-08-12,Nott'm Forest,1,2,6,2,away,0,0,1,0,-1,0
2023-08-18,Nott'm Forest,2,1,16,4,home,1,0,0,3,1,0
2023-08-26,Nott'm Forest,2,3,9,4,away,0,0,1,0,-1,0
2023-09-02,Nott'm Forest,1,0,7,3,away,1,0,0,3,1,1
2023-09-18,Nott'm Forest,1,1,14,4,home,0,1,0,1,0,0
2023-09-23,Nott'm Forest,0,2,10,3,away,0,0,1,0,-2,0
2023-10-01,Nott'm Forest,1,1,6,1,home,0,1,0,1,0,0
2023-10-07,Nott'm Forest,0,0,16,5,away,0,1,0,1,0,1
2023-10-21,Nott'm Forest,2,2,19,8,home,0,1,0,1,0,0
2023-10-29,Nott'm Forest,0,3,9,1,away,0,0,1,0,-3,0
2023-11-05,Nott'm Forest,2,0,5,3,home,1,0,0,3,2,1
2023-11-12,Nott'm Forest,2,3,10,5,away,0,0,1,0,-1,0
2023-11-25,Nott'm Forest,2,3,18,5,home,0,0,1,0,-1,0
2023-12-02,Nott'm Forest,0,1,13,2,home,0,0,1,0,-1,0
2023-12-06,Nott'm Forest,0,5,4,1,away,0,0,1,0,-5,0
2023-12-09,Nott'm Forest,1,1,8,2,away,0,1,0,1,0,0
2023-12-15,Nott'm Forest,0,2,15,1,home,0,0,1,0,-2,0
2023-12-23,Nott'm Forest,2,3,11,5,home,0,0,1,0,-1,0
2023-12-26,Nott'm Forest,3,1,15,6,away,1,0,0,3,2,0
2023-12-30,Nott'm Forest,2,1,8,2,home,1,0,0,3,1,0
2024-01-20,Nott'm Forest,2,3,12,3,away,0,0,1,0,-1,0
2024-01-30,Nott'm Forest,1,2,9,3,home,0,0,1,0,-1,0
2024-02-04,Nott'm Forest,1,1,8,6,away,0,1,0,1,0,0
2024-02-10,Nott'm Forest,2,3,13,3,home,0,0,1,0,-1,0
2024-02-17,Nott'm Forest,2,0,19,8,home,1,0,0,3,2,1
2024-02-24,Nott'm Forest,2,4,10,3,away,0,0,1,0,-2,0
2024-03-02,Nott'm Forest,0,1,8,2,home,0,0,1,0,-1,0
2024-03-10,Nott'm Forest,0,1,9,4,away,0,0,1,0,-1,0
2024-03-16,Nott'm Forest,1,1,16,6,away,0,1,0,1,0,0
2024-03-30,Nott'm Forest,1,1,12,5,home,0,1,0,1,0,0
2024-04-02,Nott'm Forest,3,1,16,4,home,1,0,0,3,2,0
2024-04-07,Nott'm Forest,1,3,13,6,away,0,0,1,0,-2,0
2024-04-13,Nott'm Forest,2,2,18,9,home,0,1,0,1,0,0
2024-04-21,Nott'm Forest,0,2,8,3,away,0,0,1,0,-2,0
2024-04-28,Nott'm Forest,0,2,14,2,home,0,0,1,0,-2,0
2024-05-04,Nott'm Forest,3,1,15,4,away,1,0,0,3,2,0
2024-05-11,Nott'm Forest,2,3,20,4,home,0,0,1,0,-1,0
2024-05-19,Nott'm Forest,2,1,12,6,away,1,0,0,3,1,0
2024-08-17,Nott'm Forest,1,1,14,8,home,0,1,0,1,0,0
2024-08-24,Nott'm Forest,1,0,23,8,away,1,0,0,3,1,1
2024-08-31,Nott'm Forest,1,1,16,5,home,0,1,0,1,0,0
2024-09-14,Nott'm Forest,1,0,5,3,away,1,0,0,3,1,1
2024-09-22,Nott'm Forest,2,2,4,3,away,0,1,0,1,0,0
2024-09-28,Nott'm Forest,0,1,11,1,home,0,0,1,0,-1,0
2024-10-06,Nott'm Forest,1,1,16,9,away,0,1,0,1,0,0
2024-10-21,Nott'm Forest,1,0,20,6,home,1,0,0,3,1,1
2024-10-25,Nott'm Forest,3,1,20,5,away,1,0,0,3,2,0
2024-11-02,Nott'm Forest,3,0,19,6,home,1,0,0,3,3,1
2024-11-10,Nott'm Forest,1,3,9,3,home,0,0,1,0,-2,0
2024-11-23,Nott'm Forest,0,3,7,0,away,0,0,1,0,-3,0
2024-11-30,Nott'm Forest,1,0,12,5,home,1,0,0,3,1,1
2024-12-04,Nott'm Forest,0,3,12,3,away,0,0,1,0,-3,0
2024-12-07,Nott'm Forest,3,2,11,3,away,1,0,0,3,1,0
2024-12-14,Nott'm Forest,2,1,17,6,home,1,0,0,3,1,0
2024-12-21,Nott'm Forest,2,0,10,6,away,1,0,0,3,2,1
2024-12-26,Nott'm Forest,1,0,10,3,home,1,0,0,3,1,1
2024-12-29,Nott'm Forest,2,0,11,7,away,1,0,0,3,2,1
2025-01-06,Nott'm Forest,3,0,11,3,away,1,0,0,3,3,1
2025-01-14,Nott'm Forest,1,1,6,3,home,0,1,0,1,0,0
2025-01-19,Nott'm Forest,3,2,14,5,home,1,0,0,3,1,0
2025-01-25,Nott'm Forest,0,5,18,4,away,0,0,1,0,-5,0
2025-02-01,Nott'm Forest,7,0,14,9,home,1,0,0,3,7,1
2025-02-15,Nott'm Forest,1,2,8,2,away,0,0,1,0,-1,0
2025-02-23,Nott'm Forest,3,4,17,5,away,0,0,1,0,-1,0
2025-02-26,Nott'm Forest,0,0,6,2,home,0,1,0,1,0,1
2025-03-08,Nott'm Forest,1,0,9,4,home,1,0,0,3,1,1
2025-03-15,Nott'm Forest,4,2,11,6,away,1,0,0,3,2,0
2025-04-01,Nott'm Forest,1,0,8,2,home,1,0,0,3,1,1
2025-04-05,Nott'm Forest,1,2,19,3,away,0,0,1,0,-1,0
2025-04-12,Nott'm Forest,0,1,10,5,home,0,0,1,0,-1,0
2025-04-21,Nott'm Forest,2,1,4,3,away,1,0,0,3,1,0
2025-05-01,Nott'm Forest,0,2,14,5,home,0,0,1,0,-2,0
2025-05-05,Nott'm Forest,1,1,12,4,away,0,1,0,1,0,0
2025-05-11,Nott'm Forest,2,2,15,4,home,0,1,0,1,0,0
2025-05-18,Nott'm Forest,2,1,10,5,away,1,0,0,3,1,0
2025-05-25,Nott'm Forest,0,1,10,2,home,0,0,1,0,-1,0
2025-08-17,Nott'm Forest,3,1,11,5,home,1,0,0,3,2,0
2025-08-24,Nott'm Forest,1,1,9,1,away,0,1,0,1,0,0
2025-08-31,Nott'm Forest,0,3,11,3,home,0,0,1,0,-3,0
2025-09-13,Nott'm Forest,0,3,5,1,away,0,0,1,0,-3,0
2025-09-20,Nott'm Forest,1,1,17,8,away,0,1,0,1,0,0
2025-09-27,Nott'm Forest,0,1,22,6,home,0,0,1,0,-1,0
2025-10-05,Nott'm Forest,0,2,5,4,away,0,0,1,0,-2,0
2025-10-18,Nott'm Forest,0,3,12,2,home,0,0,1,0,-3,0
2025-10-26,Nott'm Forest,0,2,8,4,away,0,0,1,0,-2,0
2025-11-01,Nott'm Forest,2,2,17,3,home,0,1,0,1,0,0
2025-11-09,Nott'm Forest,3,1,14,6,home,1,0,0,3,2,0
2025-11-22,Nott'm Forest,3,0,15,7,away,1,0,0,3,3,1
2025-11-30,Nott'm Forest,0,2,19,3,home,0,0,1,0,-2,0
2025-12-03,Nott'm Forest,1,0,10,3,away,1,0,0,3,1,1
2025-12-06,Nott'm Forest,0,3,7,3,away,0,0,1,0,-3,0
2025-12-14,Nott'm Forest,3,0,15,6,home,1,0,0,3,3,1
2025-12-22,Nott'm Forest,0,1,12,2,away,0,0,1,0,-1,0
2025-12-27,Nott'm Forest,1,2,7,2,home,0,0,1,0,-1,0
2025-12-30,Nott'm Forest,0,2,21,6,home,0,0,1,0,-2,0
2026-01-03,Nott'm Forest,1,3,10,5,away,0,0,1,0,-2,0
2026-01-06,Nott'm Forest,2,1,13,5,away,1,0,0,3,1,0
2026-01-17,Nott'm Forest,0,0,6,0,home,0,1,0,1,0,1
2026-01-25,Nott'm Forest,2,0,7,2,away,1,0,0,3,2,1
2026-02-01,Nott'm Forest,1,1,9,1,home,0,1,0,1,0,0
2026-02-06,Nott'm Forest,1,3,16,6,away,0,0,1,0,-2,0
2026-02-11,Nott'm Forest,0,0,35,10,home,0,1,0,1,0,1
2026-02-22,Nott'm Forest,0,1,18,2,home,0,0,1,0,-1,0
2026-03-01,Nott'm Forest,1,2,13,4,away,0,0,1,0,-1,0
2026-03-04,Nott'm Forest,2,2,9,4,away,0,1,0,1,0,0
2026-03-15,Nott'm Forest,0,0,11,2,home,0,1,0,1,0,1
2026-03-22,Nott'm Forest,3,0,8,7,away,1,0,0,3,3,1
2011-08-13,QPR,0,4,13,7,home,0,0,1,0,-4,0
2011-08-20,QPR,1,0,4,3,away,1,0,0,3,1,1
2011-08-27,QPR,0,2,19,9,away,0,0,1,0,-2,0
2011-09-12,QPR,0,0,14,5,home,0,1,0,1,0,1
2011-09-17,QPR,3,0,17,12,away,1,0,0,3,3,1
2011-09-25,QPR,1,1,17,9,home,0,1,0,1,0,0
2011-10-02,QPR,0,6,17,10,away,0,0,1,0,-6,0
2011-10-15,QPR,1,1,12,6,home,0,1,0,1,0,0
2011-10-23,QPR,1,0,8,3,home,1,0,0,3,1,1
2011-10-30,QPR,1,3,12,8,away,0,0,1,0,-2,0
2011-11-05,QPR,2,3,18,9,home,0,0,1,0,-1,0
2011-11-19,QPR,3,2,9,8,away,1,0,0,3,1,0
2011-11-26,QPR,1,2,13,4,away,0,0,1,0,-1,0
2011-12-03,QPR,1,1,14,4,home,0,1,0,1,0,0
2011-12-10,QPR,0,1,6,2,away,0,0,1,0,-1,0
2011-12-18,QPR,0,2,11,3,home,0,0,1,0,-2,0
2011-12-21,QPR,2,3,17,9,home,0,0,1,0,-1,0
2011-12-27,QPR,1,1,12,7,away,0,1,0,1,0,0
2011-12-31,QPR,0,1,6,3,away,0,0,1,0,-1,0
2012-01-02,QPR,1,2,9,6,home,0,0,1,0,-1,0
2012-01-15,QPR,0,1,15,9,away,0,0,1,0,-1,0
2012-01-21,QPR,3,1,16,8,home,1,0,0,3,2,0
2012-02-01,QPR,2,2,3,3,away,0,1,0,1,0,0
2012-02-04,QPR,1,2,13,8,home,0,0,1,0,-1,0
2012-02-11,QPR,2,3,25,13,away,0,0,1,0,-1,0
2012-02-25,QPR,0,1,17,8,home,0,0,1,0,-1,0
2012-03-03,QPR,1,1,22,10,home,0,1,0,1,0,0
2012-03-10,QPR,1,2,17,11,away,0,0,1,0,-1,0
2012-03-21,QPR,3,2,10,5,home,1,0,0,3,1,0
2012-03-24,QPR,1,3,10,6,away,0,0,1,0,-2,0
2012-03-31,QPR,2,1,10,8,home,1,0,0,3,1,0
2012-04-08,QPR,0,2,9,7,away,0,0,1,0,-2,0
2012-04-11,QPR,3,0,16,8,home,1,0,0,3,3,1
2012-04-14,QPR,0,1,16,6,away,0,0,1,0,-1,0
2012-04-21,QPR,1,0,12,5,home,1,0,0,3,1,1
2012-04-29,QPR,1,6,11,7,away,0,0,1,0,-5,0
2012-05-06,QPR,1,0,21,12,home,1,0,0,3,1,1
2012-05-13,QPR,2,3,3,3,away,0,0,1,0,-1,0
2012-08-18,QPR,0,5,20,11,home,0,0,1,0,-5,0
2012-08-25,QPR,1,1,6,4,away,0,1,0,1,0,0
2012-09-01,QPR,1,3,9,5,away,0,0,1,0,-2,0
2012-09-15,QPR,0,0,10,6,home,0,1,0,1,0,1
2012-09-23,QPR,1,2,9,6,away,0,0,1,0,-1,0
2012-10-01,QPR,1,2,13,9,home,0,0,1,0,-1,0
2012-10-06,QPR,2,3,13,6,away,0,0,1,0,-1,0
2012-10-21,QPR,1,1,14,6,home,0,1,0,1,0,0
2012-10-27,QPR,0,1,4,3,away,0,0,1,0,-1,0
2012-11-04,QPR,1,1,23,12,home,0,1,0,1,0,0
2012-11-10,QPR,0,1,17,8,away,0,0,1,0,-1,0
2012-11-17,QPR,1,3,13,7,home,0,0,1,0,-2,0
2012-11-24,QPR,1,3,10,6,away,0,0,1,0,-2,0
2012-11-27,QPR,0,0,13,9,away,0,1,0,1,0,1
2012-12-01,QPR,1,1,17,12,home,0,1,0,1,0,0
2012-12-08,QPR,2,2,8,4,away,0,1,0,1,0,0
2012-12-15,QPR,2,1,19,9,home,1,0,0,3,1,0
2012-12-22,QPR,0,1,5,4,away,0,0,1,0,-1,0
2012-12-26,QPR,1,2,18,8,home,0,0,1,0,-1,0
2012-12-30,QPR,0,3,14,7,home,0,0,1,0,-3,0
2013-01-02,QPR,1,0,8,5,away,1,0,0,3,1,1
2013-01-12,QPR,0,0,4,1,home,0,1,0,1,0,1
2013-01-19,QPR,1,1,9,6,away,0,1,0,1,0,0
2013-01-29,QPR,0,0,5,3,home,0,1,0,1,0,1
2013-02-02,QPR,0,0,15,7,home,0,1,0,1,0,1
2013-02-09,QPR,1,4,14,8,away,0,0,1,0,-3,0
2013-02-23,QPR,0,2,12,5,home,0,0,1,0,-2,0
2013-03-02,QPR,2,1,5,3,away,1,0,0,3,1,0
2013-03-09,QPR,3,1,15,8,home,1,0,0,3,2,0
2013-03-16,QPR,2,3,18,11,away,0,0,1,0,-1,0
2013-04-01,QPR,2,3,19,11,away,0,0,1,0,-1,0
2013-04-07,QPR,1,1,6,2,home,0,1,0,1,0,0
2013-04-13,QPR,0,2,8,5,away,0,0,1,0,-2,0
2013-04-20,QPR,0,2,25,11,home,0,0,1,0,-2,0
2013-04-28,QPR,0,0,15,5,away,0,1,0,1,0,1
2013-05-04,QPR,0,1,14,6,home,0,0,1,0,-1,0
2013-05-12,QPR,1,2,8,3,home,0,0,1,0,-1,0
2013-05-19,QPR,0,1,10,3,away,0,0,1,0,-1,0
2014-08-16,QPR,0,1,19,6,home,0,0,1,0,-1,0
2014-08-24,QPR,0,4,9,1,away,0,0,1,0,-4,0
2014-08-30,QPR,1,0,18,5,home,1,0,0,3,1,1
2014-09-14,QPR,0,4,9,2,away,0,0,1,0,-4,0
2014-09-20,QPR,2,2,21,5,home,0,1,0,1,0,0
2014-09-27,QPR,1,2,10,2,away,0,0,1,0,-1,0
2014-10-05,QPR,0,2,10,3,away,0,0,1,0,-2,0
2014-10-19,QPR,2,3,15,6,home,0,0,1,0,-1,0
2014-10-27,QPR,2,0,11,4,home,1,0,0,3,2,1
2014-11-01,QPR,1,2,7,1,away,0,0,1,0,-1,0
2014-11-08,QPR,2,2,17,4,home,0,1,0,1,0,0
2014-11-22,QPR,0,1,13,4,away,0,0,1,0,-1,0
2014-11-29,QPR,3,2,32,6,home,1,0,0,3,1,0
2014-12-02,QPR,0,2,5,1,away,0,0,1,0,-2,0
2014-12-06,QPR,2,0,11,6,home,1,0,0,3,2,1
2014-12-15,QPR,1,3,17,4,away,0,0,1,0,-2,0
2014-12-20,QPR,3,2,17,7,home,1,0,0,3,1,0
2014-12-26,QPR,1,2,16,2,away,0,0,1,0,-1,0
2014-12-28,QPR,0,0,11,3,home,0,1,0,1,0,1
2015-01-01,QPR,1,1,24,6,home,0,1,0,1,0,0
2015-01-10,QPR,1,2,17,7,away,0,0,1,0,-1,0
2015-01-17,QPR,0,2,18,4,home,0,0,1,0,-2,0
2015-01-31,QPR,1,3,14,4,away,0,0,1,0,-2,0
2015-02-07,QPR,0,1,12,3,home,0,0,1,0,-1,0
2015-02-10,QPR,2,0,19,4,away,1,0,0,3,2,1
2015-02-21,QPR,1,2,8,3,away,0,0,1,0,-1,0
2015-03-04,QPR,1,2,10,3,home,0,0,1,0,-1,0
2015-03-07,QPR,1,2,17,6,home,0,0,1,0,-1,0
2015-03-14,QPR,1,3,11,4,away,0,0,1,0,-2,0
2015-03-22,QPR,1,2,14,1,home,0,0,1,0,-1,0
2015-04-04,QPR,4,1,12,7,away,1,0,0,3,3,0
2015-04-07,QPR,3,3,11,5,away,0,1,0,1,0,0
2015-04-12,QPR,0,1,15,4,home,0,0,1,0,-1,0
2015-04-25,QPR,0,0,18,7,home,0,1,0,1,0,1
2015-05-02,QPR,1,2,10,2,away,0,0,1,0,-1,0
2015-05-10,QPR,0,6,9,3,away,0,0,1,0,-6,0
2015-05-16,QPR,2,1,8,4,home,1,0,0,3,1,0
2015-05-24,QPR,1,5,18,2,away,0,0,1,0,-4,0
2012-08-18,Reading,1,1,9,3,home,0,1,0,1,0,0
2012-08-22,Reading,2,4,7,5,away,0,0,1,0,-2,0
2012-09-16,Reading,1,3,4,2,home,0,0,1,0,-2,0
2012-09-22,Reading,0,1,8,1,away,0,0,1,0,-1,0
2012-09-29,Reading,2,2,14,7,home,0,1,0,1,0,0
2012-10-06,Reading,2,2,8,6,away,0,1,0,1,0,0
2012-10-20,Reading,0,1,8,5,away,0,0,1,0,-1,0
2012-10-27,Reading,3,3,15,9,home,0,1,0,1,0,0
2012-11-04,Reading,1,1,18,8,away,0,1,0,1,0,0
2012-11-10,Reading,0,0,7,3,home,0,1,0,1,0,1
2012-11-17,Reading,2,1,12,4,home,1,0,0,3,1,0
2012-11-24,Reading,2,3,16,10,away,0,0,1,0,-1,0
2012-11-27,Reading,0,1,11,6,away,0,0,1,0,-1,0
2012-12-01,Reading,3,4,10,7,home,0,0,1,0,-1,0
2012-12-08,Reading,0,1,6,2,away,0,0,1,0,-1,0
2012-12-11,Reading,0,3,12,5,away,0,0,1,0,-3,0
2012-12-17,Reading,2,5,7,5,home,0,0,1,0,-3,0
2012-12-22,Reading,0,1,6,1,away,0,0,1,0,-1,0
2012-12-26,Reading,0,0,3,2,home,0,1,0,1,0,1
2012-12-29,Reading,1,0,3,2,home,1,0,0,3,1,1
2013-01-01,Reading,1,3,7,4,away,0,0,1,0,-2,0
2013-01-12,Reading,3,2,7,7,home,1,0,0,3,1,0
2013-01-19,Reading,2,1,6,2,away,1,0,0,3,1,0
2013-01-30,Reading,2,2,5,2,home,0,1,0,1,0,0
2013-02-02,Reading,2,1,9,5,home,1,0,0,3,1,0
2013-02-09,Reading,1,2,5,4,away,0,0,1,0,-1,0
2013-02-23,Reading,0,3,7,1,home,0,0,1,0,-3,0
2013-03-02,Reading,1,3,12,6,away,0,0,1,0,-2,0
2013-03-09,Reading,1,2,10,4,home,0,0,1,0,-1,0
2013-03-16,Reading,0,1,5,1,away,0,0,1,0,-1,0
2013-03-30,Reading,1,4,4,2,away,0,0,1,0,-3,0
2013-04-06,Reading,0,2,8,3,home,0,0,1,0,-2,0
2013-04-13,Reading,0,0,7,5,home,0,1,0,1,0,1
2013-04-20,Reading,1,2,14,6,away,0,0,1,0,-1,0
2013-04-28,Reading,0,0,13,7,home,0,1,0,1,0,1
2013-05-04,Reading,4,2,20,13,away,1,0,0,3,2,0
2013-05-14,Reading,0,2,11,7,home,0,0,1,0,-2,0
2013-05-19,Reading,2,4,17,7,away,0,0,1,0,-2,0
2019-08-10,Sheffield United,1,1,8,3,away,0,1,0,1,0,0
2019-08-18,Sheffield United,1,0,15,3,home,1,0,0,3,1,1
2019-08-24,Sheffield United,1,2,8,3,home,0,0,1,0,-1,0
2019-08-31,Sheffield United,2,2,8,2,away,0,1,0,1,0,0
2019-09-14,Sheffield United,0,1,17,4,home,0,0,1,0,-1,0
2019-09-21,Sheffield United,2,0,2,1,away,1,0,0,3,2,1
2019-09-28,Sheffield United,0,1,12,2,home,0,0,1,0,-1,0
2019-10-05,Sheffield United,0,0,9,3,away,0,1,0,1,0,1
2019-10-21,Sheffield United,1,0,8,2,home,1,0,0,3,1,1
2019-10-26,Sheffield United,1,1,10,4,away,0,1,0,1,0,0
2019-11-02,Sheffield United,3,0,13,6,home,1,0,0,3,3,1
2019-11-09,Sheffield United,1,1,14,4,away,0,1,0,1,0,0
2019-11-24,Sheffield United,3,3,12,8,home,0,1,0,1,0,0
2019-12-01,Sheffield United,1,1,9,4,away,0,1,0,1,0,0
2019-12-05,Sheffield United,0,2,13,6,home,0,0,1,0,-2,0
2019-12-08,Sheffield United,2,1,9,3,away,1,0,0,3,1,0
2019-12-14,Sheffield United,2,0,7,3,home,1,0,0,3,2,1
2019-12-21,Sheffield United,1,0,7,2,away,1,0,0,3,1,1
2019-12-26,Sheffield United,1,1,16,4,home,0,1,0,1,0,0
2019-12-29,Sheffield United,0,2,8,0,away,0,0,1,0,-2,0
2020-01-02,Sheffield United,0,2,3,2,away,0,0,1,0,-2,0
2020-01-10,Sheffield United,1,0,13,3,home,1,0,0,3,1,1
2020-01-18,Sheffield United,1,1,12,4,away,0,1,0,1,0,0
2020-01-21,Sheffield United,0,1,4,1,home,0,0,1,0,-1,0
2020-02-01,Sheffield United,1,0,10,3,away,1,0,0,3,1,1
2020-02-09,Sheffield United,2,1,16,6,home,1,0,0,3,1,0
2020-02-22,Sheffield United,1,1,14,3,home,0,1,0,1,0,0
2020-03-07,Sheffield United,1,0,10,4,home,1,0,0,3,1,1
2020-06-17,Sheffield United,0,0,5,1,away,0,1,0,1,0,1
2020-06-21,Sheffield United,0,3,7,1,away,0,0,1,0,-3,0
2020-06-24,Sheffield United,0,3,4,1,away,0,0,1,0,-3,0
2020-07-02,Sheffield United,3,1,7,5,home,1,0,0,3,2,0
2020-07-05,Sheffield United,1,1,10,3,away,0,1,0,1,0,0
2020-07-08,Sheffield United,1,0,7,3,home,1,0,0,3,1,1
2020-07-11,Sheffield United,3,0,9,4,home,1,0,0,3,3,1
2020-07-16,Sheffield United,0,2,5,1,away,0,0,1,0,-2,0
2020-07-20,Sheffield United,0,1,8,0,home,0,0,1,0,-1,0
2020-07-26,Sheffield United,1,3,5,3,away,0,0,1,0,-2,0
2020-09-14,Sheffield United,0,2,9,2,home,0,0,1,0,-2,0
2020-09-21,Sheffield United,0,1,4,1,away,0,0,1,0,-1,0
2020-09-27,Sheffield United,0,1,14,4,home,0,0,1,0,-1,0
2020-10-04,Sheffield United,1,2,6,2,away,0,0,1,0,-1,0
2020-10-18,Sheffield United,1,1,10,6,home,0,1,0,1,0,0
2020-10-24,Sheffield United,1,2,13,2,away,0,0,1,0,-1,0
2020-10-31,Sheffield United,0,1,5,1,home,0,0,1,0,-1,0
2020-11-07,Sheffield United,1,4,6,3,away,0,0,1,0,-3,0
2020-11-22,Sheffield United,0,1,9,5,home,0,0,1,0,-1,0
2020-11-28,Sheffield United,0,1,21,5,away,0,0,1,0,-1,0
2020-12-06,Sheffield United,1,2,4,1,home,0,0,1,0,-1,0
2020-12-13,Sheffield United,0,3,3,0,away,0,0,1,0,-3,0
2020-12-17,Sheffield United,2,3,12,6,home,0,0,1,0,-1,0
2020-12-20,Sheffield United,1,1,5,3,away,0,1,0,1,0,0
2020-12-26,Sheffield United,0,1,10,2,home,0,0,1,0,-1,0
2020-12-29,Sheffield United,0,1,7,3,away,0,0,1,0,-1,0
2021-01-02,Sheffield United,0,2,7,2,away,0,0,1,0,-2,0
2021-01-12,Sheffield United,1,0,17,4,home,1,0,0,3,1,1
2021-01-17,Sheffield United,1,3,15,5,home,0,0,1,0,-2,0
2021-01-27,Sheffield United,2,1,5,3,away,1,0,0,3,1,0
2021-01-30,Sheffield United,0,1,4,1,away,0,0,1,0,-1,0
2021-02-02,Sheffield United,2,1,14,6,home,1,0,0,3,1,0
2021-02-07,Sheffield United,1,2,8,3,home,0,0,1,0,-1,0
2021-02-15,Sheffield United,0,3,8,5,away,0,0,1,0,-3,0
2021-02-20,Sheffield United,0,1,4,2,away,0,0,1,0,-1,0
2021-02-28,Sheffield United,0,2,8,2,home,0,0,1,0,-2,0
2021-03-03,Sheffield United,1,0,9,2,home,1,0,0,3,1,1
2021-03-06,Sheffield United,0,2,8,2,home,0,0,1,0,-2,0
2021-03-14,Sheffield United,0,5,1,0,away,0,0,1,0,-5,0
2021-04-03,Sheffield United,1,2,9,1,away,0,0,1,0,-1,0
2021-04-11,Sheffield United,0,3,7,2,home,0,0,1,0,-3,0
2021-04-17,Sheffield United,0,1,8,2,away,0,0,1,0,-1,0
2021-04-24,Sheffield United,1,0,7,3,home,1,0,0,3,1,1
2021-05-02,Sheffield United,0,4,8,1,away,0,0,1,0,-4,0
2021-05-08,Sheffield United,0,2,7,0,home,0,0,1,0,-2,0
2021-05-16,Sheffield United,1,0,10,3,away,1,0,0,3,1,1
2021-05-19,Sheffield United,0,1,11,1,away,0,0,1,0,-1,0
2021-05-23,Sheffield United,1,0,12,3,home,1,0,0,3,1,1
2023-08-12,Sheffield United,0,1,8,1,home,0,0,1,0,-1,0
2023-08-18,Sheffield United,1,2,7,3,away,0,0,1,0,-1,0
2023-08-27,Sheffield United,1,2,6,2,home,0,0,1,0,-1,0
2023-09-02,Sheffield United,2,2,13,8,home,0,1,0,1,0,0
2023-09-16,Sheffield United,1,2,7,5,away,0,0,1,0,-1,0
2023-09-24,Sheffield United,0,8,9,1,home,0,0,1,0,-8,0
2023-09-30,Sheffield United,0,2,16,2,away,0,0,1,0,-2,0
2023-10-07,Sheffield United,1,3,5,2,away,0,0,1,0,-2,0
2023-10-21,Sheffield United,1,2,12,6,home,0,0,1,0,-1,0
2023-10-28,Sheffield United,0,5,2,0,away,0,0,1,0,-5,0
2023-11-04,Sheffield United,2,1,11,2,home,1,0,0,3,1,0
2023-11-12,Sheffield United,1,1,9,1,away,0,1,0,1,0,0
2023-11-25,Sheffield United,1,3,10,2,home,0,0,1,0,-2,0
2023-12-02,Sheffield United,0,5,6,3,away,0,0,1,0,-5,0
2023-12-06,Sheffield United,0,2,6,1,home,0,0,1,0,-2,0
2023-12-09,Sheffield United,1,0,9,4,home,1,0,0,3,1,1
2023-12-16,Sheffield United,0,2,6,1,away,0,0,1,0,-2,0
2023-12-22,Sheffield United,1,1,5,2,away,0,1,0,1,0,0
2023-12-26,Sheffield United,2,3,21,6,home,0,0,1,0,-1,0
2023-12-30,Sheffield United,0,2,4,2,away,0,0,1,0,-2,0
2024-01-21,Sheffield United,2,2,21,6,home,0,1,0,1,0,0
2024-01-30,Sheffield United,2,3,9,5,away,0,0,1,0,-1,0
2024-02-03,Sheffield United,0,5,10,5,home,0,0,1,0,-5,0
2024-02-10,Sheffield United,3,1,7,3,away,1,0,0,3,2,0
2024-02-18,Sheffield United,0,5,6,1,home,0,0,1,0,-5,0
2024-02-25,Sheffield United,0,1,12,4,away,0,0,1,0,-1,0
2024-03-04,Sheffield United,0,6,4,0,home,0,0,1,0,-6,0
2024-03-09,Sheffield United,2,2,13,9,away,0,1,0,1,0,0
2024-03-30,Sheffield United,3,3,8,4,home,0,1,0,1,0,0
2024-04-04,Sheffield United,1,3,8,3,away,0,0,1,0,-2,0
2024-04-07,Sheffield United,2,2,11,6,home,0,1,0,1,0,0
2024-04-13,Sheffield United,0,2,8,2,away,0,0,1,0,-2,0
2024-04-20,Sheffield United,1,4,18,11,home,0,0,1,0,-3,0
2024-04-24,Sheffield United,2,4,10,4,away,0,0,1,0,-2,0
2024-04-27,Sheffield United,1,5,15,5,away,0,0,1,0,-4,0
2024-05-04,Sheffield United,1,3,17,5,home,0,0,1,0,-2,0
2024-05-11,Sheffield United,0,1,13,1,away,0,0,1,0,-1,0
2024-05-19,Sheffield United,0,3,6,1,home,0,0,1,0,-3,0
2012-08-19,Southampton,2,3,9,6,away,0,0,1,0,-1,0
2012-08-25,Southampton,0,2,14,9,home,0,0,1,0,-2,0
2012-09-02,Southampton,2,3,15,8,home,0,0,1,0,-1,0
2012-09-15,Southampton,1,6,9,4,away,0,0,1,0,-5,0
2012-09-22,Southampton,4,1,12,4,home,1,0,0,3,3,0
2012-09-29,Southampton,1,3,8,2,away,0,0,1,0,-2,0
2012-10-07,Southampton,2,2,13,6,home,0,1,0,1,0,0
2012-10-20,Southampton,1,4,11,4,away,0,0,1,0,-3,0
2012-10-28,Southampton,1,2,11,6,home,0,0,1,0,-1,0
2012-11-05,Southampton,0,2,9,5,away,0,0,1,0,-2,0
2012-11-10,Southampton,1,1,11,5,home,0,1,0,1,0,0
2012-11-17,Southampton,3,1,21,15,away,1,0,0,3,2,0
2012-11-25,Southampton,2,0,17,10,home,1,0,0,3,2,1
2012-11-28,Southampton,1,1,8,2,home,0,1,0,1,0,0
2012-12-01,Southampton,0,1,8,4,away,0,0,1,0,-1,0
2012-12-08,Southampton,1,0,18,9,home,1,0,0,3,1,1
2012-12-22,Southampton,0,1,13,7,home,0,0,1,0,-1,0
2012-12-26,Southampton,1,1,7,3,away,0,1,0,1,0,0
2012-12-29,Southampton,3,3,8,7,away,0,1,0,1,0,0
2013-01-01,Southampton,1,1,9,6,home,0,1,0,1,0,0
2013-01-12,Southampton,1,0,11,4,away,1,0,0,3,1,1
2013-01-16,Southampton,2,2,7,3,away,0,1,0,1,0,0
2013-01-21,Southampton,0,0,14,11,home,0,1,0,1,0,1
2013-01-30,Southampton,1,2,21,10,away,0,0,1,0,-1,0
2013-02-02,Southampton,2,2,15,7,away,0,1,0,1,0,0
2013-02-09,Southampton,3,1,13,7,home,1,0,0,3,2,0
2013-02-24,Southampton,2,4,11,7,away,0,0,1,0,-2,0
2013-03-02,Southampton,1,2,17,9,home,0,0,1,0,-1,0
2013-03-09,Southampton,0,0,15,7,away,0,1,0,1,0,1
2013-03-16,Southampton,3,1,17,12,home,1,0,0,3,2,0
2013-03-30,Southampton,2,1,13,8,home,1,0,0,3,1,0
2013-04-06,Southampton,2,0,12,4,away,1,0,0,3,2,1
2013-04-13,Southampton,1,1,15,11,home,0,1,0,1,0,0
2013-04-20,Southampton,0,0,9,5,away,0,1,0,1,0,1
2013-04-27,Southampton,0,3,16,4,home,0,0,1,0,-3,0
2013-05-04,Southampton,0,1,10,6,away,0,0,1,0,-1,0
2013-05-12,Southampton,1,1,15,10,away,0,1,0,1,0,0
2013-05-19,Southampton,1,1,11,7,home,0,1,0,1,0,0
2013-08-17,Southampton,1,0,7,2,away,1,0,0,3,1,1
2013-08-24,Southampton,1,1,17,6,home,0,1,0,1,0,0
2013-08-31,Southampton,0,1,11,2,away,0,0,1,0,-1,0
2013-09-15,Southampton,0,0,15,5,home,0,1,0,1,0,1
2013-09-21,Southampton,1,0,12,7,away,1,0,0,3,1,1
2013-09-28,Southampton,2,0,12,3,home,1,0,0,3,2,1
2013-10-06,Southampton,2,0,12,4,home,1,0,0,3,2,1
2013-10-19,Southampton,1,1,18,7,away,0,1,0,1,0,0
2013-10-26,Southampton,2,0,20,6,home,1,0,0,3,2,1
2013-11-02,Southampton,1,1,10,2,away,0,1,0,1,0,0
2013-11-09,Southampton,4,1,15,7,home,1,0,0,3,3,0
2013-11-23,Southampton,0,2,10,4,away,0,0,1,0,-2,0
2013-12-01,Southampton,1,3,9,1,away,0,0,1,0,-2,0
2013-12-04,Southampton,2,3,21,9,home,0,0,1,0,-1,0
2013-12-07,Southampton,1,1,15,4,home,0,1,0,1,0,0
2013-12-14,Southampton,1,1,8,3,away,0,1,0,1,0,0
2013-12-22,Southampton,2,3,12,5,home,0,0,1,0,-1,0
2013-12-26,Southampton,3,0,11,6,away,1,0,0,3,3,1
2013-12-29,Southampton,1,2,12,2,away,0,0,1,0,-1,0
2014-01-01,Southampton,0,3,12,2,home,0,0,1,0,-3,0
2014-01-11,Southampton,1,0,18,5,home,1,0,0,3,1,1
2014-01-18,Southampton,2,2,17,8,away,0,1,0,1,0,0
2014-01-28,Southampton,2,2,13,5,home,0,1,0,1,0,0
2014-02-01,Southampton,3,0,17,5,away,1,0,0,3,3,1
2014-02-08,Southampton,2,2,17,5,home,0,1,0,1,0,0
2014-02-11,Southampton,1,0,16,7,away,1,0,0,3,1,1
2014-02-22,Southampton,1,3,25,5,away,0,0,1,0,-2,0
2014-03-01,Southampton,0,3,13,2,home,0,0,1,0,-3,0
2014-03-08,Southampton,1,0,11,3,away,1,0,0,3,1,1
2014-03-15,Southampton,4,2,16,6,home,1,0,0,3,2,0
2014-03-23,Southampton,2,3,12,4,away,0,0,1,0,-1,0
2014-03-29,Southampton,4,0,23,11,home,1,0,0,3,4,1
2014-04-05,Southampton,1,4,5,1,away,0,0,1,0,-3,0
2014-04-12,Southampton,0,1,19,7,home,0,0,1,0,-1,0
2014-04-19,Southampton,0,0,3,2,away,0,1,0,1,0,1
2014-04-26,Southampton,2,0,14,4,home,1,0,0,3,2,1
2014-05-03,Southampton,1,0,18,4,away,1,0,0,3,1,1
2014-05-11,Southampton,1,1,15,6,home,0,1,0,1,0,0
2014-08-17,Southampton,1,2,12,6,away,0,0,1,0,-1,0
2014-08-23,Southampton,0,0,8,2,home,0,1,0,1,0,1
2014-08-30,Southampton,3,1,18,8,away,1,0,0,3,2,0
2014-09-13,Southampton,4,0,10,7,home,1,0,0,3,4,1
2014-09-20,Southampton,1,0,11,4,away,1,0,0,3,1,1
2014-09-27,Southampton,2,1,19,9,home,1,0,0,3,1,0
2014-10-05,Southampton,0,1,7,3,away,0,0,1,0,-1,0
2014-10-18,Southampton,8,0,20,11,home,1,0,0,3,8,1
2014-10-25,Southampton,1,0,20,2,home,1,0,0,3,1,1
2014-11-01,Southampton,1,0,10,3,away,1,0,0,3,1,1
2014-11-08,Southampton,2,0,18,6,home,1,0,0,3,2,1
2014-11-24,Southampton,1,1,15,4,away,0,1,0,1,0,0
2014-11-30,Southampton,0,3,13,4,home,0,0,1,0,-3,0
2014-12-03,Southampton,0,1,6,1,away,0,0,1,0,-1,0
2014-12-08,Southampton,1,2,15,4,home,0,0,1,0,-1,0
2014-12-13,Southampton,0,1,15,4,away,0,0,1,0,-1,0
2014-12-20,Southampton,3,0,11,3,home,1,0,0,3,3,1
2014-12-26,Southampton,3,1,13,6,away,1,0,0,3,2,0
2014-12-28,Southampton,1,1,9,1,home,0,1,0,1,0,0
2015-01-01,Southampton,2,0,13,6,home,1,0,0,3,2,1
2015-01-11,Southampton,1,0,9,1,away,1,0,0,3,1,1
2015-01-17,Southampton,2,1,5,3,away,1,0,0,3,1,0
2015-02-01,Southampton,0,1,15,6,home,0,0,1,0,-1,0
2015-02-07,Southampton,1,0,16,5,away,1,0,0,3,1,1
2015-02-11,Southampton,0,0,21,7,home,0,1,0,1,0,1
2015-02-22,Southampton,0,2,13,5,home,0,0,1,0,-2,0
2015-02-28,Southampton,0,1,12,2,away,0,0,1,0,-1,0
2015-03-03,Southampton,1,0,23,3,home,1,0,0,3,1,1
2015-03-15,Southampton,1,1,12,5,away,0,1,0,1,0,0
2015-03-21,Southampton,2,0,20,3,home,1,0,0,3,2,1
2015-04-04,Southampton,0,1,11,2,away,0,0,1,0,-1,0
2015-04-11,Southampton,2,0,9,4,home,1,0,0,3,2,1
2015-04-18,Southampton,1,2,12,6,away,0,0,1,0,-1,0
2015-04-25,Southampton,2,2,13,4,home,0,1,0,1,0,0
2015-05-02,Southampton,1,2,11,2,away,0,0,1,0,-1,0
2015-05-09,Southampton,0,2,10,3,away,0,0,1,0,-2,0
2015-05-16,Southampton,6,1,18,11,home,1,0,0,3,5,0
2015-05-24,Southampton,0,2,13,4,away,0,0,1,0,-2,0
2015-08-09,Southampton,2,2,15,5,away,0,1,0,1,0,0
2015-08-15,Southampton,0,3,17,4,home,0,0,1,0,-3,0
2015-08-23,Southampton,0,0,14,5,away,0,1,0,1,0,1
2015-08-30,Southampton,3,0,23,8,home,1,0,0,3,3,1
2015-09-12,Southampton,0,0,14,4,away,0,1,0,1,0,1
2015-09-20,Southampton,2,3,15,8,home,0,0,1,0,-1,0
2015-09-26,Southampton,3,1,18,7,home,1,0,0,3,2,0
2015-10-03,Southampton,3,1,13,5,away,1,0,0,3,2,0
2015-10-17,Southampton,2,2,14,6,home,0,1,0,1,0,0
2015-10-25,Southampton,1,1,8,3,away,0,1,0,1,0,0
2015-11-01,Southampton,2,0,11,2,home,1,0,0,3,2,1
2015-11-07,Southampton,1,0,11,4,away,1,0,0,3,1,1
2015-11-21,Southampton,0,1,16,1,home,0,0,1,0,-1,0
2015-11-28,Southampton,1,3,12,8,away,0,0,1,0,-2,0
2015-12-05,Southampton,1,1,23,5,home,0,1,0,1,0,0
2015-12-12,Southampton,0,1,15,3,away,0,0,1,0,-1,0
2015-12-19,Southampton,0,2,11,4,home,0,0,1,0,-2,0
2015-12-26,Southampton,4,0,15,5,home,1,0,0,3,4,1
2015-12-28,Southampton,1,2,15,4,away,0,0,1,0,-1,0
2016-01-02,Southampton,0,1,10,4,away,0,0,1,0,-1,0
2016-01-13,Southampton,2,0,15,7,home,1,0,0,3,2,1
2016-01-16,Southampton,3,0,9,5,home,1,0,0,3,3,1
2016-01-23,Southampton,1,0,7,2,away,1,0,0,3,1,1
2016-02-02,Southampton,0,0,14,3,away,0,1,0,1,0,1
2016-02-06,Southampton,1,0,8,2,home,1,0,0,3,1,1
2016-02-13,Southampton,1,0,13,5,away,1,0,0,3,1,1
2016-02-27,Southampton,1,2,7,2,home,0,0,1,0,-1,0
2016-03-01,Southampton,0,2,6,1,away,0,0,1,0,-2,0
2016-03-05,Southampton,1,1,16,5,home,0,1,0,1,0,0
2016-03-12,Southampton,2,1,11,4,away,1,0,0,3,1,0
2016-03-20,Southampton,3,2,16,5,home,1,0,0,3,1,0
2016-04-03,Southampton,0,1,10,2,away,0,0,1,0,-1,0
2016-04-09,Southampton,3,1,20,6,home,1,0,0,3,2,0
2016-04-16,Southampton,1,1,18,4,away,0,1,0,1,0,0
2016-04-23,Southampton,4,2,17,7,away,1,0,0,3,2,0
2016-05-01,Southampton,4,2,14,7,home,1,0,0,3,2,0
2016-05-08,Southampton,2,1,10,2,away,1,0,0,3,1,0
2016-05-15,Southampton,4,1,18,5,home,1,0,0,3,3,0
2016-08-13,Southampton,1,1,24,6,home,0,1,0,1,0,0
2016-08-19,Southampton,0,2,13,1,away,0,0,1,0,-2,0
2016-08-27,Southampton,1,1,16,7,home,0,1,0,1,0,0
2016-09-10,Southampton,1,2,11,5,away,0,0,1,0,-1,0
2016-09-18,Southampton,1,0,19,6,home,1,0,0,3,1,1
2016-09-25,Southampton,3,0,18,9,away,1,0,0,3,3,1
2016-10-02,Southampton,0,0,11,5,away,0,1,0,1,0,1
2016-10-16,Southampton,3,1,34,14,home,1,0,0,3,2,0
2016-10-23,Southampton,1,1,6,2,away,0,1,0,1,0,0
2016-10-30,Southampton,0,2,9,1,home,0,0,1,0,-2,0
2016-11-06,Southampton,1,2,19,7,away,0,0,1,0,-1,0
2016-11-19,Southampton,0,0,3,0,home,0,1,0,1,0,1
2016-11-27,Southampton,1,0,17,7,home,1,0,0,3,1,1
2016-12-03,Southampton,0,3,17,3,away,0,0,1,0,-3,0
2016-12-11,Southampton,1,0,14,3,home,1,0,0,3,1,1
2016-12-14,Southampton,0,0,15,4,away,0,1,0,1,0,1
2016-12-18,Southampton,3,1,14,8,away,1,0,0,3,2,0
2016-12-28,Southampton,1,4,9,2,home,0,0,1,0,-3,0
2016-12-31,Southampton,1,2,10,1,home,0,0,1,0,-1,0
2017-01-02,Southampton,0,3,12,3,away,0,0,1,0,-3,0
2017-01-14,Southampton,0,1,20,5,away,0,0,1,0,-1,0
2017-01-22,Southampton,3,0,20,7,home,1,0,0,3,3,1
2017-01-31,Southampton,1,2,10,2,away,0,0,1,0,-1,0
2017-02-04,Southampton,1,3,21,7,home,0,0,1,0,-2,0
2017-02-11,Southampton,4,0,15,8,away,1,0,0,3,4,1
2017-03-04,Southampton,4,3,20,11,away,1,0,0,3,1,0
2017-03-19,Southampton,1,2,8,3,away,0,0,1,0,-1,0
2017-04-01,Southampton,0,0,14,4,home,0,1,0,1,0,1
2017-04-05,Southampton,3,1,25,9,home,1,0,0,3,2,0
2017-04-08,Southampton,1,0,10,3,away,1,0,0,3,1,1
2017-04-15,Southampton,0,3,8,1,home,0,0,1,0,-3,0
2017-04-25,Southampton,2,4,12,4,away,0,0,1,0,-2,0
2017-04-29,Southampton,0,0,11,2,home,0,1,0,1,0,1
2017-05-07,Southampton,0,0,4,0,away,0,1,0,1,0,1
2017-05-10,Southampton,0,2,14,3,home,0,0,1,0,-2,0
2017-05-13,Southampton,2,1,14,4,away,1,0,0,3,1,0
2017-05-17,Southampton,0,0,17,6,home,0,1,0,1,0,1
2017-05-21,Southampton,0,1,14,6,home,0,0,1,0,-1,0
2017-08-12,Southampton,0,0,29,2,home,0,1,0,1,0,1
2017-08-19,Southampton,3,2,14,5,home,1,0,0,3,1,0
2017-08-26,Southampton,0,0,6,3,away,0,1,0,1,0,1
2017-09-09,Southampton,0,2,9,1,home,0,0,1,0,-2,0
2017-09-16,Southampton,1,0,13,4,away,1,0,0,3,1,1
2017-09-23,Southampton,0,1,14,4,home,0,0,1,0,-1,0
2017-09-30,Southampton,1,2,21,3,away,0,0,1,0,-1,0
2017-10-15,Southampton,2,2,12,2,home,0,1,0,1,0,0
2017-10-21,Southampton,1,0,20,6,home,1,0,0,3,1,1
2017-10-29,Southampton,1,1,6,1,away,0,1,0,1,0,0
2017-11-04,Southampton,0,1,13,3,home,0,0,1,0,-1,0
2017-11-18,Southampton,0,3,5,0,away,0,0,1,0,-3,0
2017-11-26,Southampton,4,1,17,5,home,1,0,0,3,3,0
2017-11-29,Southampton,1,2,7,2,away,0,0,1,0,-1,0
2017-12-03,Southampton,1,1,15,4,away,0,1,0,1,0,0
2017-12-10,Southampton,1,1,6,3,home,0,1,0,1,0,0
2017-12-13,Southampton,1,4,12,4,home,0,0,1,0,-3,0
2017-12-16,Southampton,0,1,6,2,away,0,0,1,0,-1,0
2017-12-23,Southampton,1,1,12,6,home,0,1,0,1,0,0
2017-12-26,Southampton,2,5,16,6,away,0,0,1,0,-3,0
2017-12-30,Southampton,0,0,8,3,away,0,1,0,1,0,1
2018-01-02,Southampton,1,2,10,3,home,0,0,1,0,-1,0
2018-01-13,Southampton,2,2,10,4,away,0,1,0,1,0,0
2018-01-21,Southampton,1,1,10,4,home,0,1,0,1,0,0
2018-01-31,Southampton,1,1,18,3,home,0,1,0,1,0,0
2018-02-03,Southampton,3,2,13,5,away,1,0,0,3,1,0
2018-02-11,Southampton,0,2,6,4,home,0,0,1,0,-2,0
2018-02-24,Southampton,1,1,13,6,away,0,1,0,1,0,0
2018-03-03,Southampton,0,0,18,6,home,0,1,0,1,0,1
2018-03-10,Southampton,0,3,6,2,away,0,0,1,0,-3,0
2018-03-31,Southampton,0,3,9,0,away,0,0,1,0,-3,0
2018-04-08,Southampton,2,3,15,8,away,0,0,1,0,-1,0
2018-04-14,Southampton,2,3,10,7,home,0,0,1,0,-1,0
2018-04-19,Southampton,0,0,6,2,away,0,1,0,1,0,1
2018-04-28,Southampton,2,1,14,6,home,1,0,0,3,1,0
2018-05-05,Southampton,1,1,11,5,away,0,1,0,1,0,0
2018-05-08,Southampton,1,0,13,8,away,1,0,0,3,1,1
2018-05-13,Southampton,0,1,8,3,home,0,0,1,0,-1,0
2018-08-12,Southampton,0,0,18,3,home,0,1,0,1,0,1
2018-08-18,Southampton,1,2,15,4,away,0,0,1,0,-1,0
2018-08-25,Southampton,1,2,11,5,home,0,0,1,0,-1,0
2018-09-01,Southampton,2,0,19,6,away,1,0,0,3,2,1
2018-09-17,Southampton,2,2,14,5,home,0,1,0,1,0,0
2018-09-22,Southampton,0,3,7,1,away,0,0,1,0,-3,0
2018-09-29,Southampton,0,2,17,6,away,0,0,1,0,-2,0
2018-10-07,Southampton,0,3,15,6,home,0,0,1,0,-3,0
2018-10-20,Southampton,0,0,8,4,away,0,1,0,1,0,1
2018-10-27,Southampton,0,0,22,4,home,0,1,0,1,0,1
2018-11-04,Southampton,1,6,12,6,away,0,0,1,0,-5,0
2018-11-10,Southampton,1,1,14,4,home,0,1,0,1,0,0
2018-11-24,Southampton,2,3,19,8,away,0,0,1,0,-1,0
2018-12-01,Southampton,2,2,16,6,home,0,1,0,1,0,0
2018-12-05,Southampton,1,3,18,5,away,0,0,1,0,-2,0
2018-12-08,Southampton,0,1,12,1,away,0,0,1,0,-1,0
2018-12-16,Southampton,3,2,12,7,home,1,0,0,3,1,0
2018-12-22,Southampton,3,1,13,6,away,1,0,0,3,2,0
2018-12-27,Southampton,1,2,11,5,home,0,0,1,0,-1,0
2018-12-30,Southampton,1,3,5,4,home,0,0,1,0,-2,0
2019-01-02,Southampton,0,0,6,2,away,0,1,0,1,0,1
2019-01-12,Southampton,2,1,8,3,away,1,0,0,3,1,0
2019-01-19,Southampton,2,1,11,4,home,1,0,0,3,1,0
2019-01-30,Southampton,1,1,13,4,home,0,1,0,1,0,0
2019-02-02,Southampton,1,1,10,4,away,0,1,0,1,0,0
2019-02-09,Southampton,1,2,14,7,home,0,0,1,0,-1,0
2019-02-24,Southampton,0,2,10,4,away,0,0,1,0,-2,0
2019-02-27,Southampton,2,0,14,4,home,1,0,0,3,2,1
2019-03-02,Southampton,2,3,6,3,away,0,0,1,0,-1,0
2019-03-09,Southampton,2,1,12,4,home,1,0,0,3,1,0
2019-03-30,Southampton,1,0,8,2,away,1,0,0,3,1,1
2019-04-05,Southampton,1,3,11,1,home,0,0,1,0,-2,0
2019-04-13,Southampton,3,1,13,6,home,1,0,0,3,2,0
2019-04-20,Southampton,1,3,15,3,away,0,0,1,0,-2,0
2019-04-23,Southampton,1,1,8,4,away,0,1,0,1,0,0
2019-04-27,Southampton,3,3,22,7,home,0,1,0,1,0,0
2019-05-04,Southampton,0,3,11,1,away,0,0,1,0,-3,0
2019-05-12,Southampton,1,1,10,3,home,0,1,0,1,0,0
2019-08-10,Southampton,0,3,11,3,away,0,0,1,0,-3,0
2019-08-17,Southampton,1,2,14,3,home,0,0,1,0,-1,0
2019-08-24,Southampton,2,0,12,4,away,1,0,0,3,2,1
2019-08-31,Southampton,1,1,10,2,home,0,1,0,1,0,0
2019-09-14,Southampton,1,0,11,7,away,1,0,0,3,1,1
2019-09-20,Southampton,1,3,25,6,home,0,0,1,0,-2,0
2019-09-28,Southampton,1,2,14,6,away,0,0,1,0,-1,0
2019-10-06,Southampton,1,4,10,3,home,0,0,1,0,-3,0
2019-10-19,Southampton,1,1,14,5,away,0,1,0,1,0,0
2019-10-25,Southampton,0,9,6,3,home,0,0,1,0,-9,0
2019-11-02,Southampton,1,2,3,3,away,0,0,1,0,-1,0
2019-11-09,Southampton,1,2,4,3,home,0,0,1,0,-1,0
2019-11-23,Southampton,2,2,21,6,away,0,1,0,1,0,0
2019-11-30,Southampton,2,1,11,6,home,1,0,0,3,1,0
2019-12-04,Southampton,2,1,14,5,home,1,0,0,3,1,0
2019-12-08,Southampton,1,2,19,4,away,0,0,1,0,-1,0
2019-12-14,Southampton,0,1,11,2,home,0,0,1,0,-1,0
2019-12-21,Southampton,3,1,17,8,away,1,0,0,3,2,0
2019-12-26,Southampton,2,0,5,3,away,1,0,0,3,2,1
2019-12-28,Southampton,1,1,14,5,home,0,1,0,1,0,0
2020-01-01,Southampton,1,0,12,3,home,1,0,0,3,1,1
2020-01-11,Southampton,2,1,16,10,away,1,0,0,3,1,0
2020-01-18,Southampton,2,3,11,5,home,0,0,1,0,-1,0
2020-01-21,Southampton,2,0,15,6,away,1,0,0,3,2,1
2020-02-01,Southampton,0,4,17,4,away,0,0,1,0,-4,0
2020-02-15,Southampton,1,2,10,2,home,0,0,1,0,-1,0
2020-02-22,Southampton,2,0,28,9,home,1,0,0,3,2,1
2020-02-29,Southampton,1,3,10,2,away,0,0,1,0,-2,0
2020-03-07,Southampton,0,1,6,3,home,0,0,1,0,-1,0
2020-06-19,Southampton,3,0,22,9,away,1,0,0,3,3,1
2020-06-25,Southampton,0,2,12,3,home,0,0,1,0,-2,0
2020-06-28,Southampton,3,1,11,7,away,1,0,0,3,2,0
2020-07-05,Southampton,1,0,8,4,home,1,0,0,3,1,1
2020-07-09,Southampton,1,1,17,4,away,0,1,0,1,0,0
2020-07-13,Southampton,2,2,9,5,away,0,1,0,1,0,0
2020-07-16,Southampton,1,1,21,6,home,0,1,0,1,0,0
2020-07-19,Southampton,2,0,16,8,away,1,0,0,3,2,1
2020-07-26,Southampton,3,1,13,4,home,1,0,0,3,2,0
2020-09-12,Southampton,0,1,9,5,away,0,0,1,0,-1,0
2020-09-20,Southampton,2,5,14,7,home,0,0,1,0,-3,0
2020-09-26,Southampton,1,0,5,1,away,1,0,0,3,1,1
2020-10-04,Southampton,2,0,13,7,home,1,0,0,3,2,1
2020-10-17,Southampton,3,3,13,6,away,0,1,0,1,0,0
2020-10-25,Southampton,2,0,12,6,home,1,0,0,3,2,1
2020-11-01,Southampton,4,3,9,4,away,1,0,0,3,1,0
2020-11-06,Southampton,2,0,15,8,home,1,0,0,3,2,1
2020-11-23,Southampton,1,1,7,2,away,0,1,0,1,0,0
2020-11-29,Southampton,2,3,10,5,home,0,0,1,0,-1,0
2020-12-07,Southampton,2,1,10,3,away,1,0,0,3,1,0
2020-12-13,Southampton,3,0,16,6,home,1,0,0,3,3,1
2020-12-16,Southampton,1,1,13,3,away,0,1,0,1,0,0
2020-12-19,Southampton,0,1,9,3,home,0,0,1,0,-1,0
2020-12-26,Southampton,0,0,3,2,away,0,1,0,1,0,1
2020-12-29,Southampton,0,0,8,3,home,0,1,0,1,0,1
2021-01-04,Southampton,1,0,7,3,home,1,0,0,3,1,1
2021-01-16,Southampton,0,2,8,3,away,0,0,1,0,-2,0
2021-01-26,Southampton,1,3,13,5,home,0,0,1,0,-2,0
2021-01-30,Southampton,0,1,20,5,home,0,0,1,0,-1,0
2021-02-02,Southampton,0,9,3,1,away,0,0,1,0,-9,0
2021-02-06,Southampton,2,3,14,5,away,0,0,1,0,-1,0
2021-02-14,Southampton,1,2,7,3,home,0,0,1,0,-1,0
2021-02-20,Southampton,1,1,4,1,home,0,1,0,1,0,0
2021-02-23,Southampton,0,3,13,5,away,0,0,1,0,-3,0
2021-03-01,Southampton,0,1,9,1,away,0,0,1,0,-1,0
2021-03-06,Southampton,2,0,15,5,away,1,0,0,3,2,1
2021-03-10,Southampton,2,5,11,6,away,0,0,1,0,-3,0
2021-03-14,Southampton,1,2,9,4,home,0,0,1,0,-1,0
2021-04-04,Southampton,3,2,24,9,home,1,0,0,3,1,0
2021-04-12,Southampton,0,3,14,4,away,0,0,1,0,-3,0
2021-04-21,Southampton,1,2,10,5,away,0,0,1,0,-1,0
2021-04-30,Southampton,1,1,5,3,home,0,1,0,1,0,0
2021-05-08,Southampton,0,2,12,6,away,0,0,1,0,-2,0
2021-05-11,Southampton,3,1,13,6,home,1,0,0,3,2,0
2021-05-15,Southampton,3,1,11,7,home,1,0,0,3,2,0
2021-05-18,Southampton,0,2,18,3,home,0,0,1,0,-2,0
2021-05-23,Southampton,0,3,17,5,away,0,0,1,0,-3,0
2021-08-14,Southampton,1,3,6,3,away,0,0,1,0,-2,0
2021-08-22,Southampton,1,1,8,3,home,0,1,0,1,0,0
2021-08-28,Southampton,2,2,22,6,away,0,1,0,1,0,0
2021-09-11,Southampton,0,0,11,3,home,0,1,0,1,0,1
2021-09-18,Southampton,0,0,10,2,away,0,1,0,1,0,1
2021-09-26,Southampton,0,1,18,6,home,0,0,1,0,-1,0
2021-10-02,Southampton,1,3,6,2,away,0,0,1,0,-2,0
2021-10-16,Southampton,1,0,19,5,home,1,0,0,3,1,1
2021-10-23,Southampton,2,2,16,4,home,0,1,0,1,0,0
2021-10-30,Southampton,1,0,12,1,away,1,0,0,3,1,1
2021-11-05,Southampton,1,0,9,3,home,1,0,0,3,1,1
2021-11-20,Southampton,1,2,17,5,away,0,0,1,0,-1,0
2021-11-27,Southampton,0,4,7,3,away,0,0,1,0,-4,0
2021-12-01,Southampton,2,2,15,7,home,0,1,0,1,0,0
2021-12-04,Southampton,1,1,14,4,home,0,1,0,1,0,0
2021-12-11,Southampton,0,3,11,6,away,0,0,1,0,-3,0
2021-12-15,Southampton,2,2,15,4,away,0,1,0,1,0,0
2021-12-26,Southampton,3,2,11,6,away,1,0,0,3,1,0
2021-12-28,Southampton,1,1,9,2,home,0,1,0,1,0,0
2022-01-11,Southampton,4,1,12,6,home,1,0,0,3,3,0
2022-01-15,Southampton,1,3,13,10,away,0,0,1,0,-2,0
2022-01-22,Southampton,1,1,7,3,home,0,1,0,1,0,0
2022-02-09,Southampton,3,2,23,10,away,1,0,0,3,1,0
2022-02-12,Southampton,1,1,13,4,away,0,1,0,1,0,0
2022-02-19,Southampton,2,0,19,11,home,1,0,0,3,2,1
2022-02-25,Southampton,2,0,27,9,home,1,0,0,3,2,1
2022-03-05,Southampton,0,4,11,1,away,0,0,1,0,-4,0
2022-03-10,Southampton,1,2,14,5,home,0,0,1,0,-1,0
2022-03-13,Southampton,1,2,13,7,home,0,0,1,0,-1,0
2022-04-02,Southampton,1,1,14,6,away,0,1,0,1,0,0
2022-04-09,Southampton,0,6,4,1,home,0,0,1,0,-6,0
2022-04-16,Southampton,1,0,9,3,home,1,0,0,3,1,1
2022-04-21,Southampton,0,2,11,3,away,0,0,1,0,-2,0
2022-04-24,Southampton,2,2,18,5,away,0,1,0,1,0,0
2022-04-30,Southampton,1,2,8,3,home,0,0,1,0,-1,0
2022-05-07,Southampton,0,3,19,4,away,0,0,1,0,-3,0
2022-05-17,Southampton,1,2,4,2,home,0,0,1,0,-1,0
2022-05-22,Southampton,1,4,7,2,away,0,0,1,0,-3,0
2022-08-06,Southampton,1,4,10,2,away,0,0,1,0,-3,0
2022-08-13,Southampton,2,2,14,4,home,0,1,0,1,0,0
2022-08-20,Southampton,2,1,9,3,away,1,0,0,3,1,0
2022-08-27,Southampton,0,1,17,5,home,0,0,1,0,-1,0
2022-08-30,Southampton,2,1,9,7,home,1,0,0,3,1,0
2022-09-03,Southampton,0,1,12,1,away,0,0,1,0,-1,0
2022-09-16,Southampton,0,1,7,1,away,0,0,1,0,-1,0
2022-10-01,Southampton,1,2,22,6,home,0,0,1,0,-1,0
2022-10-08,Southampton,0,4,5,0,away,0,0,1,0,-4,0
2022-10-16,Southampton,1,1,10,8,home,0,1,0,1,0,0
2022-10-19,Southampton,1,0,9,3,away,1,0,0,3,1,1
2022-10-23,Southampton,1,1,10,3,home,0,1,0,1,0,0
2022-10-29,Southampton,0,1,14,4,away,0,0,1,0,-1,0
2022-11-06,Southampton,1,4,16,5,home,0,0,1,0,-3,0
2022-11-12,Southampton,1,3,9,5,away,0,0,1,0,-2,0
2022-12-26,Southampton,1,3,14,4,home,0,0,1,0,-2,0
2022-12-31,Southampton,1,2,9,3,away,0,0,1,0,-1,0
2023-01-04,Southampton,0,1,8,0,home,0,0,1,0,-1,0
2023-01-14,Southampton,2,1,13,5,away,1,0,0,3,1,0
2023-01-21,Southampton,0,1,8,5,home,0,0,1,0,-1,0
2023-02-04,Southampton,0,3,14,6,away,0,0,1,0,-3,0
2023-02-11,Southampton,1,2,17,2,home,0,0,1,0,-1,0
2023-02-18,Southampton,1,0,8,5,away,1,0,0,3,1,1
2023-02-25,Southampton,0,1,8,2,away,0,0,1,0,-1,0
2023-03-04,Southampton,1,0,11,5,home,1,0,0,3,1,1
2023-03-12,Southampton,0,0,17,4,away,0,1,0,1,0,1
2023-03-15,Southampton,0,2,7,1,home,0,0,1,0,-2,0
2023-03-18,Southampton,3,3,19,7,home,0,1,0,1,0,0
2023-04-02,Southampton,0,1,9,3,away,0,0,1,0,-1,0
2023-04-08,Southampton,1,4,4,1,home,0,0,1,0,-3,0
2023-04-15,Southampton,0,2,11,4,home,0,0,1,0,-2,0
2023-04-21,Southampton,3,3,8,6,away,0,1,0,1,0,0
2023-04-27,Southampton,0,1,11,2,home,0,0,1,0,-1,0
2023-04-30,Southampton,1,3,4,3,away,0,0,1,0,-2,0
2023-05-08,Southampton,3,4,19,5,away,0,0,1,0,-1,0
2023-05-13,Southampton,0,2,5,1,home,0,0,1,0,-2,0
2023-05-21,Southampton,1,3,5,1,away,0,0,1,0,-2,0
2023-05-28,Southampton,4,4,15,10,home,0,1,0,1,0,0
2024-08-17,Southampton,0,1,19,4,away,0,0,1,0,-1,0
2024-08-24,Southampton,0,1,5,1,home,0,0,1,0,-1,0
2024-08-31,Southampton,1,3,18,6,away,0,0,1,0,-2,0
2024-09-14,Southampton,0,3,6,4,home,0,0,1,0,-3,0
2024-09-21,Southampton,1,1,11,3,home,0,1,0,1,0,0
2024-09-30,Southampton,1,3,9,3,away,0,0,1,0,-2,0
2024-10-05,Southampton,1,3,8,2,away,0,0,1,0,-2,0
2024-10-19,Southampton,2,3,14,7,home,0,0,1,0,-1,0
2024-10-26,Southampton,0,1,5,2,away,0,0,1,0,-1,0
2024-11-02,Southampton,1,0,9,2,home,1,0,0,3,1,1
2024-11-09,Southampton,0,2,9,0,away,0,0,1,0,-2,0
2024-11-24,Southampton,2,3,7,5,home,0,0,1,0,-1,0
2024-11-29,Southampton,1,1,10,2,away,0,1,0,1,0,0
2024-12-04,Southampton,1,5,6,4,home,0,0,1,0,-4,0
2024-12-07,Southampton,0,1,4,0,away,0,0,1,0,-1,0
2024-12-15,Southampton,0,5,9,3,home,0,0,1,0,-5,0
2024-12-22,Southampton,0,0,5,1,away,0,1,0,1,0,1
2024-12-26,Southampton,0,1,18,5,home,0,0,1,0,-1,0
2024-12-29,Southampton,1,2,7,3,away,0,0,1,0,-1,0
2025-01-04,Southampton,0,5,8,1,home,0,0,1,0,-5,0
2025-01-16,Southampton,1,3,13,5,away,0,0,1,0,-2,0
2025-01-19,Southampton,2,3,10,4,away,0,0,1,0,-1,0
2025-01-25,Southampton,1,3,12,5,home,0,0,1,0,-2,0
2025-02-01,Southampton,2,1,9,4,away,1,0,0,3,1,0
2025-02-15,Southampton,1,3,11,4,home,0,0,1,0,-2,0
2025-02-22,Southampton,0,4,6,1,home,0,0,1,0,-4,0
2025-02-25,Southampton,0,4,7,2,away,0,0,1,0,-4,0
2025-03-08,Southampton,1,3,6,4,away,0,0,1,0,-2,0
2025-03-15,Southampton,1,2,10,3,home,0,0,1,0,-1,0
2025-04-02,Southampton,1,1,8,2,home,0,1,0,1,0,0
2025-04-06,Southampton,1,3,12,4,away,0,0,1,0,-2,0
2025-04-12,Southampton,0,3,7,2,home,0,0,1,0,-3,0
2025-04-19,Southampton,1,1,15,4,away,0,1,0,1,0,0
2025-04-26,Southampton,1,2,7,3,home,0,0,1,0,-1,0
2025-05-03,Southampton,0,2,8,2,away,0,0,1,0,-2,0
2025-05-10,Southampton,0,0,2,0,home,0,1,0,1,0,1
2025-05-18,Southampton,0,2,6,2,away,0,0,1,0,-2,0
2025-05-25,Southampton,1,2,7,2,home,0,0,1,0,-1,0
2010-08-14,Stoke,1,2,10,6,away,0,0,1,0,-1,0
2010-08-21,Stoke,1,2,15,10,home,0,0,1,0,-1,0
2010-08-28,Stoke,0,2,9,3,away,0,0,1,0,-2,0
2010-09-13,Stoke,2,1,20,12,home,1,0,0,3,1,0
2010-09-18,Stoke,1,1,9,3,home,0,1,0,1,0,0
2010-09-26,Stoke,2,1,8,2,away,1,0,0,3,1,0
2010-10-02,Stoke,1,0,18,11,home,1,0,0,3,1,1
2010-10-16,Stoke,1,2,8,3,away,0,0,1,0,-1,0
2010-10-24,Stoke,1,2,6,2,home,0,0,1,0,-1,0
2010-10-30,Stoke,0,1,9,1,away,0,0,1,0,-1,0
2010-11-06,Stoke,0,2,11,5,away,0,0,1,0,-2,0
2010-11-09,Stoke,3,2,19,12,home,1,0,0,3,1,0
2010-11-13,Stoke,2,0,14,7,home,1,0,0,3,2,1
2010-11-20,Stoke,3,0,6,4,away,1,0,0,3,3,1
2010-11-27,Stoke,1,1,16,9,home,0,1,0,1,0,0
2010-12-04,Stoke,2,2,11,7,away,0,1,0,1,0,0
2010-12-11,Stoke,0,1,16,5,home,0,0,1,0,-1,0
2010-12-26,Stoke,2,0,11,9,away,1,0,0,3,2,1
2010-12-28,Stoke,0,2,14,8,home,0,0,1,0,-2,0
2011-01-01,Stoke,2,0,7,3,home,1,0,0,3,2,1
2011-01-04,Stoke,1,2,5,1,away,0,0,1,0,-1,0
2011-01-15,Stoke,2,0,12,5,home,1,0,0,3,2,1
2011-01-22,Stoke,0,2,9,1,away,0,0,1,0,-2,0
2011-02-02,Stoke,0,2,6,1,away,0,0,1,0,-2,0
2011-02-05,Stoke,3,2,18,9,home,1,0,0,3,1,0
2011-02-12,Stoke,0,1,15,5,away,0,0,1,0,-1,0
2011-02-23,Stoke,0,1,7,4,away,0,0,1,0,-1,0
2011-02-28,Stoke,1,1,6,3,home,0,1,0,1,0,0
2011-03-05,Stoke,0,3,7,5,away,0,0,1,0,-3,0
2011-03-19,Stoke,4,0,8,6,home,1,0,0,3,4,1
2011-04-02,Stoke,1,1,13,6,home,0,1,0,1,0,0
2011-04-09,Stoke,2,3,10,5,away,0,0,1,0,-1,0
2011-04-23,Stoke,1,1,4,3,away,0,1,0,1,0,0
2011-04-26,Stoke,3,0,17,8,home,1,0,0,3,3,1
2011-04-30,Stoke,0,0,9,6,away,0,1,0,1,0,1
2011-05-08,Stoke,3,1,12,7,home,1,0,0,3,2,0
2011-05-17,Stoke,0,3,4,2,away,0,0,1,0,-3,0
2011-05-22,Stoke,0,1,11,5,home,0,0,1,0,-1,0
2011-08-14,Stoke,0,0,6,3,home,0,1,0,1,0,1
2011-08-21,Stoke,1,1,15,5,away,0,1,0,1,0,0
2011-08-28,Stoke,1,0,7,1,away,1,0,0,3,1,1
2011-09-10,Stoke,1,0,3,1,home,1,0,0,3,1,1
2011-09-18,Stoke,0,4,9,5,away,0,0,1,0,-4,0
2011-09-24,Stoke,1,1,14,8,home,0,1,0,1,0,0
2011-10-02,Stoke,0,2,11,6,away,0,0,1,0,-2,0
2011-10-15,Stoke,2,0,14,6,home,1,0,0,3,2,1
2011-10-23,Stoke,1,3,5,2,away,0,0,1,0,-2,0
2011-10-31,Stoke,1,3,10,4,home,0,0,1,0,-2,0
2011-11-06,Stoke,0,5,9,6,away,0,0,1,0,-5,0
2011-11-19,Stoke,2,3,17,7,home,0,0,1,0,-1,0
2011-11-26,Stoke,3,1,8,5,home,1,0,0,3,2,0
2011-12-04,Stoke,1,0,7,4,away,1,0,0,3,1,1
2011-12-11,Stoke,2,1,10,7,home,1,0,0,3,1,0
2011-12-17,Stoke,2,1,8,4,away,1,0,0,3,1,0
2011-12-21,Stoke,0,3,2,0,away,0,0,1,0,-3,0
2011-12-26,Stoke,0,0,7,2,home,0,1,0,1,0,1
2011-12-31,Stoke,2,2,12,3,home,0,1,0,1,0,0
2012-01-02,Stoke,2,1,8,3,away,1,0,0,3,1,0
2012-01-14,Stoke,0,0,3,1,away,0,1,0,1,0,1
2012-01-21,Stoke,1,2,10,3,home,0,0,1,0,-1,0
2012-01-31,Stoke,0,2,8,3,away,0,0,1,0,-2,0
2012-02-04,Stoke,0,1,9,6,home,0,0,1,0,-1,0
2012-02-11,Stoke,1,2,12,4,away,0,0,1,0,-1,0
2012-02-26,Stoke,2,0,9,6,home,1,0,0,3,2,1
2012-03-03,Stoke,1,0,11,7,home,1,0,0,3,1,1
2012-03-10,Stoke,0,1,8,3,away,0,0,1,0,-1,0
2012-03-21,Stoke,1,1,8,2,away,0,1,0,1,0,0
2012-03-24,Stoke,1,1,10,3,home,0,1,0,1,0,0
2012-03-31,Stoke,0,2,6,2,away,0,0,1,0,-2,0
2012-04-07,Stoke,2,1,14,6,home,1,0,0,3,1,0
2012-04-09,Stoke,1,1,7,3,away,0,1,0,1,0,0
2012-04-21,Stoke,0,3,7,2,away,0,0,1,0,-3,0
2012-04-28,Stoke,1,1,6,4,home,0,1,0,1,0,0
2012-05-01,Stoke,1,1,10,5,home,0,1,0,1,0,0
2012-05-06,Stoke,0,1,8,1,away,0,0,1,0,-1,0
2012-05-13,Stoke,2,2,12,8,home,0,1,0,1,0,0
2012-08-18,Stoke,1,1,6,3,away,0,1,0,1,0,0
2012-08-26,Stoke,0,0,7,4,home,0,1,0,1,0,1
2012-09-01,Stoke,2,2,16,8,away,0,1,0,1,0,0
2012-09-15,Stoke,1,1,4,3,home,0,1,0,1,0,0
2012-09-22,Stoke,0,1,13,6,away,0,0,1,0,-1,0
2012-09-29,Stoke,2,0,10,5,home,1,0,0,3,2,1
2012-10-07,Stoke,0,0,5,3,away,0,1,0,1,0,1
2012-10-20,Stoke,2,4,8,6,away,0,0,1,0,-2,0
2012-10-27,Stoke,0,0,11,6,home,0,1,0,1,0,1
2012-11-03,Stoke,0,1,8,3,away,0,0,1,0,-1,0
2012-11-10,Stoke,1,0,10,5,home,1,0,0,3,1,1
2012-11-19,Stoke,1,1,12,6,away,0,1,0,1,0,0
2012-11-24,Stoke,1,0,12,3,home,1,0,0,3,1,1
2012-11-28,Stoke,2,1,11,5,home,1,0,0,3,1,0
2012-12-01,Stoke,1,0,6,4,away,1,0,0,3,1,1
2012-12-08,Stoke,0,0,1,0,away,0,1,0,1,0,1
2012-12-15,Stoke,1,1,14,8,home,0,1,0,1,0,0
2012-12-22,Stoke,0,0,4,2,away,0,1,0,1,0,1
2012-12-26,Stoke,3,1,7,6,home,1,0,0,3,2,0
2012-12-29,Stoke,3,3,10,8,home,0,1,0,1,0,0
2013-01-01,Stoke,0,3,4,3,away,0,0,1,0,-3,0
2013-01-12,Stoke,0,4,11,5,home,0,0,1,0,-4,0
2013-01-19,Stoke,1,3,7,2,away,0,0,1,0,-2,0
2013-01-29,Stoke,2,2,9,4,home,0,1,0,1,0,0
2013-02-02,Stoke,0,1,6,2,away,0,0,1,0,-1,0
2013-02-09,Stoke,2,1,13,10,home,1,0,0,3,1,0
2013-02-23,Stoke,0,1,7,2,away,0,0,1,0,-1,0
2013-03-02,Stoke,0,1,10,2,home,0,0,1,0,-1,0
2013-03-10,Stoke,1,2,7,4,away,0,0,1,0,-1,0
2013-03-16,Stoke,0,0,13,5,home,0,1,0,1,0,1
2013-03-30,Stoke,0,1,10,5,away,0,0,1,0,-1,0
2013-04-06,Stoke,1,3,6,2,home,0,0,1,0,-2,0
2013-04-14,Stoke,0,2,13,4,home,0,0,1,0,-2,0
2013-04-20,Stoke,2,0,11,4,away,1,0,0,3,2,1
2013-04-27,Stoke,1,0,12,4,home,1,0,0,3,1,1
2013-05-06,Stoke,1,1,11,7,away,0,1,0,1,0,0
2013-05-12,Stoke,1,2,6,3,home,0,0,1,0,-1,0
2013-05-19,Stoke,1,1,7,3,away,0,1,0,1,0,0
2013-08-17,Stoke,0,1,10,4,away,0,0,1,0,-1,0
2013-08-24,Stoke,2,1,14,5,home,1,0,0,3,1,0
2013-08-31,Stoke,1,0,15,5,away,1,0,0,3,1,1
2013-09-14,Stoke,0,0,11,3,home,0,1,0,1,0,1
2013-09-22,Stoke,1,3,9,3,away,0,0,1,0,-2,0
2013-09-29,Stoke,0,1,8,1,home,0,0,1,0,-1,0
2013-10-05,Stoke,0,1,16,3,away,0,0,1,0,-1,0
2013-10-19,Stoke,0,0,9,3,home,0,1,0,1,0,1
2013-10-26,Stoke,2,3,10,5,away,0,0,1,0,-1,0
2013-11-02,Stoke,1,1,9,3,home,0,1,0,1,0,0
2013-11-10,Stoke,3,3,6,3,away,0,1,0,1,0,0
2013-11-23,Stoke,2,0,17,5,home,1,0,0,3,2,1
2013-11-30,Stoke,0,4,4,3,away,0,0,1,0,-4,0
2013-12-04,Stoke,0,0,17,2,home,0,1,0,1,0,1
2013-12-07,Stoke,3,2,9,3,home,1,0,0,3,1,0
2013-12-14,Stoke,0,0,11,2,away,0,1,0,1,0,1
2013-12-21,Stoke,2,1,12,2,home,1,0,0,3,1,0
2013-12-26,Stoke,1,5,11,3,away,0,0,1,0,-4,0
2013-12-29,Stoke,0,3,2,1,away,0,0,1,0,-3,0
2014-01-01,Stoke,1,1,10,4,home,0,1,0,1,0,0
2014-01-12,Stoke,3,5,13,4,home,0,0,1,0,-2,0
2014-01-18,Stoke,0,1,17,2,away,0,0,1,0,-1,0
2014-01-29,Stoke,0,1,14,5,away,0,0,1,0,-1,0
2014-02-01,Stoke,2,1,13,6,home,1,0,0,3,1,0
2014-02-08,Stoke,2,2,5,4,away,0,1,0,1,0,0
2014-02-12,Stoke,1,1,7,4,home,0,1,0,1,0,0
2014-02-22,Stoke,0,1,7,2,away,0,0,1,0,-1,0
2014-03-01,Stoke,1,0,8,4,home,1,0,0,3,1,1
2014-03-08,Stoke,1,1,6,3,away,0,1,0,1,0,0
2014-03-15,Stoke,3,1,17,9,home,1,0,0,3,2,0
2014-03-23,Stoke,4,1,10,5,away,1,0,0,3,3,0
2014-03-29,Stoke,1,0,15,3,home,1,0,0,3,1,1
2014-04-05,Stoke,0,3,4,2,away,0,0,1,0,-3,0
2014-04-12,Stoke,1,0,10,3,home,1,0,0,3,1,1
2014-04-19,Stoke,1,1,14,5,away,0,1,0,1,0,0
2014-04-26,Stoke,0,1,17,3,home,0,0,1,0,-1,0
2014-05-03,Stoke,4,1,23,8,home,1,0,0,3,3,0
2014-05-11,Stoke,2,1,15,4,away,1,0,0,3,1,0
2014-08-16,Stoke,0,1,12,2,home,0,0,1,0,-1,0
2014-08-24,Stoke,1,1,19,3,away,0,1,0,1,0,0
2014-08-30,Stoke,1,0,7,2,away,1,0,0,3,1,1
2014-09-13,Stoke,0,1,24,4,home,0,0,1,0,-1,0
2014-09-20,Stoke,2,2,8,4,away,0,1,0,1,0,0
2014-09-29,Stoke,1,0,12,3,home,1,0,0,3,1,1
2014-10-04,Stoke,1,3,11,5,away,0,0,1,0,-2,0
2014-10-19,Stoke,2,1,17,3,home,1,0,0,3,1,0
2014-10-25,Stoke,0,1,8,1,away,0,0,1,0,-1,0
2014-11-01,Stoke,2,2,21,6,home,0,1,0,1,0,0
2014-11-09,Stoke,2,1,11,4,away,1,0,0,3,1,0
2014-11-22,Stoke,1,2,25,4,home,0,0,1,0,-1,0
2014-11-29,Stoke,0,1,13,4,away,0,0,1,0,-1,0
2014-12-02,Stoke,1,2,5,4,away,0,0,1,0,-1,0
2014-12-06,Stoke,3,2,13,4,home,1,0,0,3,1,0
2014-12-13,Stoke,1,1,7,3,away,0,1,0,1,0,0
2014-12-22,Stoke,0,2,13,2,home,0,0,1,0,-2,0
2014-12-26,Stoke,1,0,12,2,away,1,0,0,3,1,1
2014-12-28,Stoke,2,0,13,3,home,1,0,0,3,2,1
2015-01-01,Stoke,1,1,11,2,home,0,1,0,1,0,0
2015-01-11,Stoke,0,3,7,2,away,0,0,1,0,-3,0
2015-01-17,Stoke,1,0,13,3,away,1,0,0,3,1,1
2015-01-31,Stoke,3,1,15,3,home,1,0,0,3,2,0
2015-02-08,Stoke,1,1,7,3,away,0,1,0,1,0,0
2015-02-11,Stoke,1,4,17,5,home,0,0,1,0,-3,0
2015-02-21,Stoke,2,1,11,6,away,1,0,0,3,1,0
2015-02-28,Stoke,1,0,17,2,home,1,0,0,3,1,1
2015-03-04,Stoke,2,0,11,3,home,1,0,0,3,2,1
2015-03-14,Stoke,0,1,9,2,away,0,0,1,0,-1,0
2015-03-21,Stoke,1,2,17,4,home,0,0,1,0,-1,0
2015-04-04,Stoke,1,2,7,2,away,0,0,1,0,-1,0
2015-04-11,Stoke,1,1,18,2,away,0,1,0,1,0,0
2015-04-18,Stoke,2,1,15,2,home,1,0,0,3,1,0
2015-04-25,Stoke,1,1,23,8,home,0,1,0,1,0,0
2015-05-02,Stoke,0,2,9,3,away,0,0,1,0,-2,0
2015-05-09,Stoke,3,0,17,9,home,1,0,0,3,3,1
2015-05-16,Stoke,0,0,11,3,away,0,1,0,1,0,1
2015-05-24,Stoke,6,1,15,9,home,1,0,0,3,5,0
2015-08-09,Stoke,0,1,7,1,home,0,0,1,0,-1,0
2015-08-15,Stoke,2,2,16,7,away,0,1,0,1,0,0
2015-08-22,Stoke,1,1,6,1,away,0,1,0,1,0,0
2015-08-29,Stoke,0,1,13,5,home,0,0,1,0,-1,0
2015-09-12,Stoke,0,2,9,4,away,0,0,1,0,-2,0
2015-09-19,Stoke,2,2,11,4,home,0,1,0,1,0,0
2015-09-26,Stoke,2,1,8,5,home,1,0,0,3,1,0
2015-10-03,Stoke,1,0,12,5,away,1,0,0,3,1,1
2015-10-19,Stoke,1,0,9,2,away,1,0,0,3,1,1
2015-10-24,Stoke,0,2,12,1,home,0,0,1,0,-2,0
2015-10-31,Stoke,0,0,9,2,away,0,1,0,1,0,1
2015-11-07,Stoke,1,0,8,2,home,1,0,0,3,1,1
2015-11-21,Stoke,1,0,16,4,away,1,0,0,3,1,1
2015-11-28,Stoke,0,2,7,3,away,0,0,1,0,-2,0
2015-12-05,Stoke,2,0,7,4,home,1,0,0,3,2,1
2015-12-12,Stoke,0,0,12,3,away,0,1,0,1,0,1
2015-12-19,Stoke,1,2,26,5,home,0,0,1,0,-1,0
2015-12-26,Stoke,2,0,13,3,home,1,0,0,3,2,1
2015-12-28,Stoke,4,3,8,5,away,1,0,0,3,1,0
2016-01-02,Stoke,1,2,10,3,away,0,0,1,0,-1,0
2016-01-13,Stoke,3,1,14,4,home,1,0,0,3,2,0
2016-01-17,Stoke,0,0,14,6,home,0,1,0,1,0,1
2016-01-23,Stoke,0,3,3,2,away,0,0,1,0,-3,0
2016-02-02,Stoke,0,3,10,0,away,0,0,1,0,-3,0
2016-02-06,Stoke,0,3,11,3,home,0,0,1,0,-3,0
2016-02-13,Stoke,3,1,11,6,away,1,0,0,3,2,0
2016-02-27,Stoke,2,1,11,3,home,1,0,0,3,1,0
2016-03-02,Stoke,1,0,9,2,home,1,0,0,3,1,1
2016-03-05,Stoke,1,1,16,5,away,0,1,0,1,0,0
2016-03-12,Stoke,1,2,13,2,home,0,0,1,0,-1,0
2016-03-19,Stoke,2,1,9,6,away,1,0,0,3,1,0
2016-04-02,Stoke,2,2,12,5,home,0,1,0,1,0,0
2016-04-10,Stoke,1,4,10,3,away,0,0,1,0,-3,0
2016-04-18,Stoke,0,4,12,2,home,0,0,1,0,-4,0
2016-04-23,Stoke,0,4,14,2,away,0,0,1,0,-4,0
2016-04-30,Stoke,1,1,11,3,home,0,1,0,1,0,0
2016-05-07,Stoke,1,2,12,3,away,0,0,1,0,-1,0
2016-05-15,Stoke,2,1,7,4,home,1,0,0,3,1,0
2016-08-13,Stoke,1,1,12,1,away,0,1,0,1,0,0
2016-08-20,Stoke,1,4,8,3,home,0,0,1,0,-3,0
2016-08-27,Stoke,0,1,8,1,away,0,0,1,0,-1,0
2016-09-10,Stoke,0,4,15,2,home,0,0,1,0,-4,0
2016-09-18,Stoke,1,4,11,4,away,0,0,1,0,-3,0
2016-09-24,Stoke,1,1,12,2,home,0,1,0,1,0,0
2016-10-02,Stoke,1,1,7,6,away,0,1,0,1,0,0
2016-10-15,Stoke,2,0,18,6,home,1,0,0,3,2,1
2016-10-22,Stoke,2,0,12,6,away,1,0,0,3,2,1
2016-10-31,Stoke,3,1,17,4,home,1,0,0,3,2,0
2016-11-05,Stoke,1,1,12,4,away,0,1,0,1,0,0
2016-11-19,Stoke,0,1,14,6,home,0,0,1,0,-1,0
2016-11-27,Stoke,1,0,14,1,away,1,0,0,3,1,1
2016-12-03,Stoke,2,0,10,4,home,1,0,0,3,2,1
2016-12-10,Stoke,1,3,12,5,away,0,0,1,0,-2,0
2016-12-14,Stoke,0,0,5,3,home,0,1,0,1,0,1
2016-12-17,Stoke,2,2,16,7,home,0,1,0,1,0,0
2016-12-27,Stoke,1,4,6,2,away,0,0,1,0,-3,0
2016-12-31,Stoke,2,4,5,2,away,0,0,1,0,-2,0
2017-01-03,Stoke,2,0,17,5,home,1,0,0,3,2,1
2017-01-14,Stoke,3,1,14,6,away,1,0,0,3,2,0
2017-01-21,Stoke,1,1,6,1,home,0,1,0,1,0,0
2017-02-01,Stoke,1,1,14,7,home,0,1,0,1,0,0
2017-02-04,Stoke,0,1,12,2,away,0,0,1,0,-1,0
2017-02-11,Stoke,1,0,7,4,home,1,0,0,3,1,1
2017-02-26,Stoke,0,4,5,3,away,0,0,1,0,-4,0
2017-03-04,Stoke,2,0,13,8,home,1,0,0,3,2,1
2017-03-08,Stoke,0,0,5,2,away,0,1,0,1,0,1
2017-03-18,Stoke,1,2,5,1,home,0,0,1,0,-1,0
2017-04-01,Stoke,0,2,10,2,away,0,0,1,0,-2,0
2017-04-04,Stoke,0,1,15,2,away,0,0,1,0,-1,0
2017-04-08,Stoke,1,2,9,4,home,0,0,1,0,-1,0
2017-04-15,Stoke,3,1,14,4,home,1,0,0,3,2,0
2017-04-22,Stoke,0,2,9,3,away,0,0,1,0,-2,0
2017-04-29,Stoke,0,0,19,4,home,0,1,0,1,0,1
2017-05-06,Stoke,2,2,14,3,away,0,1,0,1,0,0
2017-05-13,Stoke,1,4,10,4,home,0,0,1,0,-3,0
2017-05-21,Stoke,1,0,14,3,away,1,0,0,3,1,1
2017-08-12,Stoke,0,1,9,1,away,0,0,1,0,-1,0
2017-08-19,Stoke,1,0,11,4,home,1,0,0,3,1,1
2017-08-27,Stoke,1,1,16,2,away,0,1,0,1,0,0
2017-09-09,Stoke,2,2,10,5,home,0,1,0,1,0,0
2017-09-16,Stoke,1,2,13,4,away,0,0,1,0,-1,0
2017-09-23,Stoke,0,4,13,2,home,0,0,1,0,-4,0
2017-09-30,Stoke,2,1,17,6,home,1,0,0,3,1,0
2017-10-14,Stoke,2,7,5,1,away,0,0,1,0,-5,0
2017-10-21,Stoke,1,2,10,2,home,0,0,1,0,-1,0
2017-10-28,Stoke,1,0,6,2,away,1,0,0,3,1,1
2017-11-04,Stoke,2,2,11,7,home,0,1,0,1,0,0
2017-11-20,Stoke,2,2,13,6,away,0,1,0,1,0,0
2017-11-25,Stoke,1,2,9,3,away,0,0,1,0,-1,0
2017-11-29,Stoke,0,3,10,1,home,0,0,1,0,-3,0
2017-12-02,Stoke,2,1,10,3,home,1,0,0,3,1,0
2017-12-09,Stoke,1,5,4,3,away,0,0,1,0,-4,0
2017-12-12,Stoke,0,1,14,7,away,0,0,1,0,-1,0
2017-12-16,Stoke,0,3,17,0,home,0,0,1,0,-3,0
2017-12-23,Stoke,3,1,9,5,home,1,0,0,3,2,0
2017-12-26,Stoke,1,1,15,7,away,0,1,0,1,0,0
2017-12-30,Stoke,0,5,1,1,away,0,0,1,0,-5,0
2018-01-01,Stoke,0,1,11,4,home,0,0,1,0,-1,0
2018-01-15,Stoke,0,3,11,5,away,0,0,1,0,-3,0
2018-01-20,Stoke,2,0,11,6,home,1,0,0,3,2,1
2018-01-31,Stoke,0,0,11,4,home,0,1,0,1,0,1
2018-02-03,Stoke,1,2,13,4,away,0,0,1,0,-1,0
2018-02-10,Stoke,1,1,15,3,home,0,1,0,1,0,0
2018-02-24,Stoke,1,1,6,2,away,0,1,0,1,0,0
2018-03-03,Stoke,0,0,12,3,away,0,1,0,1,0,1
2018-03-12,Stoke,0,2,3,0,home,0,0,1,0,-2,0
2018-03-17,Stoke,1,2,9,4,home,0,0,1,0,-1,0
2018-04-01,Stoke,0,3,8,2,away,0,0,1,0,-3,0
2018-04-07,Stoke,1,2,10,4,home,0,0,1,0,-1,0
2018-04-16,Stoke,1,1,11,7,away,0,1,0,1,0,0
2018-04-22,Stoke,1,1,8,3,home,0,1,0,1,0,0
2018-04-28,Stoke,0,0,5,1,away,0,1,0,1,0,1
2018-05-05,Stoke,1,2,7,2,home,0,0,1,0,-1,0
2018-05-13,Stoke,2,1,8,5,away,1,0,0,3,1,0
2010-08-14,Sunderland,2,2,6,2,home,0,1,0,1,0,0
2010-08-21,Sunderland,0,1,10,4,away,0,0,1,0,-1,0
2010-08-29,Sunderland,1,0,12,4,home,1,0,0,3,1,1
2010-09-11,Sunderland,1,1,4,2,away,0,1,0,1,0,0
2010-09-18,Sunderland,1,1,16,5,home,0,1,0,1,0,0
2010-09-25,Sunderland,2,2,10,1,away,0,1,0,1,0,0
2010-10-02,Sunderland,0,0,14,8,home,0,1,0,1,0,1
2010-10-18,Sunderland,0,0,16,7,away,0,1,0,1,0,1
2010-10-23,Sunderland,1,0,13,6,home,1,0,0,3,1,1
2010-10-31,Sunderland,1,5,11,5,away,0,0,1,0,-4,0
2010-11-06,Sunderland,2,0,14,7,home,1,0,0,3,2,1
2010-11-09,Sunderland,1,1,8,4,away,0,1,0,1,0,0
2010-11-14,Sunderland,3,0,19,9,away,1,0,0,3,3,1
2010-11-22,Sunderland,2,2,13,8,home,0,1,0,1,0,0
2010-11-27,Sunderland,2,3,15,9,away,0,0,1,0,-1,0
2010-12-05,Sunderland,1,0,17,12,home,1,0,0,3,1,1
2010-12-11,Sunderland,0,0,11,2,away,0,1,0,1,0,1
2010-12-18,Sunderland,1,0,13,5,home,1,0,0,3,1,1
2010-12-26,Sunderland,0,2,6,2,away,0,0,1,0,-2,0
2010-12-28,Sunderland,0,2,32,16,home,0,0,1,0,-2,0
2011-01-01,Sunderland,3,0,13,7,home,1,0,0,3,3,1
2011-01-05,Sunderland,1,0,11,5,away,1,0,0,3,1,1
2011-01-16,Sunderland,1,1,10,7,home,0,1,0,1,0,0
2011-01-22,Sunderland,2,1,11,6,away,1,0,0,3,1,0
2011-02-01,Sunderland,2,4,4,3,home,0,0,1,0,-2,0
2011-02-05,Sunderland,2,3,11,7,away,0,0,1,0,-1,0
2011-02-12,Sunderland,1,2,16,10,home,0,0,1,0,-1,0
2011-02-26,Sunderland,0,2,12,7,away,0,0,1,0,-2,0
2011-03-05,Sunderland,0,0,6,3,away,0,1,0,1,0,1
2011-03-20,Sunderland,0,2,3,1,home,0,0,1,0,-2,0
2011-04-03,Sunderland,0,5,8,4,away,0,0,1,0,-5,0
2011-04-09,Sunderland,2,3,7,4,home,0,0,1,0,-1,0
2011-04-16,Sunderland,0,2,15,7,away,0,0,1,0,-2,0
2011-04-23,Sunderland,4,2,11,7,home,1,0,0,3,2,0
2011-04-30,Sunderland,0,3,11,7,home,0,0,1,0,-3,0
2011-05-07,Sunderland,2,1,10,6,away,1,0,0,3,1,0
2011-05-14,Sunderland,1,3,14,9,home,0,0,1,0,-2,0
2011-05-22,Sunderland,3,0,17,12,away,1,0,0,3,3,1
2011-08-13,Sunderland,1,1,15,6,away,0,1,0,1,0,0
2011-08-20,Sunderland,0,1,15,5,home,0,0,1,0,-1,0
2011-08-27,Sunderland,0,0,12,8,away,0,1,0,1,0,1
2011-09-10,Sunderland,1,2,14,7,home,0,0,1,0,-1,0
2011-09-18,Sunderland,4,0,8,7,home,1,0,0,3,4,1
2011-09-26,Sunderland,1,2,12,6,away,0,0,1,0,-1,0
2011-10-01,Sunderland,2,2,12,7,home,0,1,0,1,0,0
2011-10-16,Sunderland,1,2,8,4,away,0,0,1,0,-1,0
2011-10-22,Sunderland,2,0,18,10,away,1,0,0,3,2,1
2011-10-29,Sunderland,2,2,13,8,home,0,1,0,1,0,0
2011-11-05,Sunderland,0,1,9,3,away,0,0,1,0,-1,0
2011-11-19,Sunderland,0,0,13,8,home,0,1,0,1,0,1
2011-11-26,Sunderland,1,2,17,11,home,0,0,1,0,-1,0
2011-12-04,Sunderland,1,2,18,12,away,0,0,1,0,-1,0
2011-12-11,Sunderland,2,1,22,12,home,1,0,0,3,1,0
2011-12-18,Sunderland,0,1,8,4,away,0,0,1,0,-1,0
2011-12-21,Sunderland,3,2,17,13,away,1,0,0,3,1,0
2011-12-26,Sunderland,1,1,12,8,home,0,1,0,1,0,0
2012-01-01,Sunderland,1,0,8,5,home,1,0,0,3,1,1
2012-01-03,Sunderland,4,1,10,9,away,1,0,0,3,3,0
2012-01-14,Sunderland,0,1,9,4,away,0,0,1,0,-1,0
2012-01-21,Sunderland,2,0,7,2,home,1,0,0,3,2,1
2012-02-01,Sunderland,3,0,10,6,home,1,0,0,3,3,1
2012-02-04,Sunderland,1,0,4,2,away,1,0,0,3,1,1
2012-02-11,Sunderland,1,2,8,5,home,0,0,1,0,-1,0
2012-02-25,Sunderland,0,4,10,4,away,0,0,1,0,-4,0
2012-03-04,Sunderland,1,1,7,6,away,0,1,0,1,0,0
2012-03-10,Sunderland,1,0,6,1,home,1,0,0,3,1,1
2012-03-20,Sunderland,0,2,2,0,away,0,0,1,0,-2,0
2012-03-24,Sunderland,3,1,15,8,home,1,0,0,3,2,0
2012-03-31,Sunderland,3,3,8,4,away,0,1,0,1,0,0
2012-04-07,Sunderland,0,0,12,9,home,0,1,0,1,0,1
2012-04-09,Sunderland,0,4,3,0,away,0,0,1,0,-4,0
2012-04-14,Sunderland,0,0,15,6,home,0,1,0,1,0,1
2012-04-21,Sunderland,0,0,10,5,away,0,1,0,1,0,1
2012-04-28,Sunderland,2,2,12,6,home,0,1,0,1,0,0
2012-05-06,Sunderland,1,2,12,7,away,0,0,1,0,-1,0
2012-05-13,Sunderland,0,1,6,5,home,0,0,1,0,-1,0
2012-08-18,Sunderland,0,0,3,2,away,0,1,0,1,0,1
2012-09-01,Sunderland,2,2,4,3,away,0,1,0,1,0,0
2012-09-15,Sunderland,1,1,6,4,home,0,1,0,1,0,0
2012-09-22,Sunderland,1,1,4,2,away,0,1,0,1,0,0
2012-09-29,Sunderland,1,0,11,6,home,1,0,0,3,1,1
2012-10-06,Sunderland,0,3,8,6,away,0,0,1,0,-3,0
2012-10-21,Sunderland,1,1,16,6,home,0,1,0,1,0,0
2012-10-27,Sunderland,0,0,6,3,away,0,1,0,1,0,1
2012-11-03,Sunderland,0,1,11,1,home,0,0,1,0,-1,0
2012-11-10,Sunderland,1,2,6,4,away,0,0,1,0,-1,0
2012-11-18,Sunderland,3,1,12,9,away,1,0,0,3,2,0
2012-11-24,Sunderland,2,4,19,12,home,0,0,1,0,-2,0
2012-11-27,Sunderland,0,0,13,8,home,0,1,0,1,0,1
2012-12-02,Sunderland,1,2,16,6,away,0,0,1,0,-1,0
2012-12-08,Sunderland,1,3,14,10,home,0,0,1,0,-2,0
2012-12-11,Sunderland,3,0,16,11,home,1,0,0,3,3,1
2012-12-15,Sunderland,1,3,13,10,away,0,0,1,0,-2,0
2012-12-22,Sunderland,1,0,10,6,away,1,0,0,3,1,1
2012-12-26,Sunderland,1,0,12,6,home,1,0,0,3,1,1
2012-12-29,Sunderland,1,2,9,6,home,0,0,1,0,-1,0
2013-01-02,Sunderland,0,3,6,5,away,0,0,1,0,-3,0
2013-01-12,Sunderland,3,0,18,14,home,1,0,0,3,3,1
2013-01-19,Sunderland,3,2,10,5,away,1,0,0,3,1,0
2013-01-29,Sunderland,0,0,4,2,home,0,1,0,1,0,1
2013-02-02,Sunderland,1,2,10,6,away,0,0,1,0,-1,0
2013-02-09,Sunderland,0,1,12,7,home,0,0,1,0,-1,0
2013-02-23,Sunderland,1,2,10,6,away,0,0,1,0,-1,0
2013-03-02,Sunderland,2,2,12,6,home,0,1,0,1,0,0
2013-03-09,Sunderland,1,3,7,3,away,0,0,1,0,-2,0
2013-03-17,Sunderland,1,1,16,8,home,0,1,0,1,0,0
2013-03-30,Sunderland,0,1,9,4,home,0,0,1,0,-1,0
2013-04-07,Sunderland,1,2,7,3,away,0,0,1,0,-1,0
2013-04-14,Sunderland,3,0,8,7,away,1,0,0,3,3,1
2013-04-20,Sunderland,1,0,8,4,home,1,0,0,3,1,1
2013-04-29,Sunderland,1,6,7,4,away,0,0,1,0,-5,0
2013-05-06,Sunderland,1,1,14,7,home,0,1,0,1,0,0
2013-05-12,Sunderland,1,1,5,5,home,0,1,0,1,0,0
2013-05-19,Sunderland,0,1,6,4,away,0,0,1,0,-1,0
2013-08-17,Sunderland,0,1,20,3,home,0,0,1,0,-1,0
2013-08-24,Sunderland,1,1,8,3,away,0,1,0,1,0,0
2013-08-31,Sunderland,1,3,10,2,away,0,0,1,0,-2,0
2013-09-14,Sunderland,1,3,17,2,home,0,0,1,0,-2,0
2013-09-21,Sunderland,0,3,7,0,away,0,0,1,0,-3,0
2013-09-29,Sunderland,1,3,23,5,home,0,0,1,0,-2,0
2013-10-05,Sunderland,1,2,6,2,home,0,0,1,0,-1,0
2013-10-19,Sunderland,0,4,6,1,away,0,0,1,0,-4,0
2013-10-27,Sunderland,2,1,8,4,home,1,0,0,3,1,0
2013-11-02,Sunderland,0,1,9,1,away,0,0,1,0,-1,0
2013-11-10,Sunderland,1,0,5,2,home,1,0,0,3,1,1
2013-11-23,Sunderland,0,2,11,3,away,0,0,1,0,-2,0
2013-11-30,Sunderland,0,0,7,1,away,0,1,0,1,0,1
2013-12-04,Sunderland,3,4,12,3,home,0,0,1,0,-1,0
2013-12-07,Sunderland,1,2,11,4,home,0,0,1,0,-1,0
2013-12-14,Sunderland,0,0,19,6,away,0,1,0,1,0,1
2013-12-21,Sunderland,0,0,18,4,home,0,1,0,1,0,1
2013-12-26,Sunderland,1,0,13,6,away,1,0,0,3,1,1
2013-12-28,Sunderland,2,2,21,9,away,0,1,0,1,0,0
2014-01-01,Sunderland,0,1,17,1,home,0,0,1,0,-1,0
2014-01-11,Sunderland,4,1,10,6,away,1,0,0,3,3,0
2014-01-18,Sunderland,2,2,10,5,home,0,1,0,1,0,0
2014-01-29,Sunderland,1,0,16,6,home,1,0,0,3,1,1
2014-02-01,Sunderland,3,0,16,5,away,1,0,0,3,3,1
2014-02-08,Sunderland,0,2,7,3,home,0,0,1,0,-2,0
2014-02-22,Sunderland,1,4,7,3,away,0,0,1,0,-3,0
2014-03-15,Sunderland,0,0,19,2,home,0,1,0,1,0,1
2014-03-22,Sunderland,0,2,10,2,away,0,0,1,0,-2,0
2014-03-26,Sunderland,1,2,12,4,away,0,0,1,0,-1,0
2014-03-31,Sunderland,1,2,26,7,home,0,0,1,0,-1,0
2014-04-07,Sunderland,1,5,8,4,away,0,0,1,0,-4,0
2014-04-12,Sunderland,0,1,24,6,home,0,0,1,0,-1,0
2014-04-16,Sunderland,2,2,11,3,away,0,1,0,1,0,0
2014-04-19,Sunderland,2,1,7,3,away,1,0,0,3,1,0
2014-04-27,Sunderland,4,0,21,7,home,1,0,0,3,4,1
2014-05-03,Sunderland,1,0,8,1,away,1,0,0,3,1,1
2014-05-07,Sunderland,2,0,10,4,home,1,0,0,3,2,1
2014-05-11,Sunderland,1,3,20,4,home,0,0,1,0,-2,0
2014-08-16,Sunderland,2,2,7,2,away,0,1,0,1,0,0
2014-08-24,Sunderland,1,1,11,3,home,0,1,0,1,0,0
2014-08-30,Sunderland,0,1,16,6,away,0,0,1,0,-1,0
2014-09-13,Sunderland,2,2,6,1,home,0,1,0,1,0,0
2014-09-20,Sunderland,0,0,14,6,away,0,1,0,1,0,1
2014-09-27,Sunderland,0,0,15,3,home,0,1,0,1,0,1
2014-10-04,Sunderland,3,1,8,3,home,1,0,0,3,2,0
2014-10-18,Sunderland,0,8,12,1,away,0,0,1,0,-8,0
2014-10-25,Sunderland,0,2,11,3,home,0,0,1,0,-2,0
2014-11-03,Sunderland,3,1,8,7,away,1,0,0,3,2,0
2014-11-09,Sunderland,1,1,10,3,home,0,1,0,1,0,0
2014-11-22,Sunderland,0,0,10,5,away,0,1,0,1,0,1
2014-11-29,Sunderland,0,0,12,3,home,0,1,0,1,0,1
2014-12-03,Sunderland,1,4,8,2,home,0,0,1,0,-3,0
2014-12-06,Sunderland,0,0,7,1,away,0,1,0,1,0,1
2014-12-13,Sunderland,1,1,13,4,home,0,1,0,1,0,0
2014-12-21,Sunderland,1,0,16,3,away,1,0,0,3,1,1
2014-12-26,Sunderland,1,3,12,3,home,0,0,1,0,-2,0
2014-12-28,Sunderland,0,0,15,3,away,0,1,0,1,0,1
2015-01-01,Sunderland,2,3,4,4,away,0,0,1,0,-1,0
2015-01-10,Sunderland,0,1,5,1,home,0,0,1,0,-1,0
2015-01-17,Sunderland,1,2,8,4,away,0,0,1,0,-1,0
2015-01-31,Sunderland,2,0,8,3,home,1,0,0,3,2,1
2015-02-07,Sunderland,1,1,4,1,away,0,1,0,1,0,0
2015-02-10,Sunderland,0,2,16,5,home,0,0,1,0,-2,0
2015-02-21,Sunderland,0,0,13,2,home,0,1,0,1,0,1
2015-02-28,Sunderland,0,2,5,3,away,0,0,1,0,-2,0
2015-03-03,Sunderland,1,1,9,3,away,0,1,0,1,0,0
2015-03-14,Sunderland,0,4,12,2,home,0,0,1,0,-4,0
2015-03-21,Sunderland,0,1,7,3,away,0,0,1,0,-1,0
2015-04-05,Sunderland,1,0,16,4,home,1,0,0,3,1,1
2015-04-11,Sunderland,1,4,12,3,home,0,0,1,0,-3,0
2015-04-25,Sunderland,1,1,15,5,away,0,1,0,1,0,0
2015-05-02,Sunderland,2,1,12,6,home,1,0,0,3,1,0
2015-05-09,Sunderland,2,0,10,3,away,1,0,0,3,2,1
2015-05-16,Sunderland,0,0,13,3,home,0,1,0,1,0,1
2015-05-20,Sunderland,0,0,7,3,away,0,1,0,1,0,1
2015-05-24,Sunderland,1,3,17,9,away,0,0,1,0,-2,0
2015-08-08,Sunderland,2,4,10,5,away,0,0,1,0,-2,0
2015-08-15,Sunderland,1,3,6,2,home,0,0,1,0,-2,0
2015-08-22,Sunderland,1,1,10,2,home,0,1,0,1,0,0
2015-08-29,Sunderland,2,2,7,3,away,0,1,0,1,0,0
2015-09-13,Sunderland,0,1,12,2,home,0,0,1,0,-1,0
2015-09-19,Sunderland,0,2,9,2,away,0,0,1,0,-2,0
2015-09-26,Sunderland,0,3,9,4,away,0,0,1,0,-3,0
2015-10-03,Sunderland,2,2,12,3,home,0,1,0,1,0,0
2015-10-17,Sunderland,0,1,9,2,away,0,0,1,0,-1,0
2015-10-25,Sunderland,3,0,9,3,home,1,0,0,3,3,1
2015-11-01,Sunderland,2,6,17,9,away,0,0,1,0,-4,0
2015-11-07,Sunderland,0,1,9,3,home,0,0,1,0,-1,0
2015-11-23,Sunderland,1,0,12,4,away,1,0,0,3,1,1
2015-11-28,Sunderland,2,0,18,5,home,1,0,0,3,2,1
2015-12-05,Sunderland,1,3,11,4,away,0,0,1,0,-2,0
2015-12-12,Sunderland,0,1,14,2,home,0,0,1,0,-1,0
2015-12-19,Sunderland,1,3,11,3,away,0,0,1,0,-2,0
2015-12-26,Sunderland,1,4,11,3,away,0,0,1,0,-3,0
2015-12-30,Sunderland,0,1,8,3,home,0,0,1,0,-1,0
2016-01-02,Sunderland,3,1,13,6,home,1,0,0,3,2,0
2016-01-13,Sunderland,4,2,7,5,away,1,0,0,3,2,0
2016-01-16,Sunderland,1,4,5,2,away,0,0,1,0,-3,0
2016-01-23,Sunderland,1,1,10,5,home,0,1,0,1,0,0
2016-02-02,Sunderland,0,1,11,2,home,0,0,1,0,-1,0
2016-02-06,Sunderland,2,2,7,2,away,0,1,0,1,0,0
2016-02-13,Sunderland,2,1,21,5,home,1,0,0,3,1,0
2016-02-27,Sunderland,0,1,13,4,away,0,0,1,0,-1,0
2016-03-01,Sunderland,2,2,17,6,home,0,1,0,1,0,0
2016-03-05,Sunderland,1,1,11,3,away,0,1,0,1,0,0
2016-03-20,Sunderland,1,1,14,4,away,0,1,0,1,0,0
2016-04-02,Sunderland,0,0,22,7,home,0,1,0,1,0,1
2016-04-10,Sunderland,0,2,15,1,home,0,0,1,0,-2,0
2016-04-16,Sunderland,3,0,8,3,away,1,0,0,3,3,1
2016-04-24,Sunderland,0,0,12,3,home,0,1,0,1,0,1
2016-04-30,Sunderland,1,1,14,5,away,0,1,0,1,0,0
2016-05-07,Sunderland,3,2,15,4,home,1,0,0,3,1,0
2016-05-11,Sunderland,3,0,14,8,home,1,0,0,3,3,1
2016-05-15,Sunderland,2,2,6,4,away,0,1,0,1,0,0
2016-08-13,Sunderland,1,2,7,3,away,0,0,1,0,-1,0
2016-08-21,Sunderland,1,2,18,5,home,0,0,1,0,-1,0
2016-08-27,Sunderland,1,1,5,2,away,0,1,0,1,0,0
2016-09-12,Sunderland,0,3,11,2,home,0,0,1,0,-3,0
2016-09-18,Sunderland,0,1,6,2,away,0,0,1,0,-1,0
2016-09-24,Sunderland,2,3,11,4,home,0,0,1,0,-1,0
2016-10-01,Sunderland,1,1,7,2,home,0,1,0,1,0,0
2016-10-15,Sunderland,0,2,11,1,away,0,0,1,0,-2,0
2016-10-22,Sunderland,0,1,10,2,away,0,0,1,0,-1,0
2016-10-29,Sunderland,1,4,3,1,home,0,0,1,0,-3,0
2016-11-05,Sunderland,2,1,9,4,away,1,0,0,3,1,0
2016-11-19,Sunderland,3,0,11,4,home,1,0,0,3,3,1
2016-11-26,Sunderland,0,2,6,1,away,0,0,1,0,-2,0
2016-12-03,Sunderland,2,1,22,6,home,1,0,0,3,1,0
2016-12-10,Sunderland,0,3,11,2,away,0,0,1,0,-3,0
2016-12-14,Sunderland,0,1,8,3,home,0,0,1,0,-1,0
2016-12-17,Sunderland,1,0,12,4,home,1,0,0,3,1,1
2016-12-26,Sunderland,1,3,7,4,away,0,0,1,0,-2,0
2016-12-31,Sunderland,1,4,11,3,away,0,0,1,0,-3,0
2017-01-02,Sunderland,2,2,10,5,home,0,1,0,1,0,0
2017-01-14,Sunderland,1,3,14,3,home,0,0,1,0,-2,0
2017-01-21,Sunderland,0,2,9,3,away,0,0,1,0,-2,0
2017-01-31,Sunderland,0,0,3,1,home,0,1,0,1,0,1
2017-02-04,Sunderland,4,0,10,7,away,1,0,0,3,4,1
2017-02-11,Sunderland,0,4,6,1,home,0,0,1,0,-4,0
2017-02-25,Sunderland,0,2,10,1,away,0,0,1,0,-2,0
2017-03-05,Sunderland,0,2,11,3,home,0,0,1,0,-2,0
2017-03-18,Sunderland,0,0,14,5,home,0,1,0,1,0,1
2017-04-01,Sunderland,0,1,11,3,away,0,0,1,0,-1,0
2017-04-04,Sunderland,0,2,15,3,away,0,0,1,0,-2,0
2017-04-09,Sunderland,0,3,9,4,home,0,0,1,0,-3,0
2017-04-15,Sunderland,2,2,14,4,home,0,1,0,1,0,0
2017-04-26,Sunderland,0,1,10,4,away,0,0,1,0,-1,0
2017-04-29,Sunderland,0,1,17,5,home,0,0,1,0,-1,0
2017-05-06,Sunderland,2,0,12,5,away,1,0,0,3,2,1
2017-05-13,Sunderland,0,2,13,4,home,0,0,1,0,-2,0
2017-05-16,Sunderland,0,2,6,2,away,0,0,1,0,-2,0
2017-05-21,Sunderland,1,5,7,3,away,0,0,1,0,-4,0
2025-08-16,Sunderland,3,0,10,5,home,1,0,0,3,3,1
2025-08-23,Sunderland,0,2,9,1,away,0,0,1,0,-2,0
2025-08-30,Sunderland,2,1,12,3,home,1,0,0,3,1,0
2025-09-13,Sunderland,0,0,6,0,away,0,1,0,1,0,1
2025-09-21,Sunderland,1,1,14,4,home,0,1,0,1,0,0
2025-09-27,Sunderland,1,0,11,3,away,1,0,0,3,1,1
2025-10-04,Sunderland,0,2,8,3,away,0,0,1,0,-2,0
2025-10-18,Sunderland,2,0,8,2,home,1,0,0,3,2,1
2025-10-25,Sunderland,2,1,10,4,away,1,0,0,3,1,0
2025-11-03,Sunderland,1,1,17,3,home,0,1,0,1,0,0
2025-11-08,Sunderland,2,2,6,2,home,0,1,0,1,0,0
2025-11-22,Sunderland,0,1,4,2,away,0,0,1,0,-1,0
2025-11-29,Sunderland,3,2,12,6,home,1,0,0,3,1,0
2025-12-03,Sunderland,1,1,9,6,away,0,1,0,1,0,0
2025-12-06,Sunderland,0,3,8,1,away,0,0,1,0,-3,0
2025-12-14,Sunderland,1,0,5,1,home,1,0,0,3,1,1
2025-12-20,Sunderland,0,0,14,6,away,0,1,0,1,0,1
2025-12-28,Sunderland,1,1,8,3,home,0,1,0,1,0,0
2026-01-01,Sunderland,0,0,10,4,home,0,1,0,1,0,1
2026-01-04,Sunderland,1,1,10,3,away,0,1,0,1,0,0
2026-01-07,Sunderland,0,3,11,3,away,0,0,1,0,-3,0
2026-01-17,Sunderland,2,1,13,7,home,1,0,0,3,1,0
2026-01-24,Sunderland,1,3,7,2,away,0,0,1,0,-2,0
2026-02-02,Sunderland,3,0,14,5,home,1,0,0,3,3,1
2026-02-07,Sunderland,0,3,5,3,away,0,0,1,0,-3,0
2026-02-11,Sunderland,0,1,11,2,home,0,0,1,0,-1,0
2026-02-22,Sunderland,1,3,12,2,home,0,0,1,0,-2,0
2026-02-28,Sunderland,1,1,8,4,away,0,1,0,1,0,0
2026-03-03,Sunderland,1,0,3,1,away,1,0,0,3,1,1
2026-03-14,Sunderland,0,1,14,4,home,0,0,1,0,-1,0
2026-03-22,Sunderland,2,1,17,7,away,1,0,0,3,1,0
2011-08-15,Swansea,0,4,8,5,away,0,0,1,0,-4,0
2011-08-20,Swansea,0,0,12,6,home,0,1,0,1,0,1
2011-08-27,Swansea,0,0,15,6,home,0,1,0,1,0,1
2011-09-10,Swansea,0,1,10,5,away,0,0,1,0,-1,0
2011-09-17,Swansea,3,0,7,5,home,1,0,0,3,3,1
2011-09-24,Swansea,1,4,5,4,away,0,0,1,0,-3,0
2011-10-02,Swansea,2,0,9,5,home,1,0,0,3,2,1
2011-10-15,Swansea,1,3,12,4,away,0,0,1,0,-2,0
2011-10-22,Swansea,2,2,16,14,away,0,1,0,1,0,0
2011-10-29,Swansea,3,1,20,12,home,1,0,0,3,2,0
2011-11-05,Swansea,0,0,9,3,away,0,1,0,1,0,1
2011-11-19,Swansea,0,1,9,6,home,0,0,1,0,-1,0
2011-11-27,Swansea,0,0,6,2,home,0,1,0,1,0,1
2011-12-03,Swansea,2,4,10,5,away,0,0,1,0,-2,0
2011-12-10,Swansea,2,0,16,8,home,1,0,0,3,2,1
2011-12-17,Swansea,0,0,3,0,away,0,1,0,1,0,1
2011-12-21,Swansea,0,1,4,4,away,0,0,1,0,-1,0
2011-12-27,Swansea,1,1,7,4,home,0,1,0,1,0,0
2011-12-31,Swansea,1,1,14,8,home,0,1,0,1,0,0
2012-01-02,Swansea,2,0,8,4,away,1,0,0,3,2,1
2012-01-15,Swansea,3,2,9,5,home,1,0,0,3,1,0
2012-01-21,Swansea,0,2,11,4,away,0,0,1,0,-2,0
2012-01-31,Swansea,1,1,7,5,home,0,1,0,1,0,0
2012-02-04,Swansea,2,1,15,8,away,1,0,0,3,1,0
2012-02-11,Swansea,2,3,16,9,home,0,0,1,0,-1,0
2012-02-26,Swansea,0,2,11,6,away,0,0,1,0,-2,0
2012-03-03,Swansea,2,0,12,8,away,1,0,0,3,2,1
2012-03-11,Swansea,1,0,8,5,home,1,0,0,3,1,1
2012-03-17,Swansea,3,0,10,7,away,1,0,0,3,3,1
2012-03-24,Swansea,0,2,10,3,home,0,0,1,0,-2,0
2012-04-01,Swansea,1,3,11,7,away,0,0,1,0,-2,0
2012-04-06,Swansea,0,2,19,13,home,0,0,1,0,-2,0
2012-04-11,Swansea,0,3,9,6,away,0,0,1,0,-3,0
2012-04-14,Swansea,3,0,16,8,home,1,0,0,3,3,1
2012-04-21,Swansea,1,1,20,12,away,0,1,0,1,0,0
2012-04-28,Swansea,4,4,10,8,home,0,1,0,1,0,0
2012-05-06,Swansea,0,2,13,9,away,0,0,1,0,-2,0
2012-05-13,Swansea,1,0,13,8,home,1,0,0,3,1,1
2012-08-18,Swansea,5,0,12,8,away,1,0,0,3,5,1
2012-08-25,Swansea,3,0,10,7,home,1,0,0,3,3,1
2012-09-01,Swansea,2,2,14,10,home,0,1,0,1,0,0
2012-09-15,Swansea,0,2,10,5,away,0,0,1,0,-2,0
2012-09-22,Swansea,0,3,18,11,home,0,0,1,0,-3,0
2012-09-29,Swansea,0,2,8,0,away,0,0,1,0,-2,0
2012-10-06,Swansea,2,2,25,16,home,0,1,0,1,0,0
2012-10-20,Swansea,2,1,18,11,home,1,0,0,3,1,0
2012-10-27,Swansea,0,1,9,5,away,0,0,1,0,-1,0
2012-11-03,Swansea,1,1,9,7,home,0,1,0,1,0,0
2012-11-10,Swansea,1,1,5,3,away,0,1,0,1,0,0
2012-11-17,Swansea,2,1,15,9,away,1,0,0,3,1,0
2012-11-25,Swansea,0,0,17,8,home,0,1,0,1,0,1
2012-11-28,Swansea,3,1,13,8,home,1,0,0,3,2,0
2012-12-01,Swansea,2,0,12,10,away,1,0,0,3,2,1
2012-12-08,Swansea,3,4,21,10,home,0,0,1,0,-1,0
2012-12-16,Swansea,0,1,4,0,away,0,0,1,0,-1,0
2012-12-23,Swansea,1,1,14,10,home,0,1,0,1,0,0
2012-12-26,Swansea,0,0,10,4,away,0,1,0,1,0,1
2012-12-29,Swansea,2,1,10,9,away,1,0,0,3,1,0
2013-01-01,Swansea,2,2,23,13,home,0,1,0,1,0,0
2013-01-12,Swansea,0,0,4,2,away,0,1,0,1,0,1
2013-01-19,Swansea,3,1,12,6,home,1,0,0,3,2,0
2013-01-29,Swansea,0,0,18,8,away,0,1,0,1,0,1
2013-02-02,Swansea,0,1,11,7,away,0,0,1,0,-1,0
2013-02-09,Swansea,4,1,13,12,home,1,0,0,3,3,0
2013-02-17,Swansea,0,5,4,3,away,0,0,1,0,-5,0
2013-03-02,Swansea,1,0,10,7,home,1,0,0,3,1,1
2013-03-09,Swansea,1,2,9,4,away,0,0,1,0,-1,0
2013-03-16,Swansea,0,2,9,2,home,0,0,1,0,-2,0
2013-03-30,Swansea,1,2,11,3,home,0,0,1,0,-1,0
2013-04-06,Swansea,2,2,16,9,away,0,1,0,1,0,0
2013-04-20,Swansea,0,0,14,7,home,0,1,0,1,0,1
2013-04-28,Swansea,0,2,11,8,away,0,0,1,0,-2,0
2013-05-04,Swansea,0,0,7,1,home,0,1,0,1,0,1
2013-05-07,Swansea,3,2,10,6,away,1,0,0,3,1,0
2013-05-12,Swansea,1,2,5,2,away,0,0,1,0,-1,0
2013-05-19,Swansea,0,3,19,11,home,0,0,1,0,-3,0
2013-08-17,Swansea,1,4,17,6,home,0,0,1,0,-3,0
2013-08-25,Swansea,0,1,7,5,away,0,0,1,0,-1,0
2013-09-01,Swansea,2,0,12,4,away,1,0,0,3,2,1
2013-09-16,Swansea,2,2,17,8,home,0,1,0,1,0,0
2013-09-22,Swansea,2,0,15,7,away,1,0,0,3,2,1
2013-09-28,Swansea,1,2,10,3,home,0,0,1,0,-1,0
2013-10-06,Swansea,0,2,17,7,away,0,0,1,0,-2,0
2013-10-19,Swansea,4,0,14,6,home,1,0,0,3,4,1
2013-10-27,Swansea,0,0,10,5,home,0,1,0,1,0,1
2013-11-03,Swansea,0,1,10,3,away,0,0,1,0,-1,0
2013-11-10,Swansea,3,3,17,6,home,0,1,0,1,0,0
2013-11-23,Swansea,2,1,21,5,away,1,0,0,3,1,0
2013-12-01,Swansea,0,3,9,4,away,0,0,1,0,-3,0
2013-12-04,Swansea,3,0,13,5,home,1,0,0,3,3,1
2013-12-09,Swansea,1,1,11,2,home,0,1,0,1,0,0
2013-12-15,Swansea,1,1,10,2,away,0,1,0,1,0,0
2013-12-22,Swansea,1,2,13,3,home,0,0,1,0,-1,0
2013-12-26,Swansea,0,1,8,1,away,0,0,1,0,-1,0
2013-12-28,Swansea,1,1,17,3,away,0,1,0,1,0,0
2014-01-01,Swansea,2,3,15,4,home,0,0,1,0,-1,0
2014-01-11,Swansea,0,2,13,2,away,0,0,1,0,-2,0
2014-01-19,Swansea,1,3,13,3,home,0,0,1,0,-2,0
2014-01-28,Swansea,2,0,14,7,home,1,0,0,3,2,1
2014-02-01,Swansea,0,2,20,0,away,0,0,1,0,-2,0
2014-02-08,Swansea,3,0,17,6,home,1,0,0,3,3,1
2014-02-12,Swansea,1,1,13,3,away,0,1,0,1,0,0
2014-02-23,Swansea,3,4,14,5,away,0,0,1,0,-1,0
2014-03-02,Swansea,1,1,7,5,home,0,1,0,1,0,0
2014-03-15,Swansea,1,2,15,4,home,0,0,1,0,-1,0
2014-03-22,Swansea,2,3,21,7,away,0,0,1,0,-1,0
2014-03-25,Swansea,2,2,8,2,away,0,1,0,1,0,0
2014-03-29,Swansea,3,0,16,7,home,1,0,0,3,3,1
2014-04-05,Swansea,0,1,12,2,away,0,0,1,0,-1,0
2014-04-13,Swansea,0,1,7,4,home,0,0,1,0,-1,0
2014-04-19,Swansea,2,1,10,2,away,1,0,0,3,1,0
2014-04-26,Swansea,4,1,11,8,home,1,0,0,3,3,0
2014-05-03,Swansea,0,1,12,3,home,0,0,1,0,-1,0
2014-05-11,Swansea,3,1,8,4,away,1,0,0,3,2,0
2014-08-16,Swansea,2,1,5,4,away,1,0,0,3,1,0
2014-08-23,Swansea,1,0,10,5,home,1,0,0,3,1,1
2014-08-30,Swansea,3,0,15,8,home,1,0,0,3,3,1
2014-09-13,Swansea,2,4,11,2,away,0,0,1,0,-2,0
2014-09-20,Swansea,0,1,5,2,home,0,0,1,0,-1,0
2014-09-27,Swansea,0,0,7,1,away,0,1,0,1,0,1
2014-10-04,Swansea,2,2,11,5,home,0,1,0,1,0,0
2014-10-19,Swansea,1,2,13,5,away,0,0,1,0,-1,0
2014-10-25,Swansea,2,0,7,3,home,1,0,0,3,2,1
2014-11-01,Swansea,0,0,8,0,away,0,1,0,1,0,1
2014-11-09,Swansea,2,1,11,5,home,1,0,0,3,1,0
2014-11-22,Swansea,1,2,8,3,away,0,0,1,0,-1,0
2014-11-29,Swansea,1,1,18,4,home,0,1,0,1,0,0
2014-12-02,Swansea,2,0,18,7,home,1,0,0,3,2,1
2014-12-07,Swansea,1,3,11,2,away,0,0,1,0,-2,0
2014-12-14,Swansea,1,2,15,3,home,0,0,1,0,-1,0
2014-12-20,Swansea,1,0,13,3,away,1,0,0,3,1,1
2014-12-26,Swansea,1,0,7,2,home,1,0,0,3,1,1
2014-12-29,Swansea,1,4,11,4,away,0,0,1,0,-3,0
2015-01-01,Swansea,1,1,25,6,away,0,1,0,1,0,0
2015-01-10,Swansea,1,1,19,3,home,0,1,0,1,0,0
2015-01-17,Swansea,0,5,11,0,home,0,0,1,0,-5,0
2015-02-01,Swansea,1,0,6,1,away,1,0,0,3,1,1
2015-02-07,Swansea,1,1,16,7,home,0,1,0,1,0,0
2015-02-11,Swansea,0,2,10,3,away,0,0,1,0,-2,0
2015-02-21,Swansea,2,1,11,6,home,1,0,0,3,1,0
2015-02-28,Swansea,1,0,8,2,away,1,0,0,3,1,1
2015-03-04,Swansea,2,3,10,5,away,0,0,1,0,-1,0
2015-03-16,Swansea,0,1,10,3,home,0,0,1,0,-1,0
2015-03-21,Swansea,1,0,9,6,away,1,0,0,3,1,1
2015-04-04,Swansea,3,1,9,4,home,1,0,0,3,2,0
2015-04-11,Swansea,1,1,11,3,home,0,1,0,1,0,0
2015-04-18,Swansea,0,2,10,6,away,0,0,1,0,-2,0
2015-04-25,Swansea,3,2,11,6,away,1,0,0,3,1,0
2015-05-02,Swansea,2,0,16,4,home,1,0,0,3,2,1
2015-05-11,Swansea,1,0,8,3,away,1,0,0,3,1,1
2015-05-17,Swansea,2,4,13,9,home,0,0,1,0,-2,0
2015-05-24,Swansea,0,1,5,2,away,0,0,1,0,-1,0
2015-08-08,Swansea,2,2,18,10,away,0,1,0,1,0,0
2015-08-15,Swansea,2,0,19,6,home,1,0,0,3,2,1
2015-08-22,Swansea,1,1,20,9,away,0,1,0,1,0,0
2015-08-30,Swansea,2,1,9,4,home,1,0,0,3,1,0
2015-09-12,Swansea,0,1,8,3,away,0,0,1,0,-1,0
2015-09-19,Swansea,0,0,12,3,home,0,1,0,1,0,1
2015-09-26,Swansea,1,3,11,4,away,0,0,1,0,-2,0
2015-10-04,Swansea,2,2,11,2,home,0,1,0,1,0,0
2015-10-19,Swansea,0,1,14,2,home,0,0,1,0,-1,0
2015-10-24,Swansea,2,1,11,4,away,1,0,0,3,1,0
2015-10-31,Swansea,0,3,8,3,home,0,0,1,0,-3,0
2015-11-07,Swansea,0,1,8,0,away,0,0,1,0,-1,0
2015-11-21,Swansea,2,2,11,4,home,0,1,0,1,0,0
2015-11-29,Swansea,0,1,8,0,away,0,0,1,0,-1,0
2015-12-05,Swansea,0,3,10,2,home,0,0,1,0,-3,0
2015-12-12,Swansea,1,2,13,7,away,0,0,1,0,-1,0
2015-12-20,Swansea,0,0,21,2,home,0,1,0,1,0,1
2015-12-26,Swansea,1,0,7,2,home,1,0,0,3,1,1
2015-12-28,Swansea,0,0,5,3,away,0,1,0,1,0,1
2016-01-02,Swansea,1,2,9,4,away,0,0,1,0,-1,0
2016-01-13,Swansea,2,4,10,5,home,0,0,1,0,-2,0
2016-01-18,Swansea,1,0,10,2,home,1,0,0,3,1,1
2016-01-24,Swansea,2,1,7,5,away,1,0,0,3,1,0
2016-02-02,Swansea,1,1,18,4,away,0,1,0,1,0,0
2016-02-06,Swansea,1,1,19,3,home,0,1,0,1,0,0
2016-02-13,Swansea,0,1,13,2,home,0,0,1,0,-1,0
2016-02-28,Swansea,1,2,10,4,away,0,0,1,0,-1,0
2016-03-02,Swansea,2,1,11,2,away,1,0,0,3,1,0
2016-03-05,Swansea,1,0,10,3,home,1,0,0,3,1,1
2016-03-12,Swansea,2,3,12,4,away,0,0,1,0,-1,0
2016-03-19,Swansea,1,0,10,1,home,1,0,0,3,1,1
2016-04-02,Swansea,2,2,12,3,away,0,1,0,1,0,0
2016-04-09,Swansea,1,0,12,6,home,1,0,0,3,1,1
2016-04-16,Swansea,0,3,11,1,away,0,0,1,0,-3,0
2016-04-24,Swansea,0,4,9,1,away,0,0,1,0,-4,0
2016-05-01,Swansea,3,1,18,9,home,1,0,0,3,2,0
2016-05-07,Swansea,4,1,13,6,away,1,0,0,3,3,0
2016-05-15,Swansea,1,1,4,1,home,0,1,0,1,0,0
2016-08-13,Swansea,1,0,17,9,away,1,0,0,3,1,1
2016-08-20,Swansea,0,2,13,3,home,0,0,1,0,-2,0
2016-08-27,Swansea,1,2,9,3,away,0,0,1,0,-1,0
2016-09-11,Swansea,2,2,6,2,home,0,1,0,1,0,0
2016-09-18,Swansea,0,1,9,3,away,0,0,1,0,-1,0
2016-09-24,Swansea,1,3,13,5,home,0,0,1,0,-2,0
2016-10-01,Swansea,1,2,8,3,home,0,0,1,0,-1,0
2016-10-15,Swansea,2,3,13,6,away,0,0,1,0,-1,0
2016-10-22,Swansea,0,0,11,5,home,0,1,0,1,0,1
2016-10-31,Swansea,1,3,14,6,away,0,0,1,0,-2,0
2016-11-06,Swansea,1,3,6,1,home,0,0,1,0,-2,0
2016-11-19,Swansea,1,1,5,3,away,0,1,0,1,0,0
2016-11-26,Swansea,5,4,18,9,home,1,0,0,3,1,0
2016-12-03,Swansea,0,5,1,0,away,0,0,1,0,-5,0
2016-12-10,Swansea,3,0,14,5,home,1,0,0,3,3,1
2016-12-14,Swansea,1,3,8,4,away,0,0,1,0,-2,0
2016-12-17,Swansea,0,3,14,2,away,0,0,1,0,-3,0
2016-12-26,Swansea,1,4,14,7,home,0,0,1,0,-3,0
2016-12-31,Swansea,0,3,14,5,home,0,0,1,0,-3,0
2017-01-03,Swansea,2,1,11,4,away,1,0,0,3,1,0
2017-01-14,Swansea,0,4,12,3,home,0,0,1,0,-4,0
2017-01-21,Swansea,3,2,6,3,away,1,0,0,3,1,0
2017-01-31,Swansea,2,1,11,5,home,1,0,0,3,1,0
2017-02-05,Swansea,1,2,4,2,away,0,0,1,0,-1,0
2017-02-12,Swansea,2,0,10,4,home,1,0,0,3,2,1
2017-02-25,Swansea,1,3,3,2,away,0,0,1,0,-2,0
2017-03-04,Swansea,3,2,23,10,home,1,0,0,3,1,0
2017-03-11,Swansea,1,2,11,3,away,0,0,1,0,-1,0
2017-03-18,Swansea,0,2,10,1,away,0,0,1,0,-2,0
2017-04-02,Swansea,0,0,15,3,home,0,1,0,1,0,1
2017-04-05,Swansea,1,3,4,1,home,0,0,1,0,-2,0
2017-04-08,Swansea,0,1,4,1,away,0,0,1,0,-1,0
2017-04-15,Swansea,0,1,13,4,away,0,0,1,0,-1,0
2017-04-22,Swansea,2,0,10,6,home,1,0,0,3,2,1
2017-04-30,Swansea,1,1,12,4,away,0,1,0,1,0,0
2017-05-06,Swansea,1,0,9,4,home,1,0,0,3,1,1
2017-05-13,Swansea,2,0,3,3,away,1,0,0,3,2,1
2017-05-21,Swansea,2,1,12,2,home,1,0,0,3,1,0
2017-08-12,Swansea,0,0,4,0,away,0,1,0,1,0,1
2017-08-19,Swansea,0,4,6,1,home,0,0,1,0,-4,0
2017-08-26,Swansea,2,0,7,3,away,1,0,0,3,2,1
2017-09-10,Swansea,0,1,10,4,home,0,0,1,0,-1,0
2017-09-16,Swansea,0,0,4,0,away,0,1,0,1,0,1
2017-09-23,Swansea,1,2,10,3,home,0,0,1,0,-1,0
2017-09-30,Swansea,0,1,6,1,away,0,0,1,0,-1,0
2017-10-14,Swansea,2,0,7,3,home,1,0,0,3,2,1
2017-10-21,Swansea,1,2,19,4,home,0,0,1,0,-1,0
2017-10-28,Swansea,1,2,4,2,away,0,0,1,0,-1,0
2017-11-04,Swansea,0,1,12,2,home,0,0,1,0,-1,0
2017-11-18,Swansea,0,2,13,1,away,0,0,1,0,-2,0
2017-11-25,Swansea,0,0,10,1,home,0,1,0,1,0,1
2017-11-29,Swansea,0,1,2,0,away,0,0,1,0,-1,0
2017-12-02,Swansea,1,2,10,3,away,0,0,1,0,-1,0
2017-12-09,Swansea,1,0,18,3,home,1,0,0,3,1,1
2017-12-13,Swansea,0,4,7,3,home,0,0,1,0,-4,0
2017-12-18,Swansea,1,3,8,3,away,0,0,1,0,-2,0
2017-12-23,Swansea,1,1,7,2,home,0,1,0,1,0,0
2017-12-26,Swansea,0,5,7,4,away,0,0,1,0,-5,0
2017-12-30,Swansea,2,1,9,4,away,1,0,0,3,1,0
2018-01-02,Swansea,0,2,8,1,home,0,0,1,0,-2,0
2018-01-13,Swansea,1,1,8,5,away,0,1,0,1,0,0
2018-01-22,Swansea,1,0,3,2,home,1,0,0,3,1,1
2018-01-30,Swansea,3,1,12,4,home,1,0,0,3,2,0
2018-02-03,Swansea,1,1,3,1,away,0,1,0,1,0,0
2018-02-10,Swansea,1,0,12,4,home,1,0,0,3,1,1
2018-02-24,Swansea,1,4,11,1,away,0,0,1,0,-3,0
2018-03-03,Swansea,4,1,9,8,home,1,0,0,3,3,0
2018-03-10,Swansea,0,0,0,0,away,0,1,0,1,0,1
2018-03-31,Swansea,0,2,3,2,away,0,0,1,0,-2,0
2018-04-07,Swansea,1,1,7,1,away,0,1,0,1,0,0
2018-04-14,Swansea,1,1,17,7,home,0,1,0,1,0,0
2018-04-22,Swansea,0,5,4,1,away,0,0,1,0,-5,0
2018-04-28,Swansea,0,1,10,3,home,0,0,1,0,-1,0
2018-05-05,Swansea,0,1,12,3,away,0,0,1,0,-1,0
2018-05-08,Swansea,0,1,11,3,home,0,0,1,0,-1,0
2018-05-13,Swansea,1,2,26,11,home,0,0,1,0,-1,0
2010-08-14,Tottenham,0,0,22,18,home,0,1,0,1,0,1
2010-08-21,Tottenham,2,1,7,6,away,1,0,0,3,1,0
2010-08-28,Tottenham,0,1,12,7,home,0,0,1,0,-1,0
2010-09-11,Tottenham,1,1,16,9,away,0,1,0,1,0,0
2010-09-18,Tottenham,3,1,20,11,home,1,0,0,3,2,0
2010-09-25,Tottenham,0,1,17,11,away,0,0,1,0,-1,0
2010-10-02,Tottenham,2,1,19,10,home,1,0,0,3,1,0
2010-10-16,Tottenham,2,1,14,6,away,1,0,0,3,1,0
2010-10-23,Tottenham,1,1,13,8,home,0,1,0,1,0,0
2010-10-30,Tottenham,0,2,11,5,away,0,0,1,0,-2,0
2010-11-06,Tottenham,2,4,11,6,away,0,0,1,0,-2,0
2010-11-09,Tottenham,1,1,20,12,home,0,1,0,1,0,0
2010-11-13,Tottenham,4,2,20,12,home,1,0,0,3,2,0
2010-11-20,Tottenham,3,2,10,6,away,1,0,0,3,1,0
2010-11-28,Tottenham,2,1,20,13,home,1,0,0,3,1,0
2010-12-04,Tottenham,1,1,10,5,away,0,1,0,1,0,0
2010-12-12,Tottenham,1,1,10,3,home,0,1,0,1,0,0
2010-12-26,Tottenham,2,1,13,8,away,1,0,0,3,1,0
2010-12-28,Tottenham,2,0,13,8,home,1,0,0,3,2,1
2011-01-01,Tottenham,1,0,13,9,home,1,0,0,3,1,1
2011-01-05,Tottenham,1,2,13,5,away,0,0,1,0,-1,0
2011-01-16,Tottenham,0,0,16,6,home,0,1,0,1,0,1
2011-01-22,Tottenham,1,1,14,9,away,0,1,0,1,0,0
2011-02-02,Tottenham,1,0,6,5,away,1,0,0,3,1,1
2011-02-05,Tottenham,2,1,13,7,home,1,0,0,3,1,0
2011-02-12,Tottenham,2,1,11,5,away,1,0,0,3,1,0
2011-02-22,Tottenham,1,3,25,10,away,0,0,1,0,-2,0
2011-03-06,Tottenham,3,3,15,10,away,0,1,0,1,0,0
2011-03-19,Tottenham,0,0,26,14,home,0,1,0,1,0,1
2011-04-02,Tottenham,0,0,10,6,away,0,1,0,1,0,1
2011-04-09,Tottenham,3,2,9,8,home,1,0,0,3,1,0
2011-04-20,Tottenham,3,3,16,9,home,0,1,0,1,0,0
2011-04-23,Tottenham,2,2,19,9,home,0,1,0,1,0,0
2011-04-30,Tottenham,1,2,12,7,away,0,0,1,0,-1,0
2011-05-07,Tottenham,1,1,20,11,home,0,1,0,1,0,0
2011-05-10,Tottenham,0,1,14,7,away,0,0,1,0,-1,0
2011-05-15,Tottenham,2,0,8,4,away,1,0,0,3,2,1
2011-05-22,Tottenham,2,1,22,16,home,1,0,0,3,1,0
2011-08-22,Tottenham,0,3,20,12,away,0,0,1,0,-3,0
2011-08-28,Tottenham,1,5,15,10,home,0,0,1,0,-4,0
2011-09-10,Tottenham,2,0,17,11,away,1,0,0,3,2,1
2011-09-18,Tottenham,4,0,24,16,home,1,0,0,3,4,1
2011-09-24,Tottenham,2,1,14,7,away,1,0,0,3,1,0
2011-10-02,Tottenham,2,1,16,8,home,1,0,0,3,1,0
2011-10-16,Tottenham,2,2,11,8,away,0,1,0,1,0,0
2011-10-23,Tottenham,2,1,9,7,away,1,0,0,3,1,0
2011-10-30,Tottenham,3,1,22,13,home,1,0,0,3,2,0
2011-11-06,Tottenham,3,1,8,8,away,1,0,0,3,2,0
2011-11-21,Tottenham,2,0,20,9,home,1,0,0,3,2,1
2011-11-26,Tottenham,3,1,23,14,away,1,0,0,3,2,0
2011-12-03,Tottenham,3,0,25,16,home,1,0,0,3,3,1
2011-12-11,Tottenham,1,2,15,12,away,0,0,1,0,-1,0
2011-12-18,Tottenham,1,0,16,12,home,1,0,0,3,1,1
2011-12-22,Tottenham,1,1,16,10,home,0,1,0,1,0,0
2011-12-27,Tottenham,2,0,19,8,away,1,0,0,3,2,1
2011-12-31,Tottenham,1,1,12,7,away,0,1,0,1,0,0
2012-01-03,Tottenham,1,0,20,14,home,1,0,0,3,1,1
2012-01-11,Tottenham,2,0,14,7,home,1,0,0,3,2,1
2012-01-14,Tottenham,1,1,22,10,home,0,1,0,1,0,0
2012-01-22,Tottenham,2,3,12,7,away,0,0,1,0,-1,0
2012-01-31,Tottenham,3,1,20,13,home,1,0,0,3,2,0
2012-02-06,Tottenham,0,0,9,6,away,0,1,0,1,0,1
2012-02-11,Tottenham,5,0,18,9,home,1,0,0,3,5,1
2012-02-26,Tottenham,2,5,8,4,away,0,0,1,0,-3,0
2012-03-04,Tottenham,1,3,18,9,home,0,0,1,0,-2,0
2012-03-10,Tottenham,0,1,21,9,away,0,0,1,0,-1,0
2012-03-21,Tottenham,1,1,24,18,home,0,1,0,1,0,0
2012-03-24,Tottenham,0,0,19,7,away,0,1,0,1,0,1
2012-04-01,Tottenham,3,1,15,10,home,1,0,0,3,2,0
2012-04-07,Tottenham,0,0,15,8,away,0,1,0,1,0,1
2012-04-09,Tottenham,1,2,13,9,home,0,0,1,0,-1,0
2012-04-21,Tottenham,0,1,17,8,away,0,0,1,0,-1,0
2012-04-29,Tottenham,2,0,19,8,home,1,0,0,3,2,1
2012-05-02,Tottenham,4,1,13,10,away,1,0,0,3,3,0
2012-05-06,Tottenham,1,1,21,10,away,0,1,0,1,0,0
2012-05-13,Tottenham,2,0,15,9,home,1,0,0,3,2,1
2012-08-18,Tottenham,1,2,12,6,away,0,0,1,0,-1,0
2012-08-25,Tottenham,1,1,18,10,home,0,1,0,1,0,0
2012-09-01,Tottenham,1,1,15,9,home,0,1,0,1,0,0
2012-09-16,Tottenham,3,1,22,11,away,1,0,0,3,2,0
2012-09-23,Tottenham,2,1,18,14,home,1,0,0,3,1,0
2012-09-29,Tottenham,3,2,10,6,away,1,0,0,3,1,0
2012-10-07,Tottenham,2,0,23,10,home,1,0,0,3,2,1
2012-10-20,Tottenham,2,4,23,16,home,0,0,1,0,-2,0
2012-10-28,Tottenham,2,1,11,4,away,1,0,0,3,1,0
2012-11-03,Tottenham,0,1,13,10,home,0,0,1,0,-1,0
2012-11-11,Tottenham,1,2,6,2,away,0,0,1,0,-1,0
2012-11-17,Tottenham,2,5,6,4,away,0,0,1,0,-3,0
2012-11-25,Tottenham,3,1,25,13,home,1,0,0,3,2,0
2012-11-28,Tottenham,2,1,14,7,home,1,0,0,3,1,0
2012-12-01,Tottenham,3,0,10,6,away,1,0,0,3,3,1
2012-12-09,Tottenham,1,2,8,6,away,0,0,1,0,-1,0
2012-12-16,Tottenham,1,0,24,16,home,1,0,0,3,1,1
2012-12-22,Tottenham,0,0,21,14,home,0,1,0,1,0,1
2012-12-26,Tottenham,4,0,20,16,away,1,0,0,3,4,1
2012-12-29,Tottenham,2,1,18,14,away,1,0,0,3,1,0
2013-01-01,Tottenham,3,1,30,20,home,1,0,0,3,2,0
2013-01-12,Tottenham,0,0,16,8,away,0,1,0,1,0,1
2013-01-20,Tottenham,1,1,23,18,home,0,1,0,1,0,0
2013-01-30,Tottenham,1,1,12,7,away,0,1,0,1,0,0
2013-02-03,Tottenham,1,0,21,13,away,1,0,0,3,1,1
2013-02-09,Tottenham,2,1,16,9,home,1,0,0,3,1,0
2013-02-25,Tottenham,3,2,25,16,away,1,0,0,3,1,0
2013-03-03,Tottenham,2,1,11,5,home,1,0,0,3,1,0
2013-03-10,Tottenham,2,3,15,9,away,0,0,1,0,-1,0
2013-03-17,Tottenham,0,1,12,6,home,0,0,1,0,-1,0
2013-03-30,Tottenham,2,1,9,7,away,1,0,0,3,1,0
2013-04-07,Tottenham,2,2,19,10,home,0,1,0,1,0,0
2013-04-21,Tottenham,3,1,11,8,home,1,0,0,3,2,0
2013-04-27,Tottenham,2,2,14,7,away,0,1,0,1,0,0
2013-05-04,Tottenham,1,0,7,4,home,1,0,0,3,1,1
2013-05-08,Tottenham,2,2,13,6,away,0,1,0,1,0,0
2013-05-12,Tottenham,2,1,23,15,away,1,0,0,3,1,0
2013-05-19,Tottenham,1,0,23,19,home,1,0,0,3,1,1
2013-08-18,Tottenham,1,0,17,2,away,1,0,0,3,1,1
2013-08-25,Tottenham,1,0,19,5,home,1,0,0,3,1,1
2013-09-01,Tottenham,0,1,14,4,away,0,0,1,0,-1,0
2013-09-14,Tottenham,2,0,23,7,home,1,0,0,3,2,1
2013-09-22,Tottenham,1,0,29,12,away,1,0,0,3,1,1
2013-09-28,Tottenham,1,1,12,4,home,0,1,0,1,0,0
2013-10-06,Tottenham,0,3,14,4,home,0,0,1,0,-3,0
2013-10-20,Tottenham,2,0,13,6,away,1,0,0,3,2,1
2013-10-27,Tottenham,1,0,15,6,home,1,0,0,3,1,1
2013-11-03,Tottenham,0,0,16,6,away,0,1,0,1,0,1
2013-11-10,Tottenham,0,1,31,14,home,0,0,1,0,-1,0
2013-11-24,Tottenham,0,6,13,5,away,0,0,1,0,-6,0
2013-12-01,Tottenham,2,2,10,4,home,0,1,0,1,0,0
2013-12-04,Tottenham,2,1,18,5,away,1,0,0,3,1,0
2013-12-07,Tottenham,2,1,22,5,away,1,0,0,3,1,0
2013-12-15,Tottenham,0,5,9,0,home,0,0,1,0,-5,0
2013-12-22,Tottenham,3,2,13,3,away,1,0,0,3,1,0
2013-12-26,Tottenham,1,1,20,3,home,0,1,0,1,0,0
2013-12-29,Tottenham,3,0,20,7,home,1,0,0,3,3,1
2014-01-01,Tottenham,2,1,9,4,away,1,0,0,3,1,0
2014-01-11,Tottenham,2,0,10,4,home,1,0,0,3,2,1
2014-01-19,Tottenham,3,1,11,5,away,1,0,0,3,2,0
2014-01-29,Tottenham,1,5,4,2,home,0,0,1,0,-4,0
2014-02-01,Tottenham,1,1,19,3,away,0,1,0,1,0,0
2014-02-09,Tottenham,1,0,8,2,home,1,0,0,3,1,1
2014-02-12,Tottenham,4,0,15,8,away,1,0,0,3,4,1
2014-02-23,Tottenham,0,1,9,2,away,0,0,1,0,-1,0
2014-03-02,Tottenham,1,0,15,6,home,1,0,0,3,1,1
2014-03-08,Tottenham,0,4,6,2,away,0,0,1,0,-4,0
2014-03-16,Tottenham,0,1,17,2,home,0,0,1,0,-1,0
2014-03-23,Tottenham,3,2,15,6,home,1,0,0,3,1,0
2014-03-30,Tottenham,0,4,15,4,away,0,0,1,0,-4,0
2014-04-07,Tottenham,5,1,29,11,home,1,0,0,3,4,0
2014-04-12,Tottenham,3,3,20,8,away,0,1,0,1,0,0
2014-04-19,Tottenham,3,1,14,5,home,1,0,0,3,2,0
2014-04-26,Tottenham,1,0,16,4,away,1,0,0,3,1,1
2014-05-03,Tottenham,0,2,12,3,away,0,0,1,0,-2,0
2014-05-11,Tottenham,3,0,12,6,home,1,0,0,3,3,1
2014-08-16,Tottenham,1,0,10,4,away,1,0,0,3,1,1
2014-08-24,Tottenham,4,0,18,5,home,1,0,0,3,4,1
2014-08-31,Tottenham,0,3,7,1,home,0,0,1,0,-3,0
2014-09-13,Tottenham,2,2,15,6,away,0,1,0,1,0,0
2014-09-21,Tottenham,0,1,7,1,home,0,0,1,0,-1,0
2014-09-27,Tottenham,1,1,6,4,away,0,1,0,1,0,0
2014-10-05,Tottenham,1,0,9,4,home,1,0,0,3,1,1
2014-10-18,Tottenham,1,4,19,7,away,0,0,1,0,-3,0
2014-10-26,Tottenham,1,2,17,2,home,0,0,1,0,-1,0
2014-11-02,Tottenham,2,1,18,7,away,1,0,0,3,1,0
2014-11-09,Tottenham,1,2,14,4,home,0,0,1,0,-1,0
2014-11-23,Tottenham,2,1,23,6,away,1,0,0,3,1,0
2014-11-30,Tottenham,2,1,13,6,home,1,0,0,3,1,0
2014-12-03,Tottenham,0,3,10,2,away,0,0,1,0,-3,0
2014-12-06,Tottenham,0,0,14,3,home,0,1,0,1,0,1
2014-12-14,Tottenham,2,1,10,4,away,1,0,0,3,1,0
2014-12-20,Tottenham,2,1,23,6,home,1,0,0,3,1,0
2014-12-26,Tottenham,2,1,8,3,away,1,0,0,3,1,0
2014-12-28,Tottenham,0,0,9,4,home,0,1,0,1,0,1
2015-01-01,Tottenham,5,3,11,8,home,1,0,0,3,2,0
2015-01-10,Tottenham,1,2,9,5,away,0,0,1,0,-1,0
2015-01-17,Tottenham,2,1,25,8,home,1,0,0,3,1,0
2015-01-31,Tottenham,3,0,14,4,away,1,0,0,3,3,1
2015-02-07,Tottenham,2,1,23,8,home,1,0,0,3,1,0
2015-02-10,Tottenham,2,3,14,5,away,0,0,1,0,-1,0
2015-02-22,Tottenham,2,2,27,8,home,0,1,0,1,0,0
2015-03-04,Tottenham,3,2,20,7,home,1,0,0,3,1,0
2015-03-07,Tottenham,2,1,13,6,away,1,0,0,3,1,0
2015-03-15,Tottenham,0,3,5,1,away,0,0,1,0,-3,0
2015-03-21,Tottenham,4,3,10,4,home,1,0,0,3,1,0
2015-04-05,Tottenham,0,0,12,2,away,0,1,0,1,0,1
2015-04-11,Tottenham,0,1,14,3,home,0,0,1,0,-1,0
2015-04-19,Tottenham,3,1,14,8,away,1,0,0,3,2,0
2015-04-25,Tottenham,2,2,7,2,away,0,1,0,1,0,0
2015-05-03,Tottenham,0,1,21,5,home,0,0,1,0,-1,0
2015-05-09,Tottenham,0,3,9,3,away,0,0,1,0,-3,0
2015-05-16,Tottenham,2,0,10,3,home,1,0,0,3,2,1
2015-05-24,Tottenham,1,0,16,3,away,1,0,0,3,1,1
2015-08-08,Tottenham,0,1,9,4,away,0,0,1,0,-1,0
2015-08-15,Tottenham,2,2,13,7,home,0,1,0,1,0,0
2015-08-22,Tottenham,1,1,19,6,away,0,1,0,1,0,0
2015-08-29,Tottenham,0,0,20,6,home,0,1,0,1,0,1
2015-09-13,Tottenham,1,0,15,4,away,1,0,0,3,1,1
2015-09-20,Tottenham,1,0,22,6,home,1,0,0,3,1,1
2015-09-26,Tottenham,4,1,15,8,home,1,0,0,3,3,0
2015-10-04,Tottenham,2,2,19,11,away,0,1,0,1,0,0
2015-10-17,Tottenham,0,0,13,4,home,0,1,0,1,0,1
2015-10-25,Tottenham,5,1,14,9,away,1,0,0,3,4,0
2015-11-02,Tottenham,3,1,17,6,home,1,0,0,3,2,0
2015-11-08,Tottenham,1,1,14,4,away,0,1,0,1,0,0
2015-11-22,Tottenham,4,1,22,12,home,1,0,0,3,3,0
2015-11-29,Tottenham,0,0,9,4,home,0,1,0,1,0,1
2015-12-05,Tottenham,1,1,9,3,away,0,1,0,1,0,0
2015-12-13,Tottenham,1,2,20,8,home,0,0,1,0,-1,0
2015-12-19,Tottenham,2,0,13,6,away,1,0,0,3,2,1
2015-12-26,Tottenham,3,0,15,10,home,1,0,0,3,3,1
2015-12-28,Tottenham,2,1,10,3,away,1,0,0,3,1,0
2016-01-03,Tottenham,1,1,19,4,away,0,1,0,1,0,0
2016-01-13,Tottenham,0,1,21,5,home,0,0,1,0,-1,0
2016-01-16,Tottenham,4,1,26,11,home,1,0,0,3,3,0
2016-01-23,Tottenham,3,1,24,11,away,1,0,0,3,2,0
2016-02-02,Tottenham,3,0,17,6,away,1,0,0,3,3,1
2016-02-06,Tottenham,1,0,26,9,home,1,0,0,3,1,1
2016-02-14,Tottenham,2,1,6,3,away,1,0,0,3,1,0
2016-02-28,Tottenham,2,1,34,14,home,1,0,0,3,1,0
2016-03-02,Tottenham,0,1,9,2,away,0,0,1,0,-1,0
2016-03-05,Tottenham,2,2,26,11,home,0,1,0,1,0,0
2016-03-13,Tottenham,2,0,19,8,away,1,0,0,3,2,1
2016-03-20,Tottenham,3,0,17,8,home,1,0,0,3,3,1
2016-04-02,Tottenham,1,1,18,5,away,0,1,0,1,0,0
2016-04-10,Tottenham,3,0,16,8,home,1,0,0,3,3,1
2016-04-18,Tottenham,4,0,23,6,away,1,0,0,3,4,1
2016-04-25,Tottenham,1,1,19,2,home,0,1,0,1,0,0
2016-05-02,Tottenham,2,2,16,5,away,0,1,0,1,0,0
2016-05-08,Tottenham,1,2,20,6,home,0,0,1,0,-1,0
2016-05-15,Tottenham,1,5,17,5,away,0,0,1,0,-4,0
2016-08-13,Tottenham,1,1,13,4,away,0,1,0,1,0,0
2016-08-20,Tottenham,1,0,20,5,home,1,0,0,3,1,1
2016-08-27,Tottenham,1,1,11,4,home,0,1,0,1,0,0
2016-09-10,Tottenham,4,0,20,8,away,1,0,0,3,4,1
2016-09-18,Tottenham,1,0,31,9,home,1,0,0,3,1,1
2016-09-24,Tottenham,2,1,19,5,away,1,0,0,3,1,0
2016-10-02,Tottenham,2,0,13,7,home,1,0,0,3,2,1
2016-10-15,Tottenham,1,1,20,8,away,0,1,0,1,0,0
2016-10-22,Tottenham,0,0,16,4,away,0,1,0,1,0,1
2016-10-29,Tottenham,1,1,22,5,home,0,1,0,1,0,0
2016-11-06,Tottenham,1,1,10,3,away,0,1,0,1,0,0
2016-11-19,Tottenham,3,2,14,6,home,1,0,0,3,1,0
2016-11-26,Tottenham,1,2,12,6,away,0,0,1,0,-1,0
2016-12-03,Tottenham,5,0,28,15,home,1,0,0,3,5,1
2016-12-11,Tottenham,0,1,12,4,away,0,0,1,0,-1,0
2016-12-14,Tottenham,3,0,27,9,home,1,0,0,3,3,1
2016-12-18,Tottenham,2,1,30,9,home,1,0,0,3,1,0
2016-12-28,Tottenham,4,1,17,5,away,1,0,0,3,3,0
2017-01-01,Tottenham,4,1,19,6,away,1,0,0,3,3,0
2017-01-04,Tottenham,2,0,9,2,home,1,0,0,3,2,1
2017-01-14,Tottenham,4,0,21,11,home,1,0,0,3,4,1
2017-01-21,Tottenham,2,2,6,2,away,0,1,0,1,0,0
2017-01-31,Tottenham,0,0,14,3,away,0,1,0,1,0,1
2017-02-04,Tottenham,1,0,17,5,home,1,0,0,3,1,1
2017-02-11,Tottenham,0,2,7,2,away,0,0,1,0,-2,0
2017-02-26,Tottenham,4,0,21,9,home,1,0,0,3,4,1
2017-03-05,Tottenham,3,2,20,7,home,1,0,0,3,1,0
2017-03-19,Tottenham,2,1,12,6,home,1,0,0,3,1,0
2017-04-01,Tottenham,2,0,19,7,away,1,0,0,3,2,1
2017-04-05,Tottenham,3,1,18,8,away,1,0,0,3,2,0
2017-04-08,Tottenham,4,0,19,6,home,1,0,0,3,4,1
2017-04-15,Tottenham,4,0,24,14,home,1,0,0,3,4,1
2017-04-26,Tottenham,1,0,18,4,away,1,0,0,3,1,1
2017-04-30,Tottenham,2,0,20,11,home,1,0,0,3,2,1
2017-05-05,Tottenham,0,1,11,5,away,0,0,1,0,-1,0
2017-05-14,Tottenham,2,1,14,7,home,1,0,0,3,1,0
2017-05-18,Tottenham,6,1,26,12,away,1,0,0,3,5,0
2017-05-21,Tottenham,7,1,19,14,away,1,0,0,3,6,0
2017-08-13,Tottenham,2,0,18,6,away,1,0,0,3,2,1
2017-08-20,Tottenham,1,2,18,6,home,0,0,1,0,-1,0
2017-08-27,Tottenham,1,1,28,5,home,0,1,0,1,0,0
2017-09-09,Tottenham,3,0,15,6,away,1,0,0,3,3,1
2017-09-16,Tottenham,0,0,26,8,home,0,1,0,1,0,1
2017-09-23,Tottenham,3,2,15,5,away,1,0,0,3,1,0
2017-09-30,Tottenham,4,0,14,7,away,1,0,0,3,4,1
2017-10-14,Tottenham,1,0,18,6,home,1,0,0,3,1,1
2017-10-22,Tottenham,4,1,14,6,home,1,0,0,3,3,0
2017-10-28,Tottenham,0,1,13,4,away,0,0,1,0,-1,0
2017-11-05,Tottenham,1,0,12,2,home,1,0,0,3,1,1
2017-11-18,Tottenham,0,2,14,4,away,0,0,1,0,-2,0
2017-11-25,Tottenham,1,1,24,5,home,0,1,0,1,0,0
2017-11-28,Tottenham,1,2,18,6,away,0,0,1,0,-1,0
2017-12-02,Tottenham,1,1,8,2,away,0,1,0,1,0,0
2017-12-09,Tottenham,5,1,20,11,home,1,0,0,3,4,0
2017-12-13,Tottenham,2,0,25,8,home,1,0,0,3,2,1
2017-12-16,Tottenham,1,4,7,2,away,0,0,1,0,-3,0
2017-12-23,Tottenham,3,0,18,8,away,1,0,0,3,3,1
2017-12-26,Tottenham,5,2,16,7,home,1,0,0,3,3,0
2018-01-02,Tottenham,2,0,12,5,away,1,0,0,3,2,1
2018-01-04,Tottenham,1,1,31,8,home,0,1,0,1,0,0
2018-01-13,Tottenham,4,0,20,10,home,1,0,0,3,4,1
2018-01-21,Tottenham,1,1,17,2,away,0,1,0,1,0,0
2018-01-31,Tottenham,2,0,22,6,home,1,0,0,3,2,1
2018-02-04,Tottenham,2,2,13,6,away,0,1,0,1,0,0
2018-02-10,Tottenham,1,0,18,6,home,1,0,0,3,1,1
2018-02-25,Tottenham,1,0,14,4,away,1,0,0,3,1,1
2018-03-03,Tottenham,2,0,15,7,home,1,0,0,3,2,1
2018-03-11,Tottenham,4,1,12,8,away,1,0,0,3,3,0
2018-04-01,Tottenham,3,1,12,7,away,1,0,0,3,2,0
2018-04-07,Tottenham,2,1,15,4,away,1,0,0,3,1,0
2018-04-14,Tottenham,1,3,8,3,home,0,0,1,0,-2,0
2018-04-17,Tottenham,1,1,16,6,away,0,1,0,1,0,0
2018-04-30,Tottenham,2,0,13,3,home,1,0,0,3,2,1
2018-05-05,Tottenham,0,1,18,5,away,0,0,1,0,-1,0
2018-05-09,Tottenham,1,0,11,7,home,1,0,0,3,1,1
2018-05-13,Tottenham,5,4,14,6,home,1,0,0,3,1,0
2018-08-11,Tottenham,2,1,15,5,away,1,0,0,3,1,0
2018-08-18,Tottenham,3,1,25,11,home,1,0,0,3,2,0
2018-08-27,Tottenham,3,0,9,5,away,1,0,0,3,3,1
2018-09-02,Tottenham,1,2,11,2,away,0,0,1,0,-1,0
2018-09-15,Tottenham,1,2,11,3,home,0,0,1,0,-1,0
2018-09-22,Tottenham,2,1,16,7,away,1,0,0,3,1,0
2018-09-29,Tottenham,2,0,10,6,away,1,0,0,3,2,1
2018-10-06,Tottenham,1,0,19,7,home,1,0,0,3,1,1
2018-10-20,Tottenham,1,0,10,2,away,1,0,0,3,1,1
2018-10-29,Tottenham,0,1,4,1,home,0,0,1,0,-1,0
2018-11-03,Tottenham,3,2,10,8,away,1,0,0,3,1,0
2018-11-10,Tottenham,1,0,11,2,away,1,0,0,3,1,1
2018-11-24,Tottenham,3,1,18,9,home,1,0,0,3,2,0
2018-12-02,Tottenham,2,4,11,6,away,0,0,1,0,-2,0
2018-12-05,Tottenham,3,1,13,8,home,1,0,0,3,2,0
2018-12-08,Tottenham,2,0,7,2,away,1,0,0,3,2,1
2018-12-15,Tottenham,1,0,15,3,home,1,0,0,3,1,1
2018-12-23,Tottenham,6,2,17,8,away,1,0,0,3,4,0
2018-12-26,Tottenham,5,0,10,7,home,1,0,0,3,5,1
2018-12-29,Tottenham,1,3,10,3,home,0,0,1,0,-2,0
2019-01-01,Tottenham,3,0,13,4,away,1,0,0,3,3,1
2019-01-13,Tottenham,0,1,21,11,home,0,0,1,0,-1,0
2019-01-20,Tottenham,2,1,14,5,away,1,0,0,3,1,0
2019-01-30,Tottenham,2,1,17,3,home,1,0,0,3,1,0
2019-02-02,Tottenham,1,0,21,4,home,1,0,0,3,1,1
2019-02-10,Tottenham,3,1,12,5,home,1,0,0,3,2,0
2019-02-23,Tottenham,1,2,17,6,away,0,0,1,0,-1,0
2019-02-27,Tottenham,0,2,9,0,away,0,0,1,0,-2,0
2019-03-02,Tottenham,1,1,10,3,home,0,1,0,1,0,0
2019-03-09,Tottenham,1,2,16,5,away,0,0,1,0,-1,0
2019-03-31,Tottenham,1,2,11,2,away,0,0,1,0,-1,0
2019-04-03,Tottenham,2,0,26,10,home,1,0,0,3,2,1
2019-04-13,Tottenham,4,0,22,5,home,1,0,0,3,4,1
2019-04-20,Tottenham,0,1,10,4,away,0,0,1,0,-1,0
2019-04-23,Tottenham,1,0,29,5,home,1,0,0,3,1,1
2019-04-27,Tottenham,0,1,14,4,home,0,0,1,0,-1,0
2019-05-04,Tottenham,0,1,11,5,away,0,0,1,0,-1,0
2019-05-12,Tottenham,2,2,11,3,home,0,1,0,1,0,0
2019-08-10,Tottenham,3,1,31,7,home,1,0,0,3,2,0
2019-08-17,Tottenham,2,2,3,2,away,0,1,0,1,0,0
2019-08-25,Tottenham,0,1,17,2,home,0,0,1,0,-1,0
2019-09-01,Tottenham,2,2,13,9,away,0,1,0,1,0,0
2019-09-14,Tottenham,4,0,13,5,home,1,0,0,3,4,1
2019-09-21,Tottenham,1,2,11,4,away,0,0,1,0,-1,0
2019-09-28,Tottenham,2,1,9,4,home,1,0,0,3,1,0
2019-10-05,Tottenham,0,3,8,3,away,0,0,1,0,-3,0
2019-10-19,Tottenham,1,1,12,2,home,0,1,0,1,0,0
2019-10-27,Tottenham,1,2,11,4,away,0,0,1,0,-1,0
2019-11-03,Tottenham,1,1,4,2,away,0,1,0,1,0,0
2019-11-09,Tottenham,1,1,17,5,home,0,1,0,1,0,0
2019-11-23,Tottenham,3,2,15,6,away,1,0,0,3,1,0
2019-11-30,Tottenham,3,2,15,5,home,1,0,0,3,1,0
2019-12-04,Tottenham,1,2,8,5,away,0,0,1,0,-1,0
2019-12-07,Tottenham,5,0,13,7,home,1,0,0,3,5,1
2019-12-15,Tottenham,2,1,9,5,away,1,0,0,3,1,0
2019-12-22,Tottenham,0,2,5,1,home,0,0,1,0,-2,0
2019-12-26,Tottenham,2,1,11,5,home,1,0,0,3,1,0
2019-12-28,Tottenham,2,2,15,7,away,0,1,0,1,0,0
2020-01-01,Tottenham,0,1,11,5,away,0,0,1,0,-1,0
2020-01-11,Tottenham,0,1,14,4,home,0,0,1,0,-1,0
2020-01-18,Tottenham,0,0,17,5,away,0,1,0,1,0,1
2020-01-22,Tottenham,2,1,14,3,home,1,0,0,3,1,0
2020-02-02,Tottenham,2,0,3,3,home,1,0,0,3,2,1
2020-02-16,Tottenham,3,2,23,10,away,1,0,0,3,1,0
2020-02-22,Tottenham,1,2,5,3,away,0,0,1,0,-1,0
2020-03-01,Tottenham,2,3,13,5,home,0,0,1,0,-1,0
2020-03-07,Tottenham,1,1,13,2,away,0,1,0,1,0,0
2020-06-19,Tottenham,1,1,10,3,home,0,1,0,1,0,0
2020-06-23,Tottenham,2,0,15,4,home,1,0,0,3,2,1
2020-07-02,Tottenham,1,3,9,2,away,0,0,1,0,-2,0
2020-07-06,Tottenham,1,0,12,2,home,1,0,0,3,1,1
2020-07-09,Tottenham,0,0,9,0,away,0,1,0,1,0,1
2020-07-12,Tottenham,2,1,15,9,home,1,0,0,3,1,0
2020-07-15,Tottenham,3,1,8,5,away,1,0,0,3,2,0
2020-07-19,Tottenham,3,0,7,3,home,1,0,0,3,3,1
2020-07-26,Tottenham,1,1,7,2,away,0,1,0,1,0,0
2020-09-13,Tottenham,0,1,9,5,home,0,0,1,0,-1,0
2020-09-20,Tottenham,5,2,9,6,away,1,0,0,3,3,0
2020-09-27,Tottenham,1,1,23,12,home,0,1,0,1,0,0
2020-10-04,Tottenham,6,1,22,8,away,1,0,0,3,5,0
2020-10-18,Tottenham,3,3,11,6,home,0,1,0,1,0,0
2020-10-26,Tottenham,1,0,9,3,away,1,0,0,3,1,1
2020-11-01,Tottenham,2,1,9,3,home,1,0,0,3,1,0
2020-11-08,Tottenham,1,0,19,5,away,1,0,0,3,1,1
2020-11-21,Tottenham,2,0,4,2,home,1,0,0,3,2,1
2020-11-29,Tottenham,0,0,5,1,away,0,1,0,1,0,1
2020-12-06,Tottenham,2,0,6,3,home,1,0,0,3,2,1
2020-12-13,Tottenham,1,1,14,6,away,0,1,0,1,0,0
2020-12-16,Tottenham,1,2,8,2,away,0,0,1,0,-1,0
2020-12-20,Tottenham,0,2,8,3,home,0,0,1,0,-2,0
2020-12-27,Tottenham,1,1,6,3,away,0,1,0,1,0,0
2021-01-02,Tottenham,3,0,20,7,home,1,0,0,3,3,1
2021-01-13,Tottenham,1,1,15,6,home,0,1,0,1,0,0
2021-01-17,Tottenham,3,1,14,5,away,1,0,0,3,2,0
2021-01-28,Tottenham,1,3,3,2,home,0,0,1,0,-2,0
2021-01-31,Tottenham,0,1,8,4,away,0,0,1,0,-1,0
2021-02-04,Tottenham,0,1,7,2,home,0,0,1,0,-1,0
2021-02-07,Tottenham,2,0,13,6,home,1,0,0,3,2,1
2021-02-13,Tottenham,0,3,7,3,away,0,0,1,0,-3,0
2021-02-21,Tottenham,1,2,20,4,away,0,0,1,0,-1,0
2021-02-28,Tottenham,4,0,16,7,home,1,0,0,3,4,1
2021-03-04,Tottenham,1,0,9,2,away,1,0,0,3,1,1
2021-03-07,Tottenham,4,1,12,5,home,1,0,0,3,3,0
2021-03-14,Tottenham,1,2,6,3,away,0,0,1,0,-1,0
2021-03-21,Tottenham,2,0,9,3,away,1,0,0,3,2,1
2021-04-04,Tottenham,2,2,11,5,away,0,1,0,1,0,0
2021-04-11,Tottenham,1,3,12,3,home,0,0,1,0,-2,0
2021-04-16,Tottenham,2,2,12,3,away,0,1,0,1,0,0
2021-04-21,Tottenham,2,1,12,3,home,1,0,0,3,1,0
2021-05-02,Tottenham,4,0,20,11,home,1,0,0,3,4,1
2021-05-08,Tottenham,1,3,11,3,away,0,0,1,0,-2,0
2021-05-16,Tottenham,2,0,24,13,home,1,0,0,3,2,1
2021-05-19,Tottenham,1,2,10,4,home,0,0,1,0,-1,0
2021-05-23,Tottenham,4,2,11,4,away,1,0,0,3,2,0
2021-08-15,Tottenham,1,0,13,3,home,1,0,0,3,1,1
2021-08-22,Tottenham,1,0,8,6,away,1,0,0,3,1,1
2021-08-29,Tottenham,1,0,15,8,home,1,0,0,3,1,1
2021-09-11,Tottenham,0,3,2,1,away,0,0,1,0,-3,0
2021-09-19,Tottenham,0,3,8,2,home,0,0,1,0,-3,0
2021-09-26,Tottenham,1,3,10,4,away,0,0,1,0,-2,0
2021-10-03,Tottenham,2,1,17,8,home,1,0,0,3,1,0
2021-10-17,Tottenham,3,2,14,4,away,1,0,0,3,1,0
2021-10-24,Tottenham,0,1,7,4,away,0,0,1,0,-1,0
2021-10-30,Tottenham,0,3,9,0,home,0,0,1,0,-3,0
2021-11-07,Tottenham,0,0,8,0,away,0,1,0,1,0,1
2021-11-21,Tottenham,2,1,13,4,home,1,0,0,3,1,0
2021-12-02,Tottenham,2,0,11,6,home,1,0,0,3,2,1
2021-12-05,Tottenham,3,0,17,7,home,1,0,0,3,3,1
2021-12-19,Tottenham,2,2,10,5,home,0,1,0,1,0,0
2021-12-26,Tottenham,3,0,17,6,home,1,0,0,3,3,1
2021-12-28,Tottenham,1,1,21,11,away,0,1,0,1,0,0
2022-01-01,Tottenham,1,0,21,9,away,1,0,0,3,1,1
2022-01-19,Tottenham,3,2,27,10,away,1,0,0,3,1,0
2022-01-23,Tottenham,0,2,6,3,away,0,0,1,0,-2,0
2022-02-09,Tottenham,2,3,8,3,home,0,0,1,0,-1,0
2022-02-13,Tottenham,0,2,17,7,home,0,0,1,0,-2,0
2022-02-19,Tottenham,3,2,6,5,away,1,0,0,3,1,0
2022-02-23,Tottenham,0,1,12,2,away,0,0,1,0,-1,0
2022-02-26,Tottenham,4,0,15,11,away,1,0,0,3,4,1
2022-03-07,Tottenham,5,0,14,7,home,1,0,0,3,5,1
2022-03-12,Tottenham,2,3,10,3,away,0,0,1,0,-1,0
2022-03-16,Tottenham,2,0,17,7,away,1,0,0,3,2,1
2022-03-20,Tottenham,3,1,17,4,home,1,0,0,3,2,0
2022-04-03,Tottenham,5,1,19,6,home,1,0,0,3,4,0
2022-04-09,Tottenham,4,0,11,5,away,1,0,0,3,4,1
2022-04-16,Tottenham,0,1,5,0,home,0,0,1,0,-1,0
2022-04-23,Tottenham,0,0,9,0,away,0,1,0,1,0,1
2022-05-01,Tottenham,3,1,13,7,home,1,0,0,3,2,0
2022-05-07,Tottenham,1,1,8,3,away,0,1,0,1,0,0
2022-05-12,Tottenham,3,0,16,6,home,1,0,0,3,3,1
2022-05-15,Tottenham,1,0,21,8,home,1,0,0,3,1,1
2022-05-22,Tottenham,5,0,19,13,away,1,0,0,3,5,1
2022-08-06,Tottenham,4,1,18,8,home,1,0,0,3,3,0
2022-08-14,Tottenham,2,2,10,5,away,0,1,0,1,0,0
2022-08-20,Tottenham,1,0,11,4,home,1,0,0,3,1,1
2022-08-28,Tottenham,2,0,18,7,away,1,0,0,3,2,1
2022-08-31,Tottenham,1,1,13,4,away,0,1,0,1,0,0
2022-09-03,Tottenham,2,1,23,10,home,1,0,0,3,1,0
2022-09-17,Tottenham,6,2,16,11,home,1,0,0,3,4,0
2022-10-01,Tottenham,1,3,7,3,away,0,0,1,0,-2,0
2022-10-08,Tottenham,1,0,8,3,away,1,0,0,3,1,1
2022-10-15,Tottenham,2,0,21,7,home,1,0,0,3,2,1
2022-10-19,Tottenham,0,2,9,2,away,0,0,1,0,-2,0
2022-10-23,Tottenham,1,2,17,5,home,0,0,1,0,-1,0
2022-10-29,Tottenham,3,2,23,7,away,1,0,0,3,1,0
2022-11-06,Tottenham,1,2,14,5,home,0,0,1,0,-1,0
2022-11-12,Tottenham,4,3,14,8,home,1,0,0,3,1,0
2022-12-26,Tottenham,2,2,16,8,away,0,1,0,1,0,0
2023-01-01,Tottenham,0,2,6,2,home,0,0,1,0,-2,0
2023-01-04,Tottenham,4,0,14,6,away,1,0,0,3,4,1
2023-01-15,Tottenham,0,2,17,7,home,0,0,1,0,-2,0
2023-01-19,Tottenham,2,4,9,3,away,0,0,1,0,-2,0
2023-01-23,Tottenham,1,0,10,3,away,1,0,0,3,1,1
2023-02-05,Tottenham,1,0,12,3,home,1,0,0,3,1,1
2023-02-11,Tottenham,1,4,11,4,away,0,0,1,0,-3,0
2023-02-19,Tottenham,2,0,16,6,home,1,0,0,3,2,1
2023-02-26,Tottenham,2,0,8,3,home,1,0,0,3,2,1
2023-03-04,Tottenham,0,1,21,6,away,0,0,1,0,-1,0
2023-03-11,Tottenham,3,1,15,7,home,1,0,0,3,2,0
2023-03-18,Tottenham,3,3,17,3,away,0,1,0,1,0,0
2023-04-03,Tottenham,1,1,8,2,away,0,1,0,1,0,0
2023-04-08,Tottenham,2,1,9,3,home,1,0,0,3,1,0
2023-04-15,Tottenham,2,3,24,8,home,0,0,1,0,-1,0
2023-04-23,Tottenham,1,6,11,3,away,0,0,1,0,-5,0
2023-04-27,Tottenham,2,2,18,7,home,0,1,0,1,0,0
2023-04-30,Tottenham,3,4,10,7,away,0,0,1,0,-1,0
2023-05-06,Tottenham,1,0,8,3,home,1,0,0,3,1,1
2023-05-13,Tottenham,1,2,5,2,away,0,0,1,0,-1,0
2023-05-20,Tottenham,1,3,22,8,home,0,0,1,0,-2,0
2023-05-28,Tottenham,4,1,11,7,away,1,0,0,3,3,0
2023-08-13,Tottenham,2,2,18,6,away,0,1,0,1,0,0
2023-08-19,Tottenham,2,0,17,6,home,1,0,0,3,2,1
2023-08-26,Tottenham,2,0,17,6,away,1,0,0,3,2,1
2023-09-02,Tottenham,5,2,20,10,away,1,0,0,3,3,0
2023-09-16,Tottenham,2,1,28,10,home,1,0,0,3,1,0
2023-09-24,Tottenham,2,2,13,5,away,0,1,0,1,0,0
2023-09-30,Tottenham,2,1,24,8,home,1,0,0,3,1,0
2023-10-07,Tottenham,1,0,15,4,away,1,0,0,3,1,1
2023-10-23,Tottenham,2,0,15,5,home,1,0,0,3,2,1
2023-10-27,Tottenham,2,1,10,1,away,1,0,0,3,1,0
2023-11-06,Tottenham,1,4,8,5,home,0,0,1,0,-3,0
2023-11-11,Tottenham,1,2,6,2,away,0,0,1,0,-1,0
2023-11-26,Tottenham,1,2,18,8,home,0,0,1,0,-1,0
2023-12-03,Tottenham,3,3,8,4,away,0,1,0,1,0,0
2023-12-07,Tottenham,1,2,23,7,home,0,0,1,0,-1,0
2023-12-10,Tottenham,4,1,23,12,home,1,0,0,3,3,0
2023-12-15,Tottenham,2,0,12,6,away,1,0,0,3,2,1
2023-12-23,Tottenham,2,1,13,6,home,1,0,0,3,1,0
2023-12-28,Tottenham,2,4,19,3,away,0,0,1,0,-2,0
2023-12-31,Tottenham,3,1,12,6,home,1,0,0,3,2,0
2024-01-14,Tottenham,2,2,16,6,away,0,1,0,1,0,0
2024-01-31,Tottenham,3,2,19,5,home,1,0,0,3,1,0
2024-02-03,Tottenham,2,2,9,6,away,0,1,0,1,0,0
2024-02-10,Tottenham,2,1,16,6,home,1,0,0,3,1,0
2024-02-17,Tottenham,1,2,15,4,home,0,0,1,0,-1,0
2024-03-02,Tottenham,3,1,14,6,home,1,0,0,3,2,0
2024-03-10,Tottenham,4,0,9,5,away,1,0,0,3,4,1
2024-03-16,Tottenham,0,3,14,5,away,0,0,1,0,-3,0
2024-03-30,Tottenham,2,1,17,4,home,1,0,0,3,1,0
2024-04-02,Tottenham,1,1,13,4,away,0,1,0,1,0,0
2024-04-07,Tottenham,3,1,17,7,home,1,0,0,3,2,0
2024-04-13,Tottenham,0,4,11,2,away,0,0,1,0,-4,0
2024-04-28,Tottenham,2,3,14,2,home,0,0,1,0,-1,0
2024-05-02,Tottenham,0,2,19,3,away,0,0,1,0,-2,0
2024-05-05,Tottenham,2,4,11,6,away,0,0,1,0,-2,0
2024-05-11,Tottenham,2,1,21,9,home,1,0,0,3,1,0
2024-05-14,Tottenham,0,2,10,5,home,0,0,1,0,-2,0
2024-05-19,Tottenham,3,0,18,9,away,1,0,0,3,3,1
2024-08-19,Tottenham,1,1,15,7,away,0,1,0,1,0,0
2024-08-24,Tottenham,4,0,13,7,home,1,0,0,3,4,1
2024-09-01,Tottenham,1,2,20,6,away,0,0,1,0,-1,0
2024-09-15,Tottenham,0,1,15,5,home,0,0,1,0,-1,0
2024-09-21,Tottenham,3,1,23,10,home,1,0,0,3,2,0
2024-09-29,Tottenham,3,0,24,10,away,1,0,0,3,3,1
2024-10-06,Tottenham,2,3,13,3,away,0,0,1,0,-1,0
2024-10-19,Tottenham,4,1,22,7,home,1,0,0,3,3,0
2024-10-27,Tottenham,0,1,11,3,away,0,0,1,0,-1,0
2024-11-03,Tottenham,4,1,16,6,home,1,0,0,3,3,0
2024-11-10,Tottenham,1,2,17,5,home,0,0,1,0,-1,0
2024-11-23,Tottenham,4,0,9,7,away,1,0,0,3,4,1
2024-12-01,Tottenham,1,1,8,3,home,0,1,0,1,0,0
2024-12-05,Tottenham,0,1,12,4,away,0,0,1,0,-1,0
2024-12-08,Tottenham,3,4,13,5,home,0,0,1,0,-1,0
2024-12-15,Tottenham,5,0,18,9,away,1,0,0,3,5,1
2024-12-22,Tottenham,3,6,9,5,home,0,0,1,0,-3,0
2024-12-26,Tottenham,0,1,13,4,away,0,0,1,0,-1,0
2024-12-29,Tottenham,2,2,13,3,home,0,1,0,1,0,0
2025-01-04,Tottenham,1,2,13,4,home,0,0,1,0,-1,0
2025-01-15,Tottenham,1,2,10,2,away,0,0,1,0,-1,0
2025-01-19,Tottenham,2,3,11,6,away,0,0,1,0,-1,0
2025-01-26,Tottenham,1,2,15,6,home,0,0,1,0,-1,0
2025-02-02,Tottenham,2,0,13,2,away,1,0,0,3,2,1
2025-02-16,Tottenham,1,0,22,7,home,1,0,0,3,1,1
2025-02-22,Tottenham,4,1,10,6,away,1,0,0,3,3,0
2025-02-26,Tottenham,0,1,11,6,home,0,0,1,0,-1,0
2025-03-09,Tottenham,2,2,12,4,home,0,1,0,1,0,0
2025-03-16,Tottenham,0,2,12,4,away,0,0,1,0,-2,0
2025-04-03,Tottenham,0,1,8,2,away,0,0,1,0,-1,0
2025-04-06,Tottenham,3,1,13,8,home,1,0,0,3,2,0
2025-04-13,Tottenham,2,4,11,4,away,0,0,1,0,-2,0
2025-04-21,Tottenham,1,2,22,6,home,0,0,1,0,-1,0
2025-04-27,Tottenham,1,5,8,3,away,0,0,1,0,-4,0
2025-05-04,Tottenham,1,1,7,2,away,0,1,0,1,0,0
2025-05-11,Tottenham,0,2,8,1,home,0,0,1,0,-2,0
2025-05-16,Tottenham,0,2,3,1,away,0,0,1,0,-2,0
2025-05-25,Tottenham,1,4,4,2,home,0,0,1,0,-3,0
2025-08-16,Tottenham,3,0,16,6,home,1,0,0,3,3,1
2025-08-23,Tottenham,2,0,12,5,away,1,0,0,3,2,1
2025-08-30,Tottenham,0,1,5,1,home,0,0,1,0,-1,0
2025-09-13,Tottenham,3,0,14,5,away,1,0,0,3,3,1
2025-09-20,Tottenham,2,2,11,3,away,0,1,0,1,0,0
2025-09-27,Tottenham,1,1,10,3,home,0,1,0,1,0,0
2025-10-04,Tottenham,2,1,9,3,away,1,0,0,3,1,0
2025-10-19,Tottenham,1,2,9,3,home,0,0,1,0,-1,0
2025-10-26,Tottenham,3,0,7,4,away,1,0,0,3,3,1
2025-11-01,Tottenham,0,1,3,1,home,0,0,1,0,-1,0
2025-11-08,Tottenham,2,2,10,4,home,0,1,0,1,0,0
2025-11-23,Tottenham,1,4,3,2,away,0,0,1,0,-3,0
2025-11-29,Tottenham,1,2,14,2,home,0,0,1,0,-1,0
2025-12-02,Tottenham,2,2,8,2,away,0,1,0,1,0,0
2025-12-06,Tottenham,2,0,15,7,home,1,0,0,3,2,1
2025-12-14,Tottenham,0,3,6,1,away,0,0,1,0,-3,0
2025-12-20,Tottenham,1,2,15,4,home,0,0,1,0,-1,0
2025-12-28,Tottenham,1,0,8,4,away,1,0,0,3,1,1
2026-01-01,Tottenham,0,0,9,3,away,0,1,0,1,0,1
2026-01-04,Tottenham,1,1,13,5,home,0,1,0,1,0,0
2026-01-07,Tottenham,2,3,16,4,away,0,0,1,0,-1,0
2026-01-17,Tottenham,1,2,21,6,home,0,0,1,0,-1,0
2026-01-24,Tottenham,2,2,18,11,away,0,1,0,1,0,0
2026-02-01,Tottenham,2,2,12,6,home,0,1,0,1,0,0
2026-02-07,Tottenham,0,2,7,1,away,0,0,1,0,-2,0
2026-02-10,Tottenham,1,2,16,2,home,0,0,1,0,-1,0
2026-02-22,Tottenham,1,4,6,5,home,0,0,1,0,-3,0
2026-03-01,Tottenham,1,2,13,1,away,0,0,1,0,-1,0
2026-03-05,Tottenham,1,3,12,4,home,0,0,1,0,-2,0
2026-03-15,Tottenham,1,1,13,7,away,0,1,0,1,0,0
2026-03-22,Tottenham,0,3,14,3,home,0,0,1,0,-3,0
2015-08-08,Watford,2,2,11,5,away,0,1,0,1,0,0
2015-08-15,Watford,0,0,16,5,home,0,1,0,1,0,1
2015-08-23,Watford,0,0,13,0,home,0,1,0,1,0,1
2015-08-29,Watford,0,2,7,0,away,0,0,1,0,-2,0
2015-09-12,Watford,1,0,17,6,home,1,0,0,3,1,1
2015-09-19,Watford,2,1,13,4,away,1,0,0,3,1,0
2015-09-27,Watford,0,1,15,2,home,0,0,1,0,-1,0
2015-10-03,Watford,1,1,11,2,away,0,1,0,1,0,0
2015-10-17,Watford,0,3,8,1,home,0,0,1,0,-3,0
2015-10-24,Watford,2,0,13,3,away,1,0,0,3,2,1
2015-10-31,Watford,2,0,20,5,home,1,0,0,3,2,1
2015-11-07,Watford,1,2,8,4,away,0,0,1,0,-1,0
2015-11-21,Watford,1,2,10,5,home,0,0,1,0,-1,0
2015-11-28,Watford,3,2,14,6,away,1,0,0,3,1,0
2015-12-05,Watford,2,0,14,7,home,1,0,0,3,2,1
2015-12-12,Watford,1,0,13,6,away,1,0,0,3,1,1
2015-12-20,Watford,3,0,6,5,home,1,0,0,3,3,1
2015-12-26,Watford,2,2,12,3,away,0,1,0,1,0,0
2015-12-28,Watford,1,2,9,1,home,0,0,1,0,-1,0
2016-01-02,Watford,1,2,11,3,home,0,0,1,0,-1,0
2016-01-13,Watford,0,2,4,1,away,0,0,1,0,-2,0
2016-01-18,Watford,0,1,13,2,away,0,0,1,0,-1,0
2016-01-23,Watford,2,1,13,5,home,1,0,0,3,1,0
2016-02-03,Watford,0,0,12,3,home,0,1,0,1,0,1
2016-02-06,Watford,0,1,3,0,away,0,0,1,0,-1,0
2016-02-13,Watford,2,1,10,3,away,1,0,0,3,1,0
2016-02-27,Watford,0,0,14,1,home,0,1,0,1,0,1
2016-03-02,Watford,0,1,13,3,away,0,0,1,0,-1,0
2016-03-05,Watford,0,1,11,4,home,0,0,1,0,-1,0
2016-03-19,Watford,1,2,9,4,home,0,0,1,0,-1,0
2016-04-02,Watford,0,4,6,2,away,0,0,1,0,-4,0
2016-04-09,Watford,1,1,13,5,home,0,1,0,1,0,0
2016-04-16,Watford,1,0,11,4,away,1,0,0,3,1,1
2016-04-20,Watford,1,3,7,4,away,0,0,1,0,-2,0
2016-04-30,Watford,3,2,18,6,home,1,0,0,3,1,0
2016-05-08,Watford,0,2,14,3,away,0,0,1,0,-2,0
2016-05-11,Watford,2,4,12,7,away,0,0,1,0,-2,0
2016-05-15,Watford,2,2,21,6,home,0,1,0,1,0,0
2016-08-13,Watford,1,1,5,1,away,0,1,0,1,0,0
2016-08-20,Watford,1,2,6,2,home,0,0,1,0,-1,0
2016-08-27,Watford,1,3,14,6,home,0,0,1,0,-2,0
2016-09-10,Watford,4,2,13,8,away,1,0,0,3,2,0
2016-09-18,Watford,3,1,10,5,home,1,0,0,3,2,0
2016-09-26,Watford,0,2,12,3,away,0,0,1,0,-2,0
2016-10-01,Watford,2,2,17,7,home,0,1,0,1,0,0
2016-10-16,Watford,1,0,4,2,away,1,0,0,3,1,1
2016-10-22,Watford,0,0,10,2,away,0,1,0,1,0,1
2016-10-29,Watford,1,0,22,0,home,1,0,0,3,1,1
2016-11-06,Watford,1,6,11,8,away,0,0,1,0,-5,0
2016-11-19,Watford,2,1,10,3,home,1,0,0,3,1,0
2016-11-27,Watford,0,1,11,2,home,0,0,1,0,-1,0
2016-12-03,Watford,1,3,17,5,away,0,0,1,0,-2,0
2016-12-10,Watford,3,2,11,6,home,1,0,0,3,1,0
2016-12-14,Watford,0,2,5,2,away,0,0,1,0,-2,0
2016-12-17,Watford,0,1,9,4,away,0,0,1,0,-1,0
2016-12-26,Watford,1,1,9,3,home,0,1,0,1,0,0
2017-01-01,Watford,1,4,6,2,home,0,0,1,0,-3,0
2017-01-03,Watford,0,2,9,2,away,0,0,1,0,-2,0
2017-01-14,Watford,0,0,12,5,home,0,1,0,1,0,1
2017-01-21,Watford,2,2,10,3,away,0,1,0,1,0,0
2017-01-31,Watford,2,1,10,6,away,1,0,0,3,1,0
2017-02-04,Watford,2,1,16,7,home,1,0,0,3,1,0
2017-02-11,Watford,0,2,9,3,away,0,0,1,0,-2,0
2017-02-25,Watford,1,1,9,1,home,0,1,0,1,0,0
2017-03-04,Watford,3,4,16,4,home,0,0,1,0,-1,0
2017-03-18,Watford,0,1,6,2,away,0,0,1,0,-1,0
2017-04-01,Watford,1,0,23,10,home,1,0,0,3,1,1
2017-04-04,Watford,2,0,9,2,home,1,0,0,3,2,1
2017-04-08,Watford,0,4,8,2,away,0,0,1,0,-4,0
2017-04-15,Watford,1,0,15,7,home,1,0,0,3,1,1
2017-04-22,Watford,0,2,13,2,away,0,0,1,0,-2,0
2017-05-01,Watford,0,1,9,2,home,0,0,1,0,-1,0
2017-05-06,Watford,0,3,14,7,away,0,0,1,0,-3,0
2017-05-12,Watford,0,1,14,2,away,0,0,1,0,-1,0
2017-05-15,Watford,3,4,9,3,away,0,0,1,0,-1,0
2017-05-21,Watford,0,5,6,3,home,0,0,1,0,-5,0
2017-08-12,Watford,3,3,9,4,home,0,1,0,1,0,0
2017-08-19,Watford,2,0,19,7,away,1,0,0,3,2,1
2017-08-26,Watford,0,0,8,0,home,0,1,0,1,0,1
2017-09-09,Watford,2,0,12,3,away,1,0,0,3,2,1
2017-09-16,Watford,0,6,7,1,home,0,0,1,0,-6,0
2017-09-23,Watford,2,1,8,4,away,1,0,0,3,1,0
2017-09-30,Watford,2,2,15,3,away,0,1,0,1,0,0
2017-10-14,Watford,2,1,11,2,home,1,0,0,3,1,0
2017-10-21,Watford,2,4,16,5,away,0,0,1,0,-2,0
2017-10-28,Watford,0,1,13,0,home,0,0,1,0,-1,0
2017-11-05,Watford,2,3,11,3,away,0,0,1,0,-1,0
2017-11-19,Watford,2,0,17,7,home,1,0,0,3,2,1
2017-11-25,Watford,3,0,12,4,away,1,0,0,3,3,1
2017-11-28,Watford,2,4,12,3,home,0,0,1,0,-2,0
2017-12-02,Watford,1,1,6,2,home,0,1,0,1,0,0
2017-12-09,Watford,0,1,11,2,away,0,0,1,0,-1,0
2017-12-12,Watford,1,2,7,2,away,0,0,1,0,-1,0
2017-12-16,Watford,1,4,13,3,home,0,0,1,0,-3,0
2017-12-23,Watford,0,1,13,1,away,0,0,1,0,-1,0
2017-12-26,Watford,2,1,11,1,home,1,0,0,3,1,0
2017-12-30,Watford,1,2,9,4,home,0,0,1,0,-1,0
2018-01-02,Watford,1,3,7,4,away,0,0,1,0,-2,0
2018-01-13,Watford,2,2,16,4,home,0,1,0,1,0,0
2018-01-20,Watford,0,2,11,3,away,0,0,1,0,-2,0
2018-01-31,Watford,0,0,12,2,away,0,1,0,1,0,1
2018-02-05,Watford,4,1,21,8,home,1,0,0,3,3,0
2018-02-10,Watford,0,2,11,4,away,0,0,1,0,-2,0
2018-02-24,Watford,1,0,13,5,home,1,0,0,3,1,1
2018-03-03,Watford,1,0,15,4,home,1,0,0,3,1,1
2018-03-11,Watford,0,3,11,4,away,0,0,1,0,-3,0
2018-03-17,Watford,0,5,4,1,away,0,0,1,0,-5,0
2018-03-31,Watford,2,2,16,5,home,0,1,0,1,0,0
2018-04-07,Watford,1,2,14,5,home,0,0,1,0,-1,0
2018-04-14,Watford,0,1,4,2,away,0,0,1,0,-1,0
2018-04-21,Watford,0,0,14,4,home,0,1,0,1,0,1
2018-04-30,Watford,0,2,13,5,away,0,0,1,0,-2,0
2018-05-05,Watford,2,1,11,8,home,1,0,0,3,1,0
2018-05-13,Watford,0,1,7,3,away,0,0,1,0,-1,0
2018-08-11,Watford,2,0,19,5,home,1,0,0,3,2,1
2018-08-19,Watford,3,1,9,6,away,1,0,0,3,2,0
2018-08-26,Watford,2,1,13,5,home,1,0,0,3,1,0
2018-09-02,Watford,2,1,7,3,home,1,0,0,3,1,0
2018-09-15,Watford,1,2,14,5,home,0,0,1,0,-1,0
2018-09-22,Watford,1,1,11,6,away,0,1,0,1,0,0
2018-09-29,Watford,0,2,13,4,away,0,0,1,0,-2,0
2018-10-06,Watford,0,4,14,2,home,0,0,1,0,-4,0
2018-10-20,Watford,2,0,9,3,away,1,0,0,3,2,1
2018-10-27,Watford,3,0,12,6,home,1,0,0,3,3,1
2018-11-03,Watford,0,1,16,1,away,0,0,1,0,-1,0
2018-11-10,Watford,1,1,12,6,away,0,1,0,1,0,0
2018-11-24,Watford,0,3,5,1,home,0,0,1,0,-3,0
2018-12-01,Watford,0,2,8,0,away,0,0,1,0,-2,0
2018-12-04,Watford,1,2,11,7,home,0,0,1,0,-1,0
2018-12-10,Watford,2,2,15,3,away,0,1,0,1,0,0
2018-12-15,Watford,3,2,17,8,home,1,0,0,3,1,0
2018-12-22,Watford,2,0,11,5,away,1,0,0,3,2,1
2018-12-26,Watford,1,2,10,2,home,0,0,1,0,-1,0
2018-12-29,Watford,1,1,12,5,home,0,1,0,1,0,0
2019-01-02,Watford,3,3,11,3,away,0,1,0,1,0,0
2019-01-12,Watford,2,1,16,2,away,1,0,0,3,1,0
2019-01-19,Watford,0,0,9,4,home,0,1,0,1,0,1
2019-01-30,Watford,1,2,9,1,away,0,0,1,0,-1,0
2019-02-02,Watford,0,0,5,0,away,0,1,0,1,0,1
2019-02-09,Watford,1,0,7,2,home,1,0,0,3,1,1
2019-02-22,Watford,5,1,12,7,away,1,0,0,3,4,0
2019-02-27,Watford,0,5,5,3,away,0,0,1,0,-5,0
2019-03-03,Watford,2,1,6,5,home,1,0,0,3,1,0
2019-03-09,Watford,1,3,2,1,away,0,0,1,0,-2,0
2019-03-30,Watford,1,2,20,8,away,0,0,1,0,-1,0
2019-04-02,Watford,4,1,15,7,home,1,0,0,3,3,0
2019-04-15,Watford,0,1,11,3,home,0,0,1,0,-1,0
2019-04-20,Watford,2,1,11,6,away,1,0,0,3,1,0
2019-04-23,Watford,1,1,15,4,home,0,1,0,1,0,0
2019-04-27,Watford,1,2,10,1,home,0,0,1,0,-1,0
2019-05-05,Watford,0,3,15,3,away,0,0,1,0,-3,0
2019-05-12,Watford,1,4,17,8,home,0,0,1,0,-3,0
2019-08-10,Watford,0,3,11,3,home,0,0,1,0,-3,0
2019-08-17,Watford,0,1,8,2,away,0,0,1,0,-1,0
2019-08-24,Watford,1,3,23,3,home,0,0,1,0,-2,0
2019-08-31,Watford,1,1,13,3,away,0,1,0,1,0,0
2019-09-15,Watford,2,2,31,7,home,0,1,0,1,0,0
2019-09-21,Watford,0,8,5,4,away,0,0,1,0,-8,0
2019-09-28,Watford,0,2,14,5,away,0,0,1,0,-2,0
2019-10-05,Watford,0,0,8,2,home,0,1,0,1,0,1
2019-10-19,Watford,1,1,7,2,away,0,1,0,1,0,0
2019-10-26,Watford,0,0,7,3,home,0,1,0,1,0,1
2019-11-02,Watford,1,2,12,3,home,0,0,1,0,-1,0
2019-11-08,Watford,2,0,12,2,away,1,0,0,3,2,1
2019-11-23,Watford,0,3,15,4,home,0,0,1,0,-3,0
2019-11-30,Watford,1,2,6,3,away,0,0,1,0,-1,0
2019-12-04,Watford,0,2,4,1,away,0,0,1,0,-2,0
2019-12-07,Watford,0,0,13,3,home,0,1,0,1,0,1
2019-12-14,Watford,0,2,8,2,away,0,0,1,0,-2,0
2019-12-22,Watford,2,0,11,3,home,1,0,0,3,2,1
2019-12-26,Watford,1,1,5,2,away,0,1,0,1,0,0
2019-12-28,Watford,3,0,20,6,home,1,0,0,3,3,1
2020-01-01,Watford,2,1,9,3,home,1,0,0,3,1,0
2020-01-12,Watford,3,0,18,6,away,1,0,0,3,3,1
2020-01-18,Watford,0,0,15,2,home,0,1,0,1,0,1
2020-01-21,Watford,1,2,8,2,away,0,0,1,0,-1,0
2020-02-01,Watford,2,3,11,2,home,0,0,1,0,-1,0
2020-02-08,Watford,1,1,5,2,away,0,1,0,1,0,0
2020-02-23,Watford,0,3,7,2,away,0,0,1,0,-3,0
2020-02-29,Watford,3,0,14,5,home,1,0,0,3,3,1
2020-03-07,Watford,0,1,10,4,away,0,0,1,0,-1,0
2020-06-20,Watford,1,1,8,4,home,0,1,0,1,0,0
2020-06-25,Watford,0,1,10,4,away,0,0,1,0,-1,0
2020-06-28,Watford,1,3,8,0,home,0,0,1,0,-2,0
2020-07-04,Watford,0,3,7,3,away,0,0,1,0,-3,0
2020-07-07,Watford,2,1,9,4,home,1,0,0,3,1,0
2020-07-11,Watford,2,1,17,5,home,1,0,0,3,1,0
2020-07-17,Watford,1,3,14,3,away,0,0,1,0,-2,0
2020-07-21,Watford,0,4,2,0,home,0,0,1,0,-4,0
2020-07-26,Watford,2,3,19,6,away,0,0,1,0,-1,0
2021-08-14,Watford,3,2,13,7,home,1,0,0,3,1,0
2021-08-21,Watford,0,2,10,1,away,0,0,1,0,-2,0
2021-08-29,Watford,0,1,9,2,away,0,0,1,0,-1,0
2021-09-11,Watford,0,2,6,2,home,0,0,1,0,-2,0
2021-09-18,Watford,3,1,12,8,away,1,0,0,3,2,0
2021-09-25,Watford,1,1,15,4,home,0,1,0,1,0,0
2021-10-02,Watford,0,1,5,1,away,0,0,1,0,-1,0
2021-10-16,Watford,0,5,6,2,home,0,0,1,0,-5,0
2021-10-23,Watford,5,2,20,8,away,1,0,0,3,3,0
2021-10-30,Watford,0,1,10,4,home,0,0,1,0,-1,0
2021-11-07,Watford,0,1,7,1,away,0,0,1,0,-1,0
2021-11-20,Watford,4,1,20,7,home,1,0,0,3,3,0
2021-11-28,Watford,2,4,16,5,away,0,0,1,0,-2,0
2021-12-01,Watford,1,2,13,6,home,0,0,1,0,-1,0
2021-12-04,Watford,1,3,11,4,home,0,0,1,0,-2,0
2021-12-10,Watford,1,2,6,2,away,0,0,1,0,-1,0
2021-12-28,Watford,1,4,14,5,home,0,0,1,0,-3,0
2022-01-01,Watford,0,1,6,4,home,0,0,1,0,-1,0
2022-01-15,Watford,1,1,18,5,away,0,1,0,1,0,0
2022-01-21,Watford,0,3,15,4,home,0,0,1,0,-3,0
2022-02-05,Watford,0,0,11,5,away,0,1,0,1,0,1
2022-02-08,Watford,0,1,6,1,away,0,0,1,0,-1,0
2022-02-12,Watford,0,2,9,1,home,0,0,1,0,-2,0
2022-02-19,Watford,1,0,8,4,away,1,0,0,3,1,1
2022-02-23,Watford,1,4,8,1,home,0,0,1,0,-3,0
2022-02-26,Watford,0,0,10,2,away,0,1,0,1,0,1
2022-03-06,Watford,2,3,13,7,home,0,0,1,0,-1,0
2022-03-10,Watford,0,4,9,0,away,0,0,1,0,-4,0
2022-03-13,Watford,2,1,9,5,away,1,0,0,3,1,0
2022-04-02,Watford,0,2,5,2,away,0,0,1,0,-2,0
2022-04-09,Watford,0,3,8,1,home,0,0,1,0,-3,0
2022-04-16,Watford,1,2,17,4,home,0,0,1,0,-1,0
2022-04-23,Watford,1,5,5,2,away,0,0,1,0,-4,0
2022-04-30,Watford,1,2,13,1,home,0,0,1,0,-1,0
2022-05-07,Watford,0,1,6,1,away,0,0,1,0,-1,0
2022-05-11,Watford,0,0,6,0,home,0,1,0,1,0,1
2022-05-15,Watford,1,5,13,5,home,0,0,1,0,-4,0
2022-05-22,Watford,1,2,8,3,away,0,0,1,0,-1,0
2010-08-14,West Brom,0,6,10,4,away,0,0,1,0,-6,0
2010-08-21,West Brom,1,0,11,5,home,1,0,0,3,1,1
2010-08-29,West Brom,0,1,14,5,away,0,0,1,0,-1,0
2010-09-11,West Brom,1,1,15,8,home,0,1,0,1,0,0
2010-09-18,West Brom,3,1,16,10,home,1,0,0,3,2,0
2010-09-25,West Brom,3,2,7,5,away,1,0,0,3,1,0
2010-10-02,West Brom,1,1,17,9,home,0,1,0,1,0,0
2010-10-16,West Brom,2,2,7,2,away,0,1,0,1,0,0
2010-10-23,West Brom,2,1,14,7,home,1,0,0,3,1,0
2010-11-01,West Brom,1,2,12,5,away,0,0,1,0,-1,0
2010-11-07,West Brom,0,2,13,7,home,0,0,1,0,-2,0
2010-11-10,West Brom,2,2,14,6,away,0,1,0,1,0,0
2010-11-13,West Brom,0,1,12,6,away,0,0,1,0,-1,0
2010-11-20,West Brom,0,3,15,8,home,0,0,1,0,-3,0
2010-11-27,West Brom,4,1,7,3,away,1,0,0,3,3,0
2010-12-05,West Brom,3,1,20,12,home,1,0,0,3,2,0
2010-12-11,West Brom,1,2,11,4,away,0,0,1,0,-1,0
2010-12-26,West Brom,0,2,15,9,away,0,0,1,0,-2,0
2010-12-28,West Brom,1,3,21,11,home,0,0,1,0,-2,0
2011-01-01,West Brom,1,2,17,8,home,0,0,1,0,-1,0
2011-01-04,West Brom,0,3,12,4,away,0,0,1,0,-3,0
2011-01-15,West Brom,3,2,18,11,home,1,0,0,3,1,0
2011-01-23,West Brom,0,2,24,20,away,0,0,1,0,-2,0
2011-02-01,West Brom,2,2,21,10,home,0,1,0,1,0,0
2011-02-05,West Brom,0,3,17,9,away,0,0,1,0,-3,0
2011-02-12,West Brom,3,3,15,11,home,0,1,0,1,0,0
2011-02-20,West Brom,1,1,19,11,home,0,1,0,1,0,0
2011-02-28,West Brom,1,1,16,11,away,0,1,0,1,0,0
2011-03-05,West Brom,3,1,9,5,away,1,0,0,3,2,0
2011-03-19,West Brom,2,2,4,3,home,0,1,0,1,0,0
2011-04-02,West Brom,2,1,17,14,home,1,0,0,3,1,0
2011-04-09,West Brom,3,2,12,8,away,1,0,0,3,1,0
2011-04-16,West Brom,1,3,12,6,home,0,0,1,0,-2,0
2011-04-23,West Brom,2,2,10,4,away,0,1,0,1,0,0
2011-04-30,West Brom,2,1,8,4,home,1,0,0,3,1,0
2011-05-08,West Brom,1,3,14,6,away,0,0,1,0,-2,0
2011-05-14,West Brom,1,0,14,9,home,1,0,0,3,1,1
2011-05-22,West Brom,3,3,13,7,away,0,1,0,1,0,0
2011-08-14,West Brom,1,2,14,8,home,0,0,1,0,-1,0
2011-08-20,West Brom,1,2,6,4,away,0,0,1,0,-1,0
2011-08-28,West Brom,0,1,16,7,home,0,0,1,0,-1,0
2011-09-11,West Brom,1,0,14,9,away,1,0,0,3,1,1
2011-09-17,West Brom,0,3,13,8,away,0,0,1,0,-3,0
2011-09-24,West Brom,0,0,8,5,home,0,1,0,1,0,1
2011-10-01,West Brom,2,2,7,3,away,0,1,0,1,0,0
2011-10-16,West Brom,2,0,17,11,home,1,0,0,3,2,1
2011-10-22,West Brom,2,1,8,5,away,1,0,0,3,1,0
2011-10-29,West Brom,0,2,10,6,home,0,0,1,0,-2,0
2011-11-05,West Brom,0,3,9,4,away,0,0,1,0,-3,0
2011-11-19,West Brom,2,1,16,9,home,1,0,0,3,1,0
2011-11-26,West Brom,1,3,9,5,home,0,0,1,0,-2,0
2011-12-03,West Brom,1,1,15,10,away,0,1,0,1,0,0
2011-12-10,West Brom,1,2,13,8,home,0,0,1,0,-1,0
2011-12-17,West Brom,2,1,13,6,away,1,0,0,3,1,0
2011-12-21,West Brom,3,2,14,8,away,1,0,0,3,1,0
2011-12-26,West Brom,0,0,7,3,home,0,1,0,1,0,1
2012-01-01,West Brom,0,1,10,2,home,0,0,1,0,-1,0
2012-01-03,West Brom,0,1,8,2,away,0,0,1,0,-1,0
2012-01-14,West Brom,1,2,16,8,home,0,0,1,0,-1,0
2012-01-21,West Brom,2,1,15,6,away,1,0,0,3,1,0
2012-02-01,West Brom,1,1,15,11,away,0,1,0,1,0,0
2012-02-04,West Brom,1,2,18,11,home,0,0,1,0,-1,0
2012-02-12,West Brom,5,1,26,16,away,1,0,0,3,4,0
2012-02-25,West Brom,4,0,18,13,home,1,0,0,3,4,1
2012-03-03,West Brom,1,0,19,11,home,1,0,0,3,1,1
2012-03-11,West Brom,0,2,6,3,away,0,0,1,0,-2,0
2012-03-17,West Brom,1,1,8,2,away,0,1,0,1,0,0
2012-03-25,West Brom,1,3,14,6,home,0,0,1,0,-2,0
2012-03-31,West Brom,0,2,9,5,away,0,0,1,0,-2,0
2012-04-07,West Brom,3,0,9,6,home,1,0,0,3,3,1
2012-04-11,West Brom,0,4,4,1,away,0,0,1,0,-4,0
2012-04-14,West Brom,1,0,15,10,home,1,0,0,3,1,1
2012-04-22,West Brom,1,0,9,4,away,1,0,0,3,1,1
2012-04-28,West Brom,0,0,13,7,home,0,1,0,1,0,1
2012-05-06,West Brom,2,2,17,13,away,0,1,0,1,0,0
2012-05-13,West Brom,2,3,12,8,home,0,0,1,0,-1,0
2012-08-18,West Brom,3,0,15,10,home,1,0,0,3,3,1
2012-08-25,West Brom,1,1,10,5,away,0,1,0,1,0,0
2012-09-01,West Brom,2,0,14,8,home,1,0,0,3,2,1
2012-09-15,West Brom,0,3,10,8,away,0,0,1,0,-3,0
2012-09-22,West Brom,1,0,9,4,home,1,0,0,3,1,1
2012-09-30,West Brom,1,1,14,7,away,0,1,0,1,0,0
2012-10-06,West Brom,3,2,13,8,home,1,0,0,3,1,0
2012-10-20,West Brom,1,2,16,8,home,0,0,1,0,-1,0
2012-10-28,West Brom,1,2,8,4,away,0,0,1,0,-1,0
2012-11-05,West Brom,2,0,16,6,home,1,0,0,3,2,1
2012-11-10,West Brom,2,1,7,4,away,1,0,0,3,1,0
2012-11-17,West Brom,2,1,8,6,home,1,0,0,3,1,0
2012-11-24,West Brom,4,2,11,6,away,1,0,0,3,2,0
2012-11-28,West Brom,1,3,6,2,away,0,0,1,0,-2,0
2012-12-01,West Brom,0,1,14,11,home,0,0,1,0,-1,0
2012-12-08,West Brom,0,2,7,2,away,0,0,1,0,-2,0
2012-12-16,West Brom,0,0,19,10,home,0,1,0,1,0,1
2012-12-22,West Brom,2,1,12,8,home,1,0,0,3,1,0
2012-12-26,West Brom,2,1,12,6,away,1,0,0,3,1,0
2012-12-29,West Brom,0,2,13,9,away,0,0,1,0,-2,0
2013-01-01,West Brom,1,2,17,10,home,0,0,1,0,-1,0
2013-01-12,West Brom,2,3,11,6,away,0,0,1,0,-1,0
2013-01-19,West Brom,2,2,25,9,home,0,1,0,1,0,0
2013-01-30,West Brom,1,2,7,4,away,0,0,1,0,-1,0
2013-02-03,West Brom,0,1,4,3,home,0,0,1,0,-1,0
2013-02-11,West Brom,2,0,4,3,away,1,0,0,3,2,1
2013-02-23,West Brom,2,1,17,7,home,1,0,0,3,1,0
2013-03-02,West Brom,0,1,8,4,away,0,0,1,0,-1,0
2013-03-09,West Brom,2,1,12,6,home,1,0,0,3,1,0
2013-03-16,West Brom,0,0,9,5,away,0,1,0,1,0,1
2013-03-30,West Brom,1,3,17,11,away,0,0,1,0,-2,0
2013-04-06,West Brom,1,2,16,5,home,0,0,1,0,-1,0
2013-04-20,West Brom,1,1,8,4,home,0,1,0,1,0,0
2013-04-27,West Brom,3,0,11,9,away,1,0,0,3,3,1
2013-05-04,West Brom,2,3,17,11,home,0,0,1,0,-1,0
2013-05-07,West Brom,0,1,20,11,away,0,0,1,0,-1,0
2013-05-12,West Brom,0,4,8,5,away,0,0,1,0,-4,0
2013-05-19,West Brom,5,5,15,8,home,0,1,0,1,0,0
2013-08-17,West Brom,0,1,11,1,home,0,0,1,0,-1,0
2013-08-24,West Brom,0,0,7,2,away,0,1,0,1,0,1
2013-09-01,West Brom,0,2,10,1,home,0,0,1,0,-2,0
2013-09-14,West Brom,1,1,12,4,away,0,1,0,1,0,0
2013-09-21,West Brom,3,0,13,4,home,1,0,0,3,3,1
2013-09-28,West Brom,2,1,12,4,away,1,0,0,3,1,0
2013-10-06,West Brom,1,1,12,4,home,0,1,0,1,0,0
2013-10-19,West Brom,0,0,12,5,away,0,1,0,1,0,1
2013-10-26,West Brom,1,4,15,3,away,0,0,1,0,-3,0
2013-11-02,West Brom,2,0,9,4,home,1,0,0,3,2,1
2013-11-09,West Brom,2,2,11,3,away,0,1,0,1,0,0
2013-11-25,West Brom,2,2,11,4,home,0,1,0,1,0,0
2013-11-30,West Brom,1,2,14,1,away,0,0,1,0,-1,0
2013-12-04,West Brom,2,3,12,1,home,0,0,1,0,-1,0
2013-12-07,West Brom,0,2,26,12,home,0,0,1,0,-2,0
2013-12-14,West Brom,0,1,12,2,away,0,0,1,0,-1,0
2013-12-21,West Brom,1,1,14,3,home,0,1,0,1,0,0
2013-12-26,West Brom,1,1,7,4,away,0,1,0,1,0,0
2013-12-28,West Brom,3,3,22,7,away,0,1,0,1,0,0
2014-01-01,West Brom,1,0,13,4,home,1,0,0,3,1,1
2014-01-11,West Brom,0,1,4,2,away,0,0,1,0,-1,0
2014-01-20,West Brom,1,1,14,6,home,0,1,0,1,0,0
2014-01-29,West Brom,3,4,12,4,away,0,0,1,0,-1,0
2014-02-02,West Brom,1,1,12,4,home,0,1,0,1,0,0
2014-02-08,West Brom,1,3,16,6,away,0,0,1,0,-2,0
2014-02-11,West Brom,1,1,12,1,home,0,1,0,1,0,0
2014-02-22,West Brom,1,1,16,5,home,0,1,0,1,0,0
2014-03-08,West Brom,0,3,14,3,home,0,0,1,0,-3,0
2014-03-15,West Brom,2,1,13,4,away,1,0,0,3,1,0
2014-03-22,West Brom,0,2,17,4,away,0,0,1,0,-2,0
2014-03-29,West Brom,3,3,16,6,home,0,1,0,1,0,0
2014-04-05,West Brom,1,0,8,5,away,1,0,0,3,1,1
2014-04-12,West Brom,3,3,6,5,home,0,1,0,1,0,0
2014-04-21,West Brom,1,3,10,3,away,0,0,1,0,-2,0
2014-04-26,West Brom,1,0,19,6,home,1,0,0,3,1,1
2014-05-04,West Brom,0,1,11,1,away,0,0,1,0,-1,0
2014-05-07,West Brom,0,2,13,3,away,0,0,1,0,-2,0
2014-05-11,West Brom,1,2,17,4,home,0,0,1,0,-1,0
2014-08-16,West Brom,2,2,10,5,home,0,1,0,1,0,0
2014-08-23,West Brom,0,0,8,2,away,0,1,0,1,0,1
2014-08-30,West Brom,0,3,16,2,away,0,0,1,0,-3,0
2014-09-13,West Brom,0,2,11,1,home,0,0,1,0,-2,0
2014-09-21,West Brom,1,0,10,4,away,1,0,0,3,1,1
2014-09-28,West Brom,4,0,20,6,home,1,0,0,3,4,1
2014-10-04,West Brom,1,2,8,4,away,0,0,1,0,-1,0
2014-10-20,West Brom,2,2,8,2,home,0,1,0,1,0,0
2014-10-25,West Brom,2,2,17,4,home,0,1,0,1,0,0
2014-11-01,West Brom,1,0,8,3,away,1,0,0,3,1,1
2014-11-09,West Brom,0,2,10,2,home,0,0,1,0,-2,0
2014-11-22,West Brom,0,2,5,1,away,0,0,1,0,-2,0
2014-11-29,West Brom,0,1,9,1,home,0,0,1,0,-1,0
2014-12-02,West Brom,1,2,23,5,home,0,0,1,0,-1,0
2014-12-06,West Brom,0,0,6,3,away,0,1,0,1,0,1
2014-12-13,West Brom,1,0,13,5,home,1,0,0,3,1,1
2014-12-20,West Brom,2,3,16,6,away,0,0,1,0,-1,0
2014-12-26,West Brom,1,3,18,6,home,0,0,1,0,-2,0
2014-12-28,West Brom,0,2,15,4,away,0,0,1,0,-2,0
2015-01-01,West Brom,1,1,14,3,away,0,1,0,1,0,0
2015-01-10,West Brom,1,0,9,3,home,1,0,0,3,1,1
2015-01-19,West Brom,0,0,5,0,away,0,1,0,1,0,1
2015-01-31,West Brom,0,3,13,4,home,0,0,1,0,-3,0
2015-02-08,West Brom,2,2,12,5,away,0,1,0,1,0,0
2015-02-11,West Brom,2,0,11,4,home,1,0,0,3,2,1
2015-02-21,West Brom,0,0,5,1,away,0,1,0,1,0,1
2015-02-28,West Brom,1,0,7,3,home,1,0,0,3,1,1
2015-03-03,West Brom,1,2,3,1,away,0,0,1,0,-1,0
2015-03-14,West Brom,1,0,14,5,home,1,0,0,3,1,1
2015-03-21,West Brom,0,3,3,0,away,0,0,1,0,-3,0
2015-04-04,West Brom,1,4,21,6,home,0,0,1,0,-3,0
2015-04-11,West Brom,2,3,8,5,home,0,0,1,0,-1,0
2015-04-18,West Brom,2,0,8,4,away,1,0,0,3,2,1
2015-04-25,West Brom,0,0,10,4,home,0,1,0,1,0,1
2015-05-02,West Brom,1,0,6,3,away,1,0,0,3,1,1
2015-05-09,West Brom,1,1,8,3,away,0,1,0,1,0,0
2015-05-18,West Brom,3,0,9,5,home,1,0,0,3,3,1
2015-05-24,West Brom,1,4,14,5,away,0,0,1,0,-3,0
2015-08-10,West Brom,0,3,9,2,home,0,0,1,0,-3,0
2015-08-15,West Brom,0,0,6,0,away,0,1,0,1,0,1
2015-08-23,West Brom,2,3,15,6,home,0,0,1,0,-1,0
2015-08-29,West Brom,1,0,15,5,away,1,0,0,3,1,1
2015-09-12,West Brom,0,0,8,1,home,0,1,0,1,0,1
2015-09-19,West Brom,1,0,11,6,away,1,0,0,3,1,1
2015-09-28,West Brom,2,3,9,4,home,0,0,1,0,-1,0
2015-10-03,West Brom,0,2,7,2,away,0,0,1,0,-2,0
2015-10-17,West Brom,1,0,8,1,home,1,0,0,3,1,1
2015-10-24,West Brom,1,0,7,4,away,1,0,0,3,1,1
2015-10-31,West Brom,2,3,14,6,home,0,0,1,0,-1,0
2015-11-07,West Brom,0,2,4,0,away,0,0,1,0,-2,0
2015-11-21,West Brom,2,1,4,1,home,1,0,0,3,1,0
2015-11-29,West Brom,1,1,7,3,away,0,1,0,1,0,0
2015-12-05,West Brom,1,1,11,4,home,0,1,0,1,0,0
2015-12-13,West Brom,2,2,4,2,away,0,1,0,1,0,0
2015-12-19,West Brom,1,2,6,2,home,0,0,1,0,-1,0
2015-12-26,West Brom,0,1,9,3,away,0,0,1,0,-1,0
2015-12-28,West Brom,1,0,22,5,home,1,0,0,3,1,1
2016-01-02,West Brom,2,1,16,5,home,1,0,0,3,1,0
2016-01-13,West Brom,2,2,13,6,away,0,1,0,1,0,0
2016-01-16,West Brom,0,3,9,0,away,0,0,1,0,-3,0
2016-01-23,West Brom,0,0,4,0,home,0,1,0,1,0,1
2016-02-02,West Brom,1,1,17,7,home,0,1,0,1,0,0
2016-02-06,West Brom,0,1,7,0,away,0,0,1,0,-1,0
2016-02-13,West Brom,1,0,5,1,away,1,0,0,3,1,1
2016-02-27,West Brom,3,2,11,5,home,1,0,0,3,1,0
2016-03-01,West Brom,2,2,11,3,away,0,1,0,1,0,0
2016-03-06,West Brom,1,0,9,2,home,1,0,0,3,1,1
2016-03-19,West Brom,0,1,10,0,home,0,0,1,0,-1,0
2016-04-02,West Brom,0,0,3,0,away,0,1,0,1,0,1
2016-04-09,West Brom,1,2,13,2,away,0,0,1,0,-1,0
2016-04-16,West Brom,0,1,16,4,home,0,0,1,0,-1,0
2016-04-21,West Brom,0,2,8,1,away,0,0,1,0,-2,0
2016-04-25,West Brom,1,1,16,3,away,0,1,0,1,0,0
2016-04-30,West Brom,0,3,15,5,home,0,0,1,0,-3,0
2016-05-07,West Brom,1,1,12,4,away,0,1,0,1,0,0
2016-05-15,West Brom,1,1,13,1,home,0,1,0,1,0,0
2016-08-13,West Brom,1,0,13,3,away,1,0,0,3,1,1
2016-08-20,West Brom,1,2,11,4,home,0,0,1,0,-1,0
2016-08-28,West Brom,0,0,13,2,home,0,1,0,1,0,1
2016-09-10,West Brom,0,1,12,2,away,0,0,1,0,-1,0
2016-09-17,West Brom,4,2,8,6,home,1,0,0,3,2,0
2016-09-24,West Brom,1,1,9,3,away,0,1,0,1,0,0
2016-10-01,West Brom,1,1,17,7,away,0,1,0,1,0,0
2016-10-15,West Brom,1,1,8,4,home,0,1,0,1,0,0
2016-10-22,West Brom,1,2,6,1,away,0,0,1,0,-1,0
2016-10-29,West Brom,0,4,9,1,home,0,0,1,0,-4,0
2016-11-06,West Brom,2,1,11,5,away,1,0,0,3,1,0
2016-11-21,West Brom,4,0,16,6,home,1,0,0,3,4,1
2016-11-26,West Brom,1,1,11,2,away,0,1,0,1,0,0
2016-12-03,West Brom,3,1,11,3,home,1,0,0,3,2,0
2016-12-11,West Brom,0,1,6,1,away,0,0,1,0,-1,0
2016-12-14,West Brom,3,1,13,4,home,1,0,0,3,2,0
2016-12-17,West Brom,0,2,10,1,home,0,0,1,0,-2,0
2016-12-26,West Brom,0,1,3,1,away,0,0,1,0,-1,0
2016-12-31,West Brom,2,1,7,3,away,1,0,0,3,1,0
2017-01-02,West Brom,3,1,8,5,home,1,0,0,3,2,0
2017-01-14,West Brom,0,4,3,0,away,0,0,1,0,-4,0
2017-01-21,West Brom,2,0,14,5,home,1,0,0,3,2,1
2017-01-31,West Brom,1,1,16,5,away,0,1,0,1,0,0
2017-02-04,West Brom,1,0,16,4,home,1,0,0,3,1,1
2017-02-11,West Brom,2,2,8,3,away,0,1,0,1,0,0
2017-02-25,West Brom,2,1,13,4,home,1,0,0,3,1,0
2017-03-04,West Brom,0,2,11,1,home,0,0,1,0,-2,0
2017-03-11,West Brom,0,3,5,2,away,0,0,1,0,-3,0
2017-03-18,West Brom,3,1,12,8,home,1,0,0,3,2,0
2017-04-01,West Brom,0,0,3,1,away,0,1,0,1,0,1
2017-04-04,West Brom,0,2,18,2,away,0,0,1,0,-2,0
2017-04-08,West Brom,0,1,17,6,home,0,0,1,0,-1,0
2017-04-16,West Brom,0,1,7,2,home,0,0,1,0,-1,0
2017-04-29,West Brom,0,1,16,4,home,0,0,1,0,-1,0
2017-05-06,West Brom,2,2,11,3,away,0,1,0,1,0,0
2017-05-12,West Brom,0,1,7,2,home,0,0,1,0,-1,0
2017-05-16,West Brom,1,3,5,2,away,0,0,1,0,-2,0
2017-05-21,West Brom,1,2,16,5,away,0,0,1,0,-1,0
2017-08-12,West Brom,1,0,16,6,home,1,0,0,3,1,1
2017-08-19,West Brom,1,0,8,1,away,1,0,0,3,1,1
2017-08-27,West Brom,1,1,10,2,home,0,1,0,1,0,0
2017-09-09,West Brom,1,3,12,3,away,0,0,1,0,-2,0
2017-09-16,West Brom,0,0,6,1,home,0,1,0,1,0,1
2017-09-25,West Brom,0,2,7,3,away,0,0,1,0,-2,0
2017-09-30,West Brom,2,2,9,4,home,0,1,0,1,0,0
2017-10-16,West Brom,1,1,5,1,away,0,1,0,1,0,0
2017-10-21,West Brom,0,1,7,2,away,0,0,1,0,-1,0
2017-10-28,West Brom,2,3,6,4,home,0,0,1,0,-1,0
2017-11-04,West Brom,0,1,9,3,away,0,0,1,0,-1,0
2017-11-18,West Brom,0,4,7,2,home,0,0,1,0,-4,0
2017-11-25,West Brom,1,1,5,2,away,0,1,0,1,0,0
2017-11-28,West Brom,2,2,8,4,home,0,1,0,1,0,0
2017-12-02,West Brom,0,0,20,6,home,0,1,0,1,0,1
2017-12-09,West Brom,0,1,7,1,away,0,0,1,0,-1,0
2017-12-13,West Brom,0,0,6,1,away,0,1,0,1,0,1
2017-12-17,West Brom,1,2,12,5,home,0,0,1,0,-1,0
2017-12-23,West Brom,1,3,17,7,away,0,0,1,0,-2,0
2017-12-26,West Brom,0,0,17,3,home,0,1,0,1,0,1
2017-12-31,West Brom,1,1,14,3,home,0,1,0,1,0,0
2018-01-02,West Brom,1,2,10,3,away,0,0,1,0,-1,0
2018-01-13,West Brom,2,0,15,4,home,1,0,0,3,2,1
2018-01-20,West Brom,1,1,15,5,away,0,1,0,1,0,0
2018-01-31,West Brom,0,3,3,1,away,0,0,1,0,-3,0
2018-02-03,West Brom,2,3,9,3,home,0,0,1,0,-1,0
2018-02-12,West Brom,0,3,8,1,away,0,0,1,0,-3,0
2018-02-24,West Brom,1,2,10,3,home,0,0,1,0,-1,0
2018-03-03,West Brom,0,1,9,2,away,0,0,1,0,-1,0
2018-03-10,West Brom,1,4,6,2,home,0,0,1,0,-3,0
2018-03-17,West Brom,1,2,11,6,away,0,0,1,0,-1,0
2018-03-31,West Brom,1,2,8,3,home,0,0,1,0,-1,0
2018-04-07,West Brom,1,1,15,3,home,0,1,0,1,0,0
2018-04-15,West Brom,1,0,10,4,away,1,0,0,3,1,1
2018-04-21,West Brom,2,2,13,6,home,0,1,0,1,0,0
2018-04-28,West Brom,1,0,9,2,away,1,0,0,3,1,1
2018-05-05,West Brom,1,0,9,1,home,1,0,0,3,1,1
2018-05-13,West Brom,0,2,7,1,away,0,0,1,0,-2,0
2020-09-13,West Brom,0,3,7,1,home,0,0,1,0,-3,0
2020-09-19,West Brom,2,5,6,4,away,0,0,1,0,-3,0
2020-09-26,West Brom,3,3,9,3,home,0,1,0,1,0,0
2020-10-04,West Brom,0,2,5,2,away,0,0,1,0,-2,0
2020-10-19,West Brom,0,0,13,6,home,0,1,0,1,0,1
2020-10-26,West Brom,1,1,9,3,away,0,1,0,1,0,0
2020-11-02,West Brom,0,2,10,1,away,0,0,1,0,-2,0
2020-11-08,West Brom,0,1,12,2,home,0,0,1,0,-1,0
2020-11-21,West Brom,0,1,7,2,away,0,0,1,0,-1,0
2020-11-28,West Brom,1,0,17,6,home,1,0,0,3,1,1
2020-12-06,West Brom,1,5,9,4,home,0,0,1,0,-4,0
2020-12-12,West Brom,1,2,13,3,away,0,0,1,0,-1,0
2020-12-15,West Brom,1,1,5,1,away,0,1,0,1,0,0
2020-12-20,West Brom,0,3,1,1,home,0,0,1,0,-3,0
2020-12-27,West Brom,1,1,5,3,away,0,1,0,1,0,0
2020-12-29,West Brom,0,5,4,1,home,0,0,1,0,-5,0
2021-01-02,West Brom,0,4,7,3,home,0,0,1,0,-4,0
2021-01-16,West Brom,3,2,12,5,away,1,0,0,3,1,0
2021-01-19,West Brom,1,2,6,2,away,0,0,1,0,-1,0
2021-01-26,West Brom,0,5,4,1,home,0,0,1,0,-5,0
2021-01-30,West Brom,2,2,5,3,home,0,1,0,1,0,0
2021-02-02,West Brom,1,2,8,4,away,0,0,1,0,-1,0
2021-02-07,West Brom,0,2,4,1,away,0,0,1,0,-2,0
2021-02-14,West Brom,1,1,7,3,home,0,1,0,1,0,0
2021-02-20,West Brom,0,0,10,3,away,0,1,0,1,0,1
2021-02-27,West Brom,1,0,6,2,home,1,0,0,3,1,1
2021-03-04,West Brom,0,1,11,3,home,0,0,1,0,-1,0
2021-03-07,West Brom,0,0,13,3,home,0,1,0,1,0,1
2021-03-13,West Brom,0,1,12,1,away,0,0,1,0,-1,0
2021-04-03,West Brom,5,2,14,7,away,1,0,0,3,3,0
2021-04-12,West Brom,3,0,15,6,home,1,0,0,3,3,1
2021-04-22,West Brom,0,3,4,1,away,0,0,1,0,-3,0
2021-04-25,West Brom,2,2,10,4,away,0,1,0,1,0,0
2021-05-03,West Brom,1,1,10,4,home,0,1,0,1,0,0
2021-05-09,West Brom,1,3,12,1,away,0,0,1,0,-2,0
2021-05-16,West Brom,1,2,10,3,home,0,0,1,0,-1,0
2021-05-19,West Brom,1,3,14,4,home,0,0,1,0,-2,0
2021-05-23,West Brom,1,3,14,5,away,0,0,1,0,-2,0
2010-08-14,West Ham,0,3,12,2,away,0,0,1,0,-3,0
2010-08-21,West Ham,1,3,17,10,home,0,0,1,0,-2,0
2010-08-28,West Ham,0,3,7,2,away,0,0,1,0,-3,0
2010-09-11,West Ham,1,3,13,7,home,0,0,1,0,-2,0
2010-09-18,West Ham,1,1,13,6,away,0,1,0,1,0,0
2010-09-25,West Ham,1,0,22,15,home,1,0,0,3,1,1
2010-10-02,West Ham,1,1,12,5,home,0,1,0,1,0,0
2010-10-16,West Ham,1,1,9,7,away,0,1,0,1,0,0
2010-10-23,West Ham,1,2,5,1,home,0,0,1,0,-1,0
2010-10-30,West Ham,0,1,6,3,away,0,0,1,0,-1,0
2010-11-06,West Ham,2,2,16,8,away,0,1,0,1,0,0
2010-11-10,West Ham,2,2,8,5,home,0,1,0,1,0,0
2010-11-13,West Ham,0,0,17,4,home,0,1,0,1,0,1
2010-11-20,West Ham,0,3,6,1,away,0,0,1,0,-3,0
2010-11-27,West Ham,3,1,15,9,home,1,0,0,3,2,0
2010-12-05,West Ham,0,1,8,2,away,0,0,1,0,-1,0
2010-12-11,West Ham,1,3,13,3,home,0,0,1,0,-2,0
2010-12-18,West Ham,1,1,11,3,away,0,1,0,1,0,0
2010-12-26,West Ham,3,1,10,7,away,1,0,0,3,2,0
2010-12-28,West Ham,1,1,11,2,home,0,1,0,1,0,0
2011-01-01,West Ham,2,0,11,6,home,1,0,0,3,2,1
2011-01-05,West Ham,0,5,13,6,away,0,0,1,0,-5,0
2011-01-15,West Ham,0,3,7,6,home,0,0,1,0,-3,0
2011-01-22,West Ham,2,2,13,5,away,0,1,0,1,0,0
2011-02-02,West Ham,3,1,12,10,away,1,0,0,3,2,0
2011-02-06,West Ham,0,1,16,9,home,0,0,1,0,-1,0
2011-02-12,West Ham,3,3,18,11,away,0,1,0,1,0,0
2011-02-27,West Ham,3,1,17,11,home,1,0,0,3,2,0
2011-03-05,West Ham,3,0,15,10,home,1,0,0,3,3,1
2011-03-19,West Ham,0,0,11,5,away,0,1,0,1,0,1
2011-04-02,West Ham,2,4,6,2,home,0,0,1,0,-2,0
2011-04-09,West Ham,0,3,14,8,away,0,0,1,0,-3,0
2011-04-16,West Ham,1,2,12,7,home,0,0,1,0,-1,0
2011-04-23,West Ham,0,3,12,7,away,0,0,1,0,-3,0
2011-05-01,West Ham,1,2,7,4,away,0,0,1,0,-1,0
2011-05-07,West Ham,1,1,24,15,home,0,1,0,1,0,0
2011-05-15,West Ham,2,3,13,10,away,0,0,1,0,-1,0
2011-05-22,West Ham,0,3,17,12,home,0,0,1,0,-3,0
2012-08-18,West Ham,1,0,8,4,home,1,0,0,3,1,1
2012-08-25,West Ham,0,3,7,6,away,0,0,1,0,-3,0
2012-09-01,West Ham,3,0,17,12,home,1,0,0,3,3,1
2012-09-15,West Ham,0,0,9,4,away,0,1,0,1,0,1
2012-09-22,West Ham,1,1,20,11,home,0,1,0,1,0,0
2012-10-01,West Ham,2,1,17,10,away,1,0,0,3,1,0
2012-10-06,West Ham,1,3,7,3,home,0,0,1,0,-2,0
2012-10-20,West Ham,4,1,9,8,home,1,0,0,3,3,0
2012-10-27,West Ham,1,2,15,11,away,0,0,1,0,-1,0
2012-11-03,West Ham,0,0,6,1,home,0,1,0,1,0,1
2012-11-11,West Ham,1,0,10,5,away,1,0,0,3,1,1
2012-11-19,West Ham,1,1,16,11,home,0,1,0,1,0,0
2012-11-25,West Ham,1,3,10,6,away,0,0,1,0,-2,0
2012-11-28,West Ham,0,1,9,3,away,0,0,1,0,-1,0
2012-12-01,West Ham,3,1,16,13,home,1,0,0,3,2,0
2012-12-09,West Ham,2,3,9,6,home,0,0,1,0,-1,0
2012-12-16,West Ham,0,0,10,2,away,0,1,0,1,0,1
2012-12-22,West Ham,1,2,6,5,home,0,0,1,0,-1,0
2012-12-29,West Ham,0,1,11,3,away,0,0,1,0,-1,0
2013-01-01,West Ham,2,1,14,8,home,1,0,0,3,1,0
2013-01-12,West Ham,0,3,9,4,away,0,0,1,0,-3,0
2013-01-19,West Ham,1,1,22,13,home,0,1,0,1,0,0
2013-01-23,West Ham,1,5,7,5,away,0,0,1,0,-4,0
2013-01-30,West Ham,1,3,8,4,away,0,0,1,0,-2,0
2013-02-02,West Ham,1,0,18,9,home,1,0,0,3,1,1
2013-02-10,West Ham,1,2,13,7,away,0,0,1,0,-1,0
2013-02-25,West Ham,2,3,8,6,home,0,0,1,0,-1,0
2013-03-02,West Ham,1,0,10,7,away,1,0,0,3,1,1
2013-03-17,West Ham,0,2,15,9,away,0,0,1,0,-2,0
2013-03-30,West Ham,3,1,14,8,home,1,0,0,3,2,0
2013-04-07,West Ham,0,0,10,4,away,0,1,0,1,0,1
2013-04-13,West Ham,1,1,6,4,away,0,1,0,1,0,0
2013-04-17,West Ham,2,2,10,4,home,0,1,0,1,0,0
2013-04-20,West Ham,2,0,17,11,home,1,0,0,3,2,1
2013-04-27,West Ham,1,2,9,6,away,0,0,1,0,-1,0
2013-05-04,West Ham,0,0,9,3,home,0,1,0,1,0,1
2013-05-12,West Ham,0,2,7,2,away,0,0,1,0,-2,0
2013-05-19,West Ham,4,2,21,12,home,1,0,0,3,2,0
2013-08-17,West Ham,2,0,18,4,home,1,0,0,3,2,1
2013-08-24,West Ham,0,0,6,1,away,0,1,0,1,0,1
2013-08-31,West Ham,0,1,9,0,home,0,0,1,0,-1,0
2013-09-15,West Ham,0,0,6,1,away,0,1,0,1,0,1
2013-09-21,West Ham,2,3,9,1,home,0,0,1,0,-1,0
2013-09-28,West Ham,0,1,18,5,away,0,0,1,0,-1,0
2013-10-06,West Ham,3,0,16,5,away,1,0,0,3,3,1
2013-10-19,West Ham,1,3,11,2,home,0,0,1,0,-2,0
2013-10-27,West Ham,0,0,15,4,away,0,1,0,1,0,1
2013-11-02,West Ham,0,0,17,4,home,0,1,0,1,0,1
2013-11-09,West Ham,1,3,12,4,away,0,0,1,0,-2,0
2013-11-23,West Ham,0,3,8,1,home,0,0,1,0,-3,0
2013-11-30,West Ham,3,0,23,12,home,1,0,0,3,3,1
2013-12-03,West Ham,0,1,11,2,away,0,0,1,0,-1,0
2013-12-07,West Ham,1,4,8,1,away,0,0,1,0,-3,0
2013-12-14,West Ham,0,0,11,2,home,0,1,0,1,0,1
2013-12-21,West Ham,1,3,4,1,away,0,0,1,0,-2,0
2013-12-26,West Ham,1,3,12,5,home,0,0,1,0,-2,0
2013-12-28,West Ham,3,3,16,6,home,0,1,0,1,0,0
2014-01-01,West Ham,1,2,11,3,away,0,0,1,0,-1,0
2014-01-11,West Ham,2,0,10,3,away,1,0,0,3,2,1
2014-01-18,West Ham,1,3,11,2,home,0,0,1,0,-2,0
2014-01-29,West Ham,0,0,1,1,away,0,1,0,1,0,1
2014-02-01,West Ham,2,0,11,4,home,1,0,0,3,2,1
2014-02-08,West Ham,2,0,10,2,away,1,0,0,3,2,1
2014-02-11,West Ham,2,0,12,7,home,1,0,0,3,2,1
2014-02-22,West Ham,3,1,10,5,home,1,0,0,3,2,0
2014-03-01,West Ham,0,1,6,1,away,0,0,1,0,-1,0
2014-03-15,West Ham,1,3,8,2,away,0,0,1,0,-2,0
2014-03-22,West Ham,0,2,10,1,home,0,0,1,0,-2,0
2014-03-26,West Ham,2,1,9,3,home,1,0,0,3,1,0
2014-03-31,West Ham,2,1,11,6,away,1,0,0,3,1,0
2014-04-06,West Ham,1,2,11,1,home,0,0,1,0,-1,0
2014-04-15,West Ham,1,3,12,2,away,0,0,1,0,-2,0
2014-04-19,West Ham,0,1,13,4,home,0,0,1,0,-1,0
2014-04-26,West Ham,0,1,9,3,away,0,0,1,0,-1,0
2014-05-03,West Ham,2,0,20,8,home,1,0,0,3,2,1
2014-05-11,West Ham,0,2,3,0,away,0,0,1,0,-2,0
2014-08-16,West Ham,0,1,18,4,home,0,0,1,0,-1,0
2014-08-23,West Ham,3,1,17,8,away,1,0,0,3,2,0
2014-08-30,West Ham,1,3,4,2,home,0,0,1,0,-2,0
2014-09-15,West Ham,2,2,16,4,away,0,1,0,1,0,0
2014-09-20,West Ham,3,1,13,7,home,1,0,0,3,2,0
2014-09-27,West Ham,1,2,13,4,away,0,0,1,0,-1,0
2014-10-05,West Ham,2,0,11,3,home,1,0,0,3,2,1
2014-10-18,West Ham,3,1,22,6,away,1,0,0,3,2,0
2014-10-25,West Ham,2,1,12,4,home,1,0,0,3,1,0
2014-11-01,West Ham,2,2,10,2,away,0,1,0,1,0,0
2014-11-08,West Ham,0,0,21,5,home,0,1,0,1,0,1
2014-11-22,West Ham,1,2,14,3,away,0,0,1,0,-1,0
2014-11-29,West Ham,1,0,12,3,home,1,0,0,3,1,1
2014-12-02,West Ham,2,1,11,6,away,1,0,0,3,1,0
2014-12-07,West Ham,3,1,15,7,home,1,0,0,3,2,0
2014-12-13,West Ham,1,1,19,8,away,0,1,0,1,0,0
2014-12-20,West Ham,2,0,10,2,home,1,0,0,3,2,1
2014-12-26,West Ham,0,2,6,0,away,0,0,1,0,-2,0
2014-12-28,West Ham,1,2,14,4,home,0,0,1,0,-1,0
2015-01-01,West Ham,1,1,8,3,home,0,1,0,1,0,0
2015-01-10,West Ham,1,1,11,5,away,0,1,0,1,0,0
2015-01-18,West Ham,3,0,17,6,home,1,0,0,3,3,1
2015-01-31,West Ham,0,2,7,2,away,0,0,1,0,-2,0
2015-02-08,West Ham,1,1,13,6,home,0,1,0,1,0,0
2015-02-11,West Ham,0,0,4,1,away,0,1,0,1,0,1
2015-02-22,West Ham,2,2,12,5,away,0,1,0,1,0,0
2015-02-28,West Ham,1,3,22,5,home,0,0,1,0,-2,0
2015-03-04,West Ham,0,1,18,5,home,0,0,1,0,-1,0
2015-03-14,West Ham,0,3,7,1,away,0,0,1,0,-3,0
2015-03-21,West Ham,1,0,15,4,home,1,0,0,3,1,1
2015-04-04,West Ham,1,2,14,7,away,0,0,1,0,-1,0
2015-04-11,West Ham,1,1,11,3,home,0,1,0,1,0,0
2015-04-19,West Ham,0,2,9,3,away,0,0,1,0,-2,0
2015-04-25,West Ham,0,0,8,2,away,0,1,0,1,0,1
2015-05-02,West Ham,1,0,29,7,home,1,0,0,3,1,1
2015-05-09,West Ham,0,1,5,1,away,0,0,1,0,-1,0
2015-05-16,West Ham,1,2,13,3,home,0,0,1,0,-1,0
2015-05-24,West Ham,0,2,4,1,away,0,0,1,0,-2,0
2015-08-09,West Ham,2,0,8,4,away,1,0,0,3,2,1
2015-08-15,West Ham,1,2,10,3,home,0,0,1,0,-1,0
2015-08-22,West Ham,3,4,10,4,home,0,0,1,0,-1,0
2015-08-29,West Ham,3,0,12,5,away,1,0,0,3,3,1
2015-09-14,West Ham,2,0,17,3,home,1,0,0,3,2,1
2015-09-19,West Ham,2,1,6,3,away,1,0,0,3,1,0
2015-09-26,West Ham,2,2,19,7,home,0,1,0,1,0,0
2015-10-03,West Ham,2,2,20,6,away,0,1,0,1,0,0
2015-10-17,West Ham,3,1,24,4,away,1,0,0,3,2,0
2015-10-24,West Ham,2,1,12,5,home,1,0,0,3,1,0
2015-10-31,West Ham,0,2,8,3,away,0,0,1,0,-2,0
2015-11-07,West Ham,1,1,16,5,home,0,1,0,1,0,0
2015-11-22,West Ham,1,4,10,4,away,0,0,1,0,-3,0
2015-11-29,West Ham,1,1,17,6,home,0,1,0,1,0,0
2015-12-05,West Ham,0,0,9,2,away,0,1,0,1,0,1
2015-12-12,West Ham,0,0,22,9,home,0,1,0,1,0,1
2015-12-20,West Ham,0,0,11,2,away,0,1,0,1,0,1
2015-12-26,West Ham,1,1,10,4,away,0,1,0,1,0,0
2015-12-28,West Ham,2,1,13,5,home,1,0,0,3,1,0
2016-01-02,West Ham,2,0,18,10,home,1,0,0,3,2,1
2016-01-12,West Ham,3,1,10,5,away,1,0,0,3,2,0
2016-01-16,West Ham,1,2,10,3,away,0,0,1,0,-1,0
2016-01-23,West Ham,2,2,10,3,home,0,1,0,1,0,0
2016-02-02,West Ham,2,0,25,6,home,1,0,0,3,2,1
2016-02-06,West Ham,0,1,18,2,away,0,0,1,0,-1,0
2016-02-13,West Ham,2,2,11,6,away,0,1,0,1,0,0
2016-02-27,West Ham,1,0,9,3,home,1,0,0,3,1,1
2016-03-02,West Ham,1,0,14,3,home,1,0,0,3,1,1
2016-03-05,West Ham,3,2,17,5,away,1,0,0,3,1,0
2016-03-19,West Ham,2,2,13,6,away,0,1,0,1,0,0
2016-04-02,West Ham,2,2,18,6,home,0,1,0,1,0,0
2016-04-09,West Ham,3,3,19,7,home,0,1,0,1,0,0
2016-04-17,West Ham,2,2,19,4,away,0,1,0,1,0,0
2016-04-20,West Ham,3,1,18,7,home,1,0,0,3,2,0
2016-04-30,West Ham,3,0,8,4,away,1,0,0,3,3,1
2016-05-07,West Ham,1,4,25,7,home,0,0,1,0,-3,0
2016-05-10,West Ham,3,2,20,6,home,1,0,0,3,1,0
2016-05-15,West Ham,1,2,20,7,away,0,0,1,0,-1,0
2016-08-15,West Ham,1,2,7,3,away,0,0,1,0,-1,0
2016-08-21,West Ham,1,0,15,2,home,1,0,0,3,1,1
2016-08-28,West Ham,1,3,9,2,away,0,0,1,0,-2,0
2016-09-10,West Ham,2,4,19,4,home,0,0,1,0,-2,0
2016-09-17,West Ham,2,4,23,5,away,0,0,1,0,-2,0
2016-09-25,West Ham,0,3,13,1,home,0,0,1,0,-3,0
2016-10-01,West Ham,1,1,19,2,home,0,1,0,1,0,0
2016-10-15,West Ham,1,0,12,4,away,1,0,0,3,1,1
2016-10-22,West Ham,1,0,20,3,home,1,0,0,3,1,1
2016-10-30,West Ham,0,2,13,3,away,0,0,1,0,-2,0
2016-11-05,West Ham,1,1,9,2,home,0,1,0,1,0,0
2016-11-19,West Ham,2,3,11,3,away,0,0,1,0,-1,0
2016-11-27,West Ham,1,1,6,2,away,0,1,0,1,0,0
2016-12-03,West Ham,1,5,10,3,home,0,0,1,0,-4,0
2016-12-11,West Ham,2,2,7,3,away,0,1,0,1,0,0
2016-12-14,West Ham,1,0,20,7,home,1,0,0,3,1,1
2016-12-17,West Ham,1,0,18,6,home,1,0,0,3,1,1
2016-12-26,West Ham,4,1,14,7,away,1,0,0,3,3,0
2016-12-31,West Ham,0,1,25,5,away,0,0,1,0,-1,0
2017-01-02,West Ham,0,2,8,2,home,0,0,1,0,-2,0
2017-01-14,West Ham,3,0,14,3,home,1,0,0,3,3,1
2017-01-21,West Ham,3,1,13,5,away,1,0,0,3,2,0
2017-02-01,West Ham,0,4,6,1,home,0,0,1,0,-4,0
2017-02-04,West Ham,3,1,6,4,away,1,0,0,3,2,0
2017-02-11,West Ham,2,2,16,4,home,0,1,0,1,0,0
2017-02-25,West Ham,1,1,13,2,away,0,1,0,1,0,0
2017-03-06,West Ham,1,2,11,2,home,0,0,1,0,-1,0
2017-03-11,West Ham,2,3,15,7,away,0,0,1,0,-1,0
2017-03-18,West Ham,2,3,20,7,home,0,0,1,0,-1,0
2017-04-01,West Ham,1,2,12,4,away,0,0,1,0,-1,0
2017-04-05,West Ham,0,3,7,2,away,0,0,1,0,-3,0
2017-04-08,West Ham,1,0,14,6,home,1,0,0,3,1,1
2017-04-15,West Ham,2,2,7,3,away,0,1,0,1,0,0
2017-04-22,West Ham,0,0,15,3,home,0,1,0,1,0,1
2017-04-29,West Ham,0,0,12,4,away,0,1,0,1,0,1
2017-05-05,West Ham,1,0,13,5,home,1,0,0,3,1,1
2017-05-14,West Ham,0,4,10,3,home,0,0,1,0,-4,0
2017-05-21,West Ham,2,1,14,4,away,1,0,0,3,1,0
2017-08-13,West Ham,0,4,9,1,away,0,0,1,0,-4,0
2017-08-19,West Ham,2,3,16,8,away,0,0,1,0,-1,0
2017-08-26,West Ham,0,3,8,3,away,0,0,1,0,-3,0
2017-09-11,West Ham,2,0,19,3,home,1,0,0,3,2,1
2017-09-16,West Ham,0,0,9,1,away,0,1,0,1,0,1
2017-09-23,West Ham,2,3,10,4,home,0,0,1,0,-1,0
2017-09-30,West Ham,1,0,9,4,home,1,0,0,3,1,1
2017-10-14,West Ham,1,1,8,6,away,0,1,0,1,0,0
2017-10-20,West Ham,0,3,16,2,home,0,0,1,0,-3,0
2017-10-28,West Ham,2,2,6,2,away,0,1,0,1,0,0
2017-11-04,West Ham,1,4,6,1,home,0,0,1,0,-3,0
2017-11-19,West Ham,0,2,10,6,away,0,0,1,0,-2,0
2017-11-24,West Ham,1,1,8,4,home,0,1,0,1,0,0
2017-11-29,West Ham,0,4,7,3,away,0,0,1,0,-4,0
2017-12-03,West Ham,1,2,7,4,away,0,0,1,0,-1,0
2017-12-09,West Ham,1,0,5,2,home,1,0,0,3,1,1
2017-12-13,West Ham,0,0,6,0,home,0,1,0,1,0,1
2017-12-16,West Ham,3,0,14,7,away,1,0,0,3,3,1
2017-12-23,West Ham,2,3,19,6,home,0,0,1,0,-1,0
2017-12-26,West Ham,3,3,10,5,away,0,1,0,1,0,0
2018-01-02,West Ham,2,1,13,5,home,1,0,0,3,1,0
2018-01-04,West Ham,1,1,3,1,away,0,1,0,1,0,0
2018-01-13,West Ham,4,1,8,6,away,1,0,0,3,3,0
2018-01-20,West Ham,1,1,12,4,home,0,1,0,1,0,0
2018-01-30,West Ham,1,1,8,3,home,0,1,0,1,0,0
2018-02-03,West Ham,1,3,4,1,away,0,0,1,0,-2,0
2018-02-10,West Ham,2,0,8,4,home,1,0,0,3,2,1
2018-02-24,West Ham,1,4,7,4,away,0,0,1,0,-3,0
2018-03-03,West Ham,1,4,7,2,away,0,0,1,0,-3,0
2018-03-10,West Ham,0,3,13,4,home,0,0,1,0,-3,0
2018-03-31,West Ham,3,0,13,5,home,1,0,0,3,3,1
2018-04-08,West Ham,1,1,5,2,away,0,1,0,1,0,0
2018-04-16,West Ham,1,1,18,6,home,0,1,0,1,0,0
2018-04-22,West Ham,1,4,11,4,away,0,0,1,0,-3,0
2018-04-29,West Ham,1,4,4,1,home,0,0,1,0,-3,0
2018-05-05,West Ham,2,0,13,3,away,1,0,0,3,2,1
2018-05-10,West Ham,0,0,9,2,home,0,1,0,1,0,1
2018-05-13,West Ham,3,1,15,4,home,1,0,0,3,2,0
2018-08-12,West Ham,0,4,5,2,away,0,0,1,0,-4,0
2018-08-18,West Ham,1,2,11,5,home,0,0,1,0,-1,0
2018-08-25,West Ham,1,3,13,5,away,0,0,1,0,-2,0
2018-09-01,West Ham,0,1,13,3,home,0,0,1,0,-1,0
2018-09-16,West Ham,3,1,9,4,away,1,0,0,3,2,0
2018-09-23,West Ham,0,0,6,1,home,0,1,0,1,0,1
2018-09-29,West Ham,3,1,8,3,home,1,0,0,3,2,0
2018-10-05,West Ham,0,1,17,4,away,0,0,1,0,-1,0
2018-10-20,West Ham,0,1,13,4,home,0,0,1,0,-1,0
2018-10-27,West Ham,1,1,11,3,away,0,1,0,1,0,0
2018-11-03,West Ham,4,2,22,10,home,1,0,0,3,2,0
2018-11-10,West Ham,1,1,12,5,away,0,1,0,1,0,0
2018-11-24,West Ham,0,4,9,1,home,0,0,1,0,-4,0
2018-12-01,West Ham,3,0,7,4,away,1,0,0,3,3,1
2018-12-04,West Ham,3,1,17,11,home,1,0,0,3,2,0
2018-12-08,West Ham,3,2,13,6,home,1,0,0,3,1,0
2018-12-15,West Ham,2,0,6,3,away,1,0,0,3,2,1
2018-12-22,West Ham,0,2,18,7,home,0,0,1,0,-2,0
2018-12-27,West Ham,2,1,16,5,away,1,0,0,3,1,0
2018-12-30,West Ham,0,2,11,4,away,0,0,1,0,-2,0
2019-01-02,West Ham,2,2,13,6,home,0,1,0,1,0,0
2019-01-12,West Ham,1,0,11,3,home,1,0,0,3,1,1
2019-01-19,West Ham,0,2,9,1,away,0,0,1,0,-2,0
2019-01-29,West Ham,0,3,4,0,away,0,0,1,0,-3,0
2019-02-04,West Ham,1,1,13,2,home,0,1,0,1,0,0
2019-02-09,West Ham,1,1,6,4,away,0,1,0,1,0,0
2019-02-22,West Ham,3,1,21,7,home,1,0,0,3,2,0
2019-02-27,West Ham,0,1,2,1,away,0,0,1,0,-1,0
2019-03-02,West Ham,2,0,10,4,home,1,0,0,3,2,1
2019-03-09,West Ham,0,2,9,2,away,0,0,1,0,-2,0
2019-03-16,West Ham,4,3,16,5,home,1,0,0,3,1,0
2019-03-30,West Ham,0,2,3,1,home,0,0,1,0,-2,0
2019-04-08,West Ham,0,2,9,2,away,0,0,1,0,-2,0
2019-04-13,West Ham,1,2,18,4,away,0,0,1,0,-1,0
2019-04-20,West Ham,2,2,11,3,home,0,1,0,1,0,0
2019-04-27,West Ham,1,0,16,7,away,1,0,0,3,1,1
2019-05-04,West Ham,3,0,17,6,home,1,0,0,3,3,1
2019-05-12,West Ham,4,1,16,9,away,1,0,0,3,3,0
2019-08-10,West Ham,0,5,5,3,home,0,0,1,0,-5,0
2019-08-17,West Ham,1,1,8,3,away,0,1,0,1,0,0
2019-08-24,West Ham,3,1,16,10,away,1,0,0,3,2,0
2019-08-31,West Ham,2,0,18,8,home,1,0,0,3,2,1
2019-09-16,West Ham,0,0,13,1,away,0,1,0,1,0,1
2019-09-22,West Ham,2,0,8,6,home,1,0,0,3,2,1
2019-09-28,West Ham,2,2,17,6,away,0,1,0,1,0,0
2019-10-05,West Ham,1,2,9,4,home,0,0,1,0,-1,0
2019-10-19,West Ham,0,2,8,4,away,0,0,1,0,-2,0
2019-10-26,West Ham,1,1,12,4,home,0,1,0,1,0,0
2019-11-02,West Ham,2,3,16,6,home,0,0,1,0,-1,0
2019-11-09,West Ham,0,3,7,4,away,0,0,1,0,-3,0
2019-11-23,West Ham,2,3,11,4,home,0,0,1,0,-1,0
2019-11-30,West Ham,1,0,5,4,away,1,0,0,3,1,1
2019-12-04,West Ham,0,2,6,3,away,0,0,1,0,-2,0
2019-12-09,West Ham,1,3,11,4,home,0,0,1,0,-2,0
2019-12-14,West Ham,1,0,11,4,away,1,0,0,3,1,1
2019-12-26,West Ham,1,2,10,2,away,0,0,1,0,-1,0
2019-12-28,West Ham,1,2,14,4,home,0,0,1,0,-1,0
2020-01-01,West Ham,4,0,14,7,home,1,0,0,3,4,1
2020-01-10,West Ham,0,1,7,2,away,0,0,1,0,-1,0
2020-01-18,West Ham,1,1,12,6,home,0,1,0,1,0,0
2020-01-22,West Ham,1,4,6,2,away,0,0,1,0,-3,0
2020-01-29,West Ham,0,2,7,4,home,0,0,1,0,-2,0
2020-02-01,West Ham,3,3,12,6,home,0,1,0,1,0,0
2020-02-19,West Ham,0,2,3,0,away,0,0,1,0,-2,0
2020-02-24,West Ham,2,3,7,4,away,0,0,1,0,-1,0
2020-02-29,West Ham,3,1,14,7,home,1,0,0,3,2,0
2020-03-07,West Ham,0,1,14,6,away,0,0,1,0,-1,0
2020-06-20,West Ham,0,2,7,2,home,0,0,1,0,-2,0
2020-06-23,West Ham,0,2,10,2,away,0,0,1,0,-2,0
2020-07-01,West Ham,3,2,10,4,home,1,0,0,3,1,0
2020-07-05,West Ham,2,2,17,7,away,0,1,0,1,0,0
2020-07-08,West Ham,0,1,21,5,home,0,0,1,0,-1,0
2020-07-11,West Ham,4,0,19,7,away,1,0,0,3,4,1
2020-07-17,West Ham,3,1,10,4,home,1,0,0,3,2,0
2020-07-22,West Ham,1,1,12,3,away,0,1,0,1,0,0
2020-07-26,West Ham,1,1,10,1,home,0,1,0,1,0,0
2020-09-12,West Ham,0,2,15,3,home,0,0,1,0,-2,0
2020-09-19,West Ham,1,2,14,3,away,0,0,1,0,-1,0
2020-09-27,West Ham,4,0,15,7,home,1,0,0,3,4,1
2020-10-04,West Ham,3,0,14,6,away,1,0,0,3,3,1
2020-10-18,West Ham,3,3,13,4,away,0,1,0,1,0,0
2020-10-24,West Ham,1,1,6,2,home,0,1,0,1,0,0
2020-10-31,West Ham,1,2,4,3,away,0,0,1,0,-1,0
2020-11-07,West Ham,1,0,16,7,home,1,0,0,3,1,1
2020-11-22,West Ham,1,0,15,3,away,1,0,0,3,1,1
2020-11-30,West Ham,2,1,6,2,home,1,0,0,3,1,0
2020-12-05,West Ham,1,3,19,6,home,0,0,1,0,-2,0
2020-12-11,West Ham,2,1,19,8,away,1,0,0,3,1,0
2020-12-16,West Ham,1,1,9,2,home,0,1,0,1,0,0
2020-12-21,West Ham,0,3,6,0,away,0,0,1,0,-3,0
2020-12-27,West Ham,2,2,11,4,home,0,1,0,1,0,0
2020-12-29,West Ham,0,0,8,3,away,0,1,0,1,0,1
2021-01-01,West Ham,1,0,11,5,away,1,0,0,3,1,1
2021-01-16,West Ham,1,0,15,4,home,1,0,0,3,1,1
2021-01-19,West Ham,2,1,14,6,home,1,0,0,3,1,0
2021-01-26,West Ham,3,2,17,7,away,1,0,0,3,1,0
2021-01-31,West Ham,1,3,8,2,home,0,0,1,0,-2,0
2021-02-03,West Ham,3,1,20,10,away,1,0,0,3,2,0
2021-02-06,West Ham,0,0,8,1,away,0,1,0,1,0,1
2021-02-15,West Ham,3,0,13,9,home,1,0,0,3,3,1
2021-02-21,West Ham,2,1,4,4,home,1,0,0,3,1,0
2021-02-27,West Ham,1,2,9,3,away,0,0,1,0,-1,0
2021-03-08,West Ham,2,0,16,5,home,1,0,0,3,2,1
2021-03-14,West Ham,0,1,7,0,away,0,0,1,0,-1,0
2021-03-21,West Ham,3,3,15,5,home,0,1,0,1,0,0
2021-04-05,West Ham,3,2,9,6,away,1,0,0,3,1,0
2021-04-11,West Ham,3,2,4,4,home,1,0,0,3,1,0
2021-04-17,West Ham,2,3,16,6,away,0,0,1,0,-1,0
2021-04-24,West Ham,0,1,9,2,home,0,0,1,0,-1,0
2021-05-03,West Ham,2,1,22,4,away,1,0,0,3,1,0
2021-05-09,West Ham,0,1,11,0,home,0,0,1,0,-1,0
2021-05-15,West Ham,1,1,15,3,away,0,1,0,1,0,0
2021-05-19,West Ham,3,1,21,9,away,1,0,0,3,2,0
2021-05-23,West Ham,3,0,14,7,home,1,0,0,3,3,1
2021-08-15,West Ham,4,2,8,9,away,1,0,0,3,2,0
2021-08-23,West Ham,4,1,13,7,home,1,0,0,3,3,0
2021-08-28,West Ham,2,2,14,4,home,0,1,0,1,0,0
2021-09-11,West Ham,0,0,13,3,away,0,1,0,1,0,1
2021-09-19,West Ham,1,2,13,4,home,0,0,1,0,-1,0
2021-09-25,West Ham,2,1,20,7,away,1,0,0,3,1,0
2021-10-03,West Ham,1,2,18,5,home,0,0,1,0,-1,0
2021-10-17,West Ham,1,0,16,4,away,1,0,0,3,1,1
2021-10-24,West Ham,1,0,13,4,home,1,0,0,3,1,1
2021-10-31,West Ham,4,1,21,9,away,1,0,0,3,3,0
2021-11-07,West Ham,3,2,7,3,home,1,0,0,3,1,0
2021-11-20,West Ham,0,1,8,3,away,0,0,1,0,-1,0
2021-11-28,West Ham,1,2,5,3,away,0,0,1,0,-1,0
2021-12-01,West Ham,1,1,14,6,home,0,1,0,1,0,0
2021-12-04,West Ham,3,2,11,5,home,1,0,0,3,1,0
2021-12-12,West Ham,0,0,16,3,away,0,1,0,1,0,1
2021-12-15,West Ham,0,2,7,1,away,0,0,1,0,-2,0
2021-12-26,West Ham,2,3,11,5,home,0,0,1,0,-1,0
2021-12-28,West Ham,4,1,13,6,away,1,0,0,3,3,0
2022-01-01,West Ham,3,2,10,5,away,1,0,0,3,1,0
2022-01-12,West Ham,2,0,13,5,home,1,0,0,3,2,1
2022-01-16,West Ham,2,3,15,5,home,0,0,1,0,-1,0
2022-01-22,West Ham,0,1,6,1,away,0,0,1,0,-1,0
2022-02-08,West Ham,1,0,9,3,home,1,0,0,3,1,1
2022-02-13,West Ham,2,2,8,3,away,0,1,0,1,0,0
2022-02-19,West Ham,1,1,11,3,home,0,1,0,1,0,0
2022-02-27,West Ham,1,0,13,4,home,1,0,0,3,1,1
2022-03-05,West Ham,0,1,13,5,away,0,0,1,0,-1,0
2022-03-13,West Ham,2,1,11,4,home,1,0,0,3,1,0
2022-03-20,West Ham,1,3,6,1,away,0,0,1,0,-2,0
2022-04-03,West Ham,2,1,11,5,home,1,0,0,3,1,0
2022-04-10,West Ham,0,2,5,1,away,0,0,1,0,-2,0
2022-04-17,West Ham,1,1,21,8,home,0,1,0,1,0,0
2022-04-24,West Ham,0,1,6,2,away,0,0,1,0,-1,0
2022-05-01,West Ham,1,2,8,3,home,0,0,1,0,-1,0
2022-05-08,West Ham,4,0,13,5,away,1,0,0,3,4,1
2022-05-15,West Ham,2,2,6,2,home,0,1,0,1,0,0
2022-05-22,West Ham,1,3,7,2,away,0,0,1,0,-2,0
2022-08-07,West Ham,0,2,6,1,home,0,0,1,0,-2,0
2022-08-14,West Ham,0,1,19,5,away,0,0,1,0,-1,0
2022-08-21,West Ham,0,2,13,3,home,0,0,1,0,-2,0
2022-08-28,West Ham,1,0,7,2,away,1,0,0,3,1,1
2022-08-31,West Ham,1,1,14,4,home,0,1,0,1,0,0
2022-09-03,West Ham,1,2,6,3,away,0,0,1,0,-1,0
2022-09-18,West Ham,0,1,14,4,away,0,0,1,0,-1,0
2022-10-01,West Ham,2,0,18,5,home,1,0,0,3,2,1
2022-10-09,West Ham,3,1,17,8,home,1,0,0,3,2,0
2022-10-16,West Ham,1,1,25,4,away,0,1,0,1,0,0
2022-10-19,West Ham,0,1,8,3,away,0,0,1,0,-1,0
2022-10-24,West Ham,2,0,20,4,home,1,0,0,3,2,1
2022-10-30,West Ham,0,1,13,5,away,0,0,1,0,-1,0
2022-11-06,West Ham,1,2,5,2,home,0,0,1,0,-1,0
2022-11-12,West Ham,0,2,18,6,home,0,0,1,0,-2,0
2022-12-26,West Ham,1,3,8,4,away,0,0,1,0,-2,0
2022-12-30,West Ham,0,2,20,5,home,0,0,1,0,-2,0
2023-01-04,West Ham,2,2,15,2,away,0,1,0,1,0,0
2023-01-14,West Ham,0,1,16,4,away,0,0,1,0,-1,0
2023-01-21,West Ham,2,0,11,4,home,1,0,0,3,2,1
2023-02-04,West Ham,1,1,10,1,away,0,1,0,1,0,0
2023-02-11,West Ham,1,1,10,2,home,0,1,0,1,0,0
2023-02-19,West Ham,0,2,6,1,away,0,0,1,0,-2,0
2023-02-25,West Ham,4,0,18,5,home,1,0,0,3,4,1
2023-03-04,West Ham,0,4,3,2,away,0,0,1,0,-4,0
2023-03-12,West Ham,1,1,17,6,home,0,1,0,1,0,0
2023-04-02,West Ham,1,0,12,2,home,1,0,0,3,1,1
2023-04-05,West Ham,1,5,7,2,home,0,0,1,0,-4,0
2023-04-08,West Ham,1,0,9,5,away,1,0,0,3,1,1
2023-04-16,West Ham,2,2,16,3,home,0,1,0,1,0,0
2023-04-23,West Ham,4,0,18,10,away,1,0,0,3,4,1
2023-04-26,West Ham,1,2,7,2,home,0,0,1,0,-1,0
2023-04-29,West Ham,3,4,8,4,away,0,0,1,0,-1,0
2023-05-03,West Ham,0,3,6,2,away,0,0,1,0,-3,0
2023-05-07,West Ham,1,0,15,4,home,1,0,0,3,1,1
2023-05-14,West Ham,0,2,4,4,away,0,0,1,0,-2,0
2023-05-21,West Ham,3,1,19,9,home,1,0,0,3,2,0
2023-05-28,West Ham,1,2,16,3,away,0,0,1,0,-1,0
2023-08-12,West Ham,1,1,16,3,away,0,1,0,1,0,0
2023-08-20,West Ham,3,1,12,6,home,1,0,0,3,2,0
2023-08-26,West Ham,3,1,12,3,away,1,0,0,3,2,0
2023-09-01,West Ham,2,1,9,3,away,1,0,0,3,1,0
2023-09-16,West Ham,1,3,6,3,home,0,0,1,0,-2,0
2023-09-24,West Ham,1,3,11,4,away,0,0,1,0,-2,0
2023-09-30,West Ham,2,0,20,9,home,1,0,0,3,2,1
2023-10-08,West Ham,2,2,5,3,home,0,1,0,1,0,0
2023-10-22,West Ham,1,4,14,4,away,0,0,1,0,-3,0
2023-10-29,West Ham,0,1,12,2,home,0,0,1,0,-1,0
2023-11-04,West Ham,2,3,12,2,away,0,0,1,0,-1,0
2023-11-12,West Ham,3,2,16,6,home,1,0,0,3,1,0
2023-11-25,West Ham,2,1,11,3,away,1,0,0,3,1,0
2023-12-03,West Ham,1,1,9,3,home,0,1,0,1,0,0
2023-12-07,West Ham,2,1,11,5,away,1,0,0,3,1,0
2023-12-10,West Ham,0,5,9,5,away,0,0,1,0,-5,0
2023-12-17,West Ham,3,0,13,4,home,1,0,0,3,3,1
2023-12-23,West Ham,2,0,12,5,home,1,0,0,3,2,1
2023-12-28,West Ham,2,0,6,3,away,1,0,0,3,2,1
2024-01-02,West Ham,0,0,6,2,home,0,1,0,1,0,1
2024-01-21,West Ham,2,2,16,5,away,0,1,0,1,0,0
2024-02-01,West Ham,1,1,9,3,home,0,1,0,1,0,0
2024-02-04,West Ham,0,3,22,3,away,0,0,1,0,-3,0
2024-02-11,West Ham,0,6,5,1,home,0,0,1,0,-6,0
2024-02-17,West Ham,0,2,10,3,away,0,0,1,0,-2,0
2024-02-26,West Ham,4,2,17,6,home,1,0,0,3,2,0
2024-03-02,West Ham,3,1,12,5,away,1,0,0,3,2,0
2024-03-10,West Ham,2,2,22,4,home,0,1,0,1,0,0
2024-03-17,West Ham,1,1,13,5,home,0,1,0,1,0,0
2024-03-30,West Ham,3,4,10,4,away,0,0,1,0,-1,0
2024-04-02,West Ham,1,1,11,4,home,0,1,0,1,0,0
2024-04-06,West Ham,2,1,11,4,away,1,0,0,3,1,0
2024-04-14,West Ham,0,2,15,4,home,0,0,1,0,-2,0
2024-04-21,West Ham,2,5,4,1,away,0,0,1,0,-3,0
2024-04-27,West Ham,2,2,11,8,home,0,1,0,1,0,0
2024-05-05,West Ham,0,5,13,2,away,0,0,1,0,-5,0
2024-05-11,West Ham,3,1,24,8,home,1,0,0,3,2,0
2024-05-19,West Ham,1,3,3,2,away,0,0,1,0,-2,0
2024-08-17,West Ham,1,2,14,3,home,0,0,1,0,-1,0
2024-08-24,West Ham,2,0,18,3,away,1,0,0,3,2,1
2024-08-31,West Ham,1,3,10,2,home,0,0,1,0,-2,0
2024-09-14,West Ham,1,1,11,3,away,0,1,0,1,0,0
2024-09-21,West Ham,0,3,15,7,home,0,0,1,0,-3,0
2024-09-28,West Ham,1,1,19,3,away,0,1,0,1,0,0
2024-10-05,West Ham,4,1,23,13,home,1,0,0,3,3,0
2024-10-19,West Ham,1,4,11,4,away,0,0,1,0,-3,0
2024-10-27,West Ham,2,1,12,3,home,1,0,0,3,1,0
2024-11-02,West Ham,0,3,4,2,away,0,0,1,0,-3,0
2024-11-09,West Ham,0,0,11,6,home,0,1,0,1,0,1
2024-11-25,West Ham,2,0,15,6,away,1,0,0,3,2,1
2024-11-30,West Ham,2,5,12,5,home,0,0,1,0,-3,0
2024-12-03,West Ham,1,3,31,10,away,0,0,1,0,-2,0
2024-12-09,West Ham,2,1,19,4,home,1,0,0,3,1,0
2024-12-16,West Ham,1,1,16,3,away,0,1,0,1,0,0
2024-12-21,West Ham,1,1,11,4,home,0,1,0,1,0,0
2024-12-26,West Ham,1,0,16,2,away,1,0,0,3,1,1
2024-12-29,West Ham,0,5,7,0,home,0,0,1,0,-5,0
2025-01-04,West Ham,1,4,17,4,away,0,0,1,0,-3,0
2025-01-14,West Ham,3,2,4,3,home,1,0,0,3,1,0
2025-01-18,West Ham,0,2,7,0,home,0,0,1,0,-2,0
2025-01-26,West Ham,1,1,14,4,away,0,1,0,1,0,0
2025-02-03,West Ham,1,2,14,5,away,0,0,1,0,-1,0
2025-02-15,West Ham,0,1,13,3,home,0,0,1,0,-1,0
2025-02-22,West Ham,1,0,5,2,away,1,0,0,3,1,1
2025-02-27,West Ham,2,0,8,2,home,1,0,0,3,2,1
2025-03-10,West Ham,0,1,9,2,home,0,0,1,0,-1,0
2025-03-15,West Ham,1,1,10,5,away,0,1,0,1,0,0
2025-04-01,West Ham,0,1,10,1,away,0,0,1,0,-1,0
2025-04-05,West Ham,2,2,9,3,home,0,1,0,1,0,0
2025-04-13,West Ham,1,2,11,4,away,0,0,1,0,-1,0
2025-04-19,West Ham,1,1,12,4,home,0,1,0,1,0,0
2025-04-26,West Ham,2,3,12,4,away,0,0,1,0,-1,0
2025-05-04,West Ham,1,1,11,2,home,0,1,0,1,0,0
2025-05-11,West Ham,2,0,9,4,away,1,0,0,3,2,1
2025-05-18,West Ham,1,2,16,5,home,0,0,1,0,-1,0
2025-05-25,West Ham,3,1,10,6,away,1,0,0,3,2,0
2025-08-16,West Ham,0,3,12,4,away,0,0,1,0,-3,0
2025-08-22,West Ham,1,5,12,4,home,0,0,1,0,-4,0
2025-08-31,West Ham,3,0,12,8,away,1,0,0,3,3,1
2025-09-13,West Ham,0,3,7,4,home,0,0,1,0,-3,0
2025-09-20,West Ham,1,2,8,3,home,0,0,1,0,-1,0
2025-09-29,West Ham,1,1,14,3,away,0,1,0,1,0,0
2025-10-04,West Ham,0,2,4,0,away,0,0,1,0,-2,0
2025-10-20,West Ham,0,2,7,1,home,0,0,1,0,-2,0
2025-10-24,West Ham,1,2,9,3,away,0,0,1,0,-1,0
2025-11-02,West Ham,3,1,15,9,home,1,0,0,3,2,0
2025-11-08,West Ham,3,2,15,6,home,1,0,0,3,1,0
2025-11-22,West Ham,2,2,5,2,away,0,1,0,1,0,0
2025-11-30,West Ham,0,2,7,0,home,0,0,1,0,-2,0
2025-12-04,West Ham,1,1,11,3,away,0,1,0,1,0,0
2025-12-07,West Ham,1,1,14,5,away,0,1,0,1,0,0
2025-12-14,West Ham,2,3,10,3,home,0,0,1,0,-1,0
2025-12-20,West Ham,0,3,7,3,away,0,0,1,0,-3,0
2025-12-27,West Ham,0,1,11,2,home,0,0,1,0,-1,0
2025-12-30,West Ham,2,2,10,4,home,0,1,0,1,0,0
2026-01-03,West Ham,0,3,6,0,away,0,0,1,0,-3,0
2026-01-06,West Ham,1,2,14,3,home,0,0,1,0,-1,0
2026-01-17,West Ham,2,1,17,4,away,1,0,0,3,1,0
2026-01-24,West Ham,3,1,13,5,home,1,0,0,3,2,0
2026-01-31,West Ham,2,3,11,6,away,0,0,1,0,-1,0
2026-02-07,West Ham,2,0,6,4,away,1,0,0,3,2,1
2026-02-10,West Ham,1,1,7,3,home,0,1,0,1,0,0
2026-02-21,West Ham,0,0,20,3,home,0,1,0,1,0,1
2026-02-28,West Ham,2,5,11,4,away,0,0,1,0,-3,0
2026-03-04,West Ham,1,0,9,3,away,1,0,0,3,1,1
2026-03-14,West Ham,1,1,1,1,home,0,1,0,1,0,0
2026-03-22,West Ham,0,2,9,1,away,0,0,1,0,-2,0
2010-08-14,Wigan,0,4,11,6,home,0,0,1,0,-4,0
2010-08-21,Wigan,0,6,17,12,home,0,0,1,0,-6,0
2010-08-28,Wigan,1,0,13,5,away,1,0,0,3,1,1
2010-09-11,Wigan,1,1,17,4,home,0,1,0,1,0,0
2010-09-19,Wigan,0,2,9,3,home,0,0,1,0,-2,0
2010-09-25,Wigan,0,0,17,10,away,0,1,0,1,0,1
2010-10-02,Wigan,2,0,24,17,home,1,0,0,3,2,1
2010-10-16,Wigan,2,2,8,4,away,0,1,0,1,0,0
2010-10-23,Wigan,1,1,15,9,home,0,1,0,1,0,0
2010-10-30,Wigan,0,2,8,3,away,0,0,1,0,-2,0
2010-11-06,Wigan,1,2,16,10,away,0,0,1,0,-1,0
2010-11-10,Wigan,1,1,10,8,home,0,1,0,1,0,0
2010-11-13,Wigan,1,0,13,4,home,1,0,0,3,1,1
2010-11-20,Wigan,0,2,10,4,away,0,0,1,0,-2,0
2010-11-27,Wigan,1,3,10,10,away,0,0,1,0,-2,0
2010-12-04,Wigan,2,2,15,8,home,0,1,0,1,0,0
2010-12-11,Wigan,0,0,5,4,away,0,1,0,1,0,1
2010-12-26,Wigan,2,1,13,8,away,1,0,0,3,1,0
2010-12-29,Wigan,2,2,7,5,home,0,1,0,1,0,0
2011-01-02,Wigan,0,1,9,4,home,0,0,1,0,-1,0
2011-01-05,Wigan,1,1,10,7,away,0,1,0,1,0,0
2011-01-15,Wigan,1,1,8,5,home,0,1,0,1,0,0
2011-01-22,Wigan,0,3,3,1,away,0,0,1,0,-3,0
2011-01-25,Wigan,1,2,19,8,home,0,0,1,0,-1,0
2011-02-01,Wigan,2,2,11,7,away,0,1,0,1,0,0
2011-02-05,Wigan,4,3,11,7,home,1,0,0,3,1,0
2011-02-12,Wigan,1,1,8,2,away,0,1,0,1,0,0
2011-02-26,Wigan,0,4,10,4,home,0,0,1,0,-4,0
2011-03-05,Wigan,0,1,12,5,away,0,0,1,0,-1,0
2011-03-19,Wigan,2,1,16,13,home,1,0,0,3,1,0
2011-04-02,Wigan,0,0,14,5,home,0,1,0,1,0,1
2011-04-09,Wigan,0,1,11,7,away,0,0,1,0,-1,0
2011-04-16,Wigan,3,1,9,5,away,1,0,0,3,2,0
2011-04-23,Wigan,2,4,11,7,away,0,0,1,0,-2,0
2011-04-30,Wigan,1,1,13,9,home,0,1,0,1,0,0
2011-05-07,Wigan,1,1,7,4,away,0,1,0,1,0,0
2011-05-15,Wigan,3,2,19,10,home,1,0,0,3,1,0
2011-05-22,Wigan,1,0,11,9,away,1,0,0,3,1,1
2011-08-13,Wigan,1,1,18,11,home,0,1,0,1,0,0
2011-08-20,Wigan,0,0,10,4,away,0,1,0,1,0,1
2011-08-27,Wigan,2,0,13,10,home,1,0,0,3,2,1
2011-09-10,Wigan,0,3,9,5,away,0,0,1,0,-3,0
2011-09-17,Wigan,1,3,9,4,away,0,0,1,0,-2,0
2011-09-24,Wigan,1,2,5,4,home,0,0,1,0,-1,0
2011-10-01,Wigan,0,2,14,9,away,0,0,1,0,-2,0
2011-10-15,Wigan,1,3,13,9,home,0,0,1,0,-2,0
2011-10-22,Wigan,0,1,12,5,away,0,0,1,0,-1,0
2011-10-29,Wigan,0,2,18,9,home,0,0,1,0,-2,0
2011-11-06,Wigan,1,3,13,7,away,0,0,1,0,-2,0
2011-11-19,Wigan,3,3,21,11,home,0,1,0,1,0,0
2011-11-26,Wigan,2,1,7,4,away,1,0,0,3,1,0
2011-12-03,Wigan,0,4,7,4,home,0,0,1,0,-4,0
2011-12-10,Wigan,2,1,7,4,away,1,0,0,3,1,0
2011-12-17,Wigan,1,1,15,7,home,0,1,0,1,0,0
2011-12-21,Wigan,0,0,15,10,home,0,1,0,1,0,1
2011-12-26,Wigan,0,5,9,5,away,0,0,1,0,-5,0
2011-12-31,Wigan,2,2,10,6,away,0,1,0,1,0,0
2012-01-03,Wigan,1,4,20,10,home,0,0,1,0,-3,0
2012-01-16,Wigan,0,1,7,4,home,0,0,1,0,-1,0
2012-01-21,Wigan,1,3,9,4,away,0,0,1,0,-2,0
2012-01-31,Wigan,1,3,10,6,away,0,0,1,0,-2,0
2012-02-04,Wigan,1,1,2,1,home,0,1,0,1,0,0
2012-02-11,Wigan,2,1,10,6,away,1,0,0,3,1,0
2012-02-25,Wigan,0,0,14,6,home,0,1,0,1,0,1
2012-03-03,Wigan,0,2,14,8,home,0,0,1,0,-2,0
2012-03-11,Wigan,1,1,18,9,away,0,1,0,1,0,0
2012-03-17,Wigan,1,1,20,6,home,0,1,0,1,0,0
2012-03-24,Wigan,2,1,6,5,away,1,0,0,3,1,0
2012-03-31,Wigan,2,0,13,11,home,1,0,0,3,2,1
2012-04-07,Wigan,1,2,13,7,away,0,0,1,0,-1,0
2012-04-11,Wigan,1,0,11,8,home,1,0,0,3,1,1
2012-04-16,Wigan,2,1,12,7,away,1,0,0,3,1,0
2012-04-21,Wigan,1,2,9,5,away,0,0,1,0,-1,0
2012-04-28,Wigan,4,0,10,8,home,1,0,0,3,4,1
2012-05-07,Wigan,1,0,19,9,away,1,0,0,3,1,1
2012-05-13,Wigan,3,2,14,10,home,1,0,0,3,1,0
2012-08-19,Wigan,0,2,12,4,home,0,0,1,0,-2,0
2012-08-25,Wigan,2,0,12,8,away,1,0,0,3,2,1
2012-09-01,Wigan,2,2,9,5,home,0,1,0,1,0,0
2012-09-15,Wigan,0,4,8,4,away,0,0,1,0,-4,0
2012-09-22,Wigan,1,2,18,9,home,0,0,1,0,-1,0
2012-09-29,Wigan,0,1,8,3,away,0,0,1,0,-1,0
2012-10-06,Wigan,2,2,10,6,home,0,1,0,1,0,0
2012-10-20,Wigan,1,2,10,7,away,0,0,1,0,-1,0
2012-10-27,Wigan,2,1,17,13,home,1,0,0,3,1,0
2012-11-03,Wigan,1,0,7,4,away,1,0,0,3,1,1
2012-11-10,Wigan,1,2,14,6,home,0,0,1,0,-1,0
2012-11-17,Wigan,0,3,9,3,away,0,0,1,0,-3,0
2012-11-24,Wigan,3,2,19,11,home,1,0,0,3,1,0
2012-11-28,Wigan,0,2,9,4,home,0,0,1,0,-2,0
2012-12-03,Wigan,0,3,9,4,away,0,0,1,0,-3,0
2012-12-08,Wigan,2,2,14,9,home,0,1,0,1,0,0
2012-12-15,Wigan,1,2,12,6,away,0,0,1,0,-1,0
2012-12-22,Wigan,0,1,13,5,home,0,0,1,0,-1,0
2012-12-26,Wigan,1,2,10,6,away,0,0,1,0,-1,0
2012-12-29,Wigan,3,0,9,6,away,1,0,0,3,3,1
2013-01-01,Wigan,0,4,7,3,home,0,0,1,0,-4,0
2013-01-12,Wigan,1,1,15,6,away,0,1,0,1,0,0
2013-01-19,Wigan,2,3,20,11,home,0,0,1,0,-1,0
2013-01-29,Wigan,2,2,11,6,away,0,1,0,1,0,0
2013-02-02,Wigan,2,2,5,3,home,0,1,0,1,0,0
2013-02-09,Wigan,1,4,13,10,away,0,0,1,0,-3,0
2013-02-23,Wigan,3,0,14,8,away,1,0,0,3,3,1
2013-03-02,Wigan,0,4,15,11,home,0,0,1,0,-4,0
2013-03-17,Wigan,2,1,13,10,home,1,0,0,3,1,0
2013-03-30,Wigan,1,0,13,6,home,1,0,0,3,1,1
2013-04-07,Wigan,1,1,16,10,away,0,1,0,1,0,0
2013-04-17,Wigan,0,1,8,6,away,0,0,1,0,-1,0
2013-04-20,Wigan,0,2,18,10,away,0,0,1,0,-2,0
2013-04-27,Wigan,2,2,6,4,home,0,1,0,1,0,0
2013-05-04,Wigan,3,2,13,8,away,1,0,0,3,1,0
2013-05-07,Wigan,2,3,14,11,home,0,0,1,0,-1,0
2013-05-14,Wigan,1,4,10,5,away,0,0,1,0,-3,0
2013-05-19,Wigan,2,2,12,6,home,0,1,0,1,0,0
2010-08-14,Wolves,2,1,13,7,home,1,0,0,3,1,0
2010-08-21,Wolves,1,1,9,4,away,0,1,0,1,0,0
2010-08-28,Wolves,1,1,5,2,home,0,1,0,1,0,0
2010-09-11,Wolves,1,2,4,2,away,0,0,1,0,-1,0
2010-09-18,Wolves,1,3,5,2,away,0,0,1,0,-2,0
2010-09-26,Wolves,1,2,14,12,home,0,0,1,0,-1,0
2010-10-02,Wolves,0,2,2,0,away,0,0,1,0,-2,0
2010-10-16,Wolves,1,1,9,5,home,0,1,0,1,0,0
2010-10-23,Wolves,0,2,12,9,away,0,0,1,0,-2,0
2010-10-30,Wolves,2,1,10,6,home,1,0,0,3,1,0
2010-11-06,Wolves,1,2,8,6,away,0,0,1,0,-1,0
2010-11-10,Wolves,0,2,14,7,home,0,0,1,0,-2,0
2010-11-13,Wolves,2,3,10,6,home,0,0,1,0,-1,0
2010-11-20,Wolves,1,2,19,10,away,0,0,1,0,-1,0
2010-11-27,Wolves,3,2,14,8,home,1,0,0,3,1,0
2010-12-04,Wolves,0,3,10,7,away,0,0,1,0,-3,0
2010-12-12,Wolves,1,0,14,9,home,1,0,0,3,1,1
2010-12-26,Wolves,1,2,8,4,home,0,0,1,0,-1,0
2010-12-29,Wolves,1,0,7,3,away,1,0,0,3,1,1
2011-01-01,Wolves,0,2,15,10,away,0,0,1,0,-2,0
2011-01-05,Wolves,1,0,3,2,home,1,0,0,3,1,1
2011-01-15,Wolves,3,4,10,7,away,0,0,1,0,-1,0
2011-01-22,Wolves,0,3,11,4,home,0,0,1,0,-3,0
2011-02-02,Wolves,0,1,11,5,away,0,0,1,0,-1,0
2011-02-05,Wolves,2,1,6,5,home,1,0,0,3,1,0
2011-02-12,Wolves,0,2,2,0,away,0,0,1,0,-2,0
2011-02-20,Wolves,1,1,6,2,away,0,1,0,1,0,0
2011-02-26,Wolves,4,0,15,11,home,1,0,0,3,4,1
2011-03-06,Wolves,3,3,13,4,home,0,1,0,1,0,0
2011-03-19,Wolves,1,0,8,5,away,1,0,0,3,1,1
2011-04-02,Wolves,1,4,13,9,away,0,0,1,0,-3,0
2011-04-09,Wolves,0,3,11,7,home,0,0,1,0,-3,0
2011-04-23,Wolves,1,1,12,3,home,0,1,0,1,0,0
2011-04-26,Wolves,0,3,5,1,away,0,0,1,0,-3,0
2011-05-01,Wolves,1,1,7,2,away,0,1,0,1,0,0
2011-05-08,Wolves,3,1,14,10,home,1,0,0,3,2,0
2011-05-14,Wolves,3,1,10,6,away,1,0,0,3,2,0
2011-05-22,Wolves,2,3,12,5,home,0,0,1,0,-1,0
2011-08-13,Wolves,2,1,13,4,away,1,0,0,3,1,0
2011-08-21,Wolves,2,0,17,7,home,1,0,0,3,2,1
2011-08-27,Wolves,0,0,3,2,away,0,1,0,1,0,1
2011-09-10,Wolves,0,2,10,6,home,0,0,1,0,-2,0
2011-09-17,Wolves,0,3,13,6,home,0,0,1,0,-3,0
2011-09-24,Wolves,1,2,11,6,away,0,0,1,0,-1,0
2011-10-01,Wolves,1,2,25,12,home,0,0,1,0,-1,0
2011-10-16,Wolves,0,2,13,10,away,0,0,1,0,-2,0
2011-10-22,Wolves,2,2,20,13,home,0,1,0,1,0,0
2011-10-29,Wolves,1,3,9,2,away,0,0,1,0,-2,0
2011-11-06,Wolves,3,1,13,12,home,1,0,0,3,2,0
2011-11-19,Wolves,1,2,4,1,away,0,0,1,0,-1,0
2011-11-26,Wolves,0,3,7,2,away,0,0,1,0,-3,0
2011-12-04,Wolves,2,1,15,10,home,1,0,0,3,1,0
2011-12-10,Wolves,1,4,11,8,away,0,0,1,0,-3,0
2011-12-17,Wolves,1,2,10,5,home,0,0,1,0,-1,0
2011-12-20,Wolves,2,2,18,9,home,0,1,0,1,0,0
2011-12-27,Wolves,1,1,6,4,away,0,1,0,1,0,0
2011-12-31,Wolves,1,1,8,5,away,0,1,0,1,0,0
2012-01-02,Wolves,1,2,9,5,home,0,0,1,0,-1,0
2012-01-14,Wolves,1,1,5,3,away,0,1,0,1,0,0
2012-01-21,Wolves,2,3,13,9,home,0,0,1,0,-1,0
2012-01-31,Wolves,0,3,5,1,home,0,0,1,0,-3,0
2012-02-04,Wolves,2,1,14,6,away,1,0,0,3,1,0
2012-02-12,Wolves,1,5,10,8,home,0,0,1,0,-4,0
2012-02-25,Wolves,2,2,7,6,away,0,1,0,1,0,0
2012-03-04,Wolves,0,5,8,3,away,0,0,1,0,-5,0
2012-03-10,Wolves,0,2,14,7,home,0,0,1,0,-2,0
2012-03-18,Wolves,0,5,7,3,home,0,0,1,0,-5,0
2012-03-24,Wolves,1,2,10,6,away,0,0,1,0,-1,0
2012-03-31,Wolves,2,3,14,8,home,0,0,1,0,-1,0
2012-04-07,Wolves,1,2,9,5,away,0,0,1,0,-1,0
2012-04-11,Wolves,0,3,9,6,home,0,0,1,0,-3,0
2012-04-14,Wolves,0,0,12,8,away,0,1,0,1,0,1
2012-04-22,Wolves,0,2,7,4,home,0,0,1,0,-2,0
2012-04-28,Wolves,4,4,15,9,away,0,1,0,1,0,0
2012-05-06,Wolves,0,0,7,1,home,0,1,0,1,0,1
2012-05-13,Wolves,2,3,10,7,away,0,0,1,0,-1,0
2018-08-11,Wolves,2,2,11,4,home,0,1,0,1,0,0
2018-08-18,Wolves,0,2,11,3,away,0,0,1,0,-2,0
2018-08-25,Wolves,1,1,11,2,home,0,1,0,1,0,0
2018-09-01,Wolves,1,0,15,6,away,1,0,0,3,1,1
2018-09-16,Wolves,1,0,30,7,home,1,0,0,3,1,1
2018-09-22,Wolves,1,1,11,8,away,0,1,0,1,0,0
2018-09-29,Wolves,2,0,14,6,home,1,0,0,3,2,1
2018-10-06,Wolves,1,0,7,2,away,1,0,0,3,1,1
2018-10-20,Wolves,0,2,10,1,home,0,0,1,0,-2,0
2018-10-27,Wolves,0,1,25,7,away,0,0,1,0,-1,0
2018-11-03,Wolves,2,3,16,7,home,0,0,1,0,-1,0
2018-11-11,Wolves,1,1,12,5,away,0,1,0,1,0,0
2018-11-25,Wolves,0,2,12,3,home,0,0,1,0,-2,0
2018-11-30,Wolves,1,2,15,4,away,0,0,1,0,-1,0
2018-12-05,Wolves,2,1,6,2,home,1,0,0,3,1,0
2018-12-09,Wolves,2,1,13,6,away,1,0,0,3,1,0
2018-12-15,Wolves,2,0,9,3,home,1,0,0,3,2,1
2018-12-21,Wolves,0,2,11,5,home,0,0,1,0,-2,0
2018-12-26,Wolves,1,1,14,5,away,0,1,0,1,0,0
2018-12-29,Wolves,3,1,11,4,away,1,0,0,3,2,0
2019-01-02,Wolves,0,2,9,1,home,0,0,1,0,-2,0
2019-01-14,Wolves,0,3,3,0,away,0,0,1,0,-3,0
2019-01-19,Wolves,4,3,12,7,home,1,0,0,3,1,0
2019-01-29,Wolves,3,0,20,9,home,1,0,0,3,3,1
2019-02-02,Wolves,3,1,8,4,away,1,0,0,3,2,0
2019-02-11,Wolves,1,1,22,6,home,0,1,0,1,0,0
2019-02-23,Wolves,1,1,10,2,away,0,1,0,1,0,0
2019-02-26,Wolves,0,1,7,0,away,0,0,1,0,-1,0
2019-03-02,Wolves,2,0,13,6,home,1,0,0,3,2,1
2019-03-10,Wolves,1,1,2,1,away,0,1,0,1,0,0
2019-03-30,Wolves,0,2,8,1,away,0,0,1,0,-2,0
2019-04-02,Wolves,2,1,9,2,home,1,0,0,3,1,0
2019-04-13,Wolves,1,3,17,2,away,0,0,1,0,-2,0
2019-04-20,Wolves,0,0,22,5,home,0,1,0,1,0,1
2019-04-24,Wolves,3,1,11,3,home,1,0,0,3,2,0
2019-04-27,Wolves,2,1,11,4,away,1,0,0,3,1,0
2019-05-04,Wolves,1,0,19,6,home,1,0,0,3,1,1
2019-05-12,Wolves,0,2,7,2,away,0,0,1,0,-2,0
2019-08-11,Wolves,0,0,8,2,away,0,1,0,1,0,1
2019-08-19,Wolves,1,1,6,2,home,0,1,0,1,0,0
2019-08-25,Wolves,1,1,17,2,home,0,1,0,1,0,0
2019-09-01,Wolves,2,3,8,5,away,0,0,1,0,-1,0
2019-09-14,Wolves,2,5,11,4,home,0,0,1,0,-3,0
2019-09-22,Wolves,1,1,14,4,away,0,1,0,1,0,0
2019-09-28,Wolves,2,0,6,2,home,1,0,0,3,2,1
2019-10-06,Wolves,2,0,7,2,away,1,0,0,3,2,1
2019-10-19,Wolves,1,1,4,1,home,0,1,0,1,0,0
2019-10-27,Wolves,1,1,13,5,away,0,1,0,1,0,0
2019-11-02,Wolves,1,1,25,8,away,0,1,0,1,0,0
2019-11-10,Wolves,2,1,17,5,home,1,0,0,3,1,0
2019-11-23,Wolves,2,1,17,7,away,1,0,0,3,1,0
2019-12-01,Wolves,1,1,13,3,home,0,1,0,1,0,0
2019-12-04,Wolves,2,0,13,7,home,1,0,0,3,2,1
2019-12-08,Wolves,2,2,13,5,away,0,1,0,1,0,0
2019-12-15,Wolves,1,2,18,5,home,0,0,1,0,-1,0
2019-12-21,Wolves,2,1,14,4,away,1,0,0,3,1,0
2019-12-27,Wolves,3,2,20,8,home,1,0,0,3,1,0
2019-12-29,Wolves,0,1,10,2,away,0,0,1,0,-1,0
2020-01-01,Wolves,1,2,16,4,away,0,0,1,0,-1,0
2020-01-11,Wolves,1,1,9,4,home,0,1,0,1,0,0
2020-01-18,Wolves,3,2,8,4,away,1,0,0,3,1,0
2020-01-23,Wolves,1,2,10,3,home,0,0,1,0,-1,0
2020-02-01,Wolves,0,0,14,3,away,0,1,0,1,0,1
2020-02-14,Wolves,0,0,15,3,home,0,1,0,1,0,1
2020-02-23,Wolves,3,0,19,6,home,1,0,0,3,3,1
2020-03-01,Wolves,3,2,14,4,away,1,0,0,3,1,0
2020-03-07,Wolves,0,0,11,1,home,0,1,0,1,0,1
2020-06-20,Wolves,2,0,10,6,away,1,0,0,3,2,1
2020-06-24,Wolves,1,0,10,2,home,1,0,0,3,1,1
2020-06-27,Wolves,1,0,9,2,away,1,0,0,3,1,1
2020-07-04,Wolves,0,2,10,1,home,0,0,1,0,-2,0
2020-07-08,Wolves,0,1,6,1,away,0,0,1,0,-1,0
2020-07-12,Wolves,3,0,14,7,home,1,0,0,3,3,1
2020-07-15,Wolves,1,1,14,5,away,0,1,0,1,0,0
2020-07-20,Wolves,2,0,11,5,home,1,0,0,3,2,1
2020-07-26,Wolves,0,2,5,1,away,0,0,1,0,-2,0
2020-09-14,Wolves,2,0,11,4,away,1,0,0,3,2,1
2020-09-21,Wolves,1,3,10,1,home,0,0,1,0,-2,0
2020-09-27,Wolves,0,4,11,2,away,0,0,1,0,-4,0
2020-10-04,Wolves,1,0,14,5,home,1,0,0,3,1,1
2020-10-19,Wolves,1,0,7,3,away,1,0,0,3,1,1
2020-10-25,Wolves,1,1,16,3,home,0,1,0,1,0,0
2020-10-30,Wolves,2,0,15,5,home,1,0,0,3,2,1
2020-11-08,Wolves,0,1,7,2,away,0,0,1,0,-1,0
2020-11-23,Wolves,1,1,20,9,home,0,1,0,1,0,0
2020-11-29,Wolves,2,1,11,5,away,1,0,0,3,1,0
2020-12-06,Wolves,0,4,9,3,away,0,0,1,0,-4,0
2020-12-12,Wolves,0,1,16,7,home,0,0,1,0,-1,0
2020-12-15,Wolves,2,1,12,4,home,1,0,0,3,1,0
2020-12-21,Wolves,1,2,15,3,away,0,0,1,0,-1,0
2020-12-27,Wolves,1,1,11,6,home,0,1,0,1,0,0
2020-12-29,Wolves,0,1,9,5,away,0,0,1,0,-1,0
2021-01-02,Wolves,3,3,11,4,away,0,1,0,1,0,0
2021-01-12,Wolves,1,2,12,3,home,0,0,1,0,-1,0
2021-01-16,Wolves,2,3,23,6,home,0,0,1,0,-1,0
2021-01-27,Wolves,0,0,4,0,away,0,1,0,1,0,1
2021-01-30,Wolves,0,1,6,4,away,0,0,1,0,-1,0
2021-02-02,Wolves,2,1,11,7,home,1,0,0,3,1,0
2021-02-07,Wolves,0,0,13,1,home,0,1,0,1,0,1
2021-02-14,Wolves,2,1,10,4,away,1,0,0,3,1,0
2021-02-19,Wolves,1,0,15,5,home,1,0,0,3,1,1
2021-02-27,Wolves,1,1,14,4,away,0,1,0,1,0,0
2021-03-02,Wolves,1,4,6,1,away,0,0,1,0,-3,0
2021-03-06,Wolves,0,0,10,2,away,0,1,0,1,0,1
2021-03-15,Wolves,0,1,10,5,home,0,0,1,0,-1,0
2021-04-05,Wolves,2,3,20,5,home,0,0,1,0,-1,0
2021-04-09,Wolves,1,0,7,3,away,1,0,0,3,1,1
2021-04-17,Wolves,1,0,10,5,home,1,0,0,3,1,1
2021-04-25,Wolves,0,4,12,2,home,0,0,1,0,-4,0
2021-05-03,Wolves,1,1,20,10,away,0,1,0,1,0,0
2021-05-09,Wolves,2,1,16,6,home,1,0,0,3,1,0
2021-05-16,Wolves,0,2,15,3,away,0,0,1,0,-2,0
2021-05-19,Wolves,0,1,9,3,away,0,0,1,0,-1,0
2021-05-23,Wolves,1,2,14,4,home,0,0,1,0,-1,0
2021-08-14,Wolves,0,1,17,3,away,0,0,1,0,-1,0
2021-08-22,Wolves,0,1,25,6,home,0,0,1,0,-1,0
2021-08-29,Wolves,0,1,15,6,home,0,0,1,0,-1,0
2021-09-11,Wolves,2,0,14,5,away,1,0,0,3,2,1
2021-09-18,Wolves,0,2,11,0,home,0,0,1,0,-2,0
2021-09-26,Wolves,1,0,5,3,away,1,0,0,3,1,1
2021-10-02,Wolves,2,1,7,3,home,1,0,0,3,1,0
2021-10-16,Wolves,3,2,9,4,away,1,0,0,3,1,0
2021-10-23,Wolves,1,1,8,4,away,0,1,0,1,0,0
2021-11-01,Wolves,2,1,10,4,home,1,0,0,3,1,0
2021-11-06,Wolves,0,2,4,2,away,0,0,1,0,-2,0
2021-11-20,Wolves,1,0,15,5,home,1,0,0,3,1,1
2021-11-27,Wolves,0,0,5,2,away,0,1,0,1,0,1
2021-12-01,Wolves,0,0,16,2,home,0,1,0,1,0,1
2021-12-04,Wolves,0,1,3,1,home,0,0,1,0,-1,0
2021-12-11,Wolves,0,1,2,1,away,0,0,1,0,-1,0
2021-12-15,Wolves,1,0,8,5,away,1,0,0,3,1,1
2021-12-19,Wolves,0,0,4,1,home,0,1,0,1,0,1
2022-01-03,Wolves,1,0,19,6,away,1,0,0,3,1,1
2022-01-15,Wolves,3,1,9,5,home,1,0,0,3,2,0
2022-01-22,Wolves,2,1,7,2,away,1,0,0,3,1,0
2022-02-10,Wolves,0,1,15,4,home,0,0,1,0,-1,0
2022-02-13,Wolves,2,0,11,7,away,1,0,0,3,2,1
2022-02-20,Wolves,2,1,11,3,home,1,0,0,3,1,0
2022-02-24,Wolves,1,2,6,2,away,0,0,1,0,-1,0
2022-02-27,Wolves,0,1,14,1,away,0,0,1,0,-1,0
2022-03-05,Wolves,0,2,12,5,home,0,0,1,0,-2,0
2022-03-10,Wolves,4,0,10,5,home,1,0,0,3,4,1
2022-03-13,Wolves,1,0,14,3,away,1,0,0,3,1,1
2022-03-18,Wolves,2,3,14,8,home,0,0,1,0,-1,0
2022-04-02,Wolves,2,1,11,5,home,1,0,0,3,1,0
2022-04-08,Wolves,0,1,5,2,away,0,0,1,0,-1,0
2022-04-24,Wolves,0,1,10,4,away,0,0,1,0,-1,0
2022-04-30,Wolves,0,3,11,1,home,0,0,1,0,-3,0
2022-05-07,Wolves,2,2,14,4,away,0,1,0,1,0,0
2022-05-11,Wolves,1,5,7,3,home,0,0,1,0,-4,0
2022-05-15,Wolves,1,1,17,4,home,0,1,0,1,0,0
2022-05-22,Wolves,1,3,7,5,away,0,0,1,0,-2,0
2022-08-06,Wolves,1,2,15,6,away,0,0,1,0,-1,0
2022-08-13,Wolves,0,0,7,1,home,0,1,0,1,0,1
2022-08-20,Wolves,0,1,20,3,away,0,0,1,0,-1,0
2022-08-28,Wolves,1,1,10,4,home,0,1,0,1,0,0
2022-08-31,Wolves,0,0,17,4,away,0,1,0,1,0,1
2022-09-03,Wolves,1,0,7,2,home,1,0,0,3,1,1
2022-09-17,Wolves,0,3,6,1,home,0,0,1,0,-3,0
2022-10-01,Wolves,0,2,15,4,away,0,0,1,0,-2,0
2022-10-08,Wolves,0,3,8,2,away,0,0,1,0,-3,0
2022-10-15,Wolves,1,0,9,2,home,1,0,0,3,1,1
2022-10-18,Wolves,1,2,10,4,away,0,0,1,0,-1,0
2022-10-23,Wolves,0,4,21,5,home,0,0,1,0,-4,0
2022-10-29,Wolves,1,1,14,4,away,0,1,0,1,0,0
2022-11-05,Wolves,2,3,8,5,home,0,0,1,0,-1,0
2022-11-12,Wolves,0,2,11,2,home,0,0,1,0,-2,0
2022-12-26,Wolves,2,1,7,4,away,1,0,0,3,1,0
2022-12-31,Wolves,0,1,10,3,home,0,0,1,0,-1,0
2023-01-04,Wolves,1,1,10,3,away,0,1,0,1,0,0
2023-01-14,Wolves,1,0,17,4,home,1,0,0,3,1,1
2023-01-22,Wolves,0,3,10,1,away,0,0,1,0,-3,0
2023-02-04,Wolves,3,0,12,6,home,1,0,0,3,3,1
2023-02-11,Wolves,2,1,11,2,away,1,0,0,3,1,0
2023-02-18,Wolves,0,1,15,4,home,0,0,1,0,-1,0
2023-02-24,Wolves,1,1,8,2,away,0,1,0,1,0,0
2023-03-01,Wolves,0,2,4,1,away,0,0,1,0,-2,0
2023-03-04,Wolves,1,0,8,5,home,1,0,0,3,1,1
2023-03-12,Wolves,1,2,7,4,away,0,0,1,0,-1,0
2023-03-18,Wolves,2,4,23,8,home,0,0,1,0,-2,0
2023-04-01,Wolves,1,1,8,1,away,0,1,0,1,0,0
2023-04-08,Wolves,1,0,9,4,home,1,0,0,3,1,1
2023-04-15,Wolves,2,0,11,9,home,1,0,0,3,2,1
2023-04-22,Wolves,1,2,16,3,away,0,0,1,0,-1,0
2023-04-25,Wolves,2,0,9,3,home,1,0,0,3,2,1
2023-04-29,Wolves,0,6,10,2,away,0,0,1,0,-6,0
2023-05-06,Wolves,1,0,6,2,home,1,0,0,3,1,1
2023-05-13,Wolves,0,2,5,0,away,0,0,1,0,-2,0
2023-05-20,Wolves,1,1,13,5,home,0,1,0,1,0,0
2023-05-28,Wolves,0,5,6,0,away,0,0,1,0,-5,0
2023-08-14,Wolves,0,1,23,6,away,0,0,1,0,-1,0
2023-08-19,Wolves,1,4,16,5,home,0,0,1,0,-3,0
2023-08-26,Wolves,1,0,11,2,away,1,0,0,3,1,1
2023-09-03,Wolves,2,3,12,4,away,0,0,1,0,-1,0
2023-09-16,Wolves,1,3,11,2,home,0,0,1,0,-2,0
2023-09-23,Wolves,1,1,3,3,away,0,1,0,1,0,0
2023-09-30,Wolves,2,1,3,1,home,1,0,0,3,1,0
2023-10-08,Wolves,1,1,8,3,home,0,1,0,1,0,0
2023-10-21,Wolves,2,1,20,7,away,1,0,0,3,1,0
2023-10-28,Wolves,2,2,11,6,home,0,1,0,1,0,0
2023-11-04,Wolves,1,2,10,3,away,0,0,1,0,-1,0
2023-11-11,Wolves,2,1,17,4,home,1,0,0,3,1,0
2023-11-27,Wolves,2,3,10,6,away,0,0,1,0,-1,0
2023-12-02,Wolves,1,2,6,3,away,0,0,1,0,-1,0
2023-12-05,Wolves,1,0,7,4,home,1,0,0,3,1,1
2023-12-09,Wolves,1,1,10,4,home,0,1,0,1,0,0
2023-12-17,Wolves,0,3,14,3,away,0,0,1,0,-3,0
2023-12-24,Wolves,2,1,14,6,home,1,0,0,3,1,0
2023-12-27,Wolves,4,1,11,5,away,1,0,0,3,3,0
2023-12-30,Wolves,3,0,12,6,home,1,0,0,3,3,1
2024-01-22,Wolves,0,0,8,3,away,0,1,0,1,0,1
2024-02-01,Wolves,3,4,16,7,home,0,0,1,0,-1,0
2024-02-04,Wolves,4,2,14,7,away,1,0,0,3,2,0
2024-02-10,Wolves,0,2,17,5,home,0,0,1,0,-2,0
2024-02-17,Wolves,2,1,12,7,away,1,0,0,3,1,0
2024-02-25,Wolves,1,0,13,2,home,1,0,0,3,1,1
2024-03-02,Wolves,0,3,12,3,away,0,0,1,0,-3,0
2024-03-09,Wolves,2,1,8,3,home,1,0,0,3,1,0
2024-03-30,Wolves,0,2,13,3,away,0,0,1,0,-2,0
2024-04-02,Wolves,1,1,8,2,away,0,1,0,1,0,0
2024-04-06,Wolves,1,2,14,7,home,0,0,1,0,-1,0
2024-04-13,Wolves,2,2,11,4,away,0,1,0,1,0,0
2024-04-20,Wolves,0,2,5,3,home,0,0,1,0,-2,0
2024-04-24,Wolves,0,1,15,4,home,0,0,1,0,-1,0
2024-04-27,Wolves,2,1,13,5,home,1,0,0,3,1,0
2024-05-04,Wolves,1,5,2,1,away,0,0,1,0,-4,0
2024-05-11,Wolves,1,3,13,7,home,0,0,1,0,-2,0
2024-05-19,Wolves,0,2,4,3,away,0,0,1,0,-2,0
2024-08-17,Wolves,0,2,9,3,away,0,0,1,0,-2,0
2024-08-25,Wolves,2,6,12,4,home,0,0,1,0,-4,0
2024-08-31,Wolves,1,1,11,3,away,0,1,0,1,0,0
2024-09-15,Wolves,1,2,12,5,home,0,0,1,0,-1,0
2024-09-21,Wolves,1,3,10,4,away,0,0,1,0,-2,0
2024-09-28,Wolves,1,2,8,3,home,0,0,1,0,-1,0
2024-10-05,Wolves,3,5,17,6,away,0,0,1,0,-2,0
2024-10-20,Wolves,1,2,3,2,home,0,0,1,0,-1,0
2024-10-26,Wolves,2,2,14,7,away,0,1,0,1,0,0
2024-11-02,Wolves,2,2,11,6,home,0,1,0,1,0,0
2024-11-09,Wolves,2,0,8,4,home,1,0,0,3,2,1
2024-11-23,Wolves,4,1,10,5,away,1,0,0,3,3,0
2024-11-30,Wolves,2,4,10,3,home,0,0,1,0,-2,0
2024-12-04,Wolves,0,4,6,2,away,0,0,1,0,-4,0
2024-12-09,Wolves,1,2,19,5,away,0,0,1,0,-1,0
2024-12-14,Wolves,1,2,16,6,home,0,0,1,0,-1,0
2024-12-22,Wolves,3,0,8,4,away,1,0,0,3,3,1
2024-12-26,Wolves,2,0,7,4,home,1,0,0,3,2,1
2024-12-29,Wolves,2,2,11,3,away,0,1,0,1,0,0
2025-01-06,Wolves,0,3,13,6,home,0,0,1,0,-3,0
2025-01-15,Wolves,0,3,13,7,away,0,0,1,0,-3,0
2025-01-20,Wolves,1,3,9,4,away,0,0,1,0,-2,0
2025-01-25,Wolves,0,1,9,4,home,0,0,1,0,-1,0
2025-02-01,Wolves,2,0,8,5,home,1,0,0,3,2,1
2025-02-16,Wolves,1,2,16,4,away,0,0,1,0,-1,0
2025-02-22,Wolves,1,0,13,5,away,1,0,0,3,1,1
2025-02-25,Wolves,1,2,18,5,home,0,0,1,0,-1,0
2025-03-08,Wolves,1,1,11,3,home,0,1,0,1,0,0
2025-03-15,Wolves,2,1,5,3,away,1,0,0,3,1,0
2025-04-01,Wolves,1,0,9,2,home,1,0,0,3,1,1
2025-04-05,Wolves,2,1,22,7,away,1,0,0,3,1,0
2025-04-13,Wolves,4,2,13,5,home,1,0,0,3,2,0
2025-04-20,Wolves,1,0,4,2,away,1,0,0,3,1,1
2025-04-26,Wolves,3,0,20,6,home,1,0,0,3,3,1
2025-05-02,Wolves,0,1,6,1,away,0,0,1,0,-1,0
2025-05-10,Wolves,0,2,10,3,home,0,0,1,0,-2,0
2025-05-20,Wolves,2,4,12,3,away,0,0,1,0,-2,0
2025-05-25,Wolves,1,1,18,6,home,0,1,0,1,0,0
2025-08-16,Wolves,0,4,9,3,home,0,0,1,0,-4,0
2025-08-23,Wolves,0,1,6,1,away,0,0,1,0,-1,0
2025-08-30,Wolves,2,3,12,4,home,0,0,1,0,-1,0
2025-09-13,Wolves,0,1,8,3,away,0,0,1,0,-1,0
2025-09-20,Wolves,1,3,16,6,home,0,0,1,0,-2,0
2025-09-27,Wolves,1,1,9,3,away,0,1,0,1,0,0
2025-10-05,Wolves,1,1,6,3,home,0,1,0,1,0,0
2025-10-18,Wolves,0,2,16,3,away,0,0,1,0,-2,0
2025-10-26,Wolves,2,3,15,7,home,0,0,1,0,-1,0
2025-11-01,Wolves,0,3,5,2,away,0,0,1,0,-3,0
2025-11-08,Wolves,0,3,3,0,away,0,0,1,0,-3,0
2025-11-22,Wolves,0,2,8,1,home,0,0,1,0,-2,0
2025-11-30,Wolves,0,1,9,4,away,0,0,1,0,-1,0
2025-12-03,Wolves,0,1,5,1,home,0,0,1,0,-1,0
2025-12-08,Wolves,1,4,8,2,home,0,0,1,0,-3,0
2025-12-13,Wolves,1,2,3,2,away,0,0,1,0,-1,0
2025-12-20,Wolves,0,2,9,2,home,0,0,1,0,-2,0
2025-12-27,Wolves,1,2,9,4,away,0,0,1,0,-1,0
2025-12-30,Wolves,1,1,11,4,away,0,1,0,1,0,0
2026-01-03,Wolves,3,0,11,8,home,1,0,0,3,3,1
2026-01-07,Wolves,1,1,13,4,away,0,1,0,1,0,0
2026-01-18,Wolves,0,0,6,2,home,0,1,0,1,0,1
2026-01-24,Wolves,0,2,11,1,away,0,0,1,0,-2,0
2026-01-31,Wolves,0,2,17,7,home,0,0,1,0,-2,0
2026-02-07,Wolves,1,3,11,3,home,0,0,1,0,-2,0
2026-02-11,Wolves,0,0,7,3,away,0,1,0,1,0,1
2026-02-18,Wolves,2,2,5,2,home,0,1,0,1,0,0
2026-02-22,Wolves,0,1,12,7,away,0,0,1,0,-1,0
2026-02-27,Wolves,2,0,9,2,home,1,0,0,3,2,1
2026-03-03,Wolves,2,1,4,3,home,1,0,0,3,1,0
2026-03-16,Wolves,2,2,13,4,away,0,1,0,1,0,0
