date,season,home,away,hg,ag,FTR,home_shots,away_shots,home_sot,away_sot,home_elo,away_elo,elo_diff
2010-08-14,2010/2011,Aston Villa,West Ham,3,0,H,23,12,11,2,1500.0,1500.0,0.0
2010-08-14,2010/2011,Blackburn,Everton,1,0,H,7,17,2,12,1500.0,1500.0,0.0
2010-08-14,2010/2011,Bolton,Fulham,0,0,D,13,12,9,7,1500.0,1500.0,0.0
2010-08-14,2010/2011,Chelsea,West Brom,6,0,H,18,10,13,4,1500.0,1500.0,0.0
2010-08-14,2010/2011,Sunderland,Birmingham,2,2,D,6,13,2,7,1500.0,1500.0,0.0
2010-08-14,2010/2011,Tottenham,Man City,0,0,D,22,11,18,7,1500.0,1500.0,0.0
2010-08-14,2010/2011,Wigan,Blackpool,0,4,A,11,9,6,7,1500.0,1500.0,0.0
2010-08-14,2010/2011,Wolves,Stoke,2,1,H,13,10,7,6,1500.0,1500.0,0.0
2010-08-15,2010/2011,Liverpool,Arsenal,1,1,D,7,14,4,7,1500.0,1500.0,0.0
2010-08-16,2010/2011,Man United,Newcastle,3,0,H,18,7,10,3,1500.0,1500.0,0.0
2010-08-21,2010/2011,Arsenal,Blackpool,6,0,H,26,3,16,1,1500.0,1516.0,-16.0
2010-08-21,2010/2011,Birmingham,Blackburn,2,1,H,10,7,7,2,1500.0,1516.0,-16.0
2010-08-21,2010/2011,West Brom,Sunderland,1,0,H,11,10,5,4,1484.0,1500.0,-16.0
2010-08-21,2010/2011,Stoke,Tottenham,1,2,A,15,7,10,6,1484.0,1500.0,-16.0
2010-08-21,2010/2011,Everton,Wolves,1,1,D,14,9,6,4,1484.0,1516.0,-32.0
2010-08-21,2010/2011,West Ham,Bolton,1,3,A,17,12,10,8,1484.0,1500.0,-16.0
2010-08-21,2010/2011,Wigan,Chelsea,0,6,A,17,10,12,8,1484.0,1516.0,-32.0
2010-08-22,2010/2011,Fulham,Man United,2,2,D,16,14,8,7,1500.0,1516.0,-16.0
2010-08-22,2010/2011,Newcastle,Aston Villa,6,0,H,20,3,14,1,1484.0,1516.0,-32.0
2010-08-23,2010/2011,Man City,Liverpool,3,0,H,8,13,3,7,1500.0,1500.0,0.0
2010-08-28,2010/2011,Tottenham,Wigan,0,1,A,12,13,7,5,1515.263693206478,1469.4695015289756,45.79419167750234
2010-08-28,2010/2011,Wolves,Newcastle,1,1,D,5,11,2,6,1514.5304984710244,1501.4695015289756,13.06099694204886
2010-08-28,2010/2011,Man United,West Ham,3,0,H,18,7,11,2,1515.263693206478,1468.736306793522,46.52738641295582
2010-08-28,2010/2011,Blackpool,Fulham,2,2,D,14,12,5,7,1499.263693206478,1500.736306793522,-1.4726135870441794
2010-08-28,2010/2011,Blackburn,Arsenal,1,2,A,15,14,7,9,1499.263693206478,1516.736306793522,-17.47261358704418
2010-08-28,2010/2011,Chelsea,Stoke,2,0,H,15,9,6,3,1530.5304984710244,1468.736306793522,61.79419167750234
2010-08-29,2010/2011,Aston Villa,Everton,1,0,H,12,15,6,9,1498.5304984710244,1485.4695015289756,13.06099694204886
2010-08-29,2010/2011,Bolton,Birmingham,2,2,D,11,9,8,5,1515.263693206478,1516.736306793522,-1.4726135870441794
2010-08-29,2010/2011,Liverpool,West Brom,1,0,H,11,14,7,5,1484.0,1500.736306793522,-16.73630679352209
2010-08-29,2010/2011,Sunderland,Man City,1,0,H,12,9,4,7,1483.263693206478,1516.0,-32.73630679352209
2010-09-11,2010/2011,Man City,Blackburn,1,1,D,20,4,14,2,1498.4968829087939,1484.0676591404801,14.429223768313705
2010-09-11,2010/2011,Arsenal,Bolton,4,1,H,23,7,14,6,1531.9323408595199,1515.3315091622376,16.600831697282274
2010-09-11,2010/2011,Everton,Man United,3,3,D,23,13,14,8,1470.0706994882225,1529.133745263401,-59.06304577517835
2010-09-11,2010/2011,Fulham,Wolves,2,1,H,13,4,6,2,1500.6684908377624,1513.9293005117775,-13.260809674015036
2010-09-11,2010/2011,Newcastle,Blackpool,0,2,A,16,7,13,4,1502.0706994882225,1499.3315091622376,2.739190325984964
2010-09-11,2010/2011,West Brom,Tottenham,1,1,D,15,16,8,9,1483.9661669788793,1497.1669210388343,-13.200754059954988
2010-09-11,2010/2011,West Ham,Chelsea,1,3,A,13,17,7,9,1454.866254736599,1543.714402631349,-88.8481478947499
2010-09-11,2010/2011,Wigan,Sunderland,1,1,D,17,4,4,2,1487.5662736966192,1500.766810297684,-13.200536601064869
2010-09-12,2010/2011,Birmingham,Liverpool,0,0,D,15,14,3,8,1516.6684908377624,1500.7701398146428,15.89835102311963
2010-09-13,2010/2011,Stoke,Aston Villa,2,1,H,20,10,12,6,1455.5524026331975,1513.9293005117775,-58.37689787857994
2010-09-18,2010/2011,Sunderland,Arsenal,1,1,D,16,16,5,7,1500.1591954695832,1547.1684255655873,-47.0092300960041
2010-09-18,2010/2011,Aston Villa,Bolton,1,1,D,13,13,6,7,1495.2659612934785,1500.0954244561701,-4.829463162691582
2010-09-18,2010/2011,Everton,Newcastle,0,1,A,6,9,3,4,1472.7647513076888,1485.9445577255478,-13.179806417859027
2010-09-18,2010/2011,West Brom,Birmingham,3,1,H,16,6,10,3,1484.5737918068896,1515.9368553018928,-31.36306349500319
2010-09-18,2010/2011,Blackburn,Fulham,1,1,D,9,9,5,4,1484.7317676785226,1517.2788773221596,-32.547109643636986
2010-09-18,2010/2011,Stoke,West Ham,1,1,D,9,13,3,6,1474.2157418514964,1442.8709450830652,31.34479676843125
2010-09-18,2010/2011,Tottenham,Wolves,3,1,H,20,5,11,2,1496.559296210824,1497.3189140273803,-0.7596178165563288
2010-09-19,2010/2011,Chelsea,Blackpool,4,0,H,27,11,15,4,1555.709712284883,1515.4576509249123,40.25206135997064
2010-09-19,2010/2011,Man United,Liverpool,3,2,H,16,7,7,1,1526.4396934439346,1501.5017753505124,24.93791809342224
2010-09-19,2010/2011,Wigan,Man City,0,2,A,9,11,3,5,1488.17388852472,1497.8327743707514,-9.658885846031353
2010-09-25,2010/2011,West Ham,Tottenham,1,0,H,22,17,15,11,1444.3105227607314,1512.5942778483004,-68.28375508756903
2010-09-25,2010/2011,Birmingham,Wigan,0,0,D,10,17,4,10,1498.4964432241645,1472.61858209872,25.877861125444497
2010-09-25,2010/2011,Fulham,Everton,0,0,D,12,15,2,7,1515.7843966262724,1457.3714128501977,58.412983776074725
2010-09-25,2010/2011,Blackpool,Blackburn,1,2,A,11,13,8,8,1501.3030775956483,1486.2262483744098,15.07682922123854
2010-09-25,2010/2011,Man City,Chelsea,1,0,H,8,15,6,4,1513.3880807967514,1569.8642856141469,-56.476204817395455
2010-09-25,2010/2011,Liverpool,Sunderland,2,2,D,13,10,5,1,1486.6482407506217,1502.310935864062,-15.66269511344035
2010-09-25,2010/2011,Arsenal,West Brom,2,3,A,24,7,12,5,1545.0166851711085,1502.014203884618,43.00248128649059
2010-09-26,2010/2011,Newcastle,Stoke,1,2,A,11,8,7,2,1501.337896183039,1472.7761641738302,28.561732009208754
2010-09-26,2010/2011,Wolves,Aston Villa,1,2,A,14,10,12,8,1481.2839323899038,1495.4883519680302,-14.204419578126362
2010-09-26,2010/2011,Bolton,Man United,2,2,D,15,12,9,6,1499.8730337816185,1541.2932280438254,-41.420194262206905
2010-10-02,2010/2011,Tottenham,Aston Villa,2,1,H,19,13,10,4,1493.4895669375207,1510.8345784860305,-17.345011548509774
2010-10-02,2010/2011,Stoke,Blackburn,1,0,H,18,7,11,4,1490.0885255436547,1502.9201265280044,-12.831600984349734
2010-10-02,2010/2011,Birmingham,Everton,0,2,A,6,11,3,6,1497.3069225426782,1460.0363678110941,37.27055473158407
2010-10-02,2010/2011,Sunderland,Man United,0,0,D,14,10,8,4,1501.5901303260785,1539.3947432751615,-37.804612949083094
2010-10-02,2010/2011,West Brom,Bolton,1,1,D,17,10,9,5,1519.9844904665672,1501.7715185502823,18.212971916284914
2010-10-02,2010/2011,West Ham,Fulham,1,1,D,12,17,5,5,1463.415233671511,1513.119441665376,-49.704207993864884
2010-10-02,2010/2011,Wigan,Wolves,2,0,H,24,2,17,0,1473.8081027802064,1465.9377058719035,7.870396908302837
2010-10-03,2010/2011,Man City,Newcastle,2,1,H,9,8,5,4,1531.9662384744634,1484.0255348132146,47.94070366124879
2010-10-03,2010/2011,Chelsea,Arsenal,2,0,H,11,13,6,5,1551.286127936435,1527.0463985891593,24.23972934727567
2010-10-03,2010/2011,Liverpool,Blackpool,1,2,A,19,11,10,7,1487.3690462886052,1484.6091994420538,2.7598468465514543
2010-10-16,2010/2011,Wolves,West Ham,1,1,D,9,9,5,7,1450.3000890602711,1465.6887083460354,-15.388619285764207
2010-10-16,2010/2011,Newcastle,Wigan,2,2,D,9,8,4,4,1470.219380057687,1489.4457195918387,-19.226339534151748
2010-10-16,2010/2011,Man United,West Brom,2,2,D,16,7,9,2,1537.6606149724746,1519.1465195481553,18.514095424319294
2010-10-16,2010/2011,Fulham,Tottenham,1,2,A,11,14,5,6,1510.8459669908516,1510.2876713093242,0.5582956815273974
2010-10-16,2010/2011,Aston Villa,Chelsea,0,0,D,11,13,5,6,1494.036474114227,1566.1716547975986,-72.13518068337157
2010-10-16,2010/2011,Arsenal,Birmingham,2,1,H,18,6,13,4,1512.1608717279955,1479.5971036544656,32.5637680735299
2010-10-16,2010/2011,Bolton,Stoke,2,1,H,11,8,6,3,1502.6094894686942,1506.679174083573,-4.0696846148787245
2010-10-17,2010/2011,Blackpool,Man City,2,3,A,16,13,5,8,1500.7362924130816,1545.772393229991,-45.03610081690931
2010-10-17,2010/2011,Everton,Liverpool,2,0,H,9,15,6,9,1477.7461866993067,1471.2419533175773,6.504233381729364
2010-10-18,2010/2011,Blackburn,Sunderland,0,0,D,9,16,3,7,1486.3294779880862,1503.3242586287654,-16.99478064067921
2010-10-23,2010/2011,Birmingham,Blackpool,2,0,H,17,14,8,6,1465.092344803,1486.7987430025148,-21.70639819951475
2010-10-23,2010/2011,Wigan,Bolton,1,1,D,15,9,9,2,1488.561216616164,1518.7968968001876,-30.235680184023522
2010-10-23,2010/2011,West Brom,Fulham,2,1,H,14,9,7,3,1519.9983190482358,1494.8202565467057,25.17806250153012
2010-10-23,2010/2011,West Ham,Newcastle,1,2,A,5,13,1,8,1464.980499295317,1471.1038830333616,-6.123383738044595
2010-10-23,2010/2011,Tottenham,Everton,1,1,D,13,7,8,3,1526.3133817534701,1493.4466906695102,32.86669108395995
2010-10-23,2010/2011,Chelsea,Wolves,2,0,H,17,12,10,9,1562.8966308657862,1451.0082981109895,111.88833275479669
2010-10-23,2010/2011,Sunderland,Aston Villa,1,0,H,13,11,6,7,1502.5422436589208,1497.3114980460396,5.230745612881265
2010-10-24,2010/2011,Liverpool,Blackburn,2,1,H,17,4,10,2,1455.5414493473738,1487.1114929579307,-31.570043610556922
2010-10-24,2010/2011,Man City,Arsenal,0,3,A,9,12,6,8,1559.7099426405578,1526.665630579461,33.04431206109666
2010-10-24,2010/2011,Stoke,Man United,1,2,A,6,12,2,5,1490.4917667520795,1536.8088154723941,-46.31704872031469
2010-10-30,2010/2011,Man United,Tottenham,2,0,H,18,11,10,5,1550.688383047023,1524.8043134466534,25.884069600369685
2010-10-30,2010/2011,Fulham,Wigan,2,0,H,15,8,9,3,1479.977723678253,1489.9501166826535,-9.972393004400601
2010-10-30,2010/2011,Wolves,Man City,2,1,H,10,17,6,9,1439.9899108055401,1542.1927677412496,-102.2028569357094
2010-10-30,2010/2011,Everton,Stoke,1,0,H,18,9,10,1,1494.955758976327,1476.6121991774505,18.343559798876413
2010-10-30,2010/2011,Blackburn,Chelsea,1,2,A,13,16,6,9,1469.6616268534492,1573.9150181712357,-104.25339131778651
2010-10-30,2010/2011,Arsenal,West Ham,1,0,H,20,6,13,3,1544.1828054787693,1449.2624623434135,94.92034313535578
2010-10-31,2010/2011,Aston Villa,Birmingham,0,0,D,7,10,3,6,1481.5523645853582,1482.0906628225741,-0.5382982372159404
2010-10-31,2010/2011,Bolton,Liverpool,0,1,A,14,10,10,4,1517.4079967336982,1472.9913154518554,44.416681281842784
2010-10-31,2010/2011,Newcastle,Sunderland,5,1,H,16,11,12,5,1486.8219199852651,1518.3013771196022,-31.479457134337054
2010-11-01,2010/2011,Blackpool,West Brom,2,1,H,21,12,8,5,1469.8004249829407,1534.8408519166885,-65.04042693374777
2010-11-06,2010/2011,Bolton,Tottenham,4,2,H,18,11,8,6,1499.3736039088292,1509.994118458316,-10.62051454948687
2010-11-06,2010/2011,Blackburn,Wigan,2,1,H,10,16,3,10,1458.3235859545014,1473.4909970887422,-15.167411134240865
2010-11-06,2010/2011,Sunderland,Stoke,2,0,H,14,11,7,5,1500.855648519105,1461.4561672762222,39.39948124288276
2010-11-06,2010/2011,Blackpool,Everton,2,2,D,11,20,8,14,1488.7611423808773,1510.1117908775552,-21.350648496677877
2010-11-06,2010/2011,Fulham,Aston Villa,1,1,D,14,15,10,8,1496.4368432721642,1481.5771541154545,14.859689156709692
2010-11-06,2010/2011,Birmingham,West Ham,2,2,D,8,16,5,8,1482.0658732924778,1437.528101353518,44.53777193895985
2010-11-06,2010/2011,Man United,Wolves,2,1,H,14,8,10,6,1565.4985780353604,1460.5653084173234,104.933269618037
2010-11-07,2010/2011,Arsenal,Newcastle,0,1,A,11,7,8,2,1555.9171664686648,1504.2676485857623,51.6495178829025
2010-11-07,2010/2011,Liverpool,Chelsea,2,0,H,9,11,7,7,1491.0257082767243,1585.2530590701836,-94.22735079345921
2010-11-07,2010/2011,West Brom,Man City,0,2,A,13,9,7,5,1515.880134518752,1521.6173701294663,-5.737235610714379
2010-11-09,2010/2011,Stoke,Birmingham,3,2,H,19,14,12,10,1447.262842608868,1480.0259944343097,-32.76315182544181
2010-11-09,2010/2011,Tottenham,Sunderland,1,1,D,20,8,12,4,1493.50517797126,1515.0489731864593,-21.543795215199225
2010-11-10,2010/2011,West Ham,West Brom,2,2,D,8,14,5,6,1439.567980211686,1500.1443199701437,-60.57633975845761
2010-11-10,2010/2011,Wolves,Arsenal,0,2,A,14,12,7,8,1449.2559025923988,1537.555986390616,-88.3000837982172
2010-11-10,2010/2011,Wigan,Liverpool,1,1,D,10,8,8,3,1456.7929553764395,1511.2616863865862,-54.46873101014671
2010-11-10,2010/2011,Newcastle,Blackburn,1,2,A,9,7,3,5,1522.6288286638112,1475.021627666804,47.60720099700711
2010-11-10,2010/2011,Chelsea,Fulham,1,0,H,19,5,10,3,1565.0170809603217,1495.7529462506304,69.26413470969123
2010-11-10,2010/2011,Aston Villa,Blackpool,3,2,H,19,12,12,6,1482.2610511369883,1489.743140264767,-7.482089127778636
2010-11-10,2010/2011,Man City,Man United,0,0,D,6,7,4,4,1537.3531846780745,1576.807983860285,-39.454799182210536
2010-11-10,2010/2011,Everton,Bolton,1,1,D,23,10,12,5,1509.1297929936657,1515.8625443958852,-6.732751402219492
2010-11-13,2010/2011,West Ham,Blackpool,0,0,D,17,16,4,5,1442.3296959519662,1473.398630582397,-31.068934630430704
2010-11-13,2010/2011,Wolves,Bolton,2,3,A,10,13,6,7,1437.236925486439,1515.5525285406718,-78.31560305423272
2010-11-13,2010/2011,Wigan,West Brom,1,0,H,13,12,4,6,1459.2809829076568,1497.3826042298635,-38.10162132220671
2010-11-13,2010/2011,Tottenham,Blackburn,4,2,H,20,12,12,8,1494.4960367816525,1493.2004013136518,1.2956354680006825
2010-11-13,2010/2011,Newcastle,Fulham,0,0,D,13,10,7,8,1504.4500550169635,1482.9010814452013,21.54897357176219
2010-11-13,2010/2011,Man City,Birmingham,0,0,D,21,5,11,3,1539.1623749695425,1462.5216520033607,76.64072296618178
2010-11-13,2010/2011,Aston Villa,Man United,2,2,D,12,16,6,10,1498.6055608193583,1574.9987935688168,-76.39323274945855
2010-11-13,2010/2011,Stoke,Liverpool,2,0,H,14,10,7,6,1464.767185039817,1508.773658855369,-44.006473815552
2010-11-14,2010/2011,Chelsea,Sunderland,0,3,A,14,19,7,9,1577.8689457657508,1514.058114376067,63.810831389683926
2010-11-14,2010/2011,Everton,Arsenal,1,2,A,14,13,7,8,1509.439808848879,1549.5749634965757,-40.13515464769671
2010-11-20,2010/2011,Blackpool,Wolves,2,1,H,13,19,9,10,1471.9716548818733,1424.7836256701746,47.18802921169868
2010-11-20,2010/2011,Bolton,Newcastle,5,1,H,18,6,9,1,1528.0058283569363,1503.4589586492368,24.546869707699443
2010-11-20,2010/2011,Man United,Wigan,2,0,H,17,10,12,4,1571.5363742949146,1477.0286270250645,94.50774726985014
2010-11-20,2010/2011,West Brom,Stoke,0,3,A,15,6,8,4,1479.634960112456,1482.782989737846,-3.1480296253901088
2010-11-20,2010/2011,Liverpool,West Ham,3,0,H,19,6,11,1,1490.7578541573398,1443.7566716524898,47.00118250485002
2010-11-20,2010/2011,Arsenal,Tottenham,2,3,A,12,10,7,6,1563.7348491641378,1510.4363708399417,53.29847832419614
2010-11-20,2010/2011,Birmingham,Chelsea,1,0,H,1,24,1,9,1465.9949332149456,1558.9629500141125,-92.96801679916689
2010-11-21,2010/2011,Blackburn,Aston Villa,2,0,H,14,16,5,11,1477.2600672553626,1502.0679800932605,-24.807912837897902
2010-11-21,2010/2011,Fulham,Man City,1,4,A,9,11,3,8,1483.892177812928,1535.6890937579576,-51.796915945029696
2010-11-22,2010/2011,Sunderland,Everton,2,2,D,13,10,8,8,1532.9641101277052,1495.279923181317,37.68418694638831
2010-11-27,2010/2011,Stoke,Man City,1,1,D,16,9,9,4,1498.638021583236,1549.3212739920536,-50.68325240881768
2010-11-27,2010/2011,Everton,West Brom,1,4,A,12,7,4,3,1497.0085706020536,1463.7799282670662,33.2286423349874
2010-11-27,2010/2011,West Ham,Wigan,3,1,H,15,10,9,10,1429.9080481432911,1465.276610224868,-35.36856208157678
2010-11-27,2010/2011,Wolves,Sunderland,3,2,H,14,15,8,9,1410.9434505887418,1531.2354627069685,-120.2920121182267
2010-11-27,2010/2011,Man United,Blackburn,7,1,H,15,3,11,2,1583.2883910951111,1494.4005762716952,88.88781482341597
2010-11-27,2010/2011,Bolton,Blackpool,2,2,D,24,16,14,10,1542.877280377048,1485.811829963306,57.06545041374193
2010-11-27,2010/2011,Aston Villa,Arsenal,2,4,A,6,17,4,10,1484.927471076928,1545.299437966624,-60.37196688969607
2010-11-27,2010/2011,Fulham,Birmingham,1,1,D,11,7,7,3,1470.2599975788319,1486.1769302253504,-15.91693264651849
2010-11-28,2010/2011,Newcastle,Chelsea,1,1,D,5,17,3,13,1488.587506629125,1538.7809530037077,-50.19344637458266
2010-11-28,2010/2011,Tottenham,Liverpool,2,1,H,20,12,13,8,1528.8717820374554,1504.6064776665385,24.265304370916965
2010-12-04,2010/2011,Arsenal,Fulham,2,1,H,15,11,9,7,1558.546854465189,1470.9924870387104,87.55436742647862
2010-12-04,2010/2011,Birmingham,Tottenham,1,1,D,13,10,5,5,1485.4444407654719,1543.75613684554,-58.31169608006803
2010-12-04,2010/2011,Blackburn,Wolves,3,0,H,10,10,7,7,1482.4069788602922,1432.2718717423238,50.135107117968346
2010-12-04,2010/2011,Chelsea,Everton,1,1,D,12,16,5,7,1536.4854073899016,1479.4829837301158,57.00242365978579
2010-12-04,2010/2011,Man City,Bolton,1,0,H,19,7,10,2,1547.0036407621521,1540.272698748262,6.730942013890171
2010-12-04,2010/2011,Wigan,Stoke,2,2,D,15,11,8,7,1447.6534308904745,1500.9556548131375,-53.30222392266296
2010-12-05,2010/2011,West Brom,Newcastle,3,1,H,20,11,12,7,1481.305515139004,1490.8830522429312,-9.57753710392717
2010-12-05,2010/2011,Sunderland,West Ham,1,0,H,17,8,12,2,1509.9070415533865,1447.5312274776845,62.37581407570201
2010-12-06,2010/2011,Liverpool,Aston Villa,3,0,H,12,5,7,2,1489.722122858454,1471.680054578363,18.042068280090916
2010-12-11,2010/2011,Stoke,Blackpool,0,1,A,16,10,5,5,1498.52007512114,1488.4164115920921,10.103663529047935
2010-12-11,2010/2011,Newcastle,Liverpool,3,1,H,8,16,5,7,1474.442102047376,1504.8920009567946,-30.449898909418607
2010-12-11,2010/2011,West Ham,Man City,1,3,A,13,12,3,7,1434.3732706098606,1562.6937082010763,-128.32043759121575
2010-12-11,2010/2011,Everton,Wigan,0,0,D,16,5,8,4,1482.0847397004218,1450.089010582472,31.99572911794985
2010-12-11,2010/2011,Aston Villa,West Brom,2,1,H,6,11,3,4,1456.5101764800224,1497.7464653345592,-41.236288854536724
2010-12-11,2010/2011,Fulham,Sunderland,0,0,D,14,11,13,2,1458.9412772875512,1523.0649984212105,-64.12372113365927
2010-12-12,2010/2011,Wolves,Birmingham,1,0,H,14,3,9,0,1418.5647859724077,1488.1048604378468,-69.54007446543915
2010-12-12,2010/2011,Bolton,Blackburn,2,1,H,12,16,7,11,1524.5826313093378,1496.1140646302083,28.46856667912948
2010-12-12,2010/2011,Tottenham,Chelsea,1,1,D,10,13,3,7,1541.095717173165,1533.8836514195957,7.212065753569277
2010-12-13,2010/2011,Man United,Arsenal,1,0,H,14,11,10,6,1595.2819885065142,1570.5980642163481,24.683924290166033
2010-12-18,2010/2011,Blackburn,West Ham,1,1,D,13,11,5,3,1481.4221643490891,1424.0278418384612,57.394322510627944
2010-12-18,2010/2011,Sunderland,Bolton,1,0,H,13,12,5,8,1520.1450711678428,1539.274531590457,-19.129460422614102
2010-12-20,2010/2011,Man City,Everton,1,2,A,25,4,15,3,1573.0391369724757,1480.6154331939883,92.42370377848738
2010-12-26,2010/2011,Wolves,Wigan,1,2,A,8,13,4,8,1437.7251347946135,1451.5583170889054,-13.833182294291873
2010-12-26,2010/2011,Blackburn,Stoke,0,2,A,12,11,8,9,1478.8028412129802,1482.054915339591,-3.2520741266107507
2010-12-26,2010/2011,Bolton,West Brom,2,0,H,12,15,8,9,1522.39447649684,1479.8563310086486,42.5381454881915
2010-12-26,2010/2011,Aston Villa,Tottenham,1,2,A,26,13,15,8,1474.400310805933,1540.7636369670747,-66.36332616114169
2010-12-26,2010/2011,Man United,Sunderland,2,0,H,14,6,10,2,1610.147160505617,1537.0251262614597,73.12203424415725
2010-12-26,2010/2011,Newcastle,Man City,1,3,A,20,9,10,6,1491.8407923884822,1552.8805035852722,-61.039711196789995
2010-12-26,2010/2011,Fulham,West Ham,1,3,A,13,10,6,7,1461.8612045409188,1426.6471649745702,35.214039566348674
2010-12-27,2010/2011,Arsenal,Chelsea,3,1,H,10,10,8,4,1555.7328922172453,1534.215731625686,21.517160591559332
2010-12-28,2010/2011,West Brom,Blackburn,1,3,A,21,6,11,4,1465.8055549454493,1462.9526003874562,2.8529545579931437
2010-12-28,2010/2011,Tottenham,Newcastle,2,0,H,13,12,8,8,1553.7441255755134,1478.6232066353223,75.12091894019113
2010-12-28,2010/2011,West Ham,Everton,1,1,D,11,13,2,5,1444.2633012038368,1500.7740665811918,-56.51076537735503
2010-12-28,2010/2011,Stoke,Fulham,0,2,A,14,4,8,3,1497.905156165115,1444.2450683116522,53.660087853462755
2010-12-28,2010/2011,Man City,Aston Villa,4,0,H,11,9,8,4,1566.0980893384321,1461.4198221974943,104.6782671409378
2010-12-28,2010/2011,Birmingham,Man United,1,1,D,8,10,3,4,1468.944511615641,1622.8286197950322,-153.8841081793912
2010-12-28,2010/2011,Sunderland,Blackpool,0,2,A,32,9,16,4,1524.3436669720445,1504.8815713736412,19.462095598403266
2010-12-29,2010/2011,Wigan,Arsenal,2,2,D,7,15,5,9,1466.9216119105204,1570.743255278306,-103.82164336778555
2010-12-29,2010/2011,Chelsea,Bolton,1,0,H,12,6,7,2,1519.2053685646254,1536.4452525600393,-17.239883995413948
2010-12-29,2010/2011,Liverpool,Wolves,0,1,A,9,7,5,3,1487.4933106156884,1422.3618399729985,65.13147064268992
2011-01-01,2010/2011,West Ham,Wolves,2,0,H,11,15,6,10,1446.8430091050054,1441.326606326919,5.516402778086331
2011-01-01,2010/2011,West Brom,Man United,1,2,A,17,5,8,3,1449.6741744856245,1616.1717079174086,-166.49753343178418
2011-01-01,2010/2011,Tottenham,Fulham,1,0,H,13,12,9,4,1566.3375987176203,1462.696743836045,103.64085488157525
2011-01-01,2010/2011,Sunderland,Blackburn,3,0,H,13,11,7,3,1507.4483406153506,1479.083980847281,28.364359768069562
2011-01-01,2010/2011,Man City,Blackpool,1,0,H,15,8,4,6,1577.418231503143,1521.7768977303351,55.64133377280791
2011-01-01,2010/2011,Liverpool,Bolton,2,1,H,16,10,7,4,1468.5285442617678,1519.6519775177444,-51.12343325597658
2011-01-01,2010/2011,Birmingham,Arsenal,0,3,A,2,18,1,11,1475.6014234932645,1566.0994974842222,-90.49807399095766
2011-01-01,2010/2011,Stoke,Everton,2,0,H,7,15,3,10,1479.453480640722,1498.1943586800232,-18.74087803930115
2011-01-02,2010/2011,Chelsea,Aston Villa,3,3,D,15,16,10,10,1535.9986436069203,1450.0996800327835,85.89896357413681
2011-01-02,2010/2011,Wigan,Newcastle,0,1,A,9,13,4,5,1471.565369704604,1466.0297334932154,5.535636211388692
2011-01-04,2010/2011,Blackpool,Birmingham,1,2,A,19,11,13,7,1508.3175920028273,1463.6772506432876,44.64034135953966
2011-01-04,2010/2011,Fulham,West Brom,3,0,H,12,12,6,4,1451.3328761807284,1440.8040537359193,10.528822444809066
2011-01-04,2010/2011,Man United,Stoke,2,1,H,18,5,7,1,1625.0418286671138,1496.3156939029195,128.72613476419428
2011-01-05,2010/2011,Newcastle,West Ham,5,0,H,11,13,7,6,1482.284637392411,1462.588990714116,19.695646678294906
2011-01-05,2010/2011,Wolves,Chelsea,1,0,H,3,17,2,8,1425.5806247178084,1532.1215278447144,-106.54090312690596
2011-01-05,2010/2011,Bolton,Wigan,1,1,D,14,10,7,7,1501.3145021929852,1455.3104658054085,46.00403638757666
2011-01-05,2010/2011,Everton,Tottenham,2,1,H,19,13,12,5,1481.3321454178258,1577.701466372937,-96.3693209551111
2011-01-05,2010/2011,Aston Villa,Sunderland,0,1,A,8,11,2,5,1453.9767957949894,1522.1450078425419,-68.16821204755252
2011-01-05,2010/2011,Arsenal,Man City,0,0,D,13,5,8,0,1578.023670334199,1590.877537230651,-12.853866896451791
2011-01-05,2010/2011,Blackburn,Liverpool,3,1,H,10,13,4,9,1464.3873136200898,1486.866019586527,-22.478705966437246
2011-01-12,2010/2011,Blackpool,Liverpool,2,1,H,13,10,9,6,1490.2730666005236,1469.832278914328,20.440787686195563
2011-01-15,2010/2011,Chelsea,Blackburn,2,0,H,27,3,11,2,1511.3633543675567,1481.4210542922888,29.942300075267894
2011-01-15,2010/2011,Man City,Wolves,4,3,H,15,10,12,7,1590.2858647073585,1446.338798194966,143.94706651239244
2011-01-15,2010/2011,West Ham,Arsenal,0,3,A,7,19,6,13,1447.495038412291,1578.6153428574914,-131.12030444520042
2011-01-15,2010/2011,Wigan,Fulham,1,1,D,8,14,5,5,1457.4167349651566,1466.8481543618568,-9.431419396700221
2011-01-15,2010/2011,Stoke,Bolton,2,0,H,12,13,5,6,1485.9866079291073,1499.208233033237,-13.221625104129771
2011-01-15,2010/2011,West Brom,Blackpool,3,2,H,18,9,11,2,1425.2887755547908,1505.3328181358252,-80.04404258103432
2011-01-16,2010/2011,Birmingham,Aston Villa,1,1,D,14,13,4,3,1481.7217760455912,1441.0763857730187,40.64539027257251
2011-01-16,2010/2011,Liverpool,Everton,2,2,D,19,10,14,5,1454.7725273790265,1501.659700312274,-46.887172933247484
2011-01-16,2010/2011,Sunderland,Newcastle,1,1,D,10,9,7,2,1535.0454178645125,1497.378589694236,37.6668281702764
2011-01-16,2010/2011,Tottenham,Man United,0,0,D,16,7,6,4,1557.3739114784887,1635.370914640926,-77.9970031624373
2011-01-22,2010/2011,Man United,Birmingham,5,0,H,23,6,9,1,1631.8381684149947,1479.8584792157321,151.97968919926257
2011-01-22,2010/2011,Fulham,Stoke,2,0,H,10,9,7,1,1466.4139281021426,1502.5951925158465,-36.18126441370396
2011-01-22,2010/2011,Newcastle,Tottenham,1,1,D,13,14,6,9,1499.10644704073,1560.90665770442,-61.800210663689995
2011-01-22,2010/2011,Wolves,Liverpool,0,3,A,11,15,4,10,1436.612856123852,1456.9187482325701,-20.305892108718126
2011-01-22,2010/2011,Arsenal,Wigan,3,0,H,23,3,15,1,1588.848260187898,1457.8509612248708,130.9972989630271
2011-01-22,2010/2011,Everton,West Ham,2,2,D,11,13,6,5,1499.5134794587304,1437.2621210818845,62.25135837684593
2011-01-22,2010/2011,Blackpool,Sunderland,1,2,A,13,11,7,6,1485.710515555508,1533.3175605180186,-47.6070449625106
2011-01-22,2010/2011,Aston Villa,Man City,1,0,H,10,24,8,14,1442.9396826028778,1600.0118067784726,-157.0721241755948
2011-01-23,2010/2011,Blackburn,West Brom,2,0,H,17,24,12,20,1466.7965445328914,1444.911078135108,21.885466397783375
2011-01-24,2010/2011,Bolton,Chelsea,0,4,A,11,14,8,11,1482.599648446498,1525.987864126954,-43.38821568045614
2011-01-25,2010/2011,Blackpool,Man United,2,3,A,6,17,4,13,1471.889282149946,1641.2539418371562,-169.36465968721018
2011-01-25,2010/2011,Wigan,Aston Villa,1,2,A,19,11,8,10,1447.6131145940717,1465.7175290299058,-18.104414435834087
2011-01-26,2010/2011,Liverpool,Fulham,1,0,H,11,12,7,8,1471.9846906266966,1484.0741397208417,-12.089449094145039
2011-02-01,2010/2011,Arsenal,Everton,2,1,H,19,4,10,4,1599.086106818697,1496.6769872415239,102.40911957717321
2011-02-01,2010/2011,Man United,Aston Villa,3,1,H,18,9,11,5,1650.0186356740076,1480.8845437369293,169.1340919370782
2011-02-01,2010/2011,Sunderland,Chelsea,2,4,A,4,21,3,14,1547.1387939235806,1540.0000855906046,7.138708332975966
2011-02-01,2010/2011,West Brom,Wigan,2,2,D,21,11,10,7,1429.9176101808737,1432.4460998870481,-2.5284897061744687
2011-02-02,2010/2011,Fulham,Newcastle,1,0,H,11,4,9,3,1467.517624602751,1501.9228114774905,-34.40518687473946
2011-02-02,2010/2011,Bolton,Wolves,1,0,H,13,11,8,5,1468.5874269828473,1421.5469137297255,47.040513253121844
2011-02-02,2010/2011,Liverpool,Stoke,2,0,H,13,6,9,1,1488.5412057447872,1484.9349808971474,3.606224847639851
2011-02-02,2010/2011,Blackburn,Tottenham,0,1,A,17,6,9,5,1481.7900124871258,1558.0902932676595,-76.30028078053374
2011-02-02,2010/2011,Birmingham,Man City,2,2,D,14,12,7,9,1470.4427057935707,1577.2339603514447,-106.79125455787403
2011-02-02,2010/2011,Blackpool,West Ham,1,3,A,13,12,8,10,1463.1245883130946,1440.098613299091,23.025975014003507
2011-02-05,2010/2011,Wigan,Blackburn,4,3,H,11,9,7,5,1432.3296606885986,1469.2483513866378,-36.9186906980392
2011-02-05,2010/2011,Tottenham,Bolton,2,1,H,13,8,7,3,1570.6319543681475,1482.4342720181742,88.19768234997332
2011-02-05,2010/2011,Wolves,Man United,2,1,H,6,14,5,7,1407.7000686943986,1658.7917787911333,-251.0917100967347
2011-02-05,2010/2011,Stoke,Sunderland,3,2,H,18,11,9,7,1469.1010477249743,1530.8100905110564,-61.709042786082136
2011-02-05,2010/2011,Newcastle,Arsenal,4,4,D,16,13,8,10,1484.3435528549794,1610.501988697585,-126.15843584260551
2011-02-05,2010/2011,Man City,West Brom,3,0,H,13,17,9,9,1572.465279633506,1430.0340493793233,142.43123025418276
2011-02-05,2010/2011,Everton,Blackpool,5,3,H,23,11,16,7,1485.261105362636,1446.0657527479416,39.19535261469446
2011-02-05,2010/2011,Aston Villa,Fulham,2,2,D,10,13,5,9,1472.1114006198036,1485.0968832252622,-12.985482605458628
2011-02-06,2010/2011,Chelsea,Liverpool,0,1,A,14,7,4,4,1556.3287890031288,1504.3751389169604,51.95365008616841
2011-02-06,2010/2011,West Ham,Birmingham,0,1,A,16,9,9,3,1457.157448864244,1475.2113865115093,-18.05393764726523
2011-02-12,2010/2011,Liverpool,Wigan,1,1,D,13,8,5,2,1522.7500180087973,1450.0234589573515,72.72655905144575
2011-02-12,2010/2011,Man United,Man City,2,1,H,11,13,6,8,1632.8945150837112,1582.2503955663867,50.6441195173245
2011-02-12,2010/2011,West Brom,West Ham,3,3,D,15,18,11,11,1420.2489334464426,1441.9881158981418,-21.739182451699207
2011-02-12,2010/2011,Sunderland,Tottenham,1,2,A,16,11,10,5,1511.9977946136273,1582.6553556142994,-70.6575610006721
2011-02-12,2010/2011,Arsenal,Wolves,2,0,H,17,2,8,0,1604.9347367941632,1433.5973324018207,171.33740439234248
2011-02-12,2010/2011,Blackpool,Aston Villa,1,1,D,14,7,5,4,1431.8631468539756,1472.7091258969012,-40.84597904292559
2011-02-12,2010/2011,Blackburn,Newcastle,0,0,D,4,12,0,6,1451.5545531178848,1489.9108047584011,-38.35625164051635
2011-02-12,2010/2011,Birmingham,Stoke,1,0,H,10,15,4,5,1490.3807194776116,1487.9133436224033,2.4673758552082745
2011-02-13,2010/2011,Bolton,Everton,2,0,H,11,9,5,4,1470.4108707720222,1499.463711256602,-29.052840484579747
2011-02-14,2010/2011,Fulham,Chelsea,0,0,D,12,23,8,9,1484.4991579481646,1537.953909911292,-53.454751963127364
2011-02-15,2010/2011,Birmingham,Newcastle,0,2,A,11,10,5,7,1506.2670945305256,1488.1515753123122,18.11551921821342
2011-02-20,2010/2011,West Brom,Wolves,1,1,D,19,6,11,2,1421.2487553500462,1424.9047233186309,-3.6559679685847186
2011-02-22,2010/2011,Blackpool,Tottenham,3,1,H,8,25,4,10,1433.7355552459912,1595.4455839933205,-161.71002874732926
2011-02-23,2010/2011,Arsenal,Stoke,1,0,H,9,7,4,4,1613.627345877353,1472.0269685694893,141.6003773078637
2011-02-26,2010/2011,Wolves,Blackpool,4,0,H,15,2,11,1,1424.736365985625,1456.6876617677563,-31.951295782131183
2011-02-26,2010/2011,Wigan,Man United,0,4,A,10,14,4,9,1453.3245667185004,1646.5786462061933,-193.25407948769293
2011-02-26,2010/2011,Newcastle,Bolton,1,1,D,13,17,6,10,1504.9850706124803,1487.7456937474271,17.239376865053146
2011-02-26,2010/2011,Everton,Sunderland,2,0,H,17,12,9,7,1482.128888281197,1499.2075662346062,-17.07867795340917
2011-02-26,2010/2011,Aston Villa,Blackburn,4,1,H,17,5,10,2,1470.8367175048857,1453.3137825639737,17.52293494091191
2011-02-27,2010/2011,Man City,Fulham,1,1,D,14,11,4,5,1568.5662644439046,1486.9415985924093,81.62466585149537
2011-02-27,2010/2011,West Ham,Liverpool,3,1,H,17,12,11,8,1440.9882939945383,1519.4489102476484,-78.46061625311017
2011-02-28,2010/2011,Stoke,West Brom,1,1,D,6,16,3,11,1462.209333224982,1421.417112683052,40.792220541929964
2011-03-01,2010/2011,Chelsea,Man United,2,1,H,17,12,11,7,1535.5114692670472,1654.495848460337,-118.98437919328967
2011-03-05,2010/2011,West Ham,Stoke,3,0,H,15,7,10,5,1460.5413435527669,1460.3393666433808,0.20197690938607593
2011-03-05,2010/2011,Newcastle,Everton,1,2,A,10,13,8,8,1504.1918188669952,1498.9147575898874,5.277061277107805
2011-03-05,2010/2011,Birmingham,West Brom,1,3,A,9,9,4,5,1489.4335992303575,1423.2870792646531,66.14651996570433
2011-03-05,2010/2011,Fulham,Blackburn,3,2,H,15,12,11,9,1490.6328892201927,1438.1200600140792,52.512829206113565
2011-03-05,2010/2011,Man City,Wigan,1,0,H,7,12,3,5,1564.8749738161212,1445.4073644643568,119.4676093517644
2011-03-05,2010/2011,Arsenal,Sunderland,0,0,D,14,6,7,3,1623.4449812218604,1482.421696925916,141.02328429594445
2011-03-05,2010/2011,Bolton,Aston Villa,3,2,H,15,10,9,6,1488.5389454929123,1486.0304400547802,2.5085054381320333
2011-03-06,2010/2011,Liverpool,Man United,3,1,H,17,12,10,7,1499.8958606894198,1633.2210343168028,-133.32517362738304
2011-03-06,2010/2011,Wolves,Tottenham,3,3,D,13,15,4,10,1442.2036434934791,1572.4934774715555,-130.28983397807633
2011-03-07,2010/2011,Blackpool,Chelsea,1,3,A,14,18,5,11,1439.2203842599022,1556.7862834105813,-117.56589915067912
2011-03-09,2010/2011,Everton,Birmingham,1,1,D,17,5,11,3,1515.1577565566965,1470.4237176748786,44.73403888181792
2011-03-19,2010/2011,West Brom,Arsenal,2,2,D,4,18,3,11,1442.296960820132,1617.2852392798989,-174.9882784597669
2011-03-19,2010/2011,Stoke,Newcastle,4,0,H,8,14,6,9,1444.3486680227466,1487.948819900186,-43.60015187743943
2011-03-19,2010/2011,Tottenham,West Ham,0,0,D,26,11,14,5,1566.759699316598,1476.5320421734011,90.2276571431969
2011-03-19,2010/2011,Wigan,Birmingham,2,1,H,16,7,13,4,1434.7020044197504,1472.472487405037,-37.77048298528666
2011-03-19,2010/2011,Man United,Bolton,1,0,H,14,11,8,6,1611.3658081769197,1504.4234265556597,106.94238162125998
2011-03-19,2010/2011,Blackburn,Blackpool,2,2,D,24,8,7,6,1424.5201168844462,1428.4368965882684,-3.916779703822158
2011-03-19,2010/2011,Aston Villa,Wolves,0,1,A,11,8,5,5,1470.1459589920328,1447.9374216484366,22.208537343596163
2011-03-19,2010/2011,Everton,Fulham,2,1,H,16,12,12,6,1513.108986826538,1504.2328323498257,8.876154476712372
2011-03-20,2010/2011,Chelsea,Man City,2,0,H,16,5,11,2,1567.569771082215,1575.5803338607275,-8.010562778512394
2011-03-20,2010/2011,Sunderland,Liverpool,0,2,A,3,10,1,4,1488.5814388678775,1521.751086829303,-33.169647961425426
2011-04-02,2010/2011,Arsenal,Blackburn,0,0,D,19,7,11,2,1609.8454290863322,1424.700483614776,185.14494547155618
2011-04-02,2010/2011,Birmingham,Bolton,2,1,H,9,19,6,12,1454.7399123987268,1493.1984478876564,-38.458535488929556
2011-04-02,2010/2011,Everton,Aston Villa,2,2,D,14,7,7,5,1528.7003137141323,1453.1246087292627,75.57570498486962
2011-04-02,2010/2011,Stoke,Chelsea,1,1,D,13,20,6,10,1462.3460552100073,1583.9386057769598,-121.59255056695247
2011-04-02,2010/2011,West Brom,Liverpool,2,1,H,17,13,14,9,1449.7367710136987,1536.2281920926125,-86.49142107891385
2011-04-02,2010/2011,West Ham,Man United,2,4,A,6,18,2,9,1480.5962219713442,1622.590786844923,-141.99456487357884
2011-04-02,2010/2011,Wigan,Tottenham,0,0,D,14,10,5,6,1452.4345794260607,1562.695519518655,-110.26094009259418
2011-04-02,2010/2011,Newcastle,Wolves,4,1,H,17,13,13,9,1469.9514327129252,1464.9587719112067,4.992660801718557
2011-04-03,2010/2011,Fulham,Blackpool,3,0,H,13,10,11,6,1488.6415054622314,1428.2565298579386,60.38497560429278
2011-04-03,2010/2011,Man City,Sunderland,5,0,H,14,8,12,4,1559.2114991659828,1474.104333604568,85.10716556141483
2011-04-09,2010/2011,Blackburn,Birmingham,1,1,D,15,6,5,5,1432.5018774205087,1472.5037950940682,-40.00191767355955
2011-04-09,2010/2011,Sunderland,West Brom,2,3,A,7,12,4,8,1461.947107918954,1469.6395577536605,-7.6924498347063945
2011-04-09,2010/2011,Man United,Fulham,2,0,H,16,12,12,5,1632.3929862579807,1501.8883406216003,130.50464563638047
2011-04-09,2010/2011,Tottenham,Stoke,3,2,H,9,10,8,5,1557.7816843351827,1467.7276594110963,90.05402492408643
2011-04-09,2010/2011,Bolton,West Ham,3,0,H,23,14,12,8,1475.434565192315,1470.7940225582865,4.640542634028407
2011-04-09,2010/2011,Chelsea,Wigan,1,0,H,21,11,13,7,1578.5570015758708,1457.348414609533,121.20858696633786
2011-04-09,2010/2011,Wolves,Everton,0,3,A,11,9,7,6,1449.1886766132109,1525.2737981391551,-76.08512152594426
2011-04-10,2010/2011,Aston Villa,Newcastle,1,0,H,13,6,7,4,1456.55112430424,1485.721528010921,-29.1704037066811
2011-04-10,2010/2011,Blackpool,Arsenal,1,3,A,12,16,6,7,1415.0096946985698,1602.0440352805995,-187.0343405820297
2011-04-11,2010/2011,Liverpool,Man City,3,0,H,15,13,7,4,1516.3254053526507,1571.3687248515967,-55.04331949894595
2011-04-16,2010/2011,Birmingham,Sunderland,2,0,H,10,15,4,7,1470.6697356618872,1446.301300451154,24.368435210733196
2011-04-16,2010/2011,Blackpool,Wigan,1,3,A,14,9,9,5,1406.8772364895478,1446.7143312196906,-39.83709473014278
2011-04-16,2010/2011,Everton,Blackburn,2,0,H,17,4,7,2,1537.8249060382084,1434.3359368526897,103.48896918551873
2011-04-16,2010/2011,West Brom,Chelsea,1,3,A,12,19,6,11,1485.2853652214608,1589.1910849657131,-103.90571974425234
2011-04-16,2010/2011,West Ham,Aston Villa,1,2,A,12,21,7,11,1455.0077147368995,1473.8913234329439,-18.883608696044348
2011-04-17,2010/2011,Arsenal,Liverpool,1,1,D,12,9,6,5,1610.1764934896214,1534.839247157111,75.3372463325104
2011-04-19,2010/2011,Newcastle,Man United,0,0,D,12,18,5,8,1468.381328882217,1642.6505879858048,-174.26925910358773
2011-04-20,2010/2011,Tottenham,Arsenal,3,3,D,16,13,9,9,1569.724985626075,1606.760457235411,-37.0354716093359
2011-04-20,2010/2011,Chelsea,Birmingham,3,1,H,17,6,7,3,1600.5437817115721,1485.5493643084412,114.99441740313091
2011-04-23,2010/2011,Tottenham,West Brom,2,2,D,19,10,9,4,1571.4241013951603,1473.9326684756018,97.49143291955852
2011-04-23,2010/2011,Sunderland,Wigan,4,2,H,11,11,7,7,1431.4216718046,1460.8877628357611,-29.466091031161113
2011-04-23,2010/2011,Wolves,Fulham,1,1,D,12,15,3,5,1436.6375687141576,1491.6307388937762,-54.99317017961857
2011-04-23,2010/2011,Man United,Everton,1,0,H,21,5,12,3,1635.2367555274593,1549.1951818344653,86.041573692994
2011-04-23,2010/2011,Liverpool,Birmingham,5,0,H,17,10,13,6,1538.2552834113214,1474.6597892616182,63.5954941497032
2011-04-23,2010/2011,Chelsea,West Ham,3,0,H,16,12,11,7,1611.4333567583951,1439.8764817556457,171.5568750027494
2011-04-23,2010/2011,Blackpool,Newcastle,1,1,D,18,9,7,6,1392.7038048734773,1475.7951613405626,-83.09135646708523
2011-04-23,2010/2011,Aston Villa,Stoke,1,1,D,7,4,2,3,1489.0225564141977,1455.784358120204,33.23819829399372
2011-04-24,2010/2011,Bolton,Arsenal,2,1,H,11,17,10,7,1491.220873013702,1605.0613414663258,-113.84046845262378
2011-04-25,2010/2011,Blackburn,Man City,0,1,A,12,10,6,5,1422.9656610564327,1552.8548830471364,-129.88922199070362
2011-04-26,2010/2011,Stoke,Wolves,3,0,H,17,5,8,1,1457.3103810583082,1439.1491580154723,18.1612230428359
2011-04-27,2010/2011,Fulham,Bolton,3,0,H,18,14,7,6,1489.1191495924616,1512.2835274889992,-23.164377896537644
2011-04-30,2010/2011,Wigan,Everton,1,1,D,13,3,9,3,1443.5340433078413,1537.0784787877224,-93.54443547988103
2011-04-30,2010/2011,West Brom,Aston Villa,2,1,H,8,11,4,6,1478.3080762606182,1487.4965334760934,-9.188457215475182
2011-04-30,2010/2011,Sunderland,Fulham,0,3,A,11,9,7,6,1448.7753913325198,1506.18433076519,-57.408939432670195
2011-04-30,2010/2011,Chelsea,Tottenham,2,1,H,16,12,10,7,1620.1179693300694,1567.0486936101438,53.0692757199256
2011-04-30,2010/2011,Blackpool,Stoke,0,0,D,11,9,6,6,1396.4589814859428,1472.47478674532,-76.0158052593772
2011-04-30,2010/2011,Blackburn,Bolton,1,0,H,17,11,8,3,1412.683352960674,1495.2183463162708,-82.53499335559673
2011-05-01,2010/2011,Arsenal,Man United,1,0,H,9,11,2,7,1583.9986869910285,1647.3534585742023,-63.354771583173715
2011-05-01,2010/2011,Birmingham,Wolves,1,1,D,8,7,1,2,1461.5561944143135,1423.9847523284604,37.57144208585305
2011-05-01,2010/2011,Liverpool,Newcastle,3,0,H,9,7,5,3,1551.3588782586262,1472.0399847280971,79.31889353052907
2011-05-01,2010/2011,Man City,West Ham,2,1,H,19,7,12,4,1563.137191142895,1431.1918691839714,131.9453219589236
2011-05-07,2010/2011,West Ham,Blackburn,1,1,D,24,8,15,4,1420.9919809131354,1432.414310341006,-11.422329427870636
2011-05-07,2010/2011,Newcastle,Birmingham,2,1,H,19,5,14,2,1459.6305896295485,1459.8326786600576,-0.2020890305091143
2011-05-07,2010/2011,Tottenham,Blackpool,1,1,D,20,13,11,7,1553.473793154951,1399.9048296441126,153.56896351083833
2011-05-07,2010/2011,Bolton,Sunderland,1,2,A,17,10,9,6,1475.4873889359387,1435.3953695581165,40.092019377822226
2011-05-07,2010/2011,Everton,Man City,2,1,H,10,12,6,7,1532.871760932122,1573.337079413731,-40.465318481609074
2011-05-07,2010/2011,Aston Villa,Wigan,1,1,D,10,7,7,4,1471.073488007747,1447.7407611634417,23.332726844305398
2011-05-08,2010/2011,Wolves,West Brom,3,1,H,14,14,10,6,1425.7082680827164,1494.7311217289646,-69.02285364624822
2011-05-08,2010/2011,Man United,Chelsea,2,1,H,13,19,8,11,1628.4677771689608,1633.6928697852622,-5.225092616301481
2011-05-08,2010/2011,Stoke,Arsenal,3,1,H,12,14,7,5,1469.0289385871502,1602.88436839627,-133.85542980911987
2011-05-09,2010/2011,Fulham,Liverpool,2,5,A,10,16,7,11,1519.5643525395933,1563.7682733571748,-44.20392081758155
2011-05-10,2010/2011,Man City,Tottenham,1,0,H,7,14,4,7,1555.4819632248264,1546.8288865119885,8.653076712837901
2011-05-14,2010/2011,Sunderland,Wolves,1,3,A,14,10,9,6,1453.233523684088,1444.8457205813368,8.38780310275115
2011-05-14,2010/2011,West Brom,Everton,1,0,H,14,23,9,10,1475.5936692303442,1550.7268771210267,-75.13320789068257
2011-05-14,2010/2011,Blackburn,Man United,1,1,D,6,9,2,4,1431.8884820631308,1644.7083834371006,-212.81990137396974
2011-05-14,2010/2011,Blackpool,Bolton,4,3,H,12,17,8,9,1406.5497362870751,1457.6492348099673,-51.09949852289219
2011-05-15,2010/2011,Arsenal,Aston Villa,1,2,A,24,8,15,5,1581.008005112445,1470.0005886898307,111.00741642261437
2011-05-15,2010/2011,Birmingham,Fulham,0,2,A,7,18,2,9,1443.8233721173249,1505.5891050376235,-61.76573292029866
2011-05-15,2010/2011,Chelsea,Newcastle,2,2,D,15,13,7,9,1617.4522635171224,1475.6398961722812,141.81236734484128
2011-05-15,2010/2011,Liverpool,Tottenham,0,2,A,10,8,2,4,1577.7435208591446,1531.2272930489116,46.51622781023298
2011-05-15,2010/2011,Wigan,West Ham,3,2,H,19,13,10,10,1448.813660481358,1421.5178091910107,27.2958512903474
2011-05-17,2010/2011,Man City,Stoke,3,0,H,16,4,9,2,1571.0835566879032,1490.905301870975,80.17825481692807
2011-05-22,2010/2011,Stoke,Wigan,0,1,A,11,11,5,9,1478.5334678531437,1463.5592199282664,14.974247924877318
2011-05-22,2010/2011,Wolves,Blackburn,2,3,A,12,13,5,10,1461.231918161791,1440.6231388495517,20.60877931223945
2011-05-22,2010/2011,West Ham,Sunderland,0,3,A,17,17,12,12,1406.7722497441023,1436.8473261036336,-30.075076359531295
2011-05-22,2010/2011,Tottenham,Birmingham,2,1,H,22,7,16,3,1549.3567362237272,1430.6381979636017,118.71853826012557
2011-05-22,2010/2011,Newcastle,West Brom,3,3,D,15,13,10,7,1481.8305637978879,1495.000736357899,-13.170172560011224
2011-05-22,2010/2011,Bolton,Man City,0,2,A,16,16,8,10,1439.312838206323,1583.4553907057345,-144.14255249941152
2011-05-22,2010/2011,Fulham,Arsenal,2,2,D,10,12,6,6,1518.7742791913467,1560.0630563742761,-41.28877718292938
2011-05-22,2010/2011,Everton,Chelsea,1,0,H,11,19,3,9,1531.3198099934718,1611.2615958915158,-79.94178589804392
2011-05-22,2010/2011,Aston Villa,Liverpool,1,0,H,10,9,8,4,1490.9455374279996,1559.614077684329,-68.66854025632938
2011-05-22,2010/2011,Man United,Blackpool,4,2,H,18,14,11,7,1635.9737266506797,1424.8861328907194,211.08759375996033
2011-08-13,2011/2012,Blackburn,Wolves,1,2,A,16,13,8,4,1457.5710966784293,1444.2839603329135,13.287136345515819
2011-08-13,2011/2012,Fulham,Aston Villa,0,0,D,13,7,9,1,1520.666796918644,1510.067297463862,10.599499454782062
2011-08-13,2011/2012,Liverpool,Sunderland,1,1,D,11,15,4,6,1540.4923176484667,1451.4657666787516,89.02655096971512
2011-08-13,2011/2012,Newcastle,Arsenal,0,0,D,6,9,1,4,1482.4367823222028,1558.170538646979,-75.7337563247761
2011-08-13,2011/2012,QPR,Bolton,0,4,A,13,13,7,7,1500.0,1429.5945126540191,70.40548734598087
2011-08-13,2011/2012,Wigan,Norwich,1,1,D,18,13,11,3,1480.2483828629966,1500.0,-19.75161713700345
2011-08-14,2011/2012,Stoke,Chelsea,0,0,D,6,20,3,11,1461.8443049184136,1591.6437613421867,-129.7994564237731
2011-08-14,2011/2012,West Brom,Man United,1,2,A,14,11,8,5,1494.3945178335841,1643.295222853218,-148.90070501963396
2011-08-15,2011/2012,Man City,Swansea,4,0,H,26,8,19,5,1593.1737162580384,1500.0,93.17371625803844
2011-08-20,2011/2012,Swansea,Wigan,0,0,D,12,10,6,4,1488.1908213019826,1481.1569998071348,7.033821494847871
2011-08-20,2011/2012,Everton,QPR,0,1,A,14,4,7,3,1550.9376445428009,1480.8013712426953,70.13627330010559
2011-08-20,2011/2012,Sunderland,Newcastle,0,1,A,15,12,5,10,1455.4781571098868,1485.8702419357137,-30.39208482582694
2011-08-20,2011/2012,Aston Villa,Blackburn,3,1,H,9,10,6,6,1510.5552710720076,1440.9594995739658,69.59577149804181
2011-08-20,2011/2012,Arsenal,Liverpool,0,2,A,10,13,6,8,1554.737079033468,1536.4799272173316,18.257151816136457
2011-08-20,2011/2012,Chelsea,West Brom,2,1,H,22,6,12,4,1585.929675721469,1484.8605356438748,101.06914007759428
2011-08-21,2011/2012,Bolton,Man City,2,3,A,6,17,4,9,1448.7931414113239,1604.9828949560558,-156.18975354473196
2011-08-21,2011/2012,Norwich,Stoke,1,1,D,9,15,7,5,1499.0913830558618,1467.5583905391313,31.532992516730474
2011-08-21,2011/2012,Wolves,Fulham,2,0,H,17,8,7,4,1460.895557437377,1520.1788233104983,-59.28326587312131
2011-08-22,2011/2012,Man United,Tottenham,3,0,H,27,20,21,12,1652.8292050429275,1560.0928366759174,92.73636836701007
2011-08-27,2011/2012,Wigan,QPR,2,0,H,13,19,10,9,1481.4808750110772,1499.9880958790711,-18.507220867993965
2011-08-27,2011/2012,Swansea,Sunderland,0,0,D,15,12,6,8,1487.8669460980402,1440.8742053218054,46.99274077623477
2011-08-27,2011/2012,Liverpool,Bolton,3,1,H,17,7,9,4,1553.3199271011006,1439.5376092225154,113.78231787858522
2011-08-27,2011/2012,Chelsea,Norwich,3,1,H,16,9,8,6,1597.4022628944472,1497.643209222866,99.75905367158111
2011-08-27,2011/2012,Aston Villa,Wolves,0,0,D,15,3,5,2,1523.3924574556322,1479.5994621899538,43.79299526567843
2011-08-27,2011/2012,Blackburn,Everton,0,1,A,14,9,6,4,1428.1223131903412,1531.750919906425,-103.62860671608382
2011-08-28,2011/2012,Man United,Arsenal,8,2,H,25,19,15,13,1664.6571487777487,1537.897079149699,126.76006962804968
2011-08-28,2011/2012,Newcastle,Fulham,2,1,H,13,16,9,9,1500.474193723795,1501.4749185579215,-1.0007248341264585
2011-08-28,2011/2012,Tottenham,Man City,1,5,A,15,22,10,12,1548.2648929410962,1614.2384271448643,-65.97353420376817
2011-08-28,2011/2012,West Brom,Stoke,0,1,A,16,7,7,1,1473.3879484708966,1469.006564372127,4.3813840987695585
2011-09-10,2011/2012,Arsenal,Swansea,1,0,H,18,10,8,5,1527.4886681873386,1485.7159513358372,41.7727168515014
2011-09-10,2011/2012,Wolves,Tottenham,0,2,A,10,17,6,11,1481.6055911371682,1535.2670894015316,-53.661498264363445
2011-09-10,2011/2012,Stoke,Liverpool,1,0,H,3,20,1,11,1485.2083238713426,1564.2596825742773,-79.05135870293475
2011-09-10,2011/2012,Sunderland,Chelsea,1,2,A,14,16,7,8,1443.0252000840085,1608.9304101409714,-165.90521005696291
2011-09-10,2011/2012,Man City,Wigan,3,0,H,23,9,10,5,1627.2362306844288,1498.332358823081,128.90387186134785
2011-09-10,2011/2012,Bolton,Man United,0,5,A,20,13,13,9,1428.5978537493386,1675.0655597401092,-246.46770599077058
2011-09-10,2011/2012,Everton,Aston Villa,2,2,D,17,7,10,3,1543.1153042584233,1521.3863285084178,21.728975750005475
2011-09-11,2011/2012,Fulham,Blackburn,1,1,D,13,10,8,5,1485.4288336036602,1416.7579288383429,68.67090476531735
2011-09-11,2011/2012,Norwich,West Brom,0,1,A,17,14,5,9,1486.1150619763418,1457.186188971681,28.928873004660772
2011-09-12,2011/2012,QPR,Newcastle,0,0,D,14,8,5,3,1483.1366120670673,1516.5202786780562,-33.38366661098894
2011-09-17,2011/2012,Wolves,QPR,0,3,A,13,17,6,12,1468.0573300883175,1484.6692728641453,-16.611942775827856
2011-09-17,2011/2012,Swansea,West Brom,3,0,H,7,13,5,8,1471.6304398739405,1474.5153425990081,-2.8849027250676045
2011-09-17,2011/2012,Everton,Wigan,3,1,H,17,9,10,4,1542.1159505562384,1488.0104284178417,54.105522138396736
2011-09-17,2011/2012,Blackburn,Arsenal,4,3,H,10,24,5,16,1419.8797936185267,1541.5741796492352,-121.69438603070853
2011-09-17,2011/2012,Aston Villa,Newcastle,1,1,D,10,21,2,13,1522.3856822106027,1514.9876178809782,7.398064329624503
2011-09-17,2011/2012,Bolton,Norwich,1,2,A,7,11,7,5,1422.3625714195784,1468.7859083490148,-46.423336929436346
2011-09-18,2011/2012,Fulham,Man City,2,2,D,14,18,11,11,1482.3069688234764,1637.5581610896681,-155.25119226619177
2011-09-18,2011/2012,Man United,Chelsea,3,1,H,12,20,7,9,1681.3008420698693,1617.8224083623109,63.47843370755845
2011-09-18,2011/2012,Sunderland,Stoke,4,0,H,8,9,7,5,1434.133201862669,1504.7872267895493,-70.65402492688031
2011-09-18,2011/2012,Tottenham,Liverpool,4,0,H,24,5,16,2,1548.8153504503823,1544.6807796560706,4.134570794311685
2011-09-24,2011/2012,Newcastle,Blackburn,3,1,H,19,4,8,1,1515.3282598523033,1441.265556553532,74.06270329877134
2011-09-24,2011/2012,West Brom,Fulham,0,0,D,8,18,5,9,1458.3824909720336,1489.0158539026527,-30.633362930619114
2011-09-24,2011/2012,Wigan,Tottenham,1,2,A,5,14,4,7,1474.4821313717478,1564.6249554164192,-90.14282404467144
2011-09-24,2011/2012,Stoke,Man United,1,1,D,14,13,8,9,1485.5776114575754,1694.4096514091168,-208.83203995154145
2011-09-24,2011/2012,Liverpool,Wolves,2,1,H,14,11,6,6,1528.8711746900337,1452.821755899134,76.04941879089984
2011-09-24,2011/2012,Man City,Everton,2,0,H,18,7,8,3,1630.8492760104918,1555.6442476023324,75.20502840815948
2011-09-24,2011/2012,Arsenal,Bolton,3,0,H,23,3,14,3,1520.18841671423,1408.4878124341967,111.7006042800333
2011-09-24,2011/2012,Chelsea,Swansea,4,1,H,15,5,7,4,1604.7135990230634,1487.763291500915,116.95030752214825
2011-09-25,2011/2012,QPR,Aston Villa,1,1,D,17,8,9,4,1499.904847053329,1522.0450402392776,-22.140193185948647
2011-09-26,2011/2012,Norwich,Sunderland,2,1,H,11,12,8,6,1482.6606673343965,1453.342817194643,29.317850139753546
2011-10-01,2011/2012,Sunderland,West Brom,2,2,D,12,7,7,3,1438.68975860169,1459.7895651903661,-21.099806588676074
2011-10-01,2011/2012,Blackburn,Man City,0,4,A,5,19,4,12,1428.625529775144,1643.439051538786,-214.81352176364203
2011-10-01,2011/2012,Aston Villa,Wigan,2,0,H,16,14,10,9,1521.0268245556247,1462.542656302033,58.48416825359163
2011-10-01,2011/2012,Everton,Liverpool,0,2,A,12,15,4,9,1543.0544720740381,1541.423850400258,1.6306216737800696
2011-10-01,2011/2012,Wolves,Newcastle,1,2,A,25,10,12,6,1440.2690801889096,1527.9682866306912,-87.6992064417816
2011-10-01,2011/2012,Man United,Norwich,2,0,H,17,13,9,6,1685.804718066035,1497.3137259273494,188.49099213868567
2011-10-02,2011/2012,Bolton,Chelsea,1,5,A,14,21,10,14,1397.4616166614373,1615.5224369396656,-218.06082027822822
2011-10-02,2011/2012,Fulham,QPR,6,0,H,19,17,13,10,1487.60877968432,1500.9230627369818,-13.314283052661722
2011-10-02,2011/2012,Swansea,Stoke,2,0,H,9,11,5,6,1476.954453584313,1494.182544800657,-17.228091216344183
2011-10-02,2011/2012,Tottenham,Arsenal,2,1,H,16,13,8,7,1576.564430486134,1531.2146124869894,45.349817999144534
2011-10-15,2011/2012,QPR,Blackburn,1,1,D,12,10,6,9,1484.3102173108284,1421.4244327175077,62.88578459332075
2011-10-15,2011/2012,Wigan,Bolton,1,3,A,13,14,9,11,1449.210798377146,1390.3643011084189,58.846497268727035
2011-10-15,2011/2012,Stoke,Fulham,2,0,H,14,4,6,1,1477.3898115018558,1504.2216251104735,-26.831813608617722
2011-10-15,2011/2012,Norwich,Swansea,3,1,H,15,12,8,4,1489.232024488319,1493.7471868831142,-4.5151623947951975
2011-10-15,2011/2012,Liverpool,Man United,1,1,D,14,10,8,3,1557.4989427520698,1693.8864195050655,-136.38747675299578
2011-10-15,2011/2012,Chelsea,Everton,3,1,H,7,9,5,5,1622.619752492684,1526.9793797222264,95.64037277045759
2011-10-15,2011/2012,Man City,Aston Villa,4,1,H,15,8,10,6,1650.6401485964225,1534.3586824805118,116.28146611591069
2011-10-16,2011/2012,Arsenal,Sunderland,2,1,H,20,8,11,4,1517.2912685740766,1439.6602477946415,77.63102077943518
2011-10-16,2011/2012,Newcastle,Tottenham,2,2,D,12,11,7,8,1540.0132332178123,1590.4877743990467,-50.47454118123437
2011-10-16,2011/2012,West Brom,Wolves,2,0,H,17,13,11,10,1458.8190759974148,1428.2241336017885,30.594942395626276
2011-10-22,2011/2012,Newcastle,Wigan,1,0,H,13,12,10,5,1542.3214557925842,1430.5264372700942,111.79501852248995
2011-10-22,2011/2012,Aston Villa,West Brom,1,2,A,3,8,0,5,1523.5222684254497,1473.4137574434844,50.10851098196531
2011-10-22,2011/2012,Wolves,Swansea,2,2,D,20,16,13,14,1413.6294521557188,1477.539267675531,-63.90981551981213
2011-10-22,2011/2012,Liverpool,Norwich,1,1,D,25,12,15,10,1563.4759112747122,1505.4399436959025,58.03596757880973
2011-10-22,2011/2012,Bolton,Sunderland,0,2,A,15,18,8,10,1409.0486622154706,1427.1769578425913,-18.12829562712068
2011-10-23,2011/2012,Arsenal,Stoke,3,1,H,9,5,5,2,1529.7745585261268,1494.6230114771884,35.15154704893848
2011-10-23,2011/2012,Blackburn,Tottenham,1,2,A,19,9,8,7,1424.2892139256116,1588.1795518242748,-163.89033789866312
2011-10-23,2011/2012,Fulham,Everton,1,3,A,15,11,8,7,1486.988425135141,1515.2758034610065,-28.287378325865575
2011-10-23,2011/2012,Man United,Man City,1,6,A,12,19,8,12,1687.909450982423,1661.4765626514845,26.432888330938567
2011-10-23,2011/2012,QPR,Chelsea,1,0,H,8,14,3,7,1481.4454361027244,1634.323328753904,-152.87789265117954
2011-10-29,2011/2012,Man City,Wolves,3,1,H,18,9,9,2,1678.6914989656632,1416.5398556967937,262.1516432688695
2011-10-29,2011/2012,West Brom,Liverpool,0,2,A,10,17,6,7,1491.7054720166689,1560.8278399308283,-69.12236791415944
2011-10-29,2011/2012,Swansea,Bolton,3,1,H,20,8,12,3,1474.628864134456,1393.8827442931972,80.74611984125886
2011-10-29,2011/2012,Wigan,Fulham,0,2,A,18,7,9,5,1419.5041689363002,1472.288236241545,-52.78406730524489
2011-10-29,2011/2012,Everton,Man United,0,1,A,18,7,11,6,1529.9759923546023,1670.6945146682444,-140.7185223136421
2011-10-29,2011/2012,Sunderland,Aston Villa,2,2,D,13,10,8,5,1442.3428757648646,1505.2305538522653,-62.88767808740067
2011-10-29,2011/2012,Chelsea,Arsenal,3,5,A,12,13,10,8,1611.704779676347,1544.1612708730904,67.5435088032566
2011-10-29,2011/2012,Norwich,Blackburn,3,3,D,13,12,6,7,1508.0880150397863,1415.3225484088273,92.76546663095905
2011-10-30,2011/2012,Tottenham,QPR,3,1,H,22,12,13,8,1597.1462173410591,1504.0639851802814,93.08223216077772
2011-10-31,2011/2012,Stoke,Newcastle,1,3,A,10,6,4,2,1480.2362991302248,1553.3437241263782,-73.10742499615344
2011-11-05,2011/2012,Newcastle,Everton,2,1,H,10,14,6,6,1566.0258272601855,1520.1237755883599,45.902051671825575
2011-11-05,2011/2012,Arsenal,West Brom,3,0,H,12,9,7,4,1563.2331622477147,1478.8473308530613,84.38583139465345
2011-11-05,2011/2012,Aston Villa,Norwich,3,2,H,12,9,6,7,1502.3656882410744,1503.9147098887904,-1.5490216477160175
2011-11-05,2011/2012,Blackburn,Chelsea,0,1,A,13,12,8,8,1419.4958535598232,1592.6328883017227,-173.13703474189947
2011-11-05,2011/2012,Liverpool,Swansea,0,0,D,18,9,10,3,1573.6859810944359,1486.9759009132783,86.71008018115754
2011-11-05,2011/2012,Man United,Sunderland,1,0,H,15,9,9,3,1680.546731434487,1445.2077413760555,235.33899005843136
2011-11-05,2011/2012,QPR,Man City,2,3,A,18,16,9,8,1492.250882247786,1684.4859702848587,-192.23508803707273
2011-11-06,2011/2012,Fulham,Tottenham,1,3,A,26,8,20,8,1485.875970887548,1608.9593202735546,-123.0833493860066
2011-11-06,2011/2012,Bolton,Stoke,5,0,H,20,9,16,6,1381.535707514375,1467.5541959964175,-86.01848848204259
2011-11-06,2011/2012,Wolves,Wigan,3,1,H,13,13,12,7,1410.7453843775982,1405.9164342902973,4.828950087300882
2011-11-19,2011/2012,Swansea,Man United,0,1,A,9,13,6,7,1490.8881566895866,1687.109923763956,-196.22176707436938
2011-11-19,2011/2012,West Brom,Bolton,2,1,H,16,8,9,6,1466.658787090942,1401.418003962242,65.24078312870006
2011-11-19,2011/2012,Sunderland,Fulham,0,0,D,13,13,8,9,1438.6445490465865,1475.3183738815276,-36.673824834941115
2011-11-19,2011/2012,Wigan,Blackburn,3,3,D,21,6,11,2,1390.1388013414182,1410.8686783734784,-20.72987703206013
2011-11-19,2011/2012,Norwich,Arsenal,1,2,A,7,20,4,14,1487.843375278351,1575.421706009834,-87.57833073148299
2011-11-19,2011/2012,Everton,Wolves,2,1,H,13,4,9,1,1506.2254293897029,1426.5230173264772,79.70241206322567
2011-11-19,2011/2012,Stoke,QPR,2,3,A,17,9,7,8,1447.6718995485505,1484.2986776093633,-36.62677806081274
2011-11-19,2011/2012,Man City,Newcastle,3,1,H,12,10,9,7,1692.4381749232814,1579.9241734588425,112.51400146443893
2011-11-20,2011/2012,Chelsea,Liverpool,1,2,A,18,9,5,3,1601.2600634880675,1569.7737253181276,31.486338169939927
2011-11-21,2011/2012,Tottenham,Aston Villa,2,0,H,20,5,9,1,1619.516917279575,1518.4370228515138,101.07989442806115
2011-11-26,2011/2012,Sunderland,Wigan,1,2,A,17,7,11,4,1440.327196369377,1391.0923162355946,49.234880133782326
2011-11-26,2011/2012,Stoke,Blackburn,3,1,H,8,16,5,12,1433.3524042187541,1409.915163479302,23.437240739452136
2011-11-26,2011/2012,Norwich,QPR,2,1,H,15,13,8,4,1475.7932018433046,1498.6181729391596,-22.824971095855062
2011-11-26,2011/2012,West Brom,Tottenham,1,3,A,9,23,5,14,1479.6891598394022,1630.989048854685,-151.29988901528282
2011-11-26,2011/2012,Chelsea,Wolves,3,0,H,17,7,11,2,1583.814020591951,1414.1303902866487,169.68363030530236
2011-11-26,2011/2012,Bolton,Everton,0,2,A,8,17,7,14,1388.3876312137818,1518.6180564295314,-130.23042521574962
2011-11-26,2011/2012,Arsenal,Fulham,1,1,D,20,10,12,6,1587.4718794448804,1473.6357265587371,113.83615288614328
2011-11-26,2011/2012,Man United,Newcastle,1,1,D,23,8,13,6,1694.925776406013,1568.9317915302142,125.99398487579879
2011-11-27,2011/2012,Liverpool,Man City,1,1,D,17,7,9,3,1587.2197682142441,1703.4305568519096,-116.21078863766547
2011-11-27,2011/2012,Swansea,Aston Villa,0,0,D,6,9,2,4,1483.0723040475295,1506.9648912764037,-23.892587228874163
2011-12-03,2011/2012,Wigan,Arsenal,0,4,A,7,16,4,10,1409.3446098882132,1582.409403811894,-173.06479392368078
2011-12-03,2011/2012,Aston Villa,Man United,0,1,A,7,11,3,5,1505.866328162304,1689.3651819413833,-183.49885377907935
2011-12-03,2011/2012,Blackburn,Swansea,4,2,H,14,10,9,5,1394.9928541011504,1484.1708671616293,-89.17801306047886
2011-12-03,2011/2012,Man City,Norwich,5,1,H,21,5,16,2,1698.2698869244202,1492.8428210225804,205.4270659018398
2011-12-03,2011/2012,Newcastle,Chelsea,0,3,A,16,21,9,13,1574.492385994844,1592.5670339360777,-18.074647941233707
2011-12-03,2011/2012,QPR,West Brom,1,1,D,14,15,4,10,1481.5685537598838,1470.2473610127092,11.321192747174564
2011-12-03,2011/2012,Tottenham,Bolton,3,0,H,25,13,16,9,1640.430847681378,1378.1190246964386,262.31182298493945
2011-12-04,2011/2012,Wolves,Sunderland,2,1,H,15,18,10,12,1405.377376942522,1422.0749027167583,-16.697525774236283
2011-12-04,2011/2012,Everton,Stoke,0,1,A,11,7,4,4,1528.8866629468746,1448.2747135969057,80.61194934996888
2011-12-05,2011/2012,Fulham,Liverpool,1,0,H,19,17,13,9,1478.6982021917236,1592.3804381417335,-113.68223595000995
2011-12-10,2011/2012,Arsenal,Everton,1,0,H,12,7,7,1,1591.0391996529463,1509.2395569490193,81.79964270392702
2011-12-10,2011/2012,Bolton,Aston Villa,1,2,A,17,17,12,11,1372.328927512997,1497.6098053320543,-125.2808778190572
2011-12-10,2011/2012,Liverpool,QPR,1,0,H,21,6,15,2,1571.324341932176,1481.0473780122552,90.27696391992072
2011-12-10,2011/2012,Man United,Wolves,4,1,H,22,11,18,8,1697.621704771633,1422.1457349534096,275.47596981822335
2011-12-10,2011/2012,Norwich,Newcastle,4,2,H,13,11,11,8,1485.33571647682,1559.3240041994127,-73.98828772259276
2011-12-10,2011/2012,Swansea,Fulham,2,0,H,16,12,8,7,1464.1519410062524,1499.7542984012812,-35.602357395028775
2011-12-10,2011/2012,West Brom,Wigan,1,2,A,13,7,8,4,1470.7685367603378,1400.7148140471609,70.05372271317697
2011-12-11,2011/2012,Sunderland,Blackburn,2,1,H,22,3,12,2,1405.3065447058707,1415.0117802565273,-9.705235550656653
2011-12-11,2011/2012,Stoke,Tottenham,2,1,H,10,15,7,12,1467.921819594761,1646.2209448648196,-178.29912527005854
2011-12-12,2011/2012,Chelsea,Man City,2,1,H,13,7,7,4,1607.735415731509,1705.7769914701807,-98.04157573867178
2011-12-17,2011/2012,Blackburn,West Brom,1,2,A,17,13,14,6,1398.5649538564937,1451.5854630869558,-53.02050923046204
2011-12-17,2011/2012,Everton,Norwich,1,1,D,28,7,15,1,1496.938475784768,1504.6924137139056,-7.753937929137692
2011-12-17,2011/2012,Fulham,Bolton,2,0,H,16,14,9,6,1482.120463932685,1361.860628072517,120.25983586016787
2011-12-17,2011/2012,Newcastle,Swansea,0,0,D,17,3,6,0,1539.967306962327,1481.7857754748486,58.18153148747842
2011-12-17,2011/2012,Wigan,Chelsea,1,1,D,15,10,7,5,1419.897887720543,1628.1342537613818,-208.2363660408389
2011-12-17,2011/2012,Wolves,Stoke,1,2,A,10,8,5,4,1416.706366556543,1491.4806029693495,-74.77423641280666
2011-12-18,2011/2012,Tottenham,Sunderland,1,0,H,16,8,12,4,1622.662161490231,1421.7533711059043,200.90879038432672
2011-12-18,2011/2012,Man City,Arsenal,1,0,H,15,12,9,8,1685.3781534403079,1603.3402808171977,82.03787262311016
2011-12-18,2011/2012,Aston Villa,Liverpool,0,2,A,16,19,8,12,1508.0781047725343,1583.2580380567615,-75.17993328422722
2011-12-18,2011/2012,QPR,Man United,0,2,A,11,19,3,12,1469.1136818876696,1703.0610731684997,-233.94739128083006
2011-12-20,2011/2012,Blackburn,Bolton,1,2,A,17,8,7,5,1384.9878591672746,1351.1877317521573,33.80012741511723
2011-12-20,2011/2012,Wolves,Norwich,2,2,D,18,18,9,14,1404.097648564948,1504.3353909490668,-100.23774238411875
2011-12-21,2011/2012,QPR,Sunderland,2,3,A,17,17,9,13,1462.5085984028892,1414.0957879835664,48.412810419322795
2011-12-21,2011/2012,Newcastle,West Brom,2,3,A,21,14,11,8,1537.3127162246574,1465.162557776175,72.15015844848244
2011-12-21,2011/2012,Man City,Stoke,3,0,H,20,2,16,0,1697.6688517016844,1504.0893209609444,193.57953074073998
2011-12-21,2011/2012,Wigan,Liverpool,0,0,D,15,18,10,10,1428.4833056036955,1595.848916774998,-167.3656111713026
2011-12-21,2011/2012,Everton,Swansea,1,0,H,13,4,6,4,1497.2954985496067,1484.4403662125183,12.855132337088435
2011-12-21,2011/2012,Aston Villa,Arsenal,1,2,A,10,8,4,6,1495.4872260542977,1591.0495825558212,-95.56235650152348
2011-12-21,2011/2012,Fulham,Man United,0,5,A,13,14,8,12,1492.7933602530447,1709.66615665328,-216.8727964002353
2011-12-22,2011/2012,Tottenham,Chelsea,1,1,D,16,20,10,10,1630.319744612569,1619.5488358782293,10.770908734339628
2011-12-26,2011/2012,West Brom,Man City,0,0,D,7,18,3,9,1484.438242554804,1705.574896510834,-221.13665395602993
2011-12-26,2011/2012,Bolton,Newcastle,0,2,A,4,12,3,7,1368.739393103738,1518.0370314460283,-149.29763834229038
2011-12-26,2011/2012,Man United,Wigan,5,0,H,17,9,9,5,1716.8013161647582,1435.6451872919376,281.15612887282055
2011-12-26,2011/2012,Sunderland,Everton,1,1,D,12,9,8,3,1432.3109618105684,1512.7037678303184,-80.39280601974997
2011-12-26,2011/2012,Chelsea,Fulham,1,1,D,24,9,15,6,1620.0446957138029,1485.6582007415666,134.38649497223628
2011-12-26,2011/2012,Stoke,Aston Villa,0,0,D,7,10,2,4,1496.1832761517949,1483.7803158729832,12.402960278811634
2011-12-26,2011/2012,Liverpool,Blackburn,1,1,D,28,5,13,2,1588.687035086756,1367.436197815694,221.25083727106198
2011-12-27,2011/2012,Arsenal,Wolves,1,1,D,23,6,17,4,1602.7564927371357,1408.5898159098135,194.16667682732214
2011-12-27,2011/2012,Swansea,QPR,1,1,D,7,12,4,7,1469.0320969318066,1444.2934245758872,24.738672355919334
2011-12-27,2011/2012,Norwich,Tottenham,0,2,A,8,19,4,8,1499.8432236042013,1629.8238847769953,-129.98066117279404
2011-12-30,2011/2012,Liverpool,Newcastle,3,1,H,15,5,7,2,1579.6834453869913,1527.5557266078704,52.12771877912087
2011-12-31,2011/2012,Arsenal,QPR,1,0,H,16,6,7,3,1594.6424351546877,1445.4307611069607,149.211674047727
2011-12-31,2011/2012,Bolton,Wolves,1,1,D,13,8,9,5,1359.2206979418959,1416.7038734922614,-57.48317555036556
2011-12-31,2011/2012,Norwich,Fulham,1,1,D,18,11,9,6,1489.5645883439538,1491.5557096800235,-1.991121336069682
2011-12-31,2011/2012,Chelsea,Aston Villa,1,3,A,16,12,5,9,1614.147186775346,1484.351250791413,129.79593598393308
2011-12-31,2011/2012,Man United,Blackburn,2,3,A,26,10,13,5,1722.094650722299,1376.4397875154586,345.65486320684045
2011-12-31,2011/2012,Stoke,Wigan,2,2,D,12,10,3,6,1495.6123412333652,1430.3518527343967,65.26048849896847
2011-12-31,2011/2012,Swansea,Tottenham,1,1,D,14,12,8,7,1467.894760400733,1640.1025200372428,-172.20775963650976
2012-01-01,2011/2012,Sunderland,Man City,1,0,H,8,25,5,11,1435.9484988720542,1696.5749007137254,-260.62640184167117
2012-01-01,2011/2012,West Brom,Everton,0,1,A,10,13,2,8,1493.4382383519126,1509.0662307688326,-15.627992416920051
2012-01-02,2011/2012,Aston Villa,Swansea,0,2,A,10,8,2,4,1506.0651949667824,1475.2338359430717,30.831359023710775
2012-01-02,2011/2012,Fulham,Arsenal,2,1,H,21,17,8,10,1491.4640161577252,1604.1644398461883,-112.70042368846316
2012-01-02,2011/2012,Wolves,Chelsea,1,2,A,9,15,5,10,1414.080568351258,1592.4332425999764,-178.35267424871836
2012-01-02,2011/2012,QPR,Norwich,1,2,A,9,13,6,6,1435.9087564154602,1489.6562818662521,-53.747525450791954
2012-01-02,2011/2012,Blackburn,Stoke,1,2,A,14,8,7,3,1404.5907192345442,1492.6418377855894,-88.05111855104519
2012-01-03,2011/2012,Tottenham,West Brom,1,0,H,20,8,14,2,1632.7634444949042,1478.1574490079256,154.6059954869786
2012-01-03,2011/2012,Wigan,Sunderland,1,4,A,20,10,10,9,1433.3223561821726,1462.11224778249,-28.789891600317333
2012-01-03,2011/2012,Man City,Liverpool,3,0,H,10,18,8,10,1670.4111518032896,1593.300727326806,77.11042447648356
2012-01-04,2011/2012,Newcastle,Man United,3,0,H,10,6,6,6,1513.9384446680556,1693.9437190032136,-180.005274335158
2012-01-04,2011/2012,Everton,Bolton,1,2,A,10,12,4,7,1524.3470201128196,1361.8440030828992,162.50301702992033
2012-01-11,2011/2012,Tottenham,Everton,2,0,H,14,11,7,4,1642.079066935085,1501.3653190724056,140.71374786267938
2012-01-14,2011/2012,Chelsea,Sunderland,1,0,H,21,9,10,4,1600.872543720825,1476.7894505277336,124.08309319309137
2012-01-14,2011/2012,Tottenham,Wolves,1,1,D,22,5,10,3,1651.931471112584,1405.6412672304095,246.2902038821744
2012-01-14,2011/2012,Man United,Bolton,3,0,H,19,11,9,5,1670.3240421551259,1384.8257041233132,285.49833803181264
2012-01-14,2011/2012,Blackburn,Fulham,3,1,H,15,17,11,7,1392.5609847355095,1512.4793770472359,-119.9183923117264
2012-01-14,2011/2012,Liverpool,Stoke,0,0,D,13,3,5,1,1580.7946137196807,1504.671572284624,76.12304143505662
2012-01-14,2011/2012,West Brom,Norwich,1,2,A,16,7,8,4,1468.8418265677449,1503.2006743865225,-34.358847818777576
2012-01-14,2011/2012,Aston Villa,Everton,1,1,D,17,7,11,4,1488.6490736631972,1491.5129148949065,-2.86384123170933
2012-01-15,2011/2012,Newcastle,QPR,1,0,H,9,15,4,9,1537.5581215161433,1422.3643638951899,115.19375762095342
2012-01-15,2011/2012,Swansea,Arsenal,3,2,H,9,14,5,9,1492.6499572466569,1583.1490789566776,-90.49912171002075
2012-01-16,2011/2012,Wigan,Man City,0,1,A,7,12,4,8,1418.645153436929,1682.917265410415,-264.27211197348606
2012-01-21,2011/2012,Sunderland,Swansea,2,0,H,7,11,2,4,1466.2725265873687,1512.7258295148984,-46.45330292752965
2012-01-21,2011/2012,QPR,Wigan,3,1,H,16,9,8,4,1411.483030778491,1412.9083788977089,-1.4253481192179152
2012-01-21,2011/2012,Stoke,West Brom,1,2,A,10,15,3,6,1508.1221294832592,1454.418971960295,53.70315752296415
2012-01-21,2011/2012,Wolves,Aston Villa,2,3,A,13,11,9,5,1415.400853615607,1488.7809554389416,-73.3801018233346
2012-01-21,2011/2012,Bolton,Liverpool,3,1,H,15,11,8,8,1379.6418725793872,1577.3440565210456,-197.7021839416584
2012-01-21,2011/2012,Norwich,Chelsea,0,0,D,5,19,3,9,1517.6235289939723,1611.3894676611899,-93.7659386672176
2012-01-21,2011/2012,Fulham,Newcastle,5,2,H,10,15,7,9,1491.1662589574032,1548.4394546328422,-57.273195675438956
2012-01-21,2011/2012,Everton,Blackburn,1,1,D,15,14,8,8,1491.381033119162,1413.874102825342,77.50693029382
2012-01-22,2011/2012,Arsenal,Man United,1,2,A,12,9,6,5,1563.0732066884361,1675.507873699052,-112.43466701061584
2012-01-22,2011/2012,Man City,Tottenham,3,2,H,13,12,7,7,1688.654039949635,1642.1718847273864,46.48215522224859
2012-01-31,2011/2012,Wolves,Liverpool,0,3,A,5,23,1,14,1402.7307657732747,1553.1096808334798,-150.37891506020514
2012-01-31,2011/2012,Tottenham,Wigan,3,1,H,20,10,13,6,1628.2997865749076,1396.84273955932,231.45704701558748
2012-01-31,2011/2012,Man United,Stoke,2,0,H,11,8,7,3,1686.50355147594,1489.6685171337658,196.83503434217414
2012-01-31,2011/2012,Everton,Man City,1,0,H,9,17,4,11,1487.8697620071955,1702.526138102114,-214.65637609491841
2012-01-31,2011/2012,Swansea,Chelsea,1,1,D,7,20,5,10,1494.5992328779057,1607.1732559348256,-112.57402305691994
2012-02-01,2011/2012,Aston Villa,QPR,2,2,D,23,3,15,3,1501.451043281274,1427.5486701168797,73.90237316439425
2012-02-01,2011/2012,Bolton,Arsenal,0,0,D,14,16,8,7,1403.8762482669529,1552.0775289115481,-148.20128064459527
2012-02-01,2011/2012,Sunderland,Norwich,3,0,H,10,12,6,4,1484.3991232243613,1521.8397407203365,-37.440617495975175
2012-02-01,2011/2012,Fulham,West Brom,1,1,D,13,15,6,11,1509.7801531811501,1472.8725843097884,36.90756887136172
2012-02-01,2011/2012,Blackburn,Newcastle,0,2,A,23,9,12,5,1417.3853739373087,1529.8255604090953,-112.44018647178655
2012-02-04,2011/2012,QPR,Wolves,1,2,A,13,14,8,6,1430.9015847855014,1393.253641847894,37.64794293760747
2012-02-04,2011/2012,Wigan,Everton,1,1,D,2,8,1,4,1390.162196482347,1512.6636154623575,-122.50141898001038
2012-02-04,2011/2012,West Brom,Swansea,1,2,A,18,15,11,8,1474.5658761376908,1499.6093441564647,-25.043468018773865
2012-02-04,2011/2012,Stoke,Sunderland,0,1,A,9,4,6,2,1481.8734983765432,1502.1166839501436,-20.243185573600385
2012-02-04,2011/2012,Man City,Fulham,3,0,H,16,11,10,8,1677.732284646952,1508.0868613532477,169.6454232937042
2012-02-04,2011/2012,Arsenal,Blackburn,7,1,H,20,3,11,3,1545.6384822717207,1406.3899254746057,139.24855679711504
2012-02-04,2011/2012,Norwich,Bolton,2,0,H,22,10,9,6,1504.1221799945542,1410.3152949067803,93.80688508777394
2012-02-05,2011/2012,Chelsea,Man United,3,3,D,19,14,10,10,1602.1631446562667,1694.2985702331625,-92.13542557689584
2012-02-05,2011/2012,Newcastle,Aston Villa,2,1,H,16,13,8,8,1540.8210088717983,1498.0981286126523,42.722880259145995
2012-02-06,2011/2012,Liverpool,Tottenham,0,0,D,15,9,10,6,1562.5868047588606,1634.9803296518805,-72.39352489301996
2012-02-11,2011/2012,Swansea,Norwich,2,3,A,16,18,9,11,1514.4580430646831,1515.904213608575,-1.446170543891867
2012-02-11,2011/2012,Sunderland,Arsenal,1,2,A,8,10,5,8,1517.1855042756188,1555.548492815993,-38.36298854037432
2012-02-11,2011/2012,Tottenham,Newcastle,5,0,H,18,7,9,3,1631.6939087298383,1554.8634043915567,76.83050433828157
2012-02-11,2011/2012,Man United,Liverpool,2,1,H,11,9,6,6,1690.1523183672011,1565.8732256809028,124.27909268629833
2012-02-11,2011/2012,Blackburn,QPR,3,2,H,7,25,5,13,1396.4799149303333,1413.1745869986844,-16.69467206835111
2012-02-11,2011/2012,Everton,Chelsea,2,0,H,10,8,7,7,1507.2449241523002,1606.309396522228,-99.0644723699279
2012-02-11,2011/2012,Bolton,Wigan,1,2,A,13,10,8,6,1398.5332612927596,1395.5808877924044,2.952373500355179
2012-02-11,2011/2012,Fulham,Stoke,2,1,H,11,12,4,4,1499.3324494054089,1466.804678051068,32.52777135434076
2012-02-12,2011/2012,Aston Villa,Man City,0,1,A,9,17,5,10,1484.055733092894,1686.4866965947908,-202.43096350189694
2012-02-12,2011/2012,Wolves,West Brom,1,5,A,10,26,8,16,1410.980639634711,1459.7171772294723,-48.73653759476133
2012-02-25,2011/2012,West Brom,Sunderland,4,0,H,18,10,13,4,1473.4873828647796,1502.9450402160712,-29.457657351291573
2012-02-25,2011/2012,QPR,Fulham,0,1,A,17,7,8,3,1396.4063601027917,1513.8388515055408,-117.43249140274906
2012-02-25,2011/2012,Wigan,Aston Villa,0,0,D,14,10,6,3,1411.7168463441403,1476.4490750204257,-64.73222867628533
2012-02-25,2011/2012,Newcastle,Wolves,2,2,D,13,7,8,6,1542.3450125199834,1397.2104339994037,145.13457852057968
2012-02-25,2011/2012,Man City,Blackburn,3,0,H,20,2,13,2,1694.093354667259,1413.248141826226,280.8452128410331
2012-02-25,2011/2012,Chelsea,Bolton,3,0,H,25,8,16,1,1585.8670482254113,1382.3973027410236,203.46974548438766
2012-02-26,2011/2012,Arsenal,Tottenham,5,2,H,21,8,13,4,1569.7889568755404,1644.2123006014117,-74.42334372587129
2012-02-26,2011/2012,Norwich,Man United,1,2,A,16,11,7,9,1531.8376153784686,1700.661277746082,-168.82366236761345
2012-02-26,2011/2012,Stoke,Swansea,2,0,H,9,11,6,6,1452.2982759509362,1498.5246412947895,-46.22636534385333
2012-03-03,2011/2012,Blackburn,Aston Villa,1,1,D,15,17,9,12,1407.9468957861225,1473.5020669307298,-65.55517114460736
2012-03-03,2011/2012,West Brom,Chelsea,1,0,H,19,13,11,6,1490.8407167868234,1593.439087386528,-102.5983705997046
2012-03-03,2011/2012,Man City,Bolton,2,0,H,23,8,10,5,1699.3946007073625,1374.825263579907,324.5693371274556
2012-03-03,2011/2012,QPR,Everton,1,1,D,22,8,10,5,1385.6173811413685,1527.687272449117,-142.06989130774855
2012-03-03,2011/2012,Liverpool,Arsenal,1,2,A,12,10,4,7,1555.3642663020219,1589.1648023312805,-33.80053602925864
2012-03-03,2011/2012,Stoke,Norwich,1,0,H,11,7,7,5,1470.414605457648,1523.0530883986876,-52.63848294103968
2012-03-03,2011/2012,Wigan,Swansea,0,2,A,14,12,8,8,1414.6638544338361,1480.4083117880778,-65.7444573542416
2012-03-04,2011/2012,Fulham,Wolves,5,0,H,25,8,19,3,1524.627830466964,1403.5307078247238,121.09712264224027
2012-03-04,2011/2012,Newcastle,Sunderland,1,1,D,24,7,12,6,1536.0247386946633,1485.5917062940275,50.43303240063574
2012-03-04,2011/2012,Tottenham,Man United,1,3,A,18,6,9,5,1624.8364551456716,1709.4458047258631,-84.60934958019152
2012-03-10,2011/2012,Everton,Tottenham,1,0,H,9,21,5,9,1521.4865237084257,1612.6576191694817,-91.17109546105598
2012-03-10,2011/2012,Bolton,QPR,2,1,H,11,17,7,11,1370.5458943007243,1391.8181298820598,-21.272235581335508
2012-03-10,2011/2012,Aston Villa,Fulham,1,0,H,19,5,8,1,1470.5184626688183,1535.2664701316257,-64.74800746280744
2012-03-10,2011/2012,Chelsea,Stoke,1,0,H,21,8,11,3,1572.8469705937375,1488.8203183853054,84.0266522084321
2012-03-10,2011/2012,Wolves,Blackburn,0,2,A,14,12,7,8,1392.892068160062,1410.930500048034,-18.03843188797191
2012-03-10,2011/2012,Sunderland,Liverpool,1,0,H,6,9,1,5,1487.898057069882,1540.9159462940015,-53.01788922411947
2012-03-11,2011/2012,Man United,West Brom,2,0,H,20,6,9,3,1721.624640702053,1511.4328335796138,210.1918071224393
2012-03-11,2011/2012,Norwich,Wigan,1,1,D,13,18,6,9,1504.64737547103,1401.6558716775105,102.99150379351954
2012-03-11,2011/2012,Swansea,Man City,1,0,H,8,18,5,13,1493.4162945444034,1703.6739699865452,-210.25767544214182
2012-03-12,2011/2012,Arsenal,Newcastle,2,1,H,21,5,13,3,1603.6131223393008,1533.7183879188087,69.89473442049211
2012-03-13,2011/2012,Liverpool,Everton,3,0,H,15,5,10,3,1522.493158872286,1541.591319061256,-19.09816018897004
2012-03-17,2011/2012,Fulham,Swansea,0,3,A,14,10,7,7,1516.3187600592516,1518.067788504707,-1.7490284454554512
2012-03-17,2011/2012,Wigan,West Brom,1,1,D,20,8,6,2,1406.2645962008544,1504.082180850968,-97.81758465011353
2012-03-18,2011/2012,Wolves,Man United,0,5,A,7,22,3,18,1377.7220230503603,1728.975293430699,-351.25327038033856
2012-03-18,2011/2012,Newcastle,Norwich,1,0,H,15,12,10,5,1520.8944290482295,1500.0386509476862,20.855778100543375
2012-03-20,2011/2012,Blackburn,Sunderland,2,0,H,16,2,9,0,1426.1005451577357,1506.3208444915977,-80.22029933386193
2012-03-21,2011/2012,Everton,Arsenal,0,1,A,7,12,2,8,1524.7127010429153,1616.43708120988,-91.72438016696469
2012-03-21,2011/2012,Man City,Chelsea,2,1,H,20,6,10,5,1679.0224760262417,1585.0511203670058,93.971355659236
2012-03-21,2011/2012,QPR,Liverpool,3,2,H,10,18,5,11,1374.839729493775,1539.3717768906265,-164.53204739685157
2012-03-21,2011/2012,Tottenham,Stoke,1,1,D,24,8,18,2,1592.5528238166514,1476.6161686120372,115.93665520461423
2012-03-24,2011/2012,Chelsea,Tottenham,0,0,D,10,19,5,7,1573.2761336418314,1587.403467729003,-14.127334087171675
2012-03-24,2011/2012,Bolton,Blackburn,2,1,H,12,10,6,4,1387.5242946890091,1445.7305477500256,-58.20625306101647
2012-03-24,2011/2012,Arsenal,Aston Villa,3,0,H,20,3,12,2,1628.3084929122313,1489.4661727411924,138.84232017103886
2012-03-24,2011/2012,Norwich,Wolves,2,1,H,15,10,11,6,1484.997943083717,1373.9807499122965,111.01719317142056
2012-03-24,2011/2012,Liverpool,Wigan,1,2,A,12,6,9,5,1516.314620363873,1410.653897043631,105.66072332024191
2012-03-24,2011/2012,Swansea,Everton,0,2,A,10,15,3,8,1533.987243448589,1512.8412893405641,21.145954108024853
2012-03-24,2011/2012,Sunderland,QPR,3,1,H,15,10,8,6,1486.6908418993078,1397.8968860205284,88.79395587877934
2012-03-24,2011/2012,Stoke,Man City,1,1,D,10,16,3,11,1481.7655246996856,1690.797462751416,-209.03193805173055
2012-03-25,2011/2012,West Brom,Newcastle,1,3,A,14,10,6,7,1499.6928800081912,1535.9351369121987,-36.24225690400749
2012-03-26,2011/2012,Man United,Fulham,1,0,H,19,5,16,4,1732.7165665687628,1500.3993051153698,232.31726145339303
2012-03-31,2011/2012,Wigan,Stoke,2,0,H,13,6,11,2,1431.3750937040595,1490.376999044449,-59.001905340389385
2012-03-31,2011/2012,Fulham,Norwich,2,1,H,14,16,9,8,1493.7448988049812,1496.052587118645,-2.3076883136639026
2012-03-31,2011/2012,Wolves,Bolton,2,3,A,14,19,8,11,1362.9261058773684,1406.1799925457296,-43.25388666836125
2012-03-31,2011/2012,QPR,Arsenal,2,1,H,10,13,8,7,1385.8992369842895,1638.2345081567732,-252.33527117248377
2012-03-31,2011/2012,Everton,West Brom,2,0,H,16,9,9,5,1529.8138958695306,1485.3558701423347,44.458025727195945
2012-03-31,2011/2012,Aston Villa,Chelsea,2,4,A,9,12,5,9,1479.5401574966504,1573.9263631006859,-94.38620560403547
2012-03-31,2011/2012,Man City,Sunderland,3,3,D,19,8,10,4,1682.1859884066528,1498.6884909355467,183.49749747110604
2012-04-01,2011/2012,Newcastle,Liverpool,2,0,H,11,9,7,6,1550.2721467780552,1495.5934237034446,54.678723074610616
2012-04-01,2011/2012,Tottenham,Swansea,3,1,H,15,11,10,7,1586.7532382701486,1517.0146369196225,69.7386013505261
2012-04-02,2011/2012,Blackburn,Man United,0,2,A,11,14,6,6,1427.074849893305,1739.3709728791514,-312.2961229858463
2012-04-06,2011/2012,Swansea,Newcastle,0,2,A,19,5,13,4,1504.1837705568835,1563.7746834829602,-59.590912926076726
2012-04-07,2011/2012,Bolton,Fulham,0,3,A,13,11,7,8,1420.198304901452,1509.8511702164012,-89.65286531494917
2012-04-07,2011/2012,Chelsea,Wigan,2,1,H,19,13,10,7,1585.68358303954,1450.0664096477383,135.61717339180177
2012-04-07,2011/2012,Liverpool,Aston Villa,1,1,D,21,5,5,3,1482.0908869985396,1467.7829375577962,14.307949440743414
2012-04-07,2011/2012,Norwich,Everton,2,2,D,14,9,11,5,1479.946315707225,1543.777629872636,-63.83131416541096
2012-04-07,2011/2012,Stoke,Wolves,2,1,H,14,9,6,5,1471.6856831007701,1348.907793521646,122.77788957912412
2012-04-07,2011/2012,Sunderland,Tottenham,0,0,D,12,15,9,8,1506.4319202746385,1599.5841046328876,-93.15218435824909
2012-04-07,2011/2012,West Brom,Blackburn,3,0,H,9,16,6,10,1471.3921361392293,1422.5267310656159,48.865405073613374
2012-04-08,2011/2012,Arsenal,Man City,1,0,H,12,7,7,2,1612.3019676655476,1674.442559067561,-62.14059140201334
2012-04-08,2011/2012,Man United,QPR,2,0,H,24,9,14,7,1743.9190917068406,1411.831777475515,332.08731423132554
2012-04-09,2011/2012,Everton,Sunderland,4,0,H,22,3,12,0,1540.8707219801356,1510.6218180087897,30.248903971345953
2012-04-09,2011/2012,Fulham,Chelsea,1,1,D,11,12,9,4,1521.8117630492322,1595.7371632724175,-73.9254002231853
2012-04-09,2011/2012,Aston Villa,Stoke,1,1,D,7,7,3,3,1468.4414707478322,1482.2557231930466,-13.814252445214379
2012-04-09,2011/2012,Newcastle,Bolton,2,0,H,8,9,4,6,1577.0570177371515,1408.237712068621,168.81930566853043
2012-04-09,2011/2012,Tottenham,Norwich,1,2,A,13,12,9,6,1595.3942068987365,1482.8532235997254,112.54098329901103
2012-04-10,2011/2012,Blackburn,Liverpool,2,3,A,10,16,4,12,1408.762344435951,1481.4323538085036,-72.67000937255261
2012-04-11,2011/2012,Man City,West Brom,4,0,H,17,4,12,1,1655.6110078202855,1485.156522768894,170.45448505139143
2012-04-11,2011/2012,QPR,Swansea,3,0,H,16,9,8,6,1407.7103120916818,1490.9014363026922,-83.19112421101045
2012-04-11,2011/2012,Wigan,Man United,1,0,H,11,8,8,3,1440.0128294148608,1748.040557090674,-308.02772767581314
2012-04-11,2011/2012,Wolves,Arsenal,0,3,A,9,10,6,7,1338.3377534293695,1631.133518912823,-292.7957654834536
2012-04-14,2011/2012,Norwich,Man City,1,6,A,16,22,8,17,1503.8619624895189,1664.3358330777287,-160.47387058820982
2012-04-14,2011/2012,Sunderland,Wolves,0,0,D,15,12,6,8,1496.0113224623462,1333.3338243415335,162.67749812081274
2012-04-14,2011/2012,Swansea,Blackburn,3,0,H,16,7,8,2,1471.1419185878042,1396.0609587594315,75.08095982837267
2012-04-14,2011/2012,West Brom,QPR,1,0,H,15,16,10,6,1476.431697511451,1427.4698298065698,48.961867704881115
2012-04-15,2011/2012,Man United,Aston Villa,4,0,H,24,10,16,4,1720.685389608218,1469.0773055530435,251.60808405517446
2012-04-16,2011/2012,Arsenal,Wigan,1,2,A,18,12,8,7,1636.137448000659,1467.3679968973167,168.76945110334236
2012-04-21,2011/2012,Newcastle,Stoke,3,0,H,16,7,11,2,1585.8417045481683,1481.6198883878353,104.22181616033299
2012-04-21,2011/2012,Fulham,Wigan,2,1,H,15,9,9,5,1525.1656915708454,1490.581480977318,34.58421059352736
2012-04-21,2011/2012,QPR,Tottenham,1,0,H,12,17,5,8,1413.7097985483897,1574.385468008943,-160.6756694605533
2012-04-21,2011/2012,Blackburn,Norwich,2,0,H,9,12,6,5,1383.4657288044066,1494.7678181450215,-111.30208934061488
2012-04-21,2011/2012,Aston Villa,Sunderland,0,0,D,12,10,7,5,1462.9892365250203,1489.023117644212,-26.033881119191847
2012-04-21,2011/2012,Arsenal,Chelsea,0,0,D,13,13,8,7,1612.9239639206578,1592.3832347508044,20.54072916985342
2012-04-21,2011/2012,Bolton,Swansea,1,1,D,7,20,5,12,1399.4530252576042,1483.7371485428291,-84.28412328522495
2012-04-22,2011/2012,Liverpool,West Brom,0,1,A,28,9,12,4,1494.1337394850232,1490.191728769631,3.9420107153921435
2012-04-22,2011/2012,Man United,Everton,4,4,D,20,17,11,10,1726.7734586362412,1555.481217526579,171.2922411096622
2012-04-22,2011/2012,Wolves,Man City,0,2,A,7,17,4,9,1340.3220291596676,1673.429977422226,-333.10794826255847
2012-04-24,2011/2012,Aston Villa,Bolton,1,2,A,17,12,6,11,1464.1859022409712,1403.2600631487423,60.9258390922289
2012-04-28,2011/2012,West Brom,Aston Villa,0,0,D,13,8,7,5,1506.3732572823733,1445.408573701367,60.964683581006284
2012-04-28,2011/2012,Swansea,Wolves,4,4,D,10,15,8,9,1479.930110651691,1336.2216136734803,143.70849697821063
2012-04-28,2011/2012,Wigan,Newcastle,4,0,H,10,11,8,3,1476.1689032110007,1597.1810761229194,-121.0121729119187
2012-04-28,2011/2012,Sunderland,Bolton,2,2,D,12,16,6,9,1487.8264519282611,1422.0373916883466,65.78906023991453
2012-04-28,2011/2012,Stoke,Arsenal,1,1,D,6,17,4,10,1470.2805168130842,1611.9791289523387,-141.69861213925446
2012-04-28,2011/2012,Norwich,Liverpool,0,3,A,8,15,3,9,1473.8105986294795,1477.952210972281,-4.141612342801409
2012-04-28,2011/2012,Everton,Fulham,4,0,H,11,6,7,5,1562.7869623259676,1539.5782693371627,23.20869298880484
2012-04-29,2011/2012,Chelsea,QPR,6,1,H,25,11,18,7,1593.3280697191235,1436.6232142406516,156.70485547847193
2012-04-29,2011/2012,Tottenham,Blackburn,2,0,H,19,0,8,0,1551.4720523166811,1404.4229483199485,147.04910399673258
2012-04-30,2011/2012,Man City,Man United,1,0,H,12,4,5,2,1677.5303929084134,1719.4677138368527,-41.93732092843925
2012-05-01,2011/2012,Liverpool,Fulham,0,1,A,18,7,5,4,1493.7614917090225,1524.645482233133,-30.88399052411046
2012-05-01,2011/2012,Stoke,Everton,1,1,D,10,11,5,4,1476.466729499066,1577.7197494299974,-101.25301993093126
2012-05-02,2011/2012,Chelsea,Newcastle,0,2,A,17,12,6,6,1602.564107752348,1575.823188895702,26.740918856645976
2012-05-02,2011/2012,Bolton,Tottenham,1,4,A,14,13,8,10,1425.0313910947075,1561.0775311747666,-136.0461400800591
2012-05-05,2011/2012,Arsenal,Norwich,3,3,D,20,12,13,6,1605.7929162663568,1458.001317892738,147.79159837361885
2012-05-06,2011/2012,Wolves,Everton,0,0,D,7,18,1,10,1342.4863719094103,1573.1845478061393,-230.69817589672903
2012-05-06,2011/2012,QPR,Stoke,1,0,H,21,8,12,1,1427.387176207427,1481.0019311229241,-53.61475491549709
2012-05-06,2011/2012,Man United,Swansea,2,0,H,26,13,18,9,1701.5457539554866,1473.665352415761,227.88040153972565
2012-05-06,2011/2012,Aston Villa,Tottenham,1,1,D,4,21,2,10,1448.187637162001,1571.1140931827103,-122.92645602070934
2012-05-06,2011/2012,Fulham,Sunderland,2,1,H,20,12,15,7,1539.22695617847,1484.8324525219002,54.39450365656967
2012-05-06,2011/2012,Bolton,West Brom,2,2,D,11,17,6,13,1414.9948290867637,1503.5941938217393,-88.59936473497555
2012-05-06,2011/2012,Newcastle,Man City,0,2,A,14,19,9,12,1593.0522277955283,1695.4523527897795,-102.4001249942512
2012-05-07,2011/2012,Blackburn,Wigan,0,1,A,12,19,7,9,1394.817469461863,1497.526790438218,-102.709320976355
2012-05-08,2011/2012,Liverpool,Chelsea,4,1,H,23,9,13,5,1479.1800177636856,1585.3350688525218,-106.15505108883622
2012-05-13,2011/2012,Wigan,Wolves,3,2,H,14,10,10,7,1508.929985503601,1351.7827086061777,157.14727689742335
2012-05-13,2011/2012,West Brom,Arsenal,2,3,A,12,12,8,8,1499.6002445506426,1599.369688094832,-99.76944354418947
2012-05-13,2011/2012,Tottenham,Fulham,2,0,H,15,10,9,7,1565.6780804044154,1552.7422643968987,12.935816007516678
2012-05-13,2011/2012,Swansea,Liverpool,1,0,H,13,14,8,9,1466.8753269495555,1499.9219882266425,-33.04666127708697
2012-05-13,2011/2012,Norwich,Aston Villa,2,0,H,21,9,12,5,1464.4245460642626,1453.623649940296,10.800896123966595
2012-05-13,2011/2012,Stoke,Bolton,2,2,D,12,20,8,8,1462.552294281354,1418.9887783578604,43.563515923493696
2012-05-13,2011/2012,Man City,QPR,3,2,H,35,3,24,3,1706.8686148858174,1445.836813048997,261.03180183682025
2012-05-13,2011/2012,Everton,Newcastle,3,1,H,17,11,11,5,1563.888211109372,1581.6359656994905,-17.747754590118575
2012-05-13,2011/2012,Chelsea,Blackburn,2,1,H,18,8,6,5,1564.5930983895648,1383.41427439648,181.17882399308473
2012-05-13,2011/2012,Sunderland,Man United,0,1,A,6,17,5,9,1471.3171443034714,1708.335779421692,-237.01863511822057
2012-08-18,2012/2013,West Brom,Liverpool,3,0,H,15,14,10,7,1488.07253839591,1482.4047061147558,5.667832281154233
2012-08-18,2012/2013,West Ham,Aston Villa,1,0,H,8,10,4,6,1392.1538091689843,1438.12088941614,-45.967080247155764
2012-08-18,2012/2013,Reading,Stoke,1,1,D,9,6,3,3,1500.0,1460.556567971124,39.44343202887603
2012-08-18,2012/2013,QPR,Swansea,0,5,A,20,12,11,8,1440.0116895571352,1484.3926090614423,-44.38091950430703
2012-08-18,2012/2013,Newcastle,Tottenham,2,1,H,6,12,4,6,1564.8193615512175,1581.0826391787837,-16.26327762756614
2012-08-18,2012/2013,Fulham,Norwich,5,0,H,11,4,9,2,1537.3377056225304,1479.9273065884186,57.41039903411183
2012-08-18,2012/2013,Arsenal,Sunderland,0,0,D,14,3,4,2,1610.8973942495647,1464.804251169909,146.09314307965565
2012-08-19,2012/2013,Man City,Southampton,3,2,H,20,9,15,6,1712.6937383776792,1500.0,212.6937383776792
2012-08-19,2012/2013,Wigan,Chelsea,0,2,A,12,5,4,3,1518.149299486534,1572.9317017412086,-54.78240225467471
2012-08-20,2012/2013,Everton,Man United,1,0,H,16,12,7,7,1580.704815257645,1714.8486725552543,-134.14385729760943
2012-08-22,2012/2013,Chelsea,Reading,4,2,H,23,7,11,5,1586.4295803915438,1498.191326494121,88.23825389742274
2012-08-25,2012/2013,Tottenham,West Brom,1,1,D,18,10,10,5,1564.3342341032458,1503.8115482250832,60.52268587816252
2012-08-25,2012/2013,Swansea,West Ham,3,0,H,10,7,7,6,1498.3598365231942,1410.2584059052356,88.10143061795861
2012-08-25,2012/2013,Southampton,Wigan,0,2,A,14,12,9,8,1492.7305774847823,1504.6514208361987,-11.920843351416352
2012-08-25,2012/2013,Chelsea,Newcastle,2,0,H,11,11,6,5,1598.4512287117363,1581.5677666267554,16.88346208498092
2012-08-25,2012/2013,Man United,Fulham,3,2,H,20,14,11,11,1692.960821876493,1550.7176619821826,142.24315989431034
2012-08-25,2012/2013,Aston Villa,Everton,1,3,A,7,19,3,11,1420.0162926798887,1602.5926659364063,-182.57637325651763
2012-08-25,2012/2013,Norwich,QPR,1,1,D,13,6,4,4,1466.5473502287664,1426.0444620953833,40.50288813338307
2012-08-26,2012/2013,Liverpool,Man City,2,2,D,15,11,8,5,1466.6656962855825,1719.963160892897,-253.2974646073144
2012-08-26,2012/2013,Stoke,Arsenal,0,0,D,7,16,4,6,1462.3652414770029,1604.5399056385622,-142.17466416155935
2012-09-01,2012/2013,West Brom,Everton,2,0,H,14,12,8,5,1506.5708666637263,1610.8817620720383,-104.31089540831204
2012-09-01,2012/2013,Wigan,Stoke,2,2,D,9,16,5,8,1520.1026610362007,1468.5700900325226,51.532571003678186
2012-09-01,2012/2013,West Ham,Fulham,3,0,H,17,14,12,13,1398.2308456195162,1540.9251902921333,-142.69434467261704
2012-09-01,2012/2013,Tottenham,Norwich,1,1,D,15,10,9,4,1561.5749156646027,1464.6905271735488,96.88438849105387
2012-09-01,2012/2013,Swansea,Sunderland,2,2,D,14,4,10,3,1510.3873968089135,1471.1617397809116,39.22565702800193
2012-09-01,2012/2013,Man City,QPR,3,1,H,19,9,12,5,1710.003432671572,1427.9012851506009,282.10214752097113
2012-09-02,2012/2013,Liverpool,Arsenal,0,2,A,17,11,8,7,1476.6254245069074,1598.3350570830426,-121.70963257613516
2012-09-02,2012/2013,Newcastle,Aston Villa,1,1,D,16,13,6,9,1566.3446673540063,1411.7271965442567,154.61747080974965
2012-09-02,2012/2013,Southampton,Man United,2,3,A,15,18,8,9,1477.2793372847802,1702.7532935665422,-225.47395628176196
2012-09-15,2012/2013,Sunderland,Liverpool,1,1,D,6,20,4,9,1472.960511831671,1466.011810006319,6.9487018253521455
2012-09-15,2012/2013,Stoke,Man City,1,1,D,4,15,3,11,1470.9260015339758,1715.2727533251273,-244.34675179115152
2012-09-15,2012/2013,QPR,Chelsea,0,0,D,10,13,6,9,1422.6319644970456,1613.6743279844854,-191.04236348743984
2012-09-15,2012/2013,Norwich,West Ham,0,0,D,20,9,14,4,1469.0400577548073,1420.4560153564132,48.584042398394104
2012-09-15,2012/2013,Fulham,West Brom,3,0,H,23,10,14,8,1518.7000205552363,1527.2352489857988,-8.535228430562483
2012-09-15,2012/2013,Aston Villa,Swansea,2,0,H,17,10,13,5,1418.4120103218745,1508.588624758154,-90.17661443627958
2012-09-15,2012/2013,Arsenal,Southampton,6,1,H,20,9,12,4,1608.948671583631,1470.4149151460008,138.53375643763025
2012-09-15,2012/2013,Man United,Wigan,4,0,H,17,8,10,4,1709.6177157053216,1517.7467495347476,191.8709661705741
2012-09-16,2012/2013,Reading,Tottenham,1,3,A,4,22,2,11,1486.1696781739286,1557.2253850833442,-71.05570690941568
2012-09-17,2012/2013,Everton,Newcastle,2,2,D,17,11,10,7,1590.2173797499659,1559.6598535763885,30.557526173577344
2012-09-22,2012/2013,West Ham,Sunderland,1,1,D,20,4,11,2,1422.6789230298027,1472.6405549465558,-49.96163191675305
2012-09-22,2012/2013,West Brom,Reading,1,0,H,9,8,4,1,1510.842266243462,1473.3970431414934,37.44522310196862
2012-09-22,2012/2013,Wigan,Fulham,1,2,A,18,12,9,9,1509.782012211114,1535.093003297573,-25.3109910864589
2012-09-22,2012/2013,Southampton,Aston Villa,4,1,H,12,8,4,2,1460.4767337670824,1438.4739910992062,22.00274266787619
2012-09-22,2012/2013,Chelsea,Stoke,1,0,H,17,13,9,6,1605.66763411026,1480.6291966814047,125.03843742885533
2012-09-22,2012/2013,Swansea,Everton,0,3,A,18,30,11,19,1488.5266439808224,1588.8137710001427,-100.28712701932022
2012-09-23,2012/2013,Liverpool,Man United,1,2,A,13,8,8,4,1466.3317668914342,1717.5824530289551,-251.25068613752092
2012-09-23,2012/2013,Man City,Arsenal,1,1,D,14,10,10,4,1705.5695581776984,1618.8868529625495,86.68270521514887
2012-09-23,2012/2013,Newcastle,Norwich,1,0,H,16,8,8,3,1561.0634623262117,1466.8171500814178,94.2463122447939
2012-09-23,2012/2013,Tottenham,QPR,2,1,H,18,9,14,6,1569.9980201157794,1430.638658371271,139.3593617445083
2012-09-29,2012/2013,Norwich,Liverpool,2,5,A,10,10,7,6,1455.0539401819594,1460.2335490848675,-5.179608902908058
2012-09-29,2012/2013,Fulham,Man City,1,2,A,7,21,3,12,1549.9294467835346,1701.658487715346,-151.72904093181137
2012-09-29,2012/2013,Everton,Southampton,3,1,H,17,8,9,2,1600.3195087631407,1475.4648224371974,124.85468632594325
2012-09-29,2012/2013,Arsenal,Chelsea,1,2,A,14,10,5,5,1622.797923424902,1616.1457661848353,6.652157240066572
2012-09-29,2012/2013,Sunderland,Wigan,1,0,H,11,8,6,3,1470.3554660379414,1494.9455687251525,-24.59010268721113
2012-09-29,2012/2013,Stoke,Swansea,2,0,H,10,8,5,0,1470.1510646068293,1477.0209062178244,-6.869841610995081
2012-09-29,2012/2013,Reading,Newcastle,2,2,D,14,8,7,3,1459.1148135188844,1572.82667222567,-113.71185870678573
2012-09-29,2012/2013,Man United,Tottenham,2,3,A,15,10,8,6,1723.6806708355218,1579.9036676946832,143.7770031408386
2012-09-30,2012/2013,Aston Villa,West Brom,1,1,D,19,14,8,7,1423.485902429091,1525.1244958660711,-101.63859343698005
2012-10-01,2012/2013,QPR,West Ham,1,2,A,13,17,9,10,1420.7330107923672,1424.9640119384171,-4.231001146049948
2012-10-06,2012/2013,Wigan,Everton,2,2,D,10,16,6,11,1477.8150397155262,1610.8050963714568,-132.99005665593063
2012-10-06,2012/2013,Chelsea,Norwich,4,1,H,20,7,13,4,1632.4520719185168,1439.2924523172494,193.15961960126742
2012-10-06,2012/2013,Man City,Sunderland,3,0,H,26,8,16,6,1711.083852063128,1487.4859950475677,223.5978570155603
2012-10-06,2012/2013,Swansea,Reading,2,2,D,25,8,16,6,1460.704579543937,1464.1721376471394,-3.467558103202464
2012-10-06,2012/2013,West Brom,QPR,3,2,H,13,13,8,6,1520.572969680649,1404.9278459645338,115.64512371611522
2012-10-06,2012/2013,West Ham,Arsenal,1,3,A,7,20,3,14,1440.7691767662504,1606.4916176912204,-165.72244092497
2012-10-07,2012/2013,Southampton,Fulham,2,2,D,13,14,6,5,1464.9792348288813,1540.5040824357525,-75.52484760687116
2012-10-07,2012/2013,Tottenham,Aston Villa,2,0,H,23,8,10,5,1602.1710968854927,1428.0374286145131,174.13366827097957
2012-10-07,2012/2013,Liverpool,Stoke,0,0,D,16,5,5,3,1475.9950369495775,1486.4673912807168,-10.472354331139286
2012-10-07,2012/2013,Newcastle,Man United,0,3,A,13,12,3,9,1567.769348097415,1701.4132416447123,-133.64389354729724
2012-10-20,2012/2013,West Ham,Southampton,4,1,H,9,11,8,4,1431.870421266801,1468.4035156800537,-36.533094413252684
2012-10-20,2012/2013,Tottenham,Chelsea,2,4,A,23,11,16,7,1610.762168833334,1640.3725145191966,-29.610345685862512
2012-10-20,2012/2013,West Brom,Man City,1,2,A,16,21,8,13,1531.4356517788824,1718.0066847428454,-186.57103296396303
2012-10-20,2012/2013,Swansea,Wigan,2,1,H,18,10,11,7,1460.864261194009,1483.6568951905024,-22.79263399649335
2012-10-20,2012/2013,Fulham,Aston Villa,1,0,H,17,9,8,4,1537.07980158458,1419.4463566666718,117.63344491790826
2012-10-20,2012/2013,Man United,Stoke,4,2,H,13,8,8,6,1711.5453078119756,1485.9852675406705,225.56004027130507
2012-10-20,2012/2013,Norwich,Arsenal,1,0,H,7,13,3,7,1431.3720097165697,1615.3903731906698,-184.01836347410017
2012-10-20,2012/2013,Liverpool,Reading,1,0,H,23,8,13,5,1476.4771606896238,1464.0124559970673,12.464704692556552
2012-10-21,2012/2013,QPR,Everton,1,1,D,14,10,6,4,1394.0651638663005,1604.9632408964806,-210.89807703018005
2012-10-21,2012/2013,Sunderland,Newcastle,1,1,D,16,10,6,7,1480.5631623678503,1557.6372819301519,-77.07411956230158
2012-10-27,2012/2013,Aston Villa,Norwich,1,1,D,7,14,5,6,1408.6656487695345,1455.1337942745145,-46.46814550497993
2012-10-27,2012/2013,Man City,Swansea,1,0,H,10,9,5,5,1726.1553308066889,1477.9123975944822,248.2429332122067
2012-10-27,2012/2013,Arsenal,QPR,1,0,H,21,4,11,3,1591.628588632725,1402.7375059657438,188.89108266698122
2012-10-27,2012/2013,Stoke,Sunderland,0,0,D,11,6,6,3,1479.1235169285867,1484.0554565452442,-4.931939616657473
2012-10-27,2012/2013,Wigan,West Ham,2,1,H,17,15,13,11,1466.6087587900292,1449.5466591185047,17.062099671524493
2012-10-27,2012/2013,Reading,Fulham,3,3,D,15,16,9,8,1448.5862307122247,1547.8605094817176,-99.27427876949287
2012-10-28,2012/2013,Chelsea,Man United,2,3,A,14,15,11,7,1655.012199605639,1718.4070584240594,-63.394858818420516
2012-10-28,2012/2013,Everton,Liverpool,2,2,D,17,12,8,5,1596.2908987970372,1491.9033859744663,104.3875128225709
2012-10-28,2012/2013,Newcastle,West Brom,2,1,H,10,8,6,4,1554.144987752758,1523.287005715039,30.85798203771901
2012-10-28,2012/2013,Southampton,Tottenham,1,2,A,11,11,6,4,1450.72727782835,1596.1224837468917,-145.3952059185417
2012-11-03,2012/2013,Tottenham,Wigan,0,1,A,13,7,10,4,1605.7920834155652,1481.8236510994036,123.96843231616162
2012-11-03,2012/2013,West Ham,Man City,0,0,D,6,18,1,8,1434.3317668091304,1732.3394702479436,-298.0077034388132
2012-11-03,2012/2013,Sunderland,Aston Villa,0,1,A,11,9,1,6,1483.8283475867902,1410.7929168537173,73.03543073307287
2012-11-03,2012/2013,Swansea,Chelsea,1,1,D,9,11,7,7,1471.7282581532274,1641.8996670097247,-170.17140885649724
2012-11-03,2012/2013,Man United,Arsenal,2,1,H,11,7,7,3,1731.5195910199736,1599.696385761499,131.82320525847467
2012-11-03,2012/2013,Fulham,Everton,2,2,D,8,26,5,15,1543.4092455561831,1591.6232881822777,-48.214042626094624
2012-11-03,2012/2013,Norwich,Stoke,1,0,H,12,8,8,3,1453.0065261903317,1479.3506258870407,-26.34409969670901
2012-11-04,2012/2013,Liverpool,Newcastle,1,1,D,20,10,12,3,1496.5709965892258,1568.7276500265802,-72.15665343735441
2012-11-04,2012/2013,QPR,Reading,1,1,D,23,18,12,8,1394.66970883697,1453.0374946377592,-58.36778580078931
2012-11-05,2012/2013,West Brom,Southampton,2,0,H,16,9,6,5,1508.7043434412167,1441.0576781596765,67.64666528154021
2012-11-10,2012/2013,Aston Villa,Man United,2,3,A,10,16,7,7,1430.1076406956731,1741.7243645795252,-311.61672388385205
2012-11-10,2012/2013,Wigan,West Brom,1,2,A,14,7,6,4,1503.3020664146986,1521.6278769073524,-18.325810492653773
2012-11-10,2012/2013,Arsenal,Fulham,3,3,D,15,9,9,5,1589.4916122019474,1545.6154405334805,43.876171668466895
2012-11-10,2012/2013,Stoke,QPR,1,0,H,10,17,5,8,1462.1397549433748,1397.3326400540238,64.80711488935094
2012-11-10,2012/2013,Everton,Sunderland,2,1,H,16,6,10,4,1589.4170932049803,1464.5136237448344,124.90346946014597
2012-11-10,2012/2013,Southampton,Swansea,1,1,D,11,5,5,3,1428.1341446935407,1478.9930881557175,-50.85894346217674
2012-11-10,2012/2013,Reading,Norwich,0,0,D,7,10,3,3,1450.3745634207053,1470.2173971339976,-19.842833713292293
2012-11-11,2012/2013,Chelsea,Liverpool,1,1,D,12,9,3,5,1634.6348370072346,1499.8469679352017,134.7878690720329
2012-11-11,2012/2013,Man City,Tottenham,2,1,H,16,6,8,2,1721.2180477208701,1584.3136681002702,136.9043796205999
2012-11-11,2012/2013,Newcastle,West Ham,0,1,A,14,10,9,5,1565.4516786806043,1445.4531893362039,119.99848934440047
2012-11-17,2012/2013,Norwich,Man United,1,0,H,10,12,5,9,1469.3045931207446,1746.2877640743625,-276.9831709536179
2012-11-17,2012/2013,West Brom,Chelsea,2,1,H,8,19,6,12,1536.78472392228,1628.7213621775302,-91.93663825525027
2012-11-17,2012/2013,Reading,Everton,2,1,H,12,21,4,11,1451.2873674339583,1599.9007012168674,-148.6133337829092
2012-11-17,2012/2013,QPR,Southampton,1,3,A,13,21,7,15,1384.2829796531726,1430.459698450926,-46.17671879775344
2012-11-17,2012/2013,Newcastle,Swansea,1,2,A,27,15,10,9,1544.1352789813168,1476.6675343983322,67.46774458298455
2012-11-17,2012/2013,Man City,Aston Villa,5,0,H,21,10,8,8,1731.220608157628,1425.5442412008358,305.6763669567922
2012-11-17,2012/2013,Liverpool,Wigan,3,0,H,22,9,11,3,1505.7604427649062,1488.1452193997711,17.61522336513508
2012-11-17,2012/2013,Arsenal,Tottenham,5,2,H,13,6,10,4,1587.4817131706818,1574.3111076635123,13.170605507169512
2012-11-18,2012/2013,Fulham,Sunderland,1,3,A,18,12,13,9,1547.6253395647461,1454.0300157329473,93.59532383179885
2012-11-19,2012/2013,West Ham,Stoke,1,1,D,16,12,11,6,1466.7695890354914,1475.189415344226,-8.419826308734628
2012-11-24,2012/2013,Sunderland,West Brom,2,4,A,19,11,12,6,1474.238915001282,1556.9224347885643,-82.6835197872822
2012-11-24,2012/2013,Stoke,Fulham,1,0,H,12,8,3,5,1474.8017439031112,1527.4164402964113,-52.614696393300164
2012-11-24,2012/2013,Wigan,Reading,3,2,H,19,16,11,10,1472.9557360395322,1473.7423089484794,-0.7865729089471643
2012-11-24,2012/2013,Everton,Norwich,1,1,D,14,8,9,4,1577.4457597023463,1495.9042835645475,81.54147613779878
2012-11-24,2012/2013,Aston Villa,Arsenal,0,0,D,10,13,8,6,1420.8454055793227,1602.8754747370365,-182.0300691577138
2012-11-24,2012/2013,Man United,QPR,3,1,H,15,10,10,6,1719.6880736305595,1370.3970628096263,349.29101082093325
2012-11-25,2012/2013,Chelsea,Man City,0,0,D,5,11,1,7,1608.5836513112458,1735.9194437791411,-127.33579246789532
2012-11-25,2012/2013,Southampton,Newcastle,2,0,H,17,8,10,3,1444.3456152944723,1525.0667482065944,-80.72113291212213
2012-11-25,2012/2013,Swansea,Liverpool,0,0,D,17,21,8,14,1495.7360651730546,1520.949926125145,-25.2138609520905
2012-11-25,2012/2013,Tottenham,West Ham,3,1,H,25,10,13,6,1558.9173460971576,1467.1572604766063,91.76008562055131
2012-11-27,2012/2013,Aston Villa,Reading,1,0,H,15,11,7,6,1428.5369797784751,1457.7060859892715,-29.16910621079637
2012-11-27,2012/2013,Sunderland,QPR,0,0,D,13,13,8,9,1461.9763397110385,1366.6183085220682,95.35803118897024
2012-11-28,2012/2013,Stoke,Newcastle,2,1,H,11,7,5,6,1493.2063861729694,1505.4148757135563,-12.208489540586925
2012-11-28,2012/2013,Everton,Arsenal,1,1,D,14,12,10,9,1573.7580963959035,1595.183900537884,-21.425804141980507
2012-11-28,2012/2013,Man United,West Ham,1,0,H,23,9,13,3,1723.4668279181176,1455.2873835482758,268.1794443698418
2012-11-28,2012/2013,Chelsea,Fulham,0,0,D,17,8,13,7,1614.198501777841,1509.0117980265532,105.18670375128795
2012-11-28,2012/2013,Swansea,West Brom,3,1,H,13,6,8,2,1496.8951722443985,1569.1850100788079,-72.28983783440935
2012-11-28,2012/2013,Tottenham,Liverpool,2,1,H,14,14,7,9,1570.7872230254882,1519.7908190538012,50.99640397168696
2012-11-28,2012/2013,Wigan,Man City,0,2,A,9,15,4,6,1488.99195899874,1730.3045933125459,-241.3126343138058
2012-11-28,2012/2013,Southampton,Norwich,1,1,D,8,9,2,5,1463.9974877875104,1499.5919468709903,-35.59445908347993
2012-12-01,2012/2013,Arsenal,Swansea,0,2,A,10,12,8,10,1594.1984546917772,1516.1770193750467,78.0214353167305
2012-12-01,2012/2013,Fulham,Tottenham,0,3,A,8,10,2,6,1513.713057932918,1584.455473066678,-70.74241513376
2012-12-01,2012/2013,Liverpool,Southampton,1,0,H,24,8,11,4,1506.1225690126114,1465.6309623173488,40.49160669526259
2012-12-01,2012/2013,Man City,Everton,1,1,D,9,8,6,5,1736.6902037996397,1574.7435422420103,161.94666155762934
2012-12-01,2012/2013,QPR,Aston Villa,1,1,D,17,7,12,3,1370.9026648705988,1445.8771195744948,-74.97445470389607
2012-12-01,2012/2013,Reading,Man United,3,4,A,10,10,7,5,1440.3659461932518,1729.098463895029,-288.73251770177717
2012-12-01,2012/2013,West Brom,Stoke,0,1,A,14,6,11,4,1549.9031629481597,1509.7683766085956,40.134786339564016
2012-12-01,2012/2013,West Ham,Chelsea,3,1,H,16,16,13,9,1449.6557475713644,1609.4972418714763,-159.8414943001119
2012-12-02,2012/2013,Norwich,Sunderland,2,1,H,7,16,5,6,1497.958472341152,1457.691983362508,40.26648897864402
2012-12-03,2012/2013,Newcastle,Wigan,3,0,H,16,9,8,4,1488.85288527793,1482.6063485116463,6.246536766283725
2012-12-08,2012/2013,Wigan,QPR,2,2,D,14,8,9,4,1466.8939811693215,1374.302751969656,92.59122919966558
2012-12-08,2012/2013,Sunderland,Chelsea,1,3,A,14,11,10,5,1443.538065607684,1586.6151016180745,-143.07703601039043
2012-12-08,2012/2013,Swansea,Norwich,3,4,A,21,10,10,8,1535.7108358746568,1512.1123900959758,23.598445778681025
2012-12-08,2012/2013,Aston Villa,Stoke,0,0,D,9,1,5,0,1442.4770324754377,1527.608474204155,-85.13144172871739
2012-12-08,2012/2013,Southampton,Reading,1,0,H,18,6,9,2,1451.4872728381997,1435.2624821828679,16.224790655331844
2012-12-08,2012/2013,Arsenal,West Brom,2,0,H,16,7,7,2,1574.664638192167,1532.0630653526002,42.60157283956687
2012-12-09,2012/2013,Man City,Man United,2,3,A,16,8,11,3,1729.7292599261723,1734.201927905413,-4.4726679792406685
2012-12-09,2012/2013,West Ham,Liverpool,2,3,A,9,16,6,8,1472.5378878247661,1520.2662584917605,-47.72837066699435
2012-12-09,2012/2013,Everton,Tottenham,2,1,H,17,8,11,6,1581.7044861154777,1597.2419512154336,-15.537465099955853
2012-12-10,2012/2013,Fulham,Newcastle,2,1,H,16,20,7,13,1500.9265797841624,1504.5652526202548,-3.6386728360923826
2012-12-11,2012/2013,Sunderland,Reading,3,0,H,16,12,11,5,1433.7781846979574,1420.0091187365456,13.769065961411798
2012-12-15,2012/2013,QPR,Fulham,2,1,H,19,6,9,3,1378.4685781056608,1517.0941407346515,-138.6255626289908
2012-12-15,2012/2013,Norwich,Wigan,2,1,H,16,12,10,6,1529.1974705727152,1462.7281550333166,66.46931553939862
2012-12-15,2012/2013,Man United,Sunderland,3,1,H,15,13,6,10,1749.9959653106196,1449.1444275316856,300.851537778934
2012-12-15,2012/2013,Liverpool,Aston Villa,1,3,A,26,9,17,6,1534.08200850794,1446.3208602434538,87.76114826448611
2012-12-15,2012/2013,Stoke,Everton,1,1,D,14,9,8,5,1523.764646436139,1598.4195362094415,-74.65488977330256
2012-12-15,2012/2013,Newcastle,Man City,1,3,A,17,16,8,10,1488.3976916697657,1713.9352225209657,-225.53753085120002
2012-12-16,2012/2013,Tottenham,Swansea,1,0,H,24,4,16,0,1580.5269011214698,1518.6257553979174,61.90114572355242
2012-12-16,2012/2013,West Brom,West Ham,0,0,D,19,10,10,2,1518.0151668111832,1458.7221378085867,59.29302900259654
2012-12-17,2012/2013,Reading,Arsenal,2,5,A,7,25,5,17,1404.6428759028174,1588.712536733584,-184.06966083076668
2012-12-22,2012/2013,West Brom,Norwich,2,1,H,12,10,8,4,1515.3108252923232,1542.1732522977084,-26.862427005385143
2012-12-22,2012/2013,Wigan,Arsenal,0,1,A,13,10,5,8,1449.7523733083235,1596.948945909267,-147.19657260094345
2012-12-22,2012/2013,West Ham,Everton,1,2,A,6,15,5,8,1461.4264793274467,1595.0335037860339,-133.60702445858715
2012-12-22,2012/2013,Southampton,Sunderland,0,1,A,13,10,7,6,1466.740636284522,1444.333154255496,22.407482029025914
2012-12-22,2012/2013,Newcastle,QPR,1,0,H,18,5,8,4,1481.5352425743358,1400.5340173424631,81.0012252318727
2012-12-22,2012/2013,Man City,Reading,1,0,H,17,6,10,1,1720.7976716163955,1396.4064667271346,324.39120488926096
2012-12-22,2012/2013,Liverpool,Fulham,4,0,H,22,7,12,6,1514.124276985565,1495.0287014978492,19.095575487715905
2012-12-22,2012/2013,Tottenham,Stoke,0,0,D,21,4,14,2,1593.706032704755,1527.1506788595466,66.5553538452084
2012-12-23,2012/2013,Chelsea,Aston Villa,8,0,H,24,7,18,4,1596.3749825278012,1466.2785917658287,130.09639076197254
2012-12-23,2012/2013,Swansea,Man United,1,1,D,14,19,10,16,1505.4466238146322,1754.807238586809,-249.36061477217686
2012-12-26,2012/2013,QPR,West Brom,1,2,A,18,12,8,6,1388.1981143597047,1532.5454266821664,-144.34731232246168
2012-12-26,2012/2013,Fulham,Southampton,1,1,D,10,7,2,3,1479.9072008451851,1449.7101619474477,30.197038897737457
2012-12-26,2012/2013,Man United,Newcastle,4,3,H,16,16,10,11,1744.9593424972336,1493.8711455570942,251.08819694013937
2012-12-26,2012/2013,Reading,Swansea,0,0,D,3,10,2,4,1392.123294729084,1515.2945199042076,-123.17122517512371
2012-12-26,2012/2013,Aston Villa,Tottenham,0,4,A,4,20,1,16,1456.0046040222066,1590.6779939527944,-134.67338993058775
2012-12-26,2012/2013,Stoke,Liverpool,3,1,H,7,12,6,6,1530.1787176115072,1529.2457776382291,0.932939973278053
2012-12-26,2012/2013,Sunderland,Man City,1,0,H,12,19,6,12,1461.3636285925704,1725.0808436144462,-263.71721502187575
2012-12-26,2012/2013,Norwich,Chelsea,0,1,A,8,20,4,11,1524.9386509078652,1606.6489702714232,-81.71031936355803
2012-12-26,2012/2013,Everton,Wigan,2,1,H,17,10,9,6,1605.167039525036,1440.1525999330136,165.01443959202243
2012-12-29,2012/2013,Norwich,Man City,3,4,A,13,13,8,9,1512.6336758672912,1698.8326730817355,-186.19899721444426
2012-12-29,2012/2013,Fulham,Swansea,1,2,A,22,10,13,9,1478.520066883645,1509.8485386154046,-31.328471731759464
2012-12-29,2012/2013,Arsenal,Newcastle,7,3,H,16,10,12,8,1606.548719284577,1487.768309383161,118.78040990141585
2012-12-29,2012/2013,Man United,West Brom,2,0,H,17,13,14,9,1751.0621786711667,1542.2557779962267,208.80640067494005
2012-12-29,2012/2013,Reading,West Ham,1,0,H,3,11,2,3,1397.569276017887,1451.2929435884446,-53.72366757055761
2012-12-29,2012/2013,Stoke,Southampton,3,3,D,10,8,8,7,1546.1357542412654,1451.0972959089877,95.03845833227774
2012-12-29,2012/2013,Sunderland,Tottenham,1,2,A,9,18,6,14,1487.611799125281,1600.769071495519,-113.15727237023793
2012-12-29,2012/2013,Aston Villa,Wigan,0,3,A,11,9,4,6,1445.913526479482,1431.227638670521,14.68588780896107
2012-12-30,2012/2013,Everton,Chelsea,1,2,A,12,15,6,10,1614.0920007875286,1618.9539453119971,-4.861944524468527
2012-12-30,2012/2013,QPR,Liverpool,0,3,A,14,16,7,11,1378.4877630456444,1513.2887410084709,-134.80097796282644
2013-01-01,2012/2013,Man City,Stoke,3,0,H,17,4,9,3,1706.9943333307124,1541.8650628993264,165.12927043138598
2013-01-01,2012/2013,Southampton,Arsenal,1,1,D,9,6,6,4,1455.3679872509267,1617.2822789899737,-161.91429173904703
2013-01-01,2012/2013,Swansea,Aston Villa,2,2,D,23,8,13,6,1524.409706650638,1429.2376188528328,95.17208779780526
2013-01-01,2012/2013,West Brom,Fulham,1,2,A,17,10,10,5,1534.8598720861037,1463.9588988484115,70.90097323769214
2013-01-01,2012/2013,West Ham,Norwich,2,1,H,14,9,8,3,1432.838408936532,1504.4720156183143,-71.63360668178234
2013-01-01,2012/2013,Wigan,Man United,0,4,A,7,14,3,9,1447.9035462971701,1758.4580845812898,-310.55453828411964
2013-01-01,2012/2013,Tottenham,Reading,3,1,H,30,7,20,4,1611.7347469738493,1416.0238106697996,195.7109363040497
2013-01-02,2012/2013,Newcastle,Everton,1,2,A,14,7,11,6,1477.0347496777642,1598.3158869931376,-121.28113731537337
2013-01-02,2012/2013,Chelsea,QPR,0,1,A,23,8,11,5,1634.7300591063881,1368.401759092183,266.32830001420507
2013-01-02,2012/2013,Liverpool,Sunderland,3,0,H,27,6,16,5,1523.3747449619323,1476.6461236469509,46.72862131498141
2013-01-12,2012/2013,Reading,West Brom,3,2,H,7,11,7,6,1408.1905753635767,1515.6393435554482,-107.44876819187152
2013-01-12,2012/2013,QPR,Tottenham,0,0,D,4,16,1,8,1394.720502548912,1619.567982280072,-224.8474797311601
2013-01-12,2012/2013,Stoke,Chelsea,0,4,A,11,11,5,9,1532.9443551673653,1608.4113156496592,-75.46696048229387
2013-01-12,2012/2013,Sunderland,West Ham,3,0,H,18,9,14,4,1462.7851738689735,1452.0912957703745,10.693878098599043
2013-01-12,2012/2013,Norwich,Newcastle,0,0,D,12,9,3,4,1485.2191287844719,1466.4036313677934,18.815497416678454
2013-01-12,2012/2013,Everton,Swansea,0,0,D,16,4,8,2,1608.9470053031084,1520.1333004654618,88.81370483764658
2013-01-12,2012/2013,Fulham,Wigan,1,1,D,14,15,5,6,1483.179427379067,1443.3161709725437,39.863256406523305
2013-01-12,2012/2013,Aston Villa,Southampton,0,1,A,16,11,10,4,1433.514025038009,1462.3277225416002,-28.81369750359113
2013-01-13,2012/2013,Arsenal,Man City,0,2,A,9,16,4,9,1610.3225436993002,1715.9150410626735,-105.59249736337324
2013-01-13,2012/2013,Man United,Liverpool,2,1,H,15,12,10,5,1763.0454599059162,1537.2356947399096,225.80976516600663
2013-01-16,2012/2013,Chelsea,Southampton,2,2,D,19,7,10,3,1620.9895785867393,1477.0038364840195,143.98574210271977
2013-01-19,2012/2013,Liverpool,Norwich,5,0,H,17,5,10,3,1530.381689801473,1484.3534891916559,46.02820060981708
2013-01-19,2012/2013,West Ham,QPR,1,1,D,22,9,13,6,1436.583611596901,1403.83661559505,32.7469960018509
2013-01-19,2012/2013,West Brom,Aston Villa,2,2,D,25,11,9,7,1494.8430885209475,1418.8379110955898,76.00517742535772
2013-01-19,2012/2013,Wigan,Sunderland,2,3,A,20,10,11,5,1445.1439284343974,1478.292858042447,-33.148929608049684
2013-01-19,2012/2013,Man City,Fulham,2,0,H,20,3,11,0,1727.1967129254735,1481.3516699172133,245.8450430082603
2013-01-19,2012/2013,Swansea,Stoke,3,1,H,12,7,6,2,1524.136503981356,1520.366092230285,3.7704117510711512
2013-01-19,2012/2013,Newcastle,Reading,1,2,A,15,6,10,2,1467.2692709606094,1428.9868303980775,38.282440562531974
2013-01-20,2012/2013,Chelsea,Arsenal,2,1,H,13,12,8,8,1614.7140135139016,1599.0408718365002,15.673141677401418
2013-01-20,2012/2013,Tottenham,Man United,1,1,D,23,6,18,4,1610.451869233934,1769.899464844353,-159.44759561041883
2013-01-21,2012/2013,Southampton,Everton,0,0,D,14,10,11,7,1483.2794015568572,1604.9438017872142,-121.66440023035693
2013-01-23,2012/2013,Arsenal,West Ham,5,1,H,23,7,17,5,1583.76215747951,1435.0800065953408,148.68215088416923
2013-01-29,2012/2013,Stoke,Wigan,2,2,D,9,11,4,6,1504.5397192922578,1430.6658776940105,73.87384159824728
2013-01-29,2012/2013,Aston Villa,Newcastle,1,2,A,10,10,4,7,1422.2832925217247,1449.5133996252532,-27.230107103528553
2013-01-29,2012/2013,QPR,Man City,0,0,D,5,15,3,7,1405.34022059661,1733.4500094594505,-328.10978886284056
2013-01-29,2012/2013,Sunderland,Swansea,0,0,D,4,18,2,8,1492.7709087828339,1539.9628769193832,-47.19196813654935
2013-01-30,2012/2013,Everton,West Brom,2,1,H,11,7,4,4,1599.5592633204112,1491.3977070948126,108.16155622559859
2013-01-30,2012/2013,Reading,Chelsea,2,2,D,5,14,2,5,1446.7427017334337,1629.9927278708917,-183.250026137458
2013-01-30,2012/2013,Norwich,Tottenham,1,1,D,8,12,4,7,1470.460851860542,1617.3192186943795,-146.8583668338374
2013-01-30,2012/2013,Arsenal,Liverpool,2,2,D,14,10,6,5,1593.3045628387908,1544.2743271325867,49.03023570620417
2013-01-30,2012/2013,Fulham,West Ham,3,1,H,13,8,6,4,1475.0983733832363,1425.53760123606,49.560772147176294
2013-01-30,2012/2013,Man United,Southampton,2,1,H,11,21,7,10,1763.0321153839075,1488.6639400236602,274.3681753602473
2013-02-02,2012/2013,Arsenal,Stoke,1,0,H,15,6,9,2,1591.0615074273796,1501.188060872361,89.87344655501875
2013-02-02,2012/2013,Everton,Aston Villa,3,3,D,22,8,13,4,1610.7331512387275,1407.5347240092428,203.19842722948465
2013-02-02,2012/2013,Fulham,Man United,0,1,A,15,13,8,8,1488.831371187327,1768.500335071856,-279.6689638845289
2013-02-02,2012/2013,Newcastle,Chelsea,3,2,H,19,12,13,6,1464.261968137735,1622.2580287164003,-157.99606057866526
2013-02-02,2012/2013,QPR,Norwich,0,0,D,15,14,7,9,1417.135841167999,1476.8479906106274,-59.712149442628515
2013-02-02,2012/2013,Reading,Sunderland,2,1,H,9,10,5,6,1454.4774008879251,1494.9309117899481,-40.45351090202303
2013-02-02,2012/2013,West Ham,Swansea,1,0,H,18,11,9,7,1411.8046034319693,1537.802873912269,-125.99827048029965
2013-02-02,2012/2013,Wigan,Southampton,2,2,D,5,15,3,7,1434.0175361139075,1483.1957203357117,-49.17818422180426
2013-02-03,2012/2013,Man City,Liverpool,2,2,D,9,21,5,12,1721.6543888880615,1546.5173825439979,175.1370063440636
2013-02-03,2012/2013,West Brom,Tottenham,0,1,A,4,21,3,13,1480.2238191764964,1610.9320799442942,-130.7082607677978
2013-02-09,2012/2013,Chelsea,Wigan,4,1,H,25,13,17,10,1599.4453082045975,1436.2672705022687,163.17803770232877
2013-02-09,2012/2013,Sunderland,Arsenal,0,1,A,12,18,7,9,1477.0763320524356,1603.0125910991085,-125.93625904667283
2013-02-09,2012/2013,Southampton,Man City,3,1,H,13,7,7,4,1480.9459859473504,1714.2092114776692,-233.26322553031878
2013-02-09,2012/2013,Stoke,Reading,2,1,H,13,5,10,4,1489.236977200632,1472.3319806254376,16.904996575194446
2013-02-09,2012/2013,Norwich,Fulham,0,0,D,15,7,8,5,1474.1249031146244,1483.5001088904387,-9.375205775814266
2013-02-09,2012/2013,Swansea,QPR,4,1,H,13,14,12,8,1516.2421059264775,1419.858928664002,96.38317726247556
2013-02-09,2012/2013,Tottenham,Newcastle,2,1,H,16,9,9,7,1621.181514388061,1487.0746886495378,134.10682573852318
2013-02-10,2012/2013,Aston Villa,West Ham,2,1,H,7,13,2,7,1415.9536532751733,1433.3653714177608,-17.41171814258746
2013-02-10,2012/2013,Man United,Everton,2,0,H,10,9,6,8,1773.8315973687443,1602.314221972797,171.51737539594728
2013-02-11,2012/2013,Liverpool,West Brom,0,2,A,23,4,14,3,1553.9625599543901,1469.9743847327295,83.98817522166064
2013-02-17,2012/2013,Liverpool,Swansea,5,0,H,33,4,18,3,1534.1683819725192,1527.9139596126852,6.254422359834052
2013-02-23,2012/2013,Reading,Wigan,0,3,A,7,14,1,8,1457.1098707114882,1427.2741170854533,29.83575362603483
2013-02-23,2012/2013,QPR,Man United,0,2,A,12,13,5,8,1408.1870749777943,1782.5176487858769,-374.3305738080826
2013-02-23,2012/2013,Norwich,Everton,2,1,H,10,11,9,5,1474.5565425367802,1593.6281705556644,-119.07162801888421
2013-02-23,2012/2013,Arsenal,Aston Villa,2,1,H,24,5,14,3,1613.4543340583357,1432.7548219262467,180.699512132089
2013-02-23,2012/2013,West Brom,Sunderland,2,1,H,17,10,7,6,1489.7685627146004,1466.6345890932084,23.133973621391988
2013-02-23,2012/2013,Fulham,Stoke,1,0,H,20,7,9,2,1483.068469468283,1504.4590871145815,-21.39061764629855
2013-02-24,2012/2013,Man City,Chelsea,2,0,H,15,4,11,1,1688.8349627524567,1608.438461621413,80.3965011310438
2013-02-24,2012/2013,Newcastle,Southampton,4,2,H,11,11,5,7,1476.9610648399682,1506.320234672563,-29.359169832594716
2013-02-25,2012/2013,West Ham,Tottenham,2,3,A,8,25,6,16,1416.5642027666875,1631.2951381976306,-214.7309354309432
2013-03-02,2012/2013,Sunderland,Fulham,2,2,D,12,7,6,4,1451.6983762948557,1500.052301053092,-48.35392475823619
2013-03-02,2012/2013,Swansea,Newcastle,1,0,H,10,14,7,7,1512.2019552978566,1494.309895584979,17.892059712877654
2013-03-02,2012/2013,Stoke,West Ham,0,1,A,10,10,2,7,1487.4752555297725,1409.3604523146992,78.11480321507338
2013-03-02,2012/2013,Wigan,Liverpool,0,4,A,15,8,11,7,1444.6447368151566,1549.8803862873478,-105.2356494721912
2013-03-02,2012/2013,Man United,Norwich,4,0,H,13,1,10,1,1785.8418622506736,1495.8349376442573,290.0069246064163
2013-03-02,2012/2013,Everton,Reading,3,1,H,18,12,12,6,1572.3497754481873,1439.7392509817848,132.61052446640247
2013-03-02,2012/2013,Chelsea,West Brom,1,0,H,25,8,19,4,1596.076160053424,1504.7047755129531,91.3713845404709
2013-03-02,2012/2013,Southampton,QPR,1,2,A,17,5,9,3,1488.9714039275523,1404.8628615129976,84.10854241455468
2013-03-03,2012/2013,Tottenham,Arsenal,2,1,H,11,10,5,6,1638.498888649619,1621.8099607312977,16.68892791832127
2013-03-04,2012/2013,Aston Villa,Man City,0,1,A,10,20,5,12,1424.3991952532847,1701.1972643204456,-276.7980690671609
2013-03-09,2012/2013,Reading,Aston Villa,1,2,A,10,18,4,7,1429.5659523155493,1418.9941008829728,10.571851432576523
2013-03-09,2012/2013,West Brom,Swansea,2,1,H,12,9,6,4,1492.8181861635203,1527.3787231045178,-34.56053694099751
2013-03-09,2012/2013,Norwich,Southampton,0,0,D,3,15,2,7,1490.7628635214098,1469.1719949704925,21.59086855091732
2013-03-09,2012/2013,QPR,Sunderland,3,1,H,15,7,8,3,1424.6622704700574,1453.9108902539172,-29.248619783859795
2013-03-10,2012/2013,Liverpool,Tottenham,3,2,H,10,15,4,9,1561.1770670352437,1653.730925671988,-92.55385863674428
2013-03-10,2012/2013,Newcastle,Stoke,2,1,H,14,7,6,4,1479.1331277783177,1467.937349267228,11.195778511089657
2013-03-16,2012/2013,Swansea,Arsenal,0,2,A,9,15,2,11,1509.7923803587312,1606.5779237089287,-96.78554335019749
2013-03-16,2012/2013,Aston Villa,QPR,3,2,H,10,18,6,11,1435.4808024338604,1442.0060462426766,-6.525243808816185
2013-03-16,2012/2013,Everton,Man City,2,0,H,11,17,5,11,1582.5230741144228,1706.6023586907575,-124.07928457633466
2013-03-16,2012/2013,Man United,Reading,1,0,H,17,5,8,1,1790.913936373521,1413.0792507646618,377.8346856088592
2013-03-16,2012/2013,Southampton,Liverpool,3,1,H,17,8,12,6,1470.165013256085,1581.3412888125113,-111.17627555642616
2013-03-16,2012/2013,Stoke,West Brom,0,0,D,13,9,5,5,1452.4527555362909,1510.404528909307,-57.95177337301607
2013-03-17,2012/2013,Tottenham,Fulham,0,1,A,12,6,6,2,1633.5667038947204,1497.8397870940305,135.72691680068988
2013-03-17,2012/2013,Wigan,Newcastle,2,1,H,13,9,10,4,1433.3480560672608,1494.6177215092548,-61.26966544199399
2013-03-17,2012/2013,Chelsea,West Ham,2,0,H,24,15,14,9,1607.9627494028568,1428.8983585772437,179.06439082561315
2013-03-17,2012/2013,Sunderland,Norwich,1,1,D,16,7,8,3,1436.567114481298,1489.7698452358172,-53.20273075451928
2013-03-30,2012/2013,Everton,Stoke,1,0,H,15,10,9,5,1604.0059953780262,1455.0970556481013,148.9089397299249
2013-03-30,2012/2013,Southampton,Chelsea,2,1,H,13,7,8,4,1491.1169944187022,1616.3766181643068,-125.25962374560459
2013-03-30,2012/2013,Man City,Newcastle,4,0,H,19,5,11,1,1685.119437427154,1475.8250389126138,209.29439851454026
2013-03-30,2012/2013,Arsenal,Reading,4,1,H,23,4,14,2,1618.2326090484466,1409.8146470073407,208.41796204110597
2013-03-30,2012/2013,Sunderland,Man United,0,1,A,9,10,4,6,1438.9982183190446,1794.178540130842,-355.1803218117975
2013-03-30,2012/2013,Wigan,Norwich,1,0,H,13,9,6,5,1452.1407386639019,1487.3387413980706,-35.19800273416877
2013-03-30,2012/2013,Swansea,Tottenham,1,2,A,11,9,3,7,1498.1376950192132,1611.6159288323554,-113.4782338131422
2013-03-30,2012/2013,West Ham,West Brom,3,1,H,14,17,8,11,1420.4844898157937,1507.7602287974964,-87.27573898170272
2013-03-31,2012/2013,Aston Villa,Liverpool,1,2,A,10,16,7,12,1451.781265689467,1560.3893076498941,-108.60804196042704
2013-04-01,2012/2013,Fulham,QPR,3,2,H,9,19,5,11,1519.7905621563955,1425.7055829870699,94.0849791693256
2013-04-06,2012/2013,Norwich,Swansea,2,2,D,12,16,9,9,1469.7233361606784,1487.1853331622137,-17.461997001535337
2013-04-06,2012/2013,Reading,Southampton,0,2,A,8,12,3,4,1402.406018144957,1512.647833168182,-110.24181502322494
2013-04-06,2012/2013,Stoke,Aston Villa,1,3,A,6,11,2,8,1445.5633907439606,1440.6260612295607,4.937329514399835
2013-04-06,2012/2013,West Brom,Arsenal,1,2,A,16,11,5,6,1487.8234906909715,1625.6412379108303,-137.8177472198588
2013-04-07,2012/2013,Chelsea,Sunderland,2,1,H,14,7,7,3,1594.8457794148271,1435.330987699664,159.51479171516303
2013-04-07,2012/2013,Liverpool,West Ham,0,0,D,19,10,12,4,1571.5445121098005,1440.4212279223186,131.1232841874819
2013-04-07,2012/2013,Newcastle,Fulham,1,0,H,20,5,10,3,1468.4450952552631,1531.560681609271,-63.115586354007746
2013-04-07,2012/2013,QPR,Wigan,1,1,D,6,16,2,10,1413.9354635341945,1469.756143901294,-55.82068036709961
2013-04-07,2012/2013,Tottenham,Everton,2,2,D,19,9,10,5,1622.5682906893549,1613.539660282167,9.028630407187848
2013-04-08,2012/2013,Man United,Man City,1,2,A,16,9,7,5,1797.8457707502225,1692.4993810845046,105.34638966571788
2013-04-13,2012/2013,Reading,Liverpool,0,0,D,7,26,5,15,1391.3190556440422,1565.777310046133,-174.4582544020907
2013-04-13,2012/2013,Everton,QPR,2,0,H,14,8,10,5,1613.9553505105675,1416.4842081030363,197.47114240753126
2013-04-13,2012/2013,Southampton,West Ham,1,1,D,15,6,11,4,1523.7347956690967,1446.1884299859862,77.54636568311048
2013-04-13,2012/2013,Arsenal,Norwich,3,1,H,10,5,7,5,1635.6076818281429,1470.5268144165298,165.0808674116131
2013-04-13,2012/2013,Aston Villa,Fulham,1,1,D,15,8,7,3,1456.8534183519143,1512.6856581207421,-55.832239768827776
2013-04-14,2012/2013,Newcastle,Sunderland,0,3,A,15,8,9,7,1487.320118743792,1426.2008613756168,61.11925736817511
2013-04-14,2012/2013,Stoke,Man United,0,2,A,13,9,4,3,1429.336033621607,1777.1377928369159,-347.80175921530895
2013-04-16,2012/2013,Arsenal,Everton,0,0,D,10,10,6,5,1644.5301823390464,1621.7287992507397,22.801383088306693
2013-04-17,2012/2013,Fulham,Chelsea,0,3,A,11,13,7,10,1510.1363947326106,1603.9759057388744,-93.83951100626382
2013-04-17,2012/2013,Man City,Wigan,1,0,H,10,8,4,6,1713.2073589978113,1467.2073993324523,245.99995966535903
2013-04-17,2012/2013,West Ham,Man United,2,2,D,10,15,4,9,1449.7014296594425,1780.9452100297299,-331.24378037028737
2013-04-20,2012/2013,Sunderland,Everton,1,0,H,8,8,4,5,1444.9868279356874,1622.7773368320816,-177.79050889639416
2013-04-20,2012/2013,West Brom,Newcastle,1,1,D,8,10,4,6,1477.857046773659,1468.5341521837213,9.322894589937732
2013-04-20,2012/2013,Swansea,Southampton,0,0,D,14,9,7,5,1486.3818549063624,1520.2217959956404,-33.839941089278
2013-04-20,2012/2013,West Ham,Wigan,2,0,H,17,18,11,10,1461.5624975097664,1460.9585883568702,0.6039091528962217
2013-04-20,2012/2013,QPR,Stoke,0,2,A,25,11,11,4,1408.710759362864,1425.528616428793,-16.81785706592882
2013-04-20,2012/2013,Fulham,Arsenal,0,1,A,7,10,5,7,1498.3557591452106,1643.4816447577045,-145.1258856124939
2013-04-20,2012/2013,Norwich,Reading,2,1,H,19,14,9,6,1461.6043139056262,1398.7397212230305,62.864592682595685
2013-04-21,2012/2013,Liverpool,Chelsea,2,2,D,23,9,12,6,1558.3566444671446,1615.7565413262744,-57.39989685912974
2013-04-21,2012/2013,Tottenham,Man City,3,1,H,11,11,8,7,1622.1526004609543,1719.4561699733933,-97.30356951243903
2013-04-22,2012/2013,Man United,Aston Villa,3,0,H,10,8,5,5,1769.084142179406,1459.4026817400459,309.6814604393601
2013-04-27,2012/2013,Wigan,Tottenham,2,2,D,6,14,4,7,1444.9863993731212,1642.5200026046318,-197.5336032315106
2013-04-27,2012/2013,Southampton,West Brom,0,3,A,16,11,4,9,1518.668318420555,1477.4278146271545,41.24050379340042
2013-04-27,2012/2013,Stoke,Norwich,1,0,H,12,5,4,0,1440.7547298287411,1474.7404773447645,-33.985747516023366
2013-04-27,2012/2013,Man City,West Ham,2,1,H,16,9,10,6,1699.0887678297158,1477.5346864935154,221.5540813362004
2013-04-27,2012/2013,Everton,Fulham,1,0,H,17,6,10,2,1599.23676111633,1488.6756951098216,110.56106600650833
2013-04-27,2012/2013,Newcastle,Liverpool,0,6,A,5,11,1,10,1468.9633843302258,1560.976217430998,-92.01283310077224
2013-04-28,2012/2013,Arsenal,Man United,1,1,D,19,10,13,5,1653.1617087930936,1773.691303221791,-120.52959442869746
2013-04-28,2012/2013,Chelsea,Swansea,2,0,H,21,11,14,8,1613.136968362421,1487.9353324814479,125.20163588097307
2013-04-28,2012/2013,Reading,QPR,0,0,D,13,15,7,5,1385.6035577838923,1393.484645962916,-7.8810881790236635
2013-04-29,2012/2013,Aston Villa,Sunderland,6,1,H,18,7,15,4,1454.7955206976608,1468.527403651439,-13.731882953778268
2013-05-04,2012/2013,Fulham,Reading,2,4,A,18,20,13,13,1477.6020446611724,1385.9664330705648,91.6356115906076
2013-05-04,2012/2013,Norwich,Aston Villa,1,2,A,9,12,4,6,1457.1803487053278,1471.4275682024665,-14.247219497138758
2013-05-04,2012/2013,West Ham,Newcastle,0,0,D,9,11,3,6,1470.5478143027321,1457.104369246314,13.443445056418113
2013-05-04,2012/2013,West Brom,Wigan,2,3,A,17,13,11,8,1495.318140349065,1453.2150664524518,42.103073896613296
2013-05-04,2012/2013,QPR,Arsenal,0,1,A,14,13,6,11,1393.1217706762434,1658.4998553640376,-265.37808468779417
2013-05-04,2012/2013,Tottenham,Southampton,1,0,H,7,10,4,6,1634.2913355253013,1500.7779926986443,133.51334282665698
2013-05-04,2012/2013,Swansea,Man City,0,0,D,7,12,1,8,1477.4638197539778,1706.0756400204991,-228.61182026652136
2013-05-05,2012/2013,Liverpool,Everton,0,0,D,16,11,8,4,1572.8352325149099,1610.3104115649792,-37.4751790500693
2013-05-05,2012/2013,Man United,Chelsea,0,1,A,10,15,4,6,1768.353156650847,1623.608481089891,144.744675560956
2013-05-06,2012/2013,Sunderland,Stoke,1,1,D,14,11,7,7,1451.8953561466333,1458.3148584681778,-6.419502321544542
2013-05-07,2012/2013,Man City,West Brom,1,0,H,21,20,9,11,1696.8431703309084,1477.3886578357876,219.45451249512075
2013-05-07,2012/2013,Wigan,Swansea,2,3,A,14,10,11,6,1471.1445489657292,1486.6962894435685,-15.551740477839303
2013-05-08,2012/2013,Chelsea,Tottenham,2,2,D,15,13,8,6,1645.913594286069,1644.4286058520013,1.4849884340676454
2013-05-11,2012/2013,Aston Villa,Chelsea,1,2,A,12,11,7,8,1486.771827012085,1645.8452084578678,-159.07338144578284
2013-05-12,2012/2013,Stoke,Tottenham,1,2,A,6,23,3,15,1458.0192630984372,1644.4969916802024,-186.47772858176518
2013-05-12,2012/2013,Sunderland,Southampton,1,1,D,5,15,5,10,1452.1909515163738,1490.6407223719443,-38.44977085557048
2013-05-12,2012/2013,QPR,Newcastle,1,2,A,8,10,3,7,1387.41491042229,1457.723153991164,-70.3082435688741
2013-05-12,2012/2013,Everton,West Ham,2,0,H,23,7,13,2,1608.5912775786244,1469.9290295578821,138.66224802074225
2013-05-12,2012/2013,Man United,Swansea,2,1,H,16,5,9,2,1746.0480434546691,1501.9805832583681,244.067460196301
2013-05-12,2012/2013,Fulham,Liverpool,1,3,A,10,20,8,14,1457.4772723715637,1574.5543665012647,-117.07709412970098
2013-05-12,2012/2013,Norwich,West Brom,4,0,H,11,8,8,5,1441.8360898957094,1470.3355544990704,-28.499464603361048
2013-05-14,2012/2013,Arsenal,Wigan,4,1,H,19,10,12,5,1664.206715617991,1455.8602551509296,208.34646046706143
2013-05-14,2012/2013,Reading,Man City,0,2,A,11,27,7,20,1406.0912053601735,1703.8962736676256,-297.8050683074521
2013-05-19,2012/2013,West Brom,Man United,5,5,D,15,12,8,8,1453.0260413992676,1752.3529837765502,-299.32694237728265
2013-05-19,2012/2013,Swansea,Fulham,0,3,A,19,8,11,6,1495.675642936487,1446.6736579530789,49.00198498340819
2013-05-19,2012/2013,Wigan,Aston Villa,2,2,D,12,5,6,2,1448.4492826539865,1477.6251114880133,-29.175828834026788
2013-05-19,2012/2013,Tottenham,Sunderland,1,0,H,23,6,19,4,1652.6489003413828,1453.9544354897741,198.6944648516087
2013-05-19,2012/2013,West Ham,Reading,4,2,H,21,17,12,7,1459.9959153756374,1401.207802833223,58.78811254241441
2013-05-19,2012/2013,Newcastle,Arsenal,0,1,A,7,9,2,3,1470.5288247395815,1671.617688114934,-201.0888633753525
2013-05-19,2012/2013,Chelsea,Everton,2,1,H,20,16,10,9,1654.9919239819394,1618.524391760869,36.467532221070314
2013-05-19,2012/2013,Southampton,Stoke,1,1,D,11,7,7,3,1488.877238398544,1449.8673544372568,39.00988396128719
2013-05-19,2012/2013,Man City,Norwich,2,3,A,12,12,5,7,1708.779676194576,1459.1456029955123,249.63407319906378
2013-05-19,2012/2013,Liverpool,QPR,1,0,H,27,10,20,3,1585.3579809197495,1374.6092396738725,210.748741245877
2013-08-17,2013/2014,West Ham,Cardiff,2,0,H,18,12,4,1,1473.314167377246,1500.0,-26.685832622754106
2013-08-17,2013/2014,West Brom,Southampton,0,1,A,11,7,1,2,1464.1787814954205,1487.0882781584755,-22.90949666305505
2013-08-17,2013/2014,Sunderland,Fulham,0,1,A,20,5,3,1,1446.2223547651317,1464.9154379251813,-18.693083160049582
2013-08-17,2013/2014,Swansea,Man United,1,4,A,17,15,6,7,1477.4338629643846,1741.2002436803973,-263.7663807160127
2013-08-17,2013/2014,Liverpool,Stoke,1,0,H,26,10,11,4,1592.6904966952893,1451.6563146773253,141.03418201796399
2013-08-17,2013/2014,Arsenal,Aston Villa,1,3,A,16,9,4,4,1679.269234638279,1476.2846642761754,202.98457036210357
2013-08-17,2013/2014,Norwich,Everton,2,2,D,8,19,2,6,1485.0013178015276,1604.1976434413646,-119.19632563983691
2013-08-18,2013/2014,Chelsea,Hull,2,0,H,22,7,5,2,1669.318672301444,1500.0,169.31867230144394
2013-08-18,2013/2014,Crystal Palace,Tottenham,0,1,A,5,17,3,2,1500.0,1660.3809810660252,-160.38098106602524
2013-08-19,2013/2014,Man City,Newcastle,4,0,H,20,5,11,1,1682.9239613885607,1462.8772782162366,220.04668317232404
2013-08-21,2013/2014,Chelsea,Aston Villa,2,1,H,15,7,3,3,1678.0850509663428,1500.696469496134,177.38858147020892
2013-08-24,2013/2014,Stoke,Crystal Palace,2,1,H,14,14,5,5,1441.8164840910051,1490.9023744399185,-49.08589034891338
2013-08-24,2013/2014,Southampton,Sunderland,1,1,D,17,8,6,3,1502.0347832465513,1431.0823733672455,70.95240987930583
2013-08-24,2013/2014,Newcastle,West Ham,0,0,D,16,6,0,1,1455.8429004585637,1490.5406844001207,-34.69778394155696
2013-08-24,2013/2014,Fulham,Arsenal,1,3,A,16,18,7,7,1480.0554193230676,1654.8574294183204,-174.80201009525285
2013-08-24,2013/2014,Everton,West Brom,0,0,D,22,7,8,2,1598.9141313845537,1449.2322764073447,149.681854977209
2013-08-24,2013/2014,Aston Villa,Liverpool,0,1,A,17,5,3,1,1492.2226390630358,1602.5303272816095,-110.30768821857373
2013-08-24,2013/2014,Hull,Norwich,1,0,H,6,13,1,4,1491.2336213351011,1490.2848298583385,0.948791476762608
2013-08-25,2013/2014,Cardiff,Man City,3,2,H,9,16,6,5,1482.7734829771252,1689.9583391462336,-207.18485616910834
2013-08-25,2013/2014,Tottenham,Swansea,1,0,H,19,7,5,5,1669.4786066261067,1471.683368657884,197.79523796822264
2013-08-26,2013/2014,Man United,Chelsea,0,0,D,13,8,3,4,1746.9507379868978,1686.558881399441,60.391856587456914
2013-08-31,2013/2014,Norwich,Southampton,1,0,H,15,11,4,2,1474.3285232119392,1498.8119820081192,-24.483458796180003
2013-08-31,2013/2014,West Ham,Stoke,0,1,A,9,15,0,5,1488.948083571994,1460.0620520652242,28.88603150676977
2013-08-31,2013/2014,Newcastle,Fulham,1,0,H,24,3,9,2,1457.4355012866904,1471.4885045436642,-14.053003256973852
2013-08-31,2013/2014,Cardiff,Everton,0,0,D,4,13,1,3,1507.3243636004693,1592.4180427445103,-85.09367914404106
2013-08-31,2013/2014,Crystal Palace,Sunderland,3,1,H,17,10,6,2,1472.6568064656994,1434.3051746056776,38.351631860021826
2013-08-31,2013/2014,Man City,Hull,2,0,H,12,7,6,2,1665.4074585228896,1507.1899279815004,158.21753054138912
2013-09-01,2013/2014,Arsenal,Tottenham,1,0,H,12,14,5,4,1663.4243441977237,1677.2410810931804,-13.816736895456643
2013-09-01,2013/2014,Liverpool,Man United,1,0,H,10,10,5,4,1613.614542401744,1744.1972656488742,-130.58272324713016
2013-09-01,2013/2014,West Brom,Swansea,0,2,A,10,12,1,4,1455.728365047388,1463.9208941908105,-8.192529143422462
2013-09-14,2013/2014,Man United,Crystal Palace,2,0,H,19,4,7,0,1722.451735169523,1486.8977871966654,235.5539479728577
2013-09-14,2013/2014,Stoke,Man City,0,0,D,11,10,3,3,1477.3892463636994,1674.5863903147786,-197.19714395107917
2013-09-14,2013/2014,Sunderland,Arsenal,1,3,A,17,14,2,6,1420.0641938747117,1680.0602932353784,-259.9960993606667
2013-09-14,2013/2014,Tottenham,Norwich,2,0,H,23,4,7,1,1660.6051320555257,1491.4541655021937,169.15096655333195
2013-09-14,2013/2014,Fulham,West Brom,1,1,D,12,12,2,4,1454.8416925223241,1440.1055750479552,14.736117474368939
2013-09-14,2013/2014,Hull,Cardiff,1,1,D,18,10,5,2,1498.0109961896114,1511.166552662412,-13.155556472800527
2013-09-14,2013/2014,Aston Villa,Newcastle,1,2,A,10,17,1,8,1481.1384239429012,1474.0823133080305,7.05611063487072
2013-09-14,2013/2014,Everton,Chelsea,1,0,H,11,22,5,5,1588.5758536825676,1689.3123537374645,-100.73650005489685
2013-09-15,2013/2014,Southampton,West Ham,0,0,D,15,6,5,1,1481.6863397178647,1471.6208892735187,10.06545044434597
2013-09-16,2013/2014,Swansea,Liverpool,2,2,D,17,12,8,5,1479.5436841902433,1635.3600728810952,-155.8163886908519
2013-09-21,2013/2014,West Brom,Sunderland,3,0,H,13,7,4,0,1440.7837916940525,1414.2106091769738,26.57318251707875
2013-09-21,2013/2014,Norwich,Aston Villa,0,1,A,12,16,1,4,1482.681640936412,1464.8135227080472,17.868118228364665
2013-09-21,2013/2014,West Ham,Everton,2,3,A,9,10,1,4,1472.0842907592494,1609.0891705922975,-137.0048798330481
2013-09-21,2013/2014,Newcastle,Hull,2,3,A,15,12,2,5,1490.4072145428845,1498.6165425834276,-8.209328040543141
2013-09-21,2013/2014,Liverpool,Southampton,0,1,A,10,12,5,7,1628.6297503950761,1481.222938232134,147.40681216294206
2013-09-21,2013/2014,Chelsea,Fulham,2,0,H,26,4,10,1,1668.7990368277347,1454.1634758762268,214.63556095150784
2013-09-22,2013/2014,Arsenal,Stoke,3,1,H,16,9,8,3,1685.9138779331163,1485.6065114838084,200.3073664493079
2013-09-22,2013/2014,Cardiff,Tottenham,0,1,A,6,29,0,12,1510.5610062685957,1669.3776566213076,-158.8166503527118
2013-09-22,2013/2014,Crystal Palace,Swansea,0,2,A,9,15,1,7,1480.3410481157377,1486.2740066762624,-5.932958560524639
2013-09-22,2013/2014,Man City,Man United,4,1,H,18,14,5,3,1666.3691251946696,1729.0084742504507,-62.63934905578117
2013-09-28,2013/2014,Hull,West Ham,1,0,H,9,18,2,5,1514.2385593959252,1462.0857078108502,52.15285158507504
2013-09-28,2013/2014,Tottenham,Chelsea,1,1,D,12,11,4,5,1678.5340289931787,1676.0058524040421,2.528176589136592
2013-09-28,2013/2014,Southampton,Crystal Palace,2,0,H,12,8,3,0,1503.6312955653245,1464.6142443999531,39.01705116537141
2013-09-28,2013/2014,Man United,West Brom,1,2,A,14,12,6,4,1710.1546793871353,1455.5624320433842,254.59224734375107
2013-09-28,2013/2014,Fulham,Cardiff,1,2,A,9,22,5,4,1446.9566602999193,1501.4046338967246,-54.44797359680524
2013-09-28,2013/2014,Aston Villa,Man City,3,2,H,8,20,4,7,1481.635655270163,1685.222920057985,-203.58726478782205
2013-09-28,2013/2014,Swansea,Arsenal,1,2,A,10,10,3,4,1502.000810392047,1693.5916462790235,-191.5908358869765
2013-09-29,2013/2014,Sunderland,Liverpool,1,3,A,23,15,5,6,1399.431968827642,1606.2213930618857,-206.7894242342436
2013-09-29,2013/2014,Stoke,Norwich,0,1,A,8,8,1,3,1477.9287431379012,1465.8595083742962,12.069234763604982
2013-09-30,2013/2014,Everton,Newcastle,3,2,H,18,15,7,6,1619.0877535406967,1474.785197730387,144.30255581030974
2013-10-05,2013/2014,Sunderland,Man United,1,2,A,6,13,2,6,1391.969832372492,1684.1585134683005,-292.18868109580853
2013-10-05,2013/2014,Man City,Everton,3,1,H,12,6,6,4,1660.7910495715726,1628.799847552668,31.99120201890446
2013-10-05,2013/2014,Liverpool,Crystal Palace,3,1,H,13,11,7,2,1613.6835295170358,1450.4035305749528,163.279998942083
2013-10-05,2013/2014,Hull,Aston Villa,0,0,D,6,18,1,4,1527.8547096074456,1506.0675257565754,21.78718385087018
2013-10-05,2013/2014,Fulham,Stoke,1,0,H,9,16,2,3,1433.443755023017,1461.3731577998053,-27.929402776788265
2013-10-05,2013/2014,Cardiff,Newcastle,1,2,A,8,20,2,10,1514.917539173627,1465.0731037184155,49.844435455211396
2013-10-06,2013/2014,Norwich,Chelsea,1,3,A,14,22,3,8,1482.415093712392,1676.1222771836829,-193.70718347129082
2013-10-06,2013/2014,Southampton,Swansea,2,0,H,12,17,4,7,1517.8420093903248,1494.0264222997628,23.815587090562076
2013-10-06,2013/2014,Tottenham,West Ham,0,3,A,14,16,4,5,1678.417604213538,1448.4695575993298,229.94804661420812
2013-10-06,2013/2014,West Brom,Arsenal,1,1,D,12,14,4,5,1481.558597962219,1701.5660343713078,-220.00743640908877
2013-10-19,2013/2014,Everton,Hull,2,1,H,14,9,6,1,1614.2689473363666,1526.8526858086127,87.41626152775393
2013-10-19,2013/2014,Chelsea,Cardiff,4,1,H,20,13,7,3,1684.0239485599511,1496.6377375314698,187.38621102848128
2013-10-19,2013/2014,Arsenal,Norwich,4,1,H,20,12,11,6,1692.6016520817282,1474.5134223361238,218.0882297456044
2013-10-19,2013/2014,Man United,Southampton,1,1,D,12,18,5,7,1689.1772128075515,1532.746975600712,156.4302372068396
2013-10-19,2013/2014,West Ham,Man City,1,3,A,11,16,2,9,1473.74298265845,1675.321949787874,-201.57896712942397
2013-10-19,2013/2014,Swansea,Sunderland,4,0,H,14,6,6,1,1479.1214560893757,1386.951133033241,92.17032305613475
2013-10-19,2013/2014,Stoke,West Brom,0,0,D,9,12,3,5,1444.0897246440793,1490.5229802517986,-46.433255607719275
2013-10-19,2013/2014,Newcastle,Liverpool,2,2,D,14,23,4,7,1483.3529053605725,1622.6728884378301,-139.31998307725758
2013-10-20,2013/2014,Aston Villa,Tottenham,0,2,A,15,13,2,6,1507.0695495554082,1653.1441791544178,-146.07462959900954
2013-10-21,2013/2014,Crystal Palace,Fulham,1,4,A,14,9,4,6,1441.4141716541585,1450.727188178743,-9.313016524584555
2013-10-26,2013/2014,Norwich,Cardiff,0,0,D,31,6,10,4,1467.4169782031215,1488.5175594158663,-21.100581212744828
2013-10-26,2013/2014,Southampton,Fulham,2,0,H,20,1,6,0,1539.500547610155,1466.2984106069182,73.20213700323688
2013-10-26,2013/2014,Liverpool,West Brom,4,1,H,18,15,7,3,1616.5800864376904,1488.3972905257692,128.18279591192118
2013-10-26,2013/2014,Crystal Palace,Arsenal,0,2,A,13,10,4,4,1425.8429492259834,1699.6980962147304,-273.85514698874704
2013-10-26,2013/2014,Aston Villa,Everton,0,2,A,14,15,3,4,1497.4263201800916,1626.3261302969495,-128.8998101168579
2013-10-26,2013/2014,Man United,Stoke,3,2,H,19,10,5,5,1682.4236407981084,1446.2154143701086,236.20822642799976
2013-10-27,2013/2014,Chelsea,Man City,2,1,H,12,15,4,6,1692.1441266755546,1682.957083063437,9.187043612117577
2013-10-27,2013/2014,Sunderland,Newcastle,2,1,H,8,16,4,4,1375.0988840262,1489.4457073607123,-114.34682333451224
2013-10-27,2013/2014,Swansea,West Ham,0,0,D,10,15,5,4,1490.9737050964166,1466.107849382887,24.865855713529527
2013-10-27,2013/2014,Tottenham,Hull,1,0,H,15,10,6,4,1662.7874085297344,1514.7955028480299,147.99190568170457
2013-11-02,2013/2014,Arsenal,Liverpool,2,0,H,12,12,7,4,1705.1797182681212,1626.9310629293254,78.24865533879574
2013-11-02,2013/2014,Fulham,Man United,1,3,A,15,10,6,4,1453.6204813277732,1688.9607667868277,-235.34028545905448
2013-11-02,2013/2014,Hull,Sunderland,1,0,H,25,9,2,1,1505.226467068991,1396.1825126926417,109.04395437634935
2013-11-02,2013/2014,Man City,Norwich,7,0,H,27,7,9,1,1667.3800634784461,1468.387502937581,198.99256054086504
2013-11-02,2013/2014,Newcastle,Chelsea,2,0,H,15,13,8,2,1468.3620786942706,1707.7211462605455,-239.35906756627492
2013-11-02,2013/2014,Stoke,Southampton,1,1,D,9,10,3,2,1439.6782883813894,1552.1784768893,-112.5001885079107
2013-11-02,2013/2014,West Brom,Crystal Palace,2,0,H,9,12,4,4,1478.0463140341342,1420.3613271725926,57.684986861541574
2013-11-02,2013/2014,West Ham,Aston Villa,0,0,D,17,8,4,2,1467.2510131774322,1487.1042262809146,-19.853213103482403
2013-11-03,2013/2014,Cardiff,Swansea,1,0,H,9,10,3,3,1487.5470346814068,1489.8305413018713,-2.28350662046455
2013-11-03,2013/2014,Everton,Tottenham,0,0,D,8,16,1,6,1636.6482241961264,1672.3564443087732,-35.70822011264681
2013-11-09,2013/2014,Liverpool,Fulham,4,0,H,32,4,10,1,1614.4748314238996,1447.0573279016187,167.41750352228087
2013-11-09,2013/2014,Southampton,Hull,4,1,H,15,10,7,2,1547.1714326256529,1516.3634445394023,30.80798808625059
2013-11-09,2013/2014,Norwich,West Ham,3,1,H,15,12,6,4,1460.665479890832,1468.1642936227313,-7.49881373189919
2013-11-09,2013/2014,Aston Villa,Cardiff,2,0,H,17,8,6,2,1486.1909458356156,1503.6521925333157,-17.461246697700062
2013-11-09,2013/2014,Chelsea,West Brom,2,2,D,17,11,7,3,1682.1644314909008,1491.4139658334843,190.7504656574165
2013-11-09,2013/2014,Crystal Palace,Everton,0,0,D,9,15,2,2,1406.9936753732425,1638.286882837545,-231.29320746430244
2013-11-10,2013/2014,Man United,Arsenal,1,0,H,5,10,2,2,1695.5239202129821,1717.635949773547,-22.112029560564906
2013-11-10,2013/2014,Sunderland,Man City,1,0,H,5,24,2,4,1385.0455352222305,1675.102086525195,-290.05655130296464
2013-11-10,2013/2014,Swansea,Stoke,3,3,D,17,6,6,3,1473.7253834499625,1444.6853326450366,29.04005080492584
2013-11-10,2013/2014,Tottenham,Newcastle,0,1,A,31,8,14,4,1670.7177856673547,1493.9187934639153,176.7989922034394
2013-11-23,2013/2014,Hull,Crystal Palace,0,1,A,15,9,2,2,1501.7784979962587,1416.3081456346779,85.47035236158081
2013-11-23,2013/2014,Fulham,Swansea,1,2,A,9,21,3,5,1438.2211203830232,1472.3911453635392,-34.17002498051602
2013-11-23,2013/2014,Arsenal,Southampton,2,0,H,9,10,4,4,1700.6190258268402,1561.7563791687965,138.8626466580438
2013-11-23,2013/2014,Stoke,Sunderland,2,0,H,17,11,5,3,1446.01957073146,1411.9746802776474,34.04489045381251
2013-11-23,2013/2014,Newcastle,Norwich,2,1,H,21,10,5,2,1517.4238022022373,1477.0107594118072,40.413042790430154
2013-11-23,2013/2014,Everton,Liverpool,3,3,D,18,11,12,5,1628.9724125761095,1623.311038942495,5.661373633614403
2013-11-23,2013/2014,West Ham,Chelsea,0,3,A,8,20,1,8,1451.8190141017562,1674.1678180200431,-222.34880391828688
2013-11-24,2013/2014,Cardiff,Man United,2,2,D,14,16,4,5,1486.8487487431019,1712.540844159689,-225.6920954165871
2013-11-24,2013/2014,Man City,Tottenham,6,0,H,15,13,10,5,1648.1729414697782,1647.2127769290328,0.9601645407453816
2013-11-25,2013/2014,West Brom,Aston Villa,2,2,D,11,15,4,7,1499.410579304342,1502.9943896258294,-3.5838103214873627
2013-11-30,2013/2014,Newcastle,West Brom,2,1,H,14,14,6,1,1531.5710610763704,1499.5756140156025,31.9954470607679
2013-11-30,2013/2014,West Ham,Fulham,3,0,H,23,10,12,0,1444.8570942965775,1423.7896541917232,21.067440104854313
2013-11-30,2013/2014,Everton,Stoke,4,0,H,22,4,12,3,1628.711719757944,1460.4567443996946,168.25497535824934
2013-11-30,2013/2014,Aston Villa,Sunderland,0,0,D,13,7,4,1,1502.829354914569,1397.5375066094127,105.29184830515624
2013-11-30,2013/2014,Norwich,Crystal Palace,1,0,H,10,13,3,3,1462.863500537674,1436.1666765838045,26.696823953869625
2013-11-30,2013/2014,Cardiff,Arsenal,0,3,A,10,15,4,6,1495.9910948551326,1710.5442399209414,-214.55314506580885
2013-12-01,2013/2014,Chelsea,Southampton,3,1,H,16,9,7,1,1681.1297378252218,1551.8311650746953,129.29857275052655
2013-12-01,2013/2014,Hull,Liverpool,3,1,H,12,9,4,4,1481.919967047132,1623.5717317606607,-141.65176471352856
2013-12-01,2013/2014,Man City,Swansea,3,0,H,22,9,7,4,1664.1287243711784,1486.822611554839,177.30611281633924
2013-12-01,2013/2014,Tottenham,Man United,2,2,D,10,8,4,3,1631.2569940276326,1703.3984980476582,-72.14150402002565
2013-12-03,2013/2014,Crystal Palace,West Ham,1,0,H,10,11,5,2,1421.3936968005364,1459.8880901598634,-38.49439335932698
2013-12-04,2013/2014,West Brom,Man City,2,3,A,12,15,1,5,1485.0449076423604,1672.6055126403517,-187.56060499799128
2013-12-04,2013/2014,Swansea,Newcastle,3,0,H,13,14,5,3,1478.3458232856658,1546.1017674496125,-67.75594416394665
2013-12-04,2013/2014,Sunderland,Chelsea,3,4,A,12,19,3,5,1402.2431901648654,1691.43578714744,-289.1925969825745
2013-12-04,2013/2014,Stoke,Cardiff,0,0,D,17,14,2,3,1451.6513391143776,1488.7816298699836,-37.130290755605984
2013-12-04,2013/2014,Liverpool,Norwich,5,1,H,28,14,12,5,1601.3873540655295,1477.6364803209422,123.75087374458735
2013-12-04,2013/2014,Man United,Everton,0,1,A,18,15,6,4,1700.1231951170648,1637.5171250432609,62.60607007380395
2013-12-04,2013/2014,Fulham,Tottenham,1,2,A,16,18,6,5,1408.7586583284374,1634.532296958226,-225.7736386297886
2013-12-04,2013/2014,Arsenal,Hull,2,0,H,20,7,7,2,1717.7537049060904,1504.1043447422633,213.64936016382717
2013-12-04,2013/2014,Southampton,Aston Villa,2,3,A,21,6,9,3,1541.5251157524772,1498.1236713591163,43.40144439336086
2013-12-07,2013/2014,Man United,Newcastle,0,1,A,8,9,4,3,1681.270884077616,1527.0204547876235,154.25042928999255
2013-12-07,2013/2014,Sunderland,Tottenham,1,2,A,11,22,4,5,1397.1510764733653,1641.3874220335379,-244.2363455601726
2013-12-07,2013/2014,Southampton,Man City,1,1,D,15,13,4,3,1523.536737417068,1680.7196090357133,-157.18287161864532
2013-12-07,2013/2014,West Brom,Norwich,0,2,A,26,8,12,3,1476.9308112469985,1467.1060494031738,9.824761843824717
2013-12-07,2013/2014,Liverpool,West Ham,4,1,H,32,8,9,1,1611.917784983298,1442.1225762363101,169.79520874698778
2013-12-07,2013/2014,Crystal Palace,Cardiff,2,0,H,19,10,5,2,1439.1592107240897,1487.078196886434,-47.918986162344254
2013-12-07,2013/2014,Stoke,Chelsea,3,2,H,9,15,3,6,1453.3547720979273,1696.52790083894,-243.17312874101276
2013-12-08,2013/2014,Arsenal,Everton,1,1,D,11,12,5,4,1724.992269013171,1656.3694360827096,68.6228329304613
2013-12-08,2013/2014,Fulham,Aston Villa,2,0,H,22,10,10,2,1401.9035332531255,1516.1120496945255,-114.20851644139998
2013-12-09,2013/2014,Swansea,Hull,1,1,D,11,9,2,2,1497.4271359476547,1496.8657806351828,0.5613553124719601
2013-12-14,2013/2014,West Ham,Sunderland,0,0,D,11,19,2,6,1433.373646528758,1390.851056551489,42.522589977269035
2013-12-14,2013/2014,Everton,Fulham,4,1,H,22,16,7,3,1659.4891712956223,1422.9814349072938,236.50773638832857
2013-12-14,2013/2014,Man City,Arsenal,6,3,H,22,12,7,6,1673.9375782800744,1721.8725338002582,-47.93495552018385
2013-12-14,2013/2014,Newcastle,Southampton,1,1,D,16,8,5,3,1549.6913100494614,1530.318768172707,19.37254187675444
2013-12-14,2013/2014,Chelsea,Crystal Palace,2,1,H,16,10,7,5,1670.8589454453456,1457.3520746353836,213.50687080996204
2013-12-14,2013/2014,Cardiff,West Brom,1,0,H,11,12,3,2,1468.88533297514,1460.4784848036668,8.406848171473257
2013-12-14,2013/2014,Hull,Stoke,0,0,D,13,11,4,2,1496.8916319801751,1479.0237274915216,17.867904488653494
2013-12-15,2013/2014,Aston Villa,Man United,0,3,A,17,14,6,5,1495.0341480403572,1658.6000288157782,-163.56588077542096
2013-12-15,2013/2014,Norwich,Swansea,1,1,D,16,10,3,2,1483.5583758465054,1497.4012846026624,-13.84290875615693
2013-12-15,2013/2014,Tottenham,Liverpool,0,5,A,9,21,0,10,1647.6874419554142,1620.66671469085,27.02072726456413
2013-12-21,2013/2014,Fulham,Man City,2,4,A,12,17,5,10,1416.4532726696998,1692.131163789021,-275.6778911193212
2013-12-21,2013/2014,Man United,West Ham,3,1,H,21,4,8,1,1667.57875382443,1431.425128321594,236.1536255028359
2013-12-21,2013/2014,Crystal Palace,Newcastle,0,3,A,9,13,4,6,1450.1089152279205,1548.8000949395232,-98.69117971160267
2013-12-21,2013/2014,West Brom,Hull,1,1,D,14,6,3,3,1444.865558929803,1496.069509235149,-51.2039503053461
2013-12-21,2013/2014,Liverpool,Cardiff,3,1,H,27,10,7,3,1637.9085624166605,1484.4982588490038,153.41030356765668
2013-12-21,2013/2014,Stoke,Aston Villa,2,1,H,12,14,2,4,1479.8458502365477,1486.0554230317052,-6.2095727951575554
2013-12-21,2013/2014,Sunderland,Norwich,0,0,D,18,14,4,5,1392.7995747586529,1484.195528235202,-91.39595347654904
2013-12-22,2013/2014,Southampton,Tottenham,2,3,A,12,13,5,3,1531.2099832826452,1630.4455942296038,-99.23561094695856
2013-12-22,2013/2014,Swansea,Everton,1,2,A,13,14,3,6,1496.764132213966,1666.0173335332163,-169.25320131925037
2013-12-23,2013/2014,Arsenal,Chelsea,0,0,D,7,13,2,4,1703.6789482913116,1678.1021048528087,25.57684343850292
2013-12-26,2013/2014,Man City,Liverpool,2,1,H,20,12,6,5,1697.5652864295387,1647.2697032477993,50.2955831817394
2013-12-26,2013/2014,Newcastle,Stoke,5,1,H,27,11,8,3,1560.3736169362714,1496.131781187321,64.2418357489505
2013-12-26,2013/2014,West Ham,Arsenal,1,3,A,12,29,5,8,1424.8863672477748,1702.5032142512546,-277.61684700347973
2013-12-26,2013/2014,Norwich,Fulham,1,2,A,12,15,3,7,1480.0810609443772,1411.0191500291821,69.06191091519509
2013-12-26,2013/2014,Tottenham,West Brom,1,1,D,20,7,3,4,1641.9959732508319,1447.206662940327,194.7893103105048
2013-12-26,2013/2014,Everton,Sunderland,0,1,A,26,13,9,6,1674.7861111895872,1396.9140420494775,277.8720691401097
2013-12-26,2013/2014,Hull,Man United,2,3,A,17,13,5,4,1493.728405224625,1674.117514898249,-180.38910967362403
2013-12-26,2013/2014,Aston Villa,Crystal Palace,0,1,A,10,12,4,7,1469.7694920809317,1438.5353932311723,31.234098849759448
2013-12-26,2013/2014,Chelsea,Swansea,1,0,H,19,8,7,1,1679.2778388928657,1487.995354557595,191.28248433527074
2013-12-26,2013/2014,Cardiff,Southampton,0,3,A,9,11,0,6,1475.137118017865,1519.6596042614171,-44.522486243552066
2013-12-28,2013/2014,Norwich,Man United,0,1,A,15,7,4,3,1460.9418789912856,1682.4841778587838,-221.54229886749818
2013-12-28,2013/2014,Aston Villa,Swansea,1,1,D,7,17,3,3,1452.3349711074152,1480.0103344168292,-27.675363309414024
2013-12-28,2013/2014,Cardiff,Sunderland,2,2,D,16,21,7,9,1461.1763043818019,1423.536663153372,37.63964122842981
2013-12-28,2013/2014,Hull,Fulham,6,0,H,21,5,13,2,1485.3617422640903,1430.1583319822737,55.20341028181656
2013-12-28,2013/2014,Man City,Crystal Palace,1,0,H,23,9,4,4,1711.2651342551978,1455.9699142046888,255.295220050509
2013-12-28,2013/2014,West Ham,West Brom,3,3,D,16,22,6,7,1419.5024124200384,1455.3420003014587,-35.83958788142036
2013-12-29,2013/2014,Tottenham,Stoke,3,0,H,20,2,7,1,1633.8606358897002,1483.0569663370359,150.80366955266436
2013-12-29,2013/2014,Newcastle,Arsenal,0,1,A,11,11,3,5,1573.4484317865565,1707.887169078991,-134.43873729243455
2013-12-29,2013/2014,Chelsea,Liverpool,2,1,H,11,8,5,4,1687.2628590336315,1633.56985542214,53.69300361149135
2013-12-29,2013/2014,Everton,Southampton,2,1,H,9,12,4,2,1648.1634900856927,1533.6204178974804,114.54307218821236
2014-01-01,2013/2014,Sunderland,Aston Villa,0,1,A,17,13,1,5,1425.2632830854461,1453.6067799090738,-28.343496823627675
2014-01-01,2013/2014,Stoke,Everton,1,1,D,10,16,4,4,1473.5961439087064,1659.071737632296,-185.47559372358955
2014-01-01,2013/2014,West Brom,Newcastle,1,0,H,13,9,4,3,1453.6973556386379,1563.3480195948123,-109.65066395617441
2014-01-01,2013/2014,Southampton,Chelsea,0,3,A,12,11,2,5,1522.7121703508772,1700.8097032946766,-178.09753294379948
2014-01-01,2013/2014,Swansea,Man City,2,3,A,15,14,4,4,1478.7385256151706,1717.2492562345956,-238.51073061942498
2014-01-01,2013/2014,Liverpool,Hull,2,0,H,17,10,6,0,1620.023011161095,1498.840710517825,121.18230064326985
2014-01-01,2013/2014,Arsenal,Cardiff,2,0,H,28,8,6,2,1717.9875812707353,1459.4496844497278,258.5378968210075
2014-01-01,2013/2014,Fulham,West Ham,2,1,H,30,11,11,3,1416.6793637285389,1421.1470570828592,-4.467693354320318
2014-01-01,2013/2014,Crystal Palace,Norwich,1,1,D,13,8,4,5,1449.985792225291,1453.9546363748013,-3.9688441495102325
2014-01-01,2013/2014,Man United,Tottenham,1,2,A,16,9,6,4,1689.4714204752681,1643.3214583180297,46.149962157238406
2014-01-11,2013/2014,Tottenham,Crystal Palace,2,0,H,10,14,4,2,1661.4343307853665,1450.1685563031922,211.26577448217427
2014-01-11,2013/2014,Cardiff,West Ham,0,2,A,19,10,7,3,1453.5558454300183,1404.9413235400903,48.61452188992803
2014-01-11,2013/2014,Everton,Norwich,2,0,H,23,12,5,3,1651.258742363612,1453.7718722969003,197.48687006671184
2014-01-11,2013/2014,Fulham,Sunderland,1,4,A,17,10,5,6,1432.8850972713078,1410.5656614546629,22.319435816644955
2014-01-11,2013/2014,Hull,Chelsea,0,2,A,10,14,2,5,1488.2055527226141,1709.2581335961136,-221.05258087349944
2014-01-11,2013/2014,Man United,Swansea,2,0,H,16,13,5,2,1671.3585480079314,1472.2700740792275,199.08847392870393
2014-01-11,2013/2014,Southampton,West Brom,1,0,H,18,4,5,2,1514.2637400494402,1474.5857236328093,39.67801641663095
2014-01-12,2013/2014,Stoke,Liverpool,3,5,A,13,13,4,9,1481.4091391773902,1630.6581689563059,-149.24902977891566
2014-01-12,2013/2014,Newcastle,Man City,0,2,A,13,14,5,6,1542.4596516006409,1723.7177077705387,-181.25805616989783
2014-01-13,2013/2014,Aston Villa,Arsenal,1,2,A,11,8,5,4,1468.304401539857,1723.8814202904448,-255.57701875058774
2014-01-18,2013/2014,Arsenal,Fulham,2,0,H,22,8,8,2,1729.857654339157,1415.858660859338,313.9989934798191
2014-01-18,2013/2014,Crystal Palace,Stoke,1,0,H,12,17,6,2,1442.8528499101205,1471.8885727214458,-29.035722811325286
2014-01-18,2013/2014,Liverpool,Aston Villa,2,2,D,14,12,6,3,1640.1787354122503,1462.3281674911448,177.8505679211055
2014-01-18,2013/2014,Man City,Cardiff,4,2,H,24,7,9,6,1732.0534992629862,1435.331561233902,296.7219380290842
2014-01-18,2013/2014,Norwich,Hull,1,0,H,25,10,4,0,1445.9989563577317,1481.202901482576,-35.20394512484427
2014-01-18,2013/2014,Sunderland,Southampton,2,2,D,10,17,5,8,1427.5920978666327,1528.4444023952633,-100.85230452863061
2014-01-18,2013/2014,West Ham,Newcastle,1,3,A,11,19,2,9,1423.1656077362065,1534.1238601081934,-110.95825237198687
2014-01-19,2013/2014,Swansea,Tottenham,1,3,A,13,11,3,5,1464.5512852297268,1668.750037178438,-204.19875194871133
2014-01-19,2013/2014,Chelsea,Man United,3,1,H,13,10,6,4,1716.2607848361517,1679.077336857432,37.18344797871964
2014-01-20,2013/2014,West Brom,Everton,1,1,D,14,13,6,4,1460.4050612869862,1659.0316583027807,-198.62659701579446
2014-01-28,2013/2014,Man United,Cardiff,2,0,H,17,7,5,1,1664.7831900349984,1430.4223013324663,234.36088870253207
2014-01-28,2013/2014,Crystal Palace,Hull,1,0,H,13,13,3,4,1460.1868900708537,1463.5872253779705,-3.4003353071168476
2014-01-28,2013/2014,Liverpool,Everton,4,0,H,20,18,9,4,1632.6360083691513,1650.7660301191409,-18.13002174998951
2014-01-28,2013/2014,Swansea,Fulham,2,0,H,14,15,7,4,1457.0034762569749,1411.348654487317,45.65482176965793
2014-01-28,2013/2014,Norwich,Newcastle,0,0,D,9,22,2,3,1463.614632462337,1545.1809592873942,-81.5663268250571
2014-01-28,2013/2014,Southampton,Arsenal,2,2,D,13,7,5,4,1523.9261773026337,1734.3676607111781,-210.4414834085444
2014-01-29,2013/2014,Sunderland,Stoke,1,0,H,16,14,6,5,1432.1103229592622,1454.5545325607127,-22.44420960145044
2014-01-29,2013/2014,Tottenham,Man City,1,5,A,4,24,2,10,1676.29784615119,1736.9627591644219,-60.66491301323185
2014-01-29,2013/2014,Aston Villa,West Brom,4,3,H,10,12,6,4,1469.8708945342437,1468.670689470626,1.200205063617659
2014-01-29,2013/2014,Chelsea,West Ham,0,0,D,39,1,9,1,1730.5549316585855,1412.1085085570057,318.44642310157974
2014-02-01,2013/2014,Stoke,Man United,2,1,H,13,19,6,4,1437.5223738836178,1671.3758054269006,-233.8534315432828
2014-02-01,2013/2014,Cardiff,Norwich,2,1,H,14,27,5,6,1423.829685940564,1467.303379375325,-43.47369343476089
2014-02-01,2013/2014,Hull,Tottenham,1,1,D,9,19,4,3,1447.4306391496589,1663.0635191411932,-215.6328799915343
2014-02-01,2013/2014,Newcastle,Sunderland,0,3,A,28,16,10,5,1541.4922123744063,1449.1424816363572,92.34973073804917
2014-02-01,2013/2014,Everton,Aston Villa,2,1,H,13,4,6,1,1633.9318687665595,1485.8156232683402,148.1162454982193
2014-02-01,2013/2014,West Ham,Swansea,2,0,H,11,20,4,0,1423.6967830728038,1470.9130124177902,-47.21622934498646
2014-02-01,2013/2014,Fulham,Southampton,0,3,A,8,17,4,5,1397.4391183265016,1532.5836593497863,-135.14454102328477
2014-02-02,2013/2014,West Brom,Liverpool,1,1,D,12,12,4,3,1452.7259607365295,1649.4701697217326,-196.74420898520316
2014-02-02,2013/2014,Arsenal,Crystal Palace,2,0,H,11,10,6,2,1725.7101786640255,1476.3434762991653,249.3667023648602
2014-02-03,2013/2014,Man City,Chelsea,0,1,A,25,18,3,6,1750.1970861744187,1718.9666571427874,31.230429031631274
2014-02-08,2013/2014,Crystal Palace,West Brom,3,1,H,10,16,6,6,1470.1915465275151,1460.9278588413222,9.263687686192952
2014-02-08,2013/2014,Chelsea,Newcastle,3,0,H,18,12,8,6,1736.4010104732886,1521.336755613522,215.0642548597666
2014-02-08,2013/2014,Aston Villa,West Ham,0,2,A,16,10,1,2,1476.2513878025386,1441.8578829772123,34.39350482532632
2014-02-08,2013/2014,Swansea,Cardiff,3,0,H,17,7,6,1,1452.7519125133817,1441.8213399976469,10.930572515734866
2014-02-08,2013/2014,Norwich,Man City,0,0,D,7,15,2,2,1449.3117253182422,1732.7627328439175,-283.4510075256753
2014-02-08,2013/2014,Liverpool,Arsenal,5,1,H,22,11,12,6,1641.26827161694,1731.862108435676,-90.59383681873601
2014-02-08,2013/2014,Sunderland,Hull,0,2,A,7,25,3,9,1469.2979383972415,1456.2558294532996,13.042108943941912
2014-02-08,2013/2014,Southampton,Stoke,2,2,D,17,5,5,4,1542.656008229639,1462.9144548209954,79.74155340864354
2014-02-09,2013/2014,Tottenham,Everton,1,0,H,8,11,2,3,1654.2383288375524,1643.4961042323612,10.742224605191268
2014-02-09,2013/2014,Man United,Fulham,2,2,D,31,6,9,3,1645.983724489523,1387.366769446649,258.616955042874
2014-02-11,2013/2014,Cardiff,Aston Villa,0,0,D,12,18,3,6,1426.3245454549087,1458.6726619188453,-32.34811646393655
2014-02-11,2013/2014,Hull,Southampton,0,1,A,12,16,4,7,1472.8561588143955,1539.0469244143803,-66.19076559998484
2014-02-11,2013/2014,West Brom,Chelsea,1,1,D,12,15,1,4,1445.3543663590049,1743.594056043533,-298.23968968452823
2014-02-11,2013/2014,West Ham,Norwich,2,0,H,12,13,7,6,1459.4366088609056,1460.0764929940958,-0.6398841331902076
2014-02-12,2013/2014,Arsenal,Man United,0,0,D,17,6,5,2,1711.7821577107431,1635.8753755883185,75.9067821224246
2014-02-12,2013/2014,Fulham,Liverpool,2,3,A,10,21,3,7,1397.4751183478534,1661.3482223418728,-263.8731039940194
2014-02-12,2013/2014,Newcastle,Tottenham,0,4,A,13,15,5,8,1514.1437100432775,1669.7437886895975,-155.60007864632007
2014-02-12,2013/2014,Stoke,Swansea,1,1,D,7,13,4,3,1466.523538636254,1468.2487070561199,-1.725168419865895
2014-02-22,2013/2014,Cardiff,Hull,0,4,A,23,12,5,6,1427.8099416423222,1459.8680058029474,-32.058064160625236
2014-02-22,2013/2014,Chelsea,Everton,1,0,H,25,8,8,2,1732.4671143683993,1627.990644380316,104.47646998808318
2014-02-22,2013/2014,Arsenal,Sunderland,4,1,H,12,7,9,3,1708.3410977053259,1452.6976090361456,255.64348866918021
2014-02-22,2013/2014,Crystal Palace,Man United,0,2,A,15,14,6,5,1485.7650390098324,1639.3164355937358,-153.5513965839034
2014-02-22,2013/2014,West Ham,Southampton,3,1,H,10,25,5,5,1475.4660765809142,1552.0350774258284,-76.56900084491417
2014-02-22,2013/2014,West Brom,Fulham,1,1,D,16,7,5,3,1456.4813080341387,1391.7275214230972,64.7537866110415
2014-02-22,2013/2014,Man City,Stoke,1,0,H,19,7,7,2,1721.997965168064,1466.6029849250547,255.3949802430093
2014-02-23,2013/2014,Newcastle,Aston Villa,1,0,H,23,10,5,2,1504.8658315384973,1457.1872657314318,47.678565807065524
2014-02-23,2013/2014,Norwich,Tottenham,1,0,H,13,9,3,2,1444.0470252740872,1679.0216671943776,-234.97464192029042
2014-02-23,2013/2014,Liverpool,Swansea,4,3,H,21,14,10,5,1667.095819266629,1468.1692607673192,198.92655849930975
2014-03-01,2013/2014,Stoke,Arsenal,1,0,H,8,10,4,2,1460.6216562860172,1714.3154723380853,-253.6938160520681
2014-03-01,2013/2014,Southampton,Liverpool,0,3,A,13,12,2,5,1532.56494363471,1674.8200684374099,-142.2551248026998
2014-03-01,2013/2014,Everton,West Ham,1,0,H,22,6,3,1,1616.6620027049892,1494.9362103720325,121.72579233295664
2014-03-01,2013/2014,Fulham,Chelsea,1,3,A,7,17,3,8,1394.6754886011477,1743.7957560437262,-349.12026744257855
2014-03-01,2013/2014,Hull,Newcastle,1,4,A,13,17,3,7,1474.3958529168565,1518.6838324525856,-44.287979535729164
2014-03-02,2013/2014,Aston Villa,Norwich,4,1,H,10,7,4,4,1443.3692648173435,1469.47288409349,-26.103619276146446
2014-03-02,2013/2014,Swansea,Crystal Palace,1,1,D,7,7,5,4,1460.4450115965383,1476.4092761856107,-15.9642645890724
2014-03-02,2013/2014,Tottenham,Cardiff,1,0,H,15,8,6,2,1653.595808374975,1413.2820945284132,240.31371384656177
2014-03-08,2013/2014,Norwich,Stoke,1,1,D,13,6,5,3,1452.2730248294915,1486.5925565942287,-34.31953176473712
2014-03-08,2013/2014,Crystal Palace,Southampton,0,1,A,6,11,1,3,1475.6746115911906,1522.772940005,-47.09832841380944
2014-03-08,2013/2014,West Brom,Man United,0,3,A,14,14,3,5,1453.5333408560882,1648.6721984179576,-195.13885756186937
2014-03-08,2013/2014,Chelsea,Tottenham,4,0,H,12,6,4,2,1747.5777870370175,1660.0108612362149,87.56692580080266
2014-03-08,2013/2014,Cardiff,Fulham,3,1,H,19,14,9,6,1406.8670416671732,1390.8934576078564,15.973584059316863
2014-03-15,2013/2014,Hull,Man City,0,2,A,15,8,5,3,1460.4244143536896,1727.9792938071014,-267.5548794534118
2014-03-15,2013/2014,Southampton,Norwich,4,2,H,16,6,6,3,1536.6171708291104,1453.8483772230081,82.76879360610224
2014-03-15,2013/2014,Stoke,West Ham,3,1,H,17,8,9,2,1485.017204200712,1484.323255705064,0.693948495648101
2014-03-15,2013/2014,Sunderland,Crystal Palace,0,0,D,19,12,2,5,1446.7232344033862,1461.8303807670802,-15.107146363694028
2014-03-15,2013/2014,Aston Villa,Chelsea,1,0,H,13,15,4,2,1460.569124081342,1759.6284536848314,-299.05932960348946
2014-03-15,2013/2014,Everton,Cardiff,2,1,H,19,10,6,3,1627.2749573719577,1422.1319488006627,205.143008571295
2014-03-15,2013/2014,Fulham,Newcastle,1,0,H,12,12,3,3,1375.6285504743669,1532.6552710157525,-157.02672054138566
2014-03-15,2013/2014,Swansea,West Brom,1,2,A,15,13,4,4,1461.1796761909584,1445.6806077333747,15.49906845758369
2014-03-16,2013/2014,Tottenham,Arsenal,0,1,A,17,7,2,3,1647.960194588401,1688.344572029874,-40.38437744147291
2014-03-16,2013/2014,Man United,Liverpool,0,3,A,13,17,1,7,1656.524931540671,1684.61207206712,-28.08714052644882
2014-03-22,2013/2014,Man City,Fulham,5,0,H,22,6,12,0,1733.6276332580471,1398.4046811064416,335.22295215160557
2014-03-22,2013/2014,Newcastle,Crystal Palace,1,0,H,21,8,8,1,1509.8791403836778,1461.1351090885494,48.74403129512848
2014-03-22,2013/2014,Norwich,Sunderland,2,0,H,14,10,8,2,1441.5895144518756,1447.418506081917,-5.828991630041401
2014-03-22,2013/2014,West Ham,Man United,0,2,A,10,16,1,7,1468.3552131717947,1641.81558178498,-173.4603686131852
2014-03-22,2013/2014,Cardiff,Liverpool,3,6,A,9,19,3,9,1414.6154445822044,1699.321421822811,-284.70597724060667
2014-03-22,2013/2014,Chelsea,Arsenal,6,0,H,21,12,11,5,1732.4820530984794,1702.4931333037696,29.988919794709773
2014-03-22,2013/2014,Everton,Swansea,3,2,H,9,21,6,7,1634.791461590416,1444.466390804827,190.3250707855891
2014-03-22,2013/2014,Hull,West Brom,2,0,H,12,17,5,4,1454.7760749027439,1462.3938931195062,-7.617818216762316
2014-03-23,2013/2014,Tottenham,Southampton,3,2,H,15,12,6,4,1633.8116333145053,1548.8760336002429,84.93559971426248
2014-03-23,2013/2014,Aston Villa,Stoke,1,4,A,12,10,3,5,1487.715524667694,1500.9852467339813,-13.269722066287386
2014-03-25,2013/2014,Newcastle,Everton,0,3,A,16,8,3,6,1523.6490076247678,1642.8095538750458,-119.160546250278
2014-03-25,2013/2014,Arsenal,Swansea,2,2,D,13,8,4,2,1687.8707545703592,1436.448298520197,251.42245605016205
2014-03-25,2013/2014,Man United,Man City,0,3,A,10,13,4,4,1650.4310336568278,1737.684720073738,-87.25368641691011
2014-03-26,2013/2014,Liverpool,Sunderland,2,1,H,21,12,7,4,1704.525098116142,1431.1500962802131,273.37500183592897
2014-03-26,2013/2014,West Ham,Hull,2,1,H,9,10,3,3,1459.7397612999468,1471.1268321898956,-11.387070889948745
2014-03-29,2013/2014,Swansea,Norwich,3,0,H,16,8,7,4,1446.3549599572223,1457.8579242535795,-11.502964296357277
2014-03-29,2013/2014,Stoke,Hull,1,0,H,15,5,3,3,1516.3744504164772,1454.6026258793902,61.771824537087014
2014-03-29,2013/2014,Arsenal,Man City,1,1,D,10,15,3,4,1677.964093133334,1749.7489360596826,-71.78484292634857
2014-03-29,2013/2014,Southampton,Newcastle,4,0,H,23,5,11,2,1536.7113618825201,1512.9310516033888,23.7803102791313
2014-03-29,2013/2014,Crystal Palace,Chelsea,1,0,H,14,21,4,2,1447.3652418474594,1747.1044318318898,-299.73918998443037
2014-03-29,2013/2014,West Brom,Cardiff,3,3,D,16,11,6,5,1446.0431358323544,1409.4117682888734,36.63136754348102
2014-03-29,2013/2014,Man United,Aston Villa,4,1,H,9,10,6,1,1638.3668176708832,1472.326320985198,166.04049668568518
2014-03-30,2013/2014,Fulham,Everton,1,3,A,23,14,8,7,1394.3475942907507,1653.5275098964248,-259.17991560567407
2014-03-30,2013/2014,Liverpool,Tottenham,4,0,H,11,15,5,4,1710.0192870873086,1645.976305032228,64.04298205508053
2014-03-31,2013/2014,Sunderland,West Ham,1,2,A,26,11,7,6,1425.6559073090466,1476.2639676104523,-50.60806030140566
2014-04-05,2013/2014,Aston Villa,Fulham,1,2,A,12,16,6,8,1463.4393225014496,1388.4715048328317,74.96781766861795
2014-04-05,2013/2014,Cardiff,Crystal Palace,0,3,A,13,13,4,8,1411.0924819807024,1474.5277344126923,-63.435252431989966
2014-04-05,2013/2014,Hull,Swansea,1,0,H,8,12,4,2,1441.4177235717175,1462.8844975689958,-21.466773997278324
2014-04-05,2013/2014,Man City,Southampton,4,1,H,15,5,8,1,1746.4893730027034,1551.6179450519462,194.87142795075715
2014-04-05,2013/2014,Newcastle,Man United,0,4,A,14,8,4,4,1498.0244684339627,1647.2538161546315,-149.22934772066878
2014-04-05,2013/2014,Norwich,West Brom,0,1,A,12,8,4,5,1441.328386641806,1444.3624221405255,-3.034035498719504
2014-04-05,2013/2014,Chelsea,Stoke,3,0,H,18,4,8,2,1719.9419392666568,1529.55935272415,190.38258654250694
2014-04-06,2013/2014,Everton,Arsenal,3,0,H,14,15,8,5,1659.403599354344,1681.2236561903132,-21.820056835969353
2014-04-06,2013/2014,West Ham,Liverpool,1,2,A,11,17,1,8,1489.9497245559733,1723.1029543260966,-233.1532297701233
2014-04-07,2013/2014,Tottenham,Sunderland,5,1,H,29,8,11,4,1632.8926377934401,1411.9701503635256,220.92248742991455
2014-04-12,2013/2014,West Brom,Tottenham,3,3,D,6,20,5,8,1460.2227031939103,1639.8993864395798,-179.67668324566944
2014-04-12,2013/2014,Sunderland,Everton,0,1,A,24,20,6,3,1404.963401717386,1676.407131063683,-271.443729346297
2014-04-12,2013/2014,Stoke,Newcastle,1,0,H,10,13,3,1,1521.5432497907557,1488.503144213359,33.040105577396616
2014-04-12,2013/2014,Fulham,Norwich,1,0,H,14,13,3,3,1407.8713000865034,1425.4681055884212,-17.596805501917743
2014-04-12,2013/2014,Crystal Palace,Aston Villa,1,0,H,14,7,4,4,1487.6384674349786,1444.0395272477779,43.5989401872007
2014-04-12,2013/2014,Southampton,Cardiff,0,1,A,19,6,7,4,1543.7560860608723,1397.9817489584161,145.77433710245623
2014-04-13,2013/2014,Liverpool,Man City,3,2,H,10,13,4,5,1729.7320328899727,1754.3512319937772,-24.619199103804476
2014-04-13,2013/2014,Swansea,Chelsea,0,1,A,7,26,4,3,1445.8971721620637,1727.958042200051,-282.06087003798734
2014-04-15,2013/2014,Arsenal,West Ham,3,1,H,14,12,8,2,1664.2201244809742,1483.320645992097,180.8994784888771
2014-04-16,2013/2014,Everton,Crystal Palace,2,3,A,17,7,5,4,1681.9520982577326,1501.6411351785346,180.31096307919802
2014-04-16,2013/2014,Man City,Sunderland,2,2,D,16,11,4,3,1737.219369742272,1399.4184345233364,337.8009352189356
2014-04-19,2013/2014,West Ham,Crystal Palace,0,1,A,13,11,4,3,1474.9721240893111,1525.2716922506402,-50.299568161329034
2014-04-19,2013/2014,Tottenham,Fulham,3,1,H,14,11,5,4,1632.2914151391972,1424.6809707265986,207.61044441259855
2014-04-19,2013/2014,Newcastle,Swansea,1,2,A,14,10,4,2,1474.0201271385054,1440.6268055410974,33.393321597407976
2014-04-19,2013/2014,Cardiff,Stoke,1,1,D,13,14,4,5,1420.3268694518727,1536.0262668656094,-115.69939741373673
2014-04-19,2013/2014,Aston Villa,Southampton,0,0,D,6,3,1,2,1430.0368595042219,1521.4109655674158,-91.37410606319395
2014-04-19,2013/2014,Chelsea,Sunderland,1,2,A,31,7,15,3,1733.2284088210174,1411.4136312627932,321.81477755822425
2014-04-20,2013/2014,Everton,Man United,2,0,H,17,9,5,2,1658.321541185627,1656.7751403752352,1.5464008103917877
2014-04-20,2013/2014,Hull,Arsenal,0,3,A,13,12,4,6,1458.4050489786496,1672.56864638376,-214.16359740511052
2014-04-20,2013/2014,Norwich,Liverpool,2,3,A,13,14,5,6,1408.658434948326,1746.863895141478,-338.205460193152
2014-04-21,2013/2014,Man City,West Brom,3,1,H,19,10,6,3,1725.2241730028152,1467.830674494293,257.39349850852227
2014-04-26,2013/2014,Swansea,Aston Villa,4,1,H,11,11,8,3,1458.159906885659,1434.1503872016547,24.009519684004317
2014-04-26,2013/2014,Stoke,Tottenham,0,1,A,17,16,3,4,1530.8867073526167,1639.7265424153081,-108.83983506269146
2014-04-26,2013/2014,West Brom,West Ham,1,0,H,19,9,6,3,1461.9050939977622,1461.2724559857786,0.6326380119835449
2014-04-26,2013/2014,Man United,Norwich,4,0,H,25,9,11,2,1640.8463542940506,1404.6617831711474,236.1845711229032
2014-04-26,2013/2014,Fulham,Hull,2,2,D,10,8,3,4,1417.2458434504877,1451.1830519272391,-33.93720847675149
2014-04-26,2013/2014,Southampton,Everton,2,0,H,14,9,4,2,1517.297437869983,1674.2503272668116,-156.9528893968286
2014-04-27,2013/2014,Liverpool,Chelsea,0,2,A,26,11,8,4,1750.8605469186566,1705.5669017504906,45.293645168165995
2014-04-27,2013/2014,Sunderland,Cardiff,4,0,H,21,6,7,1,1439.07513833332,1425.4664289648654,13.608709368454583
2014-04-27,2013/2014,Crystal Palace,Man City,0,2,A,3,16,2,6,1538.9713603541727,1731.149753499346,-192.17839314517323
2014-04-28,2013/2014,Arsenal,Newcastle,3,0,H,20,8,8,3,1679.7906434351705,1456.4870257939438,223.30361764122677
2014-05-03,2013/2014,Man United,Sunderland,0,1,A,17,8,2,1,1647.384188629734,1454.4487544092021,192.93543422053176
2014-05-03,2013/2014,West Ham,Tottenham,2,0,H,20,12,8,3,1445.3015900106927,1650.872053085102,-205.5704630744092
2014-05-03,2013/2014,Stoke,Fulham,4,1,H,23,10,8,2,1519.7411966828229,1418.8037580072887,100.93743867553417
2014-05-03,2013/2014,Everton,Man City,2,3,A,9,18,4,6,1651.476987105581,1739.1039086474455,-87.62692154186448
2014-05-03,2013/2014,Newcastle,Cardiff,3,0,H,22,16,6,3,1449.5549996873208,1410.0928128889832,39.4621867983376
2014-05-03,2013/2014,Aston Villa,Hull,3,1,H,15,7,9,2,1419.2543097444693,1449.625137370438,-30.370827625968786
2014-05-03,2013/2014,Swansea,Southampton,0,1,A,12,18,3,4,1473.0559843428443,1540.0707780312136,-67.01479368836931
2014-05-04,2013/2014,Arsenal,West Brom,1,0,H,15,11,4,1,1686.7226695417935,1477.875959972848,208.84670956894547
2014-05-04,2013/2014,Chelsea,Norwich,0,0,D,23,6,4,3,1723.6410145071522,1398.123948835464,325.5170656716882
2014-05-05,2013/2014,Crystal Palace,Liverpool,3,3,D,10,26,6,9,1531.0172052060732,1732.786434161995,-201.7692289559218
2014-05-06,2013/2014,Man United,Hull,3,1,H,18,2,7,2,1623.3123252348194,1432.2300606412523,191.08226459356706
2014-05-07,2013/2014,Man City,Aston Villa,4,0,H,18,5,9,0,1751.1519808346202,1436.649386473655,314.5025943609651
2014-05-07,2013/2014,Sunderland,West Brom,2,0,H,10,13,4,3,1478.5206178041167,1470.4813734681375,8.03924433597922
2014-05-11,2013/2014,West Brom,Stoke,1,2,A,17,15,4,4,1454.8515282930055,1531.2193639080472,-76.36783561504171
2014-05-11,2013/2014,Southampton,Man United,1,1,D,15,8,6,2,1553.0223442131723,1631.3042540734477,-78.28190986027539
2014-05-11,2013/2014,Sunderland,Swansea,1,3,A,20,8,4,4,1494.1504629792487,1460.1044181608856,34.04604481836304
2014-05-11,2013/2014,Tottenham,Aston Villa,3,0,H,12,4,6,1,1626.3744156069386,1432.1506000760355,194.22381553090304
2014-05-11,2013/2014,Liverpool,Newcastle,2,1,H,13,8,5,2,1724.4152022137218,1463.7454735342576,260.66972867946424
2014-05-11,2013/2014,Cardiff,Chelsea,1,2,A,10,28,4,7,1395.9023390420464,1711.9001999120508,-315.9978608700044
2014-05-11,2013/2014,Man City,West Ham,2,0,H,28,3,7,0,1755.6507672322398,1469.799227488856,285.8515397433837
2014-05-11,2013/2014,Norwich,Arsenal,0,2,A,11,14,5,8,1409.8647634305655,1694.117256046504,-284.25249261593854
2014-05-11,2013/2014,Hull,Everton,0,2,A,12,11,3,4,1424.238131802624,1639.4289149184062,-215.19078311578232
2014-05-11,2013/2014,Fulham,Crystal Palace,2,2,D,15,15,5,6,1407.3255907820644,1539.3884371543463,-132.0628463722819
2014-08-16,2014/2015,Arsenal,Crystal Palace,2,1,H,14,4,6,2,1699.3323174226257,1533.5836250266989,165.7486923959268
2014-08-16,2014/2015,Leicester,Everton,2,2,D,11,13,3,3,1500.0,1646.617899867857,-146.61789986785698
2014-08-16,2014/2015,QPR,Hull,0,1,A,19,11,6,4,1367.2767238983326,1417.0491468531732,-49.77242295484052
2014-08-16,2014/2015,West Brom,Sunderland,2,2,D,10,7,5,2,1442.3128327388963,1476.5875839942378,-34.27475125534147
2014-08-16,2014/2015,Stoke,Aston Villa,0,1,A,12,7,2,2,1543.7580594621563,1424.2666121049235,119.4914473572328
2014-08-16,2014/2015,Man United,Swansea,1,2,A,14,5,5,4,1627.759029307895,1477.6672971458966,150.09173216199838
2014-08-16,2014/2015,West Ham,Tottenham,0,1,A,18,10,4,4,1464.6242222232222,1634.2584035780505,-169.63418135482834
2014-08-17,2014/2015,Newcastle,Man City,0,2,A,12,13,0,5,1457.9104124865823,1760.8257724978737,-302.91536001129134
2014-08-17,2014/2015,Liverpool,Southampton,2,1,H,12,12,5,6,1730.250263261397,1556.5675689787251,173.68269428267195
2014-08-18,2014/2015,Burnley,Chelsea,1,3,A,9,11,2,3,1500.0,1716.3658100506282,-216.36581005062817
2014-08-23,2014/2015,Southampton,West Brom,0,0,D,8,8,2,2,1547.9601722649395,1443.8861428795606,104.07402938537894
2014-08-23,2014/2015,Swansea,Burnley,1,0,H,10,12,5,1,1500.1791423198438,1492.8486469296602,7.330495390183614
2014-08-23,2014/2015,Everton,Arsenal,2,2,D,8,13,2,3,1640.2400728900516,1708.2301021674934,-67.99002927744186
2014-08-23,2014/2015,Crystal Palace,West Ham,1,3,A,9,17,4,8,1524.6858402818311,1455.8693987270774,68.81644155475374
2014-08-23,2014/2015,Chelsea,Leicester,2,0,H,27,6,10,4,1723.517163120968,1506.3778269778054,217.1393361431626
2014-08-23,2014/2015,Aston Villa,Newcastle,0,0,D,9,11,0,4,1445.5622296066545,1453.1475031336304,-7.585273526975925
2014-08-24,2014/2015,Hull,Stoke,1,1,D,9,19,2,3,1430.7725942752586,1522.4624419604254,-91.6898476851668
2014-08-24,2014/2015,Sunderland,Man United,1,1,D,11,10,3,3,1475.0142738535735,1605.2471841339477,-130.2329102803742
2014-08-24,2014/2015,Tottenham,QPR,4,0,H,18,9,5,1,1643.0132270741954,1353.5532764762472,289.45995059794814
2014-08-25,2014/2015,Man City,Liverpool,3,1,H,9,11,4,3,1765.5886818508257,1738.8576599751827,26.73102187564291
2014-08-30,2014/2015,Newcastle,Crystal Palace,3,3,D,18,12,4,7,1452.7982438676252,1505.557528968605,-52.75928510097992
2014-08-30,2014/2015,Man City,Stoke,0,1,A,16,7,2,2,1780.3600960355063,1518.3353380948568,262.0247579406496
2014-08-30,2014/2015,Everton,Chelsea,3,6,A,17,12,7,8,1643.3317644140386,1730.6438196278195,-87.31205521378092
2014-08-30,2014/2015,Burnley,Man United,0,0,D,9,7,3,2,1477.1861786339146,1599.51569089475,-122.32951226083537
2014-08-30,2014/2015,West Ham,Southampton,1,3,A,4,18,2,8,1474.9977100403034,1543.305772972535,-68.30806293223145
2014-08-30,2014/2015,Swansea,West Brom,3,0,H,15,16,8,2,1515.8416106155894,1448.5405421719652,67.30106844362422
2014-08-30,2014/2015,QPR,Sunderland,1,0,H,18,16,5,6,1348.4677490860893,1480.7457670927713,-132.27801800668203
2014-08-31,2014/2015,Tottenham,Liverpool,0,3,A,7,17,1,8,1648.0987544643533,1724.086245790502,-75.98749132614876
2014-08-31,2014/2015,Aston Villa,Hull,2,1,H,11,9,4,3,1445.9114888726597,1434.8996981408272,11.011790731832434
2014-08-31,2014/2015,Leicester,Arsenal,1,1,D,9,24,3,6,1499.2511704709539,1705.1384106435064,-205.88724017255254
2014-09-13,2014/2015,Crystal Palace,Burnley,0,0,D,14,11,3,3,1503.1463789477393,1482.5978601761758,20.548518771563522
2014-09-13,2014/2015,Chelsea,Swansea,4,2,H,29,11,9,2,1742.7055103838056,1528.7804739214591,213.9250364623465
2014-09-13,2014/2015,Arsenal,Man City,2,2,D,15,15,6,8,1696.6303049807107,1754.1580341246952,-57.527729143984516
2014-09-13,2014/2015,Liverpool,Aston Villa,0,1,A,18,5,1,1,1736.641641080857,1461.4045469054215,275.23709417543546
2014-09-13,2014/2015,West Brom,Everton,0,2,A,11,11,1,4,1435.6016788660954,1631.2700736580525,-195.6683947919571
2014-09-13,2014/2015,Sunderland,Tottenham,2,2,D,6,15,1,6,1458.9323521479203,1635.5433591739984,-176.61100702607814
2014-09-13,2014/2015,Stoke,Leicester,0,1,A,24,8,4,1,1544.537400005668,1507.7592761337496,36.7781238719183
2014-09-13,2014/2015,Southampton,Newcastle,4,0,H,10,9,7,4,1556.1999848084686,1455.209393888491,100.99059091997765
2014-09-14,2014/2015,Man United,QPR,4,0,H,19,9,9,2,1594.1040093524887,1370.2811640309403,223.82284532154836
2014-09-15,2014/2015,Hull,West Ham,2,2,D,11,16,6,4,1419.4066401080654,1462.1034982043698,-42.69685809630437
2014-09-20,2014/2015,Burnley,Sunderland,0,0,D,17,14,6,6,1483.5430526175076,1466.4306068580097,17.11244575949786
2014-09-20,2014/2015,West Ham,Liverpool,3,1,H,13,11,7,5,1460.147074160796,1710.0872204775924,-249.94014631679647
2014-09-20,2014/2015,Swansea,Southampton,0,1,A,5,11,2,4,1521.5507945529075,1567.6758998840728,-46.12510533116529
2014-09-20,2014/2015,Newcastle,Hull,2,2,D,25,10,7,3,1443.7334788128867,1421.3630641516393,22.370414661247423
2014-09-20,2014/2015,QPR,Stoke,2,2,D,21,8,5,4,1363.3653550907081,1526.8500028065507,-163.48464771584258
2014-09-20,2014/2015,Aston Villa,Arsenal,0,3,A,6,9,2,3,1487.958967508686,1699.2556066933842,-211.29663918469805
2014-09-21,2014/2015,Tottenham,West Brom,0,1,A,7,10,1,4,1628.045104463909,1427.7669947697748,200.27810969413417
2014-09-21,2014/2015,Everton,Crystal Palace,2,3,A,17,10,6,3,1639.1047577543732,1502.2011865064076,136.9035712479656
2014-09-21,2014/2015,Leicester,Man United,5,3,H,15,16,5,5,1525.4466733328668,1601.0198182927209,-75.57314495985406
2014-09-21,2014/2015,Man City,Chelsea,1,1,D,16,6,4,2,1751.5327324120217,1749.9351897523572,1.597542659664441
2014-09-27,2014/2015,Southampton,QPR,2,1,H,19,10,9,2,1581.5641521647838,1370.383609246205,211.1805429185788
2014-09-27,2014/2015,Man United,West Ham,2,1,H,8,13,3,4,1581.5934152044426,1486.011531214423,95.5818839900196
2014-09-27,2014/2015,Sunderland,Swansea,0,0,D,15,7,3,1,1467.2180274726911,1507.6625422721966,-40.44451479950544
2014-09-27,2014/2015,Liverpool,Everton,1,1,D,24,11,8,5,1684.2227634239653,1617.107350187524,67.11541323644133
2014-09-27,2014/2015,Hull,Man City,2,4,A,10,20,5,6,1422.3918385422983,1751.4591633722275,-329.06732482992925
2014-09-27,2014/2015,Crystal Palace,Leicester,2,0,H,16,7,6,1,1524.1985940732568,1544.873076421145,-20.674482347888215
2014-09-27,2014/2015,Chelsea,Aston Villa,3,0,H,17,7,8,1,1750.0087587921514,1480.6442637067125,269.3644950854389
2014-09-27,2014/2015,Arsenal,Tottenham,1,1,D,16,6,6,4,1706.5703104953577,1603.7238556645252,102.8464548308325
2014-09-28,2014/2015,West Brom,Burnley,4,0,H,20,10,6,2,1452.0882435691585,1482.7556320028261,-30.66738843366761
2014-09-29,2014/2015,Stoke,Newcastle,1,0,H,12,16,3,1,1519.8317486510539,1442.7047044222277,77.12704422882621
2014-10-04,2014/2015,Swansea,Newcastle,2,2,D,11,9,5,4,1505.8083712556402,1430.1993196791532,75.60905157648699
2014-10-04,2014/2015,Sunderland,Stoke,3,1,H,8,11,3,5,1469.0721984892475,1532.3371333941284,-63.264934904880874
2014-10-04,2014/2015,Liverpool,West Brom,2,1,H,19,8,7,4,1681.169864357057,1469.4968725880453,211.67299176901156
2014-10-04,2014/2015,Hull,Crystal Palace,2,0,H,15,11,2,2,1418.2075480290566,1541.1495669838334,-122.94201895477681
2014-10-04,2014/2015,Aston Villa,Man City,0,2,A,6,27,1,7,1475.0442141108526,1755.6434538854692,-280.59923977461654
2014-10-04,2014/2015,Leicester,Burnley,2,2,D,15,10,6,4,1527.9221035105684,1465.3470029839393,62.57510052662906
2014-10-05,2014/2015,Tottenham,Southampton,1,0,H,9,7,4,3,1608.3264539194854,1588.8826276726948,19.44382624679065
2014-10-05,2014/2015,Chelsea,Arsenal,2,0,H,5,10,3,0,1755.6088083880113,1701.9677122403975,53.64109614761378
2014-10-05,2014/2015,Man United,Everton,2,1,H,15,10,4,6,1593.2994908671515,1620.1602492544323,-26.86075838728084
2014-10-05,2014/2015,West Ham,QPR,2,0,H,11,10,3,3,1474.3054555517142,1363.065133738294,111.24032181342022
2014-10-18,2014/2015,Newcastle,Leicester,1,0,H,19,7,6,2,1433.6273004605093,1525.0711733687747,-91.44387290826535
2014-10-18,2014/2015,Southampton,Sunderland,8,0,H,20,12,11,1,1573.7771153266478,1487.9538771484395,85.82323817820838
2014-10-18,2014/2015,Everton,Aston Villa,3,0,H,15,10,6,2,1602.9257242497943,1469.736702396694,133.18902185310026
2014-10-18,2014/2015,Burnley,West Ham,1,3,A,17,22,3,6,1468.197933125733,1485.350807627504,-17.152874501771066
2014-10-18,2014/2015,Crystal Palace,Chelsea,1,2,A,7,14,4,5,1519.7129202446556,1769.157986936101,-249.4450666914454
2014-10-18,2014/2015,Man City,Tottenham,4,1,H,20,19,12,7,1760.9509655996278,1623.4319662655323,137.5189993340955
2014-10-18,2014/2015,Arsenal,Hull,2,2,D,25,4,9,4,1688.4185336923078,1439.6441947682345,248.7743389240734
2014-10-19,2014/2015,QPR,Liverpool,2,3,A,15,15,6,5,1352.019781662504,1688.472350718198,-336.45256905569386
2014-10-19,2014/2015,Stoke,Swansea,2,1,H,17,13,3,5,1513.4554547349364,1502.380390474284,11.075064260652425
2014-10-20,2014/2015,West Brom,Man United,2,2,D,8,22,2,7,1462.1943862269043,1610.5340158717895,-148.33962964488524
2014-10-25,2014/2015,West Ham,Man City,2,1,H,12,21,4,5,1500.5615297203854,1770.929214792235,-270.36768507184956
2014-10-25,2014/2015,West Brom,Crystal Palace,2,2,D,17,8,4,6,1468.6387713480997,1513.5632317902046,-44.92446044210487
2014-10-25,2014/2015,Swansea,Leicester,2,0,H,7,9,3,4,1486.8902433532546,1504.9546453096789,-18.064401956424263
2014-10-25,2014/2015,Southampton,Stoke,1,0,H,20,8,2,1,1585.9032822518386,1528.9456018559658,56.957680395872785
2014-10-25,2014/2015,Liverpool,Hull,0,0,D,17,6,4,3,1692.5044275190762,1449.4753025289851,243.02912499009108
2014-10-25,2014/2015,Sunderland,Arsenal,0,2,A,11,15,3,5,1475.8277102232487,1678.5874259315572,-202.75971570830848
2014-10-26,2014/2015,Burnley,Everton,1,3,A,14,15,3,6,1452.9872110328517,1613.075929224462,-160.08871819161027
2014-10-26,2014/2015,Man United,Chelsea,1,1,D,19,9,7,4,1604.089630750594,1775.307675390552,-171.21804463995795
2014-10-26,2014/2015,Tottenham,Newcastle,1,2,A,17,8,2,2,1613.4537170729252,1453.7438285196051,159.70988855332007
2014-10-27,2014/2015,QPR,Aston Villa,2,0,H,11,15,4,6,1347.9877048616258,1459.5864974220262,-111.5987925604004
2014-11-01,2014/2015,Leicester,West Brom,0,1,A,14,8,5,3,1488.1234976761707,1470.6961659258252,17.427331750345502
2014-11-01,2014/2015,Hull,Southampton,0,1,A,8,10,1,3,1459.1400470523306,1599.3035323432925,-140.16348529096194
2014-11-01,2014/2015,Everton,Swansea,0,0,D,17,8,3,0,1622.1845131421221,1503.7213909867628,118.46312215535932
2014-11-01,2014/2015,Chelsea,QPR,2,1,H,18,7,8,1,1768.0046353383345,1368.9572731863948,399.04736215193975
2014-11-01,2014/2015,Newcastle,Liverpool,1,0,H,14,6,3,3,1476.6210286146693,1682.8396829957308,-206.21865438106147
2014-11-01,2014/2015,Stoke,West Ham,2,2,D,21,10,6,2,1515.545351764512,1526.988109952631,-11.442758188119114
2014-11-01,2014/2015,Arsenal,Burnley,3,0,H,32,6,13,2,1686.1831160923418,1443.8786271151916,242.30448897715019
2014-11-02,2014/2015,Aston Villa,Tottenham,1,2,A,12,18,1,7,1438.6169290972573,1590.576516977861,-151.95958788060375
2014-11-02,2014/2015,Man City,Man United,1,0,H,16,9,6,2,1744.5026345599892,1611.3926708028116,133.10996375717764
2014-11-03,2014/2015,Crystal Palace,Sunderland,1,3,A,9,8,1,7,1511.505837212479,1468.232020062464,43.27381715001502
2014-11-08,2014/2015,West Ham,Aston Villa,0,0,D,21,12,5,4,1526.4613419134946,1429.2003867184965,97.26095519499813
2014-11-08,2014/2015,Southampton,Leicester,2,0,H,18,5,6,0,1609.1775491946248,1471.3216117963411,137.8559373982837
2014-11-08,2014/2015,QPR,Man City,2,2,D,17,23,4,6,1366.0336470298523,1754.6559938882435,-388.6223468583912
2014-11-08,2014/2015,Liverpool,Chelsea,1,2,A,12,15,4,5,1658.3206363115971,1770.928261494877,-112.60762518327988
2014-11-08,2014/2015,Burnley,Hull,1,0,H,14,12,3,1,1437.5221502611764,1449.2660302009983,-11.743879939821909
2014-11-08,2014/2015,Man United,Crystal Palace,1,0,H,23,6,5,1,1601.2393114745573,1493.523245821741,107.71606565281627
2014-11-09,2014/2015,Sunderland,Everton,1,1,D,10,16,3,7,1486.214611453202,1616.9311053567167,-130.71649390351467
2014-11-09,2014/2015,Swansea,Arsenal,2,1,H,11,12,5,4,1508.9747987721682,1692.539592946357,-183.56479417418882
2014-11-09,2014/2015,Tottenham,Stoke,1,2,A,14,11,4,4,1599.9930593566219,1516.0721198036483,83.92093955297355
2014-11-09,2014/2015,West Brom,Newcastle,0,2,A,10,8,2,3,1487.4980518056548,1501.140075298803,-13.642023493148145
2014-11-22,2014/2015,Leicester,Sunderland,0,0,D,13,10,4,5,1461.3566764447178,1491.965507179542,-30.608830734824323
2014-11-22,2014/2015,Stoke,Burnley,1,2,A,25,5,4,4,1535.8633754513473,1454.0627700397692,81.80060541157809
2014-11-22,2014/2015,Man City,Swansea,2,1,H,23,8,10,3,1741.7429981243308,1532.7206011342191,209.0223969901117
2014-11-22,2014/2015,Newcastle,QPR,1,0,H,14,13,6,4,1516.5121595596413,1378.946642793765,137.56551676587628
2014-11-22,2014/2015,Chelsea,West Brom,2,0,H,21,5,8,1,1781.916754552005,1472.1259675448164,309.79078700718856
2014-11-22,2014/2015,Arsenal,Man United,1,2,A,23,12,9,2,1668.7937905843062,1612.4318556496908,56.36193493461542
2014-11-22,2014/2015,Everton,West Ham,2,1,H,14,14,4,3,1611.1802096303766,1522.0957560721758,89.08445355820072
2014-11-23,2014/2015,Crystal Palace,Liverpool,3,1,H,15,12,5,1,1482.3307016466076,1647.3321432544692,-165.00144160786158
2014-11-23,2014/2015,Hull,Tottenham,1,2,A,10,23,2,6,1432.7254104224055,1580.2018037089229,-147.47639328651735
2014-11-24,2014/2015,Aston Villa,Southampton,1,1,D,7,15,1,4,1433.5659725598152,1619.1424845462482,-185.57651198643293
2014-11-29,2014/2015,Burnley,Aston Villa,1,1,D,11,18,4,7,1473.7617308403546,1441.3825066034535,32.37922423690111
2014-11-29,2014/2015,Man United,Hull,3,0,H,12,4,6,2,1631.0048873666226,1423.136457836417,207.8684295302055
2014-11-29,2014/2015,QPR,Leicester,3,2,H,32,19,6,5,1368.9702322794635,1462.7626296440023,-93.79239736453883
2014-11-29,2014/2015,Liverpool,Stoke,1,0,H,16,13,3,4,1624.2575860628572,1516.164414650762,108.09317141209522
2014-11-29,2014/2015,West Brom,Arsenal,0,1,A,9,17,1,5,1467.5212879468927,1650.2207588673743,-182.69947092048164
2014-11-29,2014/2015,West Ham,Newcastle,1,0,H,12,7,3,1,1510.110645220478,1526.4885700739428,-16.37792485346472
2014-11-29,2014/2015,Sunderland,Chelsea,0,0,D,12,24,3,6,1490.5595539802575,1786.5214341499286,-295.9618801696711
2014-11-29,2014/2015,Swansea,Crystal Palace,1,1,D,18,11,4,5,1525.3317633714464,1505.4052588382197,19.926504533226762
2014-11-30,2014/2015,Southampton,Man City,0,3,A,13,15,4,6,1611.3259505026099,1749.1318358871035,-137.80588538449365
2014-11-30,2014/2015,Tottenham,Everton,2,1,H,13,10,6,5,1589.7907562949113,1623.1653204820743,-33.37456418716306
2014-12-02,2014/2015,Man United,Stoke,2,1,H,10,5,3,4,1638.4315417710973,1504.9876638489359,133.4438779221614
2014-12-02,2014/2015,West Brom,West Ham,1,2,A,23,11,5,6,1459.236543287826,1526.864318362763,-67.62777507493706
2014-12-02,2014/2015,Swansea,QPR,2,0,H,18,5,7,1,1524.4151187684565,1389.1875778416377,135.22754092681885
2014-12-02,2014/2015,Leicester,Liverpool,1,3,A,20,11,4,3,1442.5452840818282,1635.4343368646832,-192.88905278285506
2014-12-02,2014/2015,Crystal Palace,Aston Villa,0,1,A,17,5,5,3,1506.3219034412095,1442.8693229980067,63.452580443202805
2014-12-02,2014/2015,Burnley,Newcastle,1,1,D,12,11,2,4,1472.2749144458014,1509.7348969316579,-37.45998248585647
2014-12-03,2014/2015,Sunderland,Man City,1,4,A,8,15,2,4,1501.632082498376,1759.0987483890303,-257.46666589065444
2014-12-03,2014/2015,Everton,Hull,1,1,D,13,8,5,1,1605.633075021743,1415.7098034319424,189.9232715898006
2014-12-03,2014/2015,Arsenal,Southampton,1,0,H,19,6,8,1,1658.505503526441,1601.359038000683,57.146465525758
2014-12-03,2014/2015,Chelsea,Tottenham,3,0,H,12,10,8,2,1775.4489056318102,1607.3230017552426,168.1259038765677
2014-12-06,2014/2015,Tottenham,Crystal Palace,0,0,D,14,16,3,4,1598.5128535620706,1487.4318645073904,111.08098905468023
2014-12-06,2014/2015,Stoke,Arsenal,3,2,H,13,15,4,6,1494.8476238499409,1671.8972900179651,-177.04966616802426
2014-12-06,2014/2015,Hull,West Brom,0,0,D,12,6,2,3,1423.6778045783026,1446.3121720490494,-22.634367470746838
2014-12-06,2014/2015,Liverpool,Sunderland,0,0,D,15,7,2,1,1643.3640658985094,1495.7085353474267,147.65553055108262
2014-12-06,2014/2015,Man City,Everton,1,0,H,19,9,3,2,1765.0222955399795,1597.6650738753829,167.35722166459664
2014-12-06,2014/2015,Newcastle,Chelsea,2,1,H,9,26,3,8,1508.0164546969568,1784.2590538249822,-276.2425991280254
2014-12-06,2014/2015,QPR,Burnley,2,0,H,11,15,6,3,1379.1185263321925,1473.9933566805025,-94.87483034831007
2014-12-07,2014/2015,Aston Villa,Leicester,2,1,H,16,10,7,4,1461.7593619318259,1434.615555048002,27.1438068838238
2014-12-07,2014/2015,West Ham,Swansea,3,1,H,15,11,7,2,1539.7886896015395,1534.4841702779017,5.304519323637805
2014-12-08,2014/2015,Southampton,Man United,1,2,A,15,3,4,2,1587.967251509159,1648.5715817700923,-60.60433026093324
2014-12-13,2014/2015,West Brom,Aston Villa,1,0,H,13,7,5,2,1445.2712930301175,1476.5118804803346,-31.240587450217163
2014-12-13,2014/2015,Sunderland,West Ham,1,1,D,13,19,4,8,1502.126506413429,1555.5444264381429,-53.417920024713794
2014-12-13,2014/2015,Leicester,Man City,0,1,A,7,9,1,4,1419.8630364994933,1773.8607227962518,-353.9976862967585
2014-12-13,2014/2015,Chelsea,Hull,2,0,H,12,8,3,0,1757.678527161565,1424.7186835972345,332.9598435643304
2014-12-13,2014/2015,Burnley,Southampton,1,0,H,7,15,2,4,1453.7296647067585,1574.7302178385064,-121.00055313174789
2014-12-13,2014/2015,Arsenal,Newcastle,4,1,H,17,10,4,4,1648.3832802690167,1534.596981360374,113.78629890864272
2014-12-13,2014/2015,Crystal Palace,Stoke,1,1,D,10,7,3,3,1492.3798775622477,1518.3616335988893,-25.981756036641627
2014-12-14,2014/2015,Man United,Liverpool,3,0,H,11,19,6,9,1661.808615440745,1636.946094832507,24.8625206082379
2014-12-14,2014/2015,Swansea,Tottenham,1,2,A,15,10,3,4,1518.7284334412984,1593.5648405072134,-74.83640706591495
2014-12-15,2014/2015,Everton,QPR,3,1,H,13,17,5,4,1588.8266466191105,1399.3822183059365,189.44442831317406
2014-12-20,2014/2015,Southampton,Everton,3,0,H,11,13,3,4,1553.3728057218023,1596.8752395258225,-43.50243380402026
2014-12-20,2014/2015,West Ham,Leicester,2,0,H,10,10,2,4,1553.103642468561,1416.1736431546437,136.92999931391728
2014-12-20,2014/2015,QPR,West Brom,3,2,H,17,16,7,6,1391.3336253992245,1462.706110412245,-71.37248501302042
2014-12-20,2014/2015,Tottenham,Burnley,2,1,H,23,9,6,5,1606.1708241612594,1475.0870768234627,131.0837473377967
2014-12-20,2014/2015,Hull,Swansea,0,1,A,11,13,3,3,1420.6152192485572,1506.1224497872524,-85.50723053869524
2014-12-20,2014/2015,Aston Villa,Man United,1,1,D,10,16,4,9,1459.0770630982072,1676.66560444955,-217.58854135134288
2014-12-20,2014/2015,Man City,Crystal Palace,3,0,H,15,6,3,1,1777.5501161411014,1493.574156230264,283.97595991083745
2014-12-21,2014/2015,Liverpool,Arsenal,2,2,D,27,7,10,3,1622.0891058237019,1659.3228707472533,-37.23376492355146
2014-12-21,2014/2015,Newcastle,Sunderland,0,1,A,15,16,7,3,1523.6573908821374,1504.567290383011,19.090100499126493
2014-12-22,2014/2015,Stoke,Chelsea,0,2,A,13,15,2,6,1517.167354930873,1761.7819915102423,-244.6146365793693
2014-12-26,2014/2015,West Brom,Man City,1,3,A,18,9,6,5,1443.464753400697,1782.7721299255409,-339.3073765248439
2014-12-26,2014/2015,Swansea,Aston Villa,1,0,H,7,11,2,3,1518.2623193449126,1467.9647205238143,50.29759882109829
2014-12-26,2014/2015,Sunderland,Hull,1,3,A,12,13,3,5,1521.4455383576892,1408.475349690897,112.97018866679218
2014-12-26,2014/2015,Man United,Newcastle,3,1,H,9,8,4,4,1667.777947023943,1506.7791429074591,160.99880411648383
2014-12-26,2014/2015,Leicester,Tottenham,1,2,A,22,8,6,3,1406.1720967482465,1616.4052063435217,-210.2331095952752
2014-12-26,2014/2015,Everton,Stoke,0,1,A,16,12,5,2,1578.8822824473646,1510.8783458301762,68.0039366171884
2014-12-26,2014/2015,Chelsea,West Ham,2,0,H,28,6,9,0,1768.071000610939,1563.1051888749582,204.96581173598088
2014-12-26,2014/2015,Burnley,Liverpool,0,1,A,16,10,0,3,1464.8526946412003,1623.7972498075803,-158.94455516638004
2014-12-26,2014/2015,Arsenal,QPR,2,1,H,15,16,5,2,1657.6147267633748,1410.5749824107725,247.03974435260238
2014-12-26,2014/2015,Crystal Palace,Southampton,1,3,A,11,13,4,6,1488.3521424458245,1571.3657628002602,-83.01362035443572
2014-12-28,2014/2015,Hull,Leicester,0,1,A,18,4,5,2,1429.5019103259897,1398.8227901439866,30.67912018200309
2014-12-28,2014/2015,QPR,Crystal Palace,0,0,D,11,10,3,3,1404.3562149761697,1476.1039361924131,-71.74772121624346
2014-12-28,2014/2015,Southampton,Chelsea,1,1,D,9,7,1,1,1583.6139690536716,1775.5933725365703,-191.97940348289876
2014-12-28,2014/2015,Stoke,West Brom,2,0,H,13,15,3,4,1529.9706538926157,1439.4902339490877,90.48041994352798
2014-12-28,2014/2015,Aston Villa,Sunderland,0,0,D,14,15,3,3,1454.2649636033352,1500.4189777225965,-46.15401411926132
2014-12-28,2014/2015,Man City,Burnley,2,2,D,17,12,6,3,1786.74664937715,1455.7011341264936,331.04551525065654
2014-12-28,2014/2015,Newcastle,Everton,3,2,H,13,9,6,2,1497.7046563644208,1559.789974384925,-62.085318020504246
2014-12-28,2014/2015,Tottenham,Man United,0,0,D,9,9,4,5,1623.7545129477817,1676.8524335669813,-53.09792061919961
2014-12-28,2014/2015,West Ham,Arsenal,1,2,A,14,21,4,7,1555.582816949327,1663.8334941979776,-108.25067724865062
2014-12-29,2014/2015,Liverpool,Swansea,4,1,H,21,11,11,4,1632.948810322287,1531.9620762653917,100.98673405689533
2015-01-01,2014/2015,Hull,Everton,2,0,H,14,9,5,3,1412.0927452292867,1540.9608889197286,-128.8681436904419
2015-01-01,2014/2015,Aston Villa,Crystal Palace,0,0,D,14,6,3,0,1456.3780194161359,1472.8460117390098,-16.467992322873897
2015-01-01,2014/2015,Liverpool,Leicester,2,2,D,18,16,6,3,1644.4248888130849,1416.2319552406896,228.1929335723953
2015-01-01,2014/2015,Newcastle,Burnley,3,3,D,10,15,4,4,1516.5337418296172,1467.5580874318446,48.97565439777259
2015-01-01,2014/2015,Man City,Sunderland,3,2,H,32,4,12,4,1774.889696071799,1498.3059219097959,276.58377416200324
2015-01-01,2014/2015,QPR,Swansea,1,1,D,24,25,6,6,1407.614139429573,1520.485997774594,-112.87185834502088
2015-01-01,2014/2015,Tottenham,Chelsea,5,3,H,11,19,8,7,1626.18090131799,1767.5543761834722,-141.3734748654822
2015-01-01,2014/2015,Southampton,Arsenal,2,0,H,13,11,6,6,1591.6529654067697,1675.0036516357093,-83.3506862289396
2015-01-01,2014/2015,Stoke,Man United,1,1,D,11,6,2,2,1541.8955869941874,1674.426045196773,-132.53045820258558
2015-01-01,2014/2015,West Ham,West Brom,1,1,D,8,14,3,3,1544.4126595115954,1427.565300847516,116.84735866407937
2015-01-10,2014/2015,West Brom,Hull,1,0,H,9,12,3,2,1432.7522206172905,1433.7693766419352,-1.0171560246446916
2015-01-10,2014/2015,Sunderland,Liverpool,0,1,A,5,21,1,4,1492.895283878569,1635.2052955183558,-142.3100116397868
2015-01-10,2014/2015,Swansea,West Ham,1,1,D,19,11,3,5,1515.4635188555776,1539.225739741821,-23.762220886243313
2015-01-10,2014/2015,Crystal Palace,Tottenham,2,1,H,21,9,7,5,1472.088200090324,1648.3543745934624,-176.26617450313825
2015-01-10,2014/2015,Burnley,QPR,2,1,H,18,17,7,7,1469.798678627171,1412.6366183485893,57.16206027858175
2015-01-10,2014/2015,Leicester,Aston Villa,1,0,H,11,12,3,1,1425.4515485354186,1457.1358310648216,-31.684282529402935
2015-01-10,2014/2015,Chelsea,Newcastle,2,0,H,9,11,5,5,1745.3809029079998,1514.2931506342907,231.08775227370916
2015-01-10,2014/2015,Everton,Man City,1,1,D,11,18,4,2,1519.28425750708,1780.300334103026,-261.01607659594606
2015-01-11,2014/2015,Arsenal,Stoke,3,0,H,14,7,6,2,1655.2371922627801,1547.719089862798,107.51810239998213
2015-01-11,2014/2015,Man United,Southampton,0,1,A,10,9,0,1,1668.6025423281624,1611.4194247796988,57.18311754846354
2015-01-17,2014/2015,Burnley,Crystal Palace,2,3,A,7,11,4,4,1483.1897660429509,1495.5740565745782,-12.384290531627357
2015-01-17,2014/2015,QPR,Man United,0,2,A,18,12,4,7,1399.2455309328095,1649.9926858127646,-250.74715487995513
2015-01-17,2014/2015,Newcastle,Southampton,1,2,A,16,5,3,3,1507.6013637396388,1630.0292812950966,-122.42791755545773
2015-01-17,2014/2015,Aston Villa,Liverpool,0,2,A,15,12,4,5,1439.6807474185441,1644.995152166851,-205.31440474830697
2015-01-17,2014/2015,Leicester,Stoke,0,1,A,7,13,3,3,1442.906632181696,1536.5182507636948,-93.61161858199875
2015-01-17,2014/2015,Tottenham,Sunderland,2,1,H,25,8,8,4,1624.8685181092083,1483.1054272300737,141.76309087913455
2015-01-17,2014/2015,Swansea,Chelsea,0,5,A,11,21,0,11,1516.5561065263364,1752.0726898026517,-235.51658327631526
2015-01-18,2014/2015,West Ham,Hull,3,0,H,17,9,6,3,1538.133152071062,1417.7225350097683,120.4106170612938
2015-01-18,2014/2015,Man City,Arsenal,0,2,A,12,9,4,3,1770.1258889205562,1666.4380313618833,103.68785755867293
2015-01-19,2014/2015,Everton,West Brom,0,0,D,17,5,4,0,1529.4587026895497,1448.7990622494574,80.65964044009229
2015-01-31,2014/2015,Chelsea,Man City,1,1,D,3,10,2,5,1758.6305502703208,1749.4877738359164,9.142776434404368
2015-01-31,2014/2015,West Brom,Tottenham,0,3,A,13,14,4,4,1452.4482503238041,1634.6797801352684,-182.23152981146427
2015-01-31,2014/2015,Sunderland,Burnley,2,0,H,8,13,3,4,1473.2941652040136,1467.7598422808596,5.534322923153923
2015-01-31,2014/2015,Crystal Palace,Everton,0,1,A,13,14,3,2,1511.0039803366694,1525.809514615203,-14.805534278533514
2015-01-31,2014/2015,Hull,Newcastle,0,3,A,13,12,8,5,1407.0558118036413,1497.0170582004146,-89.96124639677328
2015-01-31,2014/2015,Stoke,QPR,3,1,H,15,14,3,4,1548.3086530296719,1393.1329927600482,155.17566026962368
2015-01-31,2014/2015,Liverpool,West Ham,2,0,H,21,7,7,2,1652.5059837800252,1548.7998752771891,103.70610850283606
2015-01-31,2014/2015,Man United,Leicester,3,1,H,12,4,5,1,1656.105223985526,1431.116229915719,224.98899406980695
2015-02-01,2014/2015,Arsenal,Aston Villa,5,0,H,13,9,8,2,1687.0761464465231,1432.16991580537,254.90623064115312
2015-02-01,2014/2015,Southampton,Swansea,0,1,A,15,6,6,1,1640.6135868343208,1509.9982460586673,130.61534077565352
2015-02-07,2014/2015,Leicester,Crystal Palace,0,1,A,19,14,5,2,1424.236743355471,1495.6853879737641,-71.4486446182932
2015-02-07,2014/2015,Everton,Liverpool,0,0,D,6,17,1,6,1541.1281069781082,1663.8670988476126,-122.73899186950439
2015-02-07,2014/2015,Aston Villa,Chelsea,1,2,A,8,12,1,5,1426.1748923142216,1758.2096070163175,-332.0347147020959
2015-02-07,2014/2015,Man City,Hull,1,1,D,18,7,5,3,1749.9087170899197,1395.1085122951406,354.8002047947791
2015-02-07,2014/2015,Tottenham,Arsenal,2,1,H,23,7,8,3,1642.9810743269918,1693.0711699376716,-50.09009561067978
2015-02-07,2014/2015,Swansea,Sunderland,1,1,D,16,4,7,1,1531.7450848922192,1489.0393217686294,42.705763123589804
2015-02-07,2014/2015,QPR,Southampton,0,1,A,12,16,3,5,1383.83901075856,1618.866748000769,-235.0277372422088
2015-02-08,2014/2015,Newcastle,Stoke,1,1,D,9,7,3,3,1508.9643577089153,1557.60263503116,-48.638277322244676
2015-02-08,2014/2015,West Ham,Man United,1,1,D,13,18,6,6,1537.4387602096017,1662.984710545774,-125.54595033617238
2015-02-08,2014/2015,Burnley,West Brom,2,2,D,12,12,5,5,1452.0146857162438,1444.1469561320807,7.867729584163044
2015-02-10,2014/2015,Sunderland,QPR,0,2,A,16,19,5,4,1490.9961497710956,1377.2664659625796,113.72968380851603
2015-02-10,2014/2015,Liverpool,Tottenham,3,2,H,16,14,7,5,1658.438723994543,1661.271958233,-2.8332342384571803
2015-02-10,2014/2015,Arsenal,Leicester,2,1,H,17,11,7,4,1674.7802860316633,1411.4814635561743,263.29882247548903
2015-02-10,2014/2015,Hull,Aston Villa,2,0,H,10,11,4,4,1407.4341709078615,1422.0523396088588,-14.61816870099733
2015-02-11,2014/2015,Man United,Burnley,3,1,H,11,13,7,3,1657.4422648911038,1451.6524252997024,205.78983959140146
2015-02-11,2014/2015,Southampton,West Ham,0,0,D,21,4,7,1,1625.4392927967494,1542.981205864272,82.4580869324775
2015-02-11,2014/2015,Stoke,Man City,1,4,A,17,14,5,8,1555.3772780093088,1737.5830584771988,-182.20578046789
2015-02-11,2014/2015,West Brom,Swansea,2,0,H,11,10,4,3,1444.5092165486221,1529.788256889753,-85.2790403411309
2015-02-11,2014/2015,Chelsea,Everton,1,0,H,21,7,7,4,1762.3321597216802,1546.556481831178,215.77567789050227
2015-02-11,2014/2015,Crystal Palace,Newcastle,1,1,D,7,5,3,1,1508.4406677730608,1511.1897147307664,-2.749046957705559
2015-02-21,2014/2015,Hull,QPR,2,1,H,16,8,6,3,1424.1069654940868,1398.324528942762,25.782436551324736
2015-02-21,2014/2015,Swansea,Man United,2,1,H,11,18,6,3,1509.9380249062017,1664.9373768382125,-154.99935193201077
2015-02-21,2014/2015,Sunderland,West Brom,0,0,D,13,5,2,1,1469.938086790913,1464.3594485321735,5.578638258739602
2015-02-21,2014/2015,Chelsea,Burnley,1,1,D,14,10,5,5,1769.5023950401217,1444.1573133525937,325.3450816875279
2015-02-21,2014/2015,Aston Villa,Stoke,1,2,A,3,11,2,6,1405.3795450226335,1547.0750725250712,-141.6955275024377
2015-02-21,2014/2015,Crystal Palace,Arsenal,1,2,A,22,12,3,4,1508.567263422086,1680.543487309053,-171.9762238869671
2015-02-21,2014/2015,Man City,Newcastle,5,0,H,16,8,9,1,1745.8852639614365,1511.0631190817412,234.82214487969532
2015-02-22,2014/2015,Southampton,Liverpool,0,2,A,13,6,5,4,1621.7116846819174,1674.569196360902,-52.857511678984565
2015-02-22,2014/2015,Everton,Leicester,2,2,D,18,15,3,4,1539.3862465127365,1405.7182622787846,133.66798423395198
2015-02-22,2014/2015,Tottenham,West Ham,2,2,D,27,12,8,5,1645.141485866641,1546.708813979104,98.43267188753703
2015-02-28,2014/2015,West Brom,Southampton,1,0,H,7,12,3,2,1464.6163322422897,1608.1272552887447,-143.510923046455
2015-02-28,2014/2015,Stoke,Hull,1,0,H,17,1,2,0,1556.8889806569275,1438.9218150767479,117.96716558017965
2015-02-28,2014/2015,West Ham,Crystal Palace,1,3,A,22,12,5,5,1551.1242961586288,1499.8979171748442,51.22637898378457
2015-02-28,2014/2015,Man United,Sunderland,2,0,H,30,5,10,3,1642.23805327142,1469.6812030807969,172.5568501906232
2015-02-28,2014/2015,Burnley,Swansea,0,1,A,13,8,6,2,1455.8944711812294,1532.637348472994,-76.74287729176467
2015-02-28,2014/2015,Newcastle,Aston Villa,1,0,H,14,13,5,3,1504.4843912672395,1395.5656368907771,108.9187543764624
2015-03-01,2014/2015,Arsenal,Everton,2,0,H,17,8,4,2,1689.2128335562948,1533.5173525067073,155.69548104958744
2015-03-01,2014/2015,Liverpool,Man City,2,1,H,11,8,5,1,1688.1536257540747,1752.4639917759382,-64.3103660218635
2015-03-03,2014/2015,Aston Villa,West Brom,2,1,H,16,3,8,1,1384.423425800613,1486.87338505052,-102.44995924990712
2015-03-03,2014/2015,Hull,Sunderland,1,1,D,15,9,5,3,1428.1548359232982,1461.0329665731956,-32.87813064989746
2015-03-03,2014/2015,Southampton,Crystal Palace,1,0,H,23,9,3,3,1585.8702024805143,1518.2400319414714,67.63017053904287
2015-03-04,2014/2015,West Ham,Chelsea,0,1,A,18,12,5,3,1532.7821813920016,1757.765237211486,-224.98305581948443
2015-03-04,2014/2015,Tottenham,Swansea,3,2,H,20,10,7,5,1640.7260036871162,1545.1595848551865,95.5664188319297
2015-03-04,2014/2015,Stoke,Everton,2,0,H,11,10,3,5,1567.6559598103772,1524.2430915347709,43.41286827560634
2015-03-04,2014/2015,Liverpool,Burnley,2,0,H,20,9,8,1,1707.0818612434289,1443.372234799037,263.7096264443919
2015-03-04,2014/2015,Newcastle,Man United,0,1,A,9,11,2,5,1515.6266023574037,1650.8862897790214,-135.25968742161763
2015-03-04,2014/2015,Man City,Leicester,2,0,H,22,6,9,2,1733.535756286584,1411.5871562848138,321.9486000017703
2015-03-04,2014/2015,QPR,Arsenal,1,2,A,10,20,3,9,1383.509679360101,1698.4870945282312,-314.97741516813016
2015-03-07,2014/2015,QPR,Tottenham,1,2,A,17,13,6,6,1379.0214503385278,1652.4327402602987,-273.41128992177096
2015-03-14,2014/2015,Sunderland,Aston Villa,0,4,A,12,14,2,8,1459.5233761428526,1405.009270216978,54.514105925874674
2015-03-14,2014/2015,Leicester,Hull,0,0,D,15,12,3,5,1407.251551556797,1429.6644263536411,-22.412874796844108
2015-03-14,2014/2015,West Brom,Stoke,1,0,H,14,9,5,2,1466.287540634155,1581.6670635127555,-115.37952287860048
2015-03-14,2014/2015,Burnley,Man City,1,0,H,10,21,4,5,1437.6201992321196,1737.8713610146008,-300.2511617824812
2015-03-14,2014/2015,Arsenal,West Ham,3,0,H,19,7,9,1,1702.9753235498044,1525.9025102227026,177.0728133271018
2015-03-14,2014/2015,Crystal Palace,QPR,3,1,H,15,11,4,4,1505.3157669414804,1373.528211938633,131.7875550028475
2015-03-15,2014/2015,Man United,Tottenham,3,0,H,11,5,3,1,1660.954064348661,1657.9259786601936,3.0280856884673995
2015-03-15,2014/2015,Chelsea,Southampton,1,1,D,22,12,7,5,1764.644908380785,1598.7944674805053,165.85044090027964
2015-03-15,2014/2015,Everton,Newcastle,3,0,H,15,12,9,4,1510.2319878323926,1505.5588277877641,4.673160044628503
2015-03-16,2014/2015,Swansea,Liverpool,0,1,A,10,16,3,5,1533.452848282004,1712.8338968103462,-179.38104852834226
2015-03-21,2014/2015,West Ham,Sunderland,1,0,H,15,7,4,3,1517.417350814812,1441.0333095889428,76.38404122586917
2015-03-21,2014/2015,Stoke,Crystal Palace,1,2,A,17,12,4,3,1560.5407186932864,1515.521966927092,45.01875176619433
2015-03-21,2014/2015,Southampton,Burnley,2,0,H,20,15,3,3,1605.9004446838205,1464.794780966768,141.1056637170525
2015-03-21,2014/2015,Tottenham,Leicester,4,3,H,10,14,4,5,1642.0654236287737,1408.2822732096304,233.78315041914334
2015-03-21,2014/2015,Man City,West Brom,3,0,H,43,3,16,0,1710.6967792799524,1487.413885453624,223.2828938263283
2015-03-21,2014/2015,Aston Villa,Swansea,0,1,A,12,9,3,6,1423.4993367708878,1525.0502790528585,-101.55094228197072
2015-03-21,2014/2015,Newcastle,Arsenal,1,2,A,16,7,4,3,1489.7740217838211,1711.4604829576951,-221.68646117387402
2015-03-22,2014/2015,Hull,Chelsea,2,3,A,19,8,8,3,1428.6337047008078,1757.5389311774697,-328.90522647666194
2015-03-22,2014/2015,Liverpool,Man United,1,2,A,7,6,1,4,1721.2364660394917,1676.8146193800808,44.4218466594109
2015-03-22,2014/2015,QPR,Everton,1,2,A,14,8,1,3,1363.3220119530213,1526.0167938363356,-162.69478188331436
2015-04-04,2014/2015,West Brom,QPR,1,4,A,21,12,6,7,1480.4812115043626,1354.3108608676614,126.17035063670119
2015-04-04,2014/2015,Arsenal,Liverpool,4,1,H,16,13,10,2,1718.443194268985,1703.2018391863553,15.241355082629752
2015-04-04,2014/2015,Chelsea,Stoke,2,1,H,19,7,10,2,1761.7266167387302,1542.4790537867925,219.24756295193765
2015-04-04,2014/2015,Everton,Southampton,1,0,H,11,11,1,2,1535.0279449216955,1615.7374716002535,-80.70952667855795
2015-04-04,2014/2015,Leicester,West Ham,2,1,H,20,14,7,7,1401.6722325690562,1529.955335006292,-128.2831024372358
2015-04-04,2014/2015,Man United,Aston Villa,3,1,H,19,4,7,2,1694.8492462332172,1412.0471528513522,282.802093381865
2015-04-04,2014/2015,Swansea,Hull,3,1,H,9,10,4,1,1536.5024629723941,1424.4460191395474,112.05644383284675
2015-04-05,2014/2015,Sunderland,Newcastle,1,0,H,16,10,4,1,1428.4953253974627,1482.7913104725312,-54.29598507506853
2015-04-05,2014/2015,Burnley,Tottenham,0,0,D,15,12,4,2,1454.957754050335,1648.675464269348,-193.71771021901282
2015-04-06,2014/2015,Crystal Palace,Man City,2,1,H,5,22,3,4,1533.583631833586,1717.6294532292138,-184.04582139562785
2015-04-07,2014/2015,Aston Villa,QPR,3,3,D,21,11,7,5,1406.795543390696,1375.8785950303818,30.91694836031411
2015-04-11,2014/2015,West Brom,Leicester,2,3,A,8,12,5,4,1458.9134773416422,1423.3252991381216,35.588178203520556
2015-04-11,2014/2015,Tottenham,Aston Villa,0,1,A,14,10,3,3,1640.5767750676705,1405.3755115142162,235.20126355345428
2015-04-11,2014/2015,Swansea,Everton,1,1,D,11,12,3,8,1547.5138600151552,1554.6793107678457,-7.165450752690504
2015-04-11,2014/2015,West Ham,Stoke,1,1,D,11,18,3,2,1508.3022684372265,1535.4193978812452,-27.1171294440187
2015-04-11,2014/2015,Southampton,Hull,2,0,H,9,15,4,4,1596.0861057541033,1413.4346220967864,182.65148365731693
2015-04-11,2014/2015,Burnley,Arsenal,0,1,A,8,17,4,5,1463.0564432520125,1733.74175382506,-270.68531057304745
2015-04-11,2014/2015,Sunderland,Crystal Palace,1,4,A,12,14,3,5,1446.9755894488328,1557.3463832634047,-110.37079381457193
2015-04-12,2014/2015,Man United,Man City,4,2,H,11,10,7,3,1700.1008556938734,1693.866701799395,6.234153894478368
2015-04-12,2014/2015,QPR,Chelsea,0,1,A,15,9,4,1,1377.2986269068615,1768.7862726442775,-391.48764573741596
2015-04-13,2014/2015,Liverpool,Newcastle,2,0,H,14,10,6,3,1687.9032796302804,1464.311046421161,223.59223320911929
2015-04-18,2014/2015,Stoke,Southampton,2,1,H,15,12,2,6,1534.1731375103295,1604.3725465760567,-70.1994090657272
2015-04-18,2014/2015,Chelsea,Man United,1,0,H,7,15,2,2,1771.8275769887189,1715.813793104593,56.013783884125814
2015-04-18,2014/2015,Leicester,Swansea,2,0,H,18,10,6,6,1440.958487436968,1547.8437944398956,-106.88530700292768
2015-04-18,2014/2015,Everton,Burnley,1,0,H,21,10,8,1,1554.3493763431052,1457.491434046481,96.85794229662429
2015-04-18,2014/2015,Crystal Palace,West Brom,0,2,A,19,8,4,4,1568.4279667315066,1441.2802890427959,127.1476776887107
2015-04-19,2014/2015,Newcastle,Tottenham,1,3,A,11,14,5,8,1457.388038109954,1615.144104558989,-157.75606644903496
2015-04-19,2014/2015,Man City,West Ham,2,0,H,18,9,3,3,1678.1537643886754,1509.5485288081422,168.6052355805332
2015-04-25,2014/2015,Crystal Palace,Hull,0,2,A,7,21,3,7,1546.8207138593943,1405.148181274833,141.6725325845614
2015-04-25,2014/2015,Man City,Aston Villa,3,2,H,11,13,4,4,1686.9463068685582,1430.8081820228977,256.1381248456605
2015-04-25,2014/2015,Burnley,Leicester,0,1,A,12,8,4,4,1445.8398367144566,1461.7311143671886,-15.891277652732015
2015-04-25,2014/2015,Newcastle,Swansea,2,3,A,12,11,4,6,1448.191707591201,1527.071167509675,-78.87945991847391
2015-04-25,2014/2015,QPR,West Ham,0,0,D,18,8,7,2,1374.25732256242,1500.7559863282595,-126.49866376583941
2015-04-25,2014/2015,West Brom,Liverpool,0,0,D,10,22,4,5,1462.887541914908,1694.8262879414874,-231.93874602657934
2015-04-25,2014/2015,Southampton,Tottenham,2,2,D,13,7,4,2,1585.183029868734,1624.340435077742,-39.157405209008175
2015-04-25,2014/2015,Stoke,Sunderland,1,1,D,23,15,8,5,1553.3626542176523,1435.894005980731,117.46864823692135
2015-04-26,2014/2015,Arsenal,Chelsea,0,0,D,12,7,1,3,1739.3067630305916,1785.270166099315,-45.96340306872344
2015-04-26,2014/2015,Everton,Man United,3,0,H,9,17,7,4,1566.0009736751294,1702.371203993997,-136.37023031886747
2015-04-28,2014/2015,Hull,Liverpool,1,0,H,7,12,4,9,1427.3333724609636,1685.4921857689374,-258.1588133079738
2015-04-29,2014/2015,Leicester,Chelsea,1,3,A,8,11,2,4,1476.9998038912488,1783.1657357736835,-306.16593188243473
2015-05-02,2014/2015,Aston Villa,Everton,3,2,H,11,9,4,5,1424.847630242722,1587.9772587899165,-163.12962854719444
2015-05-02,2014/2015,Leicester,Newcastle,3,0,H,19,12,7,3,1472.3122546616346,1435.7630895219522,36.54916513968237
2015-05-02,2014/2015,Sunderland,Southampton,2,1,H,12,11,6,2,1441.1065154318337,1586.9786984643335,-145.87218303249983
2015-05-02,2014/2015,Liverpool,QPR,2,1,H,25,10,8,2,1659.3965245911643,1379.8383408889251,279.55818370223915
2015-05-02,2014/2015,West Ham,Burnley,1,0,H,29,8,7,2,1495.1749680017545,1430.5711471903965,64.60382081135799
2015-05-02,2014/2015,Swansea,Stoke,2,0,H,16,9,4,3,1539.4997855789238,1548.1501447665496,-8.650359187625781
2015-05-02,2014/2015,Man United,West Brom,0,1,A,26,6,9,3,1680.3949188792099,1472.2216440874581,208.17327479175174
2015-05-03,2014/2015,Tottenham,Man City,0,1,A,21,15,5,4,1622.5447664821424,1692.9068586487338,-70.36209216659131
2015-05-03,2014/2015,Chelsea,Crystal Palace,1,0,H,17,8,7,1,1787.8532850032977,1524.6355226732637,263.217762330034
2015-05-04,2014/2015,Hull,Arsenal,1,3,A,8,22,1,9,1453.4290336387367,1741.411193356223,-287.9821597174864
2015-05-09,2014/2015,Aston Villa,West Ham,1,0,H,15,5,5,1,1447.8526749336518,1508.2336730879986,-60.3809981543468
2015-05-09,2014/2015,Crystal Palace,Man United,1,2,A,13,13,4,4,1518.8701161726701,1655.811570095832,-136.94145392316182
2015-05-09,2014/2015,Hull,Burnley,0,1,A,21,8,3,2,1448.3070140625314,1417.5124421041523,30.794571958379038
2015-05-09,2014/2015,Stoke,Tottenham,3,0,H,17,9,9,3,1531.751863298717,1609.7414766380682,-77.98961333935131
2015-05-09,2014/2015,Leicester,Southampton,2,0,H,10,10,3,3,1486.6352848521024,1564.629781067622,-77.99449621551958
2015-05-09,2014/2015,Newcastle,West Brom,1,1,D,15,8,5,3,1421.4400593314845,1496.804992870836,-75.36493353935157
2015-05-09,2014/2015,Everton,Sunderland,0,2,A,22,10,4,3,1564.9722140989868,1463.4554328285453,101.51678127044147
2015-05-10,2014/2015,Man City,QPR,6,0,H,23,9,11,3,1705.710148492808,1374.5042446390944,331.2059038537136
2015-05-10,2014/2015,Chelsea,Liverpool,1,1,D,8,15,3,4,1793.6186915038913,1664.730620840995,128.88807066289633
2015-05-11,2014/2015,Arsenal,Swansea,0,1,A,23,8,9,3,1746.5332129324283,1555.8980670467565,190.63514588567182
2015-05-16,2014/2015,Burnley,Stoke,0,0,D,11,11,4,3,1434.9268825559698,1551.2842857998958,-116.357403243926
2015-05-16,2014/2015,Liverpool,Crystal Palace,1,3,A,18,15,3,6,1670.4080543959612,1508.8690231228666,161.53903127309468
2015-05-16,2014/2015,QPR,Newcastle,2,1,H,8,22,4,8,1370.3645267167606,1424.8573124874206,-54.49278577066002
2015-05-16,2014/2015,Southampton,Aston Villa,6,1,H,18,9,11,4,1545.097144662757,1466.6056620290342,78.49148263372285
2015-05-16,2014/2015,Sunderland,Leicester,0,0,D,13,11,3,0,1484.0018027949086,1506.1679212569672,-22.166118462058648
2015-05-16,2014/2015,West Ham,Everton,1,2,A,13,21,3,5,1489.4806859926161,1544.4258441326235,-54.94515814000738
2015-05-16,2014/2015,Tottenham,Hull,2,0,H,10,14,3,2,1590.2090541368893,1430.892573610714,159.31648052617538
2015-05-17,2014/2015,Swansea,Man City,2,4,A,13,22,9,11,1579.8906957291122,1709.8498664151418,-129.95917068602967
2015-05-17,2014/2015,Man United,Arsenal,1,1,D,12,5,4,3,1665.8126631456355,1722.5405842500727,-56.7279211044372
2015-05-18,2014/2015,West Brom,Chelsea,3,0,H,9,12,5,3,1493.3877397149,1787.941257948925,-294.5535182340252
2015-05-20,2014/2015,Arsenal,Sunderland,0,0,D,28,7,8,3,1719.9511369077632,1485.021207540863,234.92992936690007
2015-05-24,2014/2015,Arsenal,West Brom,4,1,H,24,14,13,5,1710.5266226563674,1520.4263767514167,190.10024590495073
2015-05-24,2014/2015,Aston Villa,Burnley,0,1,A,16,6,5,3,1454.1600629138409,1440.0936010947848,14.06646181905603
2015-05-24,2014/2015,Chelsea,Sunderland,3,1,H,24,17,8,9,1760.9026209124083,1494.4457217922588,266.4568991201495
2015-05-24,2014/2015,Crystal Palace,Swansea,1,0,H,13,5,7,2,1531.814740270874,1569.6111973231068,-37.79645705223288
2015-05-24,2014/2015,Everton,Tottenham,0,1,A,9,16,1,3,1557.9164114322002,1599.346631209211,-41.430219777010734
2015-05-24,2014/2015,Hull,Man United,0,0,D,16,7,6,1,1421.7549965383923,1668.402110487945,-246.6471139495527
2015-05-24,2014/2015,Leicester,QPR,5,1,H,22,18,7,2,1505.1485165110128,1388.8536352124268,116.294881298586
2015-05-24,2014/2015,Man City,Southampton,2,0,H,15,13,6,4,1720.1293648211472,1557.5427437779504,162.58662104319683
2015-05-24,2014/2015,Newcastle,West Ham,2,0,H,17,4,4,1,1406.3682039917544,1475.9901186930394,-69.62191470128505
2015-05-24,2014/2015,Stoke,Liverpool,6,1,H,15,13,9,4,1546.1175672610807,1647.4623372479539,-101.34476998687319
2015-08-08,2015/2016,Man United,Tottenham,1,0,H,9,9,1,4,1658.6322096882857,1613.447691250286,45.184518437999714
2015-08-08,2015/2016,Leicester,Sunderland,4,2,H,19,10,8,5,1515.984377124545,1488.7679234444931,27.216453680051927
2015-08-08,2015/2016,Norwich,Crystal Palace,1,3,A,17,11,6,7,1404.6497020544439,1549.548497391731,-144.89879533728708
2015-08-08,2015/2016,Chelsea,Swansea,2,2,D,11,18,3,10,1766.580419260174,1551.8774402022498,214.70297905792427
2015-08-08,2015/2016,Bournemouth,Aston Villa,0,1,A,11,7,2,3,1500.0,1437.5126321166674,62.48736788333258
2015-08-08,2015/2016,Everton,Watford,2,2,D,10,11,5,5,1543.8153513911252,1500.0,43.815351391125205
2015-08-09,2015/2016,Stoke,Liverpool,0,1,A,7,8,1,3,1566.6566543672172,1626.9232501418173,-60.26659577460009
2015-08-09,2015/2016,Arsenal,West Ham,0,2,A,22,8,6,4,1718.5524943217536,1456.8261481996824,261.72634612207116
2015-08-09,2015/2016,Newcastle,Southampton,2,2,D,9,15,4,5,1425.5321744851115,1548.5275615114406,-122.99538702632913
2015-08-10,2015/2016,West Brom,Man City,0,3,A,9,19,2,7,1512.4005050860305,1729.144547087657,-216.74404200162644
2015-08-14,2015/2016,Aston Villa,Man United,0,1,A,5,9,1,2,1456.3596501194168,1672.563038153917,-216.20338803450022
2015-08-15,2015/2016,Southampton,Everton,0,3,A,17,10,4,4,1543.0887409540974,1541.8082090997339,1.2805318543635167
2015-08-15,2015/2016,Sunderland,Norwich,1,3,A,6,19,2,6,1474.0187300131654,1394.9608095071392,79.05792050602622
2015-08-15,2015/2016,Swansea,Newcastle,2,0,H,19,4,6,2,1560.6727913902434,1430.9709950424547,129.7017963477888
2015-08-15,2015/2016,Tottenham,Stoke,2,2,D,13,16,7,7,1599.5168627846547,1553.4045287217268,46.11233406292786
2015-08-15,2015/2016,Watford,West Brom,0,0,D,16,6,5,0,1502.0071422913913,1505.2612355320034,-3.2540932406120646
2015-08-15,2015/2016,West Ham,Leicester,1,2,A,10,11,3,6,1483.020050515858,1530.7335705558728,-47.71352004001483
2015-08-16,2015/2016,Man City,Chelsea,3,0,H,18,10,8,3,1736.283816641684,1757.7850680721804,-21.501251430496268
2015-08-16,2015/2016,Crystal Palace,Arsenal,1,2,A,11,20,4,7,1559.2373899390357,1692.358592005578,-133.1212020665423
2015-08-17,2015/2016,Liverpool,Bournemouth,1,0,H,18,13,2,2,1640.1753757873078,1481.1529819972507,159.0223937900571
2015-08-22,2015/2016,Crystal Palace,Aston Villa,2,1,H,16,11,6,2,1549.0844790421559,1449.2031036242843,99.8813754178716
2015-08-22,2015/2016,Leicester,Tottenham,1,1,D,13,19,2,6,1544.5499917271638,1597.4056929615267,-52.85570123436287
2015-08-22,2015/2016,Man United,Newcastle,0,0,D,20,7,8,0,1679.7195846490495,1420.6811564660475,259.038428183002
2015-08-22,2015/2016,Norwich,Stoke,1,1,D,21,6,7,1,1414.539999487135,1555.5156985448548,-140.9756990577198
2015-08-22,2015/2016,West Ham,Bournemouth,3,4,A,10,15,4,7,1469.203629344567,1472.0043490769947,-2.8007197324277513
2015-08-22,2015/2016,Sunderland,Swansea,1,1,D,10,20,2,9,1454.4395400331696,1570.9626299666506,-116.52308993348106
2015-08-23,2015/2016,West Brom,Chelsea,2,3,A,15,15,6,5,1505.1113833820425,1740.796160976368,-235.6847775943254
2015-08-23,2015/2016,Watford,Southampton,0,0,D,13,14,0,5,1502.1569944413523,1527.0297705499386,-24.872776108586322
2015-08-23,2015/2016,Everton,Man City,0,2,A,10,16,1,9,1557.8671795038927,1753.2727237374966,-195.4055442336039
2015-08-24,2015/2016,Arsenal,Liverpool,0,0,D,19,15,5,8,1702.5115029024578,1649.3240087075637,53.18749419489404
2015-08-29,2015/2016,Aston Villa,Sunderland,2,2,D,21,7,6,3,1437.6801489590619,1459.6130920215633,-21.93294306250141
2015-08-29,2015/2016,Bournemouth,Leicester,1,1,D,5,4,2,2,1487.8753739605436,1546.9654808602072,-59.090106899663624
2015-08-29,2015/2016,Chelsea,Crystal Palace,1,2,A,26,13,9,6,1747.3489747293404,1560.6074337073783,186.74154102196212
2015-08-29,2015/2016,Liverpool,West Ham,0,3,A,13,12,1,5,1651.754427070669,1453.332604461018,198.42182260965092
2015-08-29,2015/2016,Man City,Watford,2,0,H,18,7,5,0,1761.1163634653246,1503.3004753045434,257.81588816078124
2015-08-29,2015/2016,Newcastle,Arsenal,0,1,A,1,22,0,9,1430.8011589407877,1700.0810845393526,-269.2799255985649
2015-08-29,2015/2016,Stoke,West Brom,0,1,A,13,15,5,5,1549.357823292247,1498.55856962907,50.79925366317707
2015-08-29,2015/2016,Tottenham,Everton,0,0,D,20,8,6,3,1594.9902038284833,1550.0235397760646,44.966664052418764
2015-08-30,2015/2016,Southampton,Norwich,3,0,H,23,6,8,1,1525.8862896867474,1420.6978747397427,105.18841494700473
2015-08-30,2015/2016,Swansea,Man United,2,1,H,9,11,4,4,1565.789077978257,1669.5995821743093,-103.8105041960523
2015-09-12,2015/2016,Crystal Palace,Man City,0,1,A,10,21,2,7,1584.46474761951,1767.0302130436762,-182.56546542416618
2015-09-12,2015/2016,Arsenal,Stoke,2,0,H,29,9,12,4,1705.6833836202463,1531.0349603479485,174.6484232722978
2015-09-12,2015/2016,Everton,Chelsea,3,1,H,14,15,9,2,1552.0828457361024,1723.4916608172086,-171.40881508110624
2015-09-12,2015/2016,West Brom,Southampton,0,0,D,8,14,1,4,1516.8814325733686,1537.184957780536,-20.303525207167468
2015-09-12,2015/2016,Norwich,Bournemouth,3,1,H,12,7,4,2,1409.399206645954,1490.5706366433524,-81.17142999739826
2015-09-12,2015/2016,Man United,Liverpool,3,1,H,9,8,3,4,1648.9562941510717,1627.495714492074,21.46057965899763
2015-09-12,2015/2016,Watford,Swansea,1,0,H,17,8,6,3,1497.3866257261918,1586.4323660014945,-89.0457402753027
2015-09-13,2015/2016,Sunderland,Tottenham,0,1,A,12,15,2,4,1458.6043822658132,1592.9308978684455,-134.3265156026323
2015-09-13,2015/2016,Leicester,Aston Villa,3,2,H,21,11,6,4,1544.2702181773984,1438.6888587148119,105.58135946258653
2015-09-14,2015/2016,West Ham,Newcastle,2,0,H,17,14,3,4,1477.591317039613,1425.198859859894,52.39245717971903
2015-09-19,2015/2016,Aston Villa,West Brom,0,1,A,13,11,3,6,1427.4067185334834,1517.8153815508324,-90.408663017349
2015-09-19,2015/2016,Bournemouth,Sunderland,2,0,H,15,9,5,2,1470.8991133065445,1448.4995041712057,22.39960913533878
2015-09-19,2015/2016,Chelsea,Arsenal,2,0,H,22,9,7,2,1700.1816675128116,1714.2558459693155,-14.074178456503887
2015-09-19,2015/2016,Man City,West Ham,1,2,A,27,6,8,3,1775.3196948405814,1491.1966790563345,284.12301578424695
2015-09-19,2015/2016,Newcastle,Watford,1,2,A,15,13,5,4,1411.5934978431724,1517.3998442720751,-105.80634642890277
2015-09-19,2015/2016,Stoke,Leicester,2,2,D,11,12,4,5,1522.4624979988794,1555.552358358727,-33.089860359847535
2015-09-19,2015/2016,Swansea,Everton,0,0,D,12,17,3,2,1566.4191474556112,1575.3928390404994,-8.973691584888229
2015-09-20,2015/2016,Liverpool,Norwich,1,1,D,23,7,7,2,1612.4827557251024,1429.070729982762,183.41202574234035
2015-09-20,2015/2016,Southampton,Man United,2,3,A,15,10,8,3,1536.2510088030722,1663.9692529180434,-127.71824411497118
2015-09-20,2015/2016,Tottenham,Crystal Palace,1,0,H,22,12,6,4,1603.035775963053,1576.1752658226048,26.86051014044824
2015-09-26,2015/2016,Stoke,Bournemouth,2,1,H,8,11,5,6,1523.9817515886841,1485.8690000262654,38.11275156241868
2015-09-26,2015/2016,West Ham,Norwich,2,2,D,19,16,7,7,1517.9783633849831,1436.8111447679373,81.16721861704582
2015-09-26,2015/2016,Tottenham,Man City,4,1,H,15,22,8,8,1617.8012623225454,1748.5380105119327,-130.7367481893873
2015-09-26,2015/2016,Southampton,Swansea,3,1,H,18,11,7,4,1525.8812968537134,1566.8323093551323,-40.95101250141897
2015-09-26,2015/2016,Newcastle,Chelsea,2,2,D,11,16,5,4,1400.320816035817,1716.8294530920905,-316.5086370562735
2015-09-26,2015/2016,Man United,Sunderland,3,0,H,12,9,7,4,1674.3389648674022,1433.5296174514847,240.8093474159175
2015-09-26,2015/2016,Liverpool,Aston Villa,3,2,H,21,10,12,4,1604.742340939927,1415.478695098498,189.26364584142902
2015-09-26,2015/2016,Leicester,Arsenal,2,5,A,16,26,7,12,1554.0331047689222,1697.6080603900366,-143.57495562111444
2015-09-27,2015/2016,Watford,Crystal Palace,0,1,A,15,16,2,3,1528.6725260794306,1561.4097794631125,-32.737253383681946
2015-09-28,2015/2016,West Brom,Everton,2,3,A,9,12,4,4,1529.7434049858177,1574.9796771409783,-45.23627215516058
2015-10-03,2015/2016,Norwich,Leicester,1,2,A,17,16,2,5,1440.482484375283,1544.2926552375252,-103.8101708622421
2015-10-03,2015/2016,Bournemouth,Watford,1,1,D,12,11,6,2,1471.6171505931259,1514.1756863779858,-42.55853578485994
2015-10-03,2015/2016,Chelsea,Southampton,1,3,A,10,13,3,5,1705.2837774324523,1543.7584758041576,161.52530162829476
2015-10-03,2015/2016,Aston Villa,Stoke,0,1,A,13,12,2,5,1407.4238313576902,1538.2336010218237,-130.80976966413346
2015-10-03,2015/2016,Man City,Newcastle,6,1,H,23,6,11,4,1726.7863025601077,1411.8664916954551,314.9198108646526
2015-10-03,2015/2016,Crystal Palace,West Brom,2,0,H,21,7,8,2,1575.9066191645572,1515.8149199615061,60.09169920305112
2015-10-03,2015/2016,Sunderland,West Ham,2,2,D,12,20,3,6,1427.1291856858813,1514.3070237776374,-87.17783809175603
2015-10-04,2015/2016,Arsenal,Man United,3,0,H,12,9,5,5,1707.3485099214336,1680.7393966330055,26.609113288428034
2015-10-04,2015/2016,Everton,Liverpool,1,1,D,14,13,4,4,1588.90816216529,1612.797204680735,-23.889042515445
2015-10-04,2015/2016,Swansea,Tottenham,2,2,D,11,19,2,11,1548.9551304046881,1639.5529702743704,-90.59783986968228
2015-10-17,2015/2016,West Brom,Sunderland,1,0,H,8,9,1,2,1502.5549769201334,1431.0616879351269,71.49328898500653
2015-10-17,2015/2016,Everton,Man United,0,3,A,12,10,3,7,1590.00656280874,1665.962401302023,-75.95583849328295
2015-10-17,2015/2016,Crystal Palace,West Ham,1,3,A,6,24,1,4,1589.16656220593,1510.3745215283918,78.79204067753813
2015-10-17,2015/2016,Chelsea,Aston Villa,2,0,H,9,8,3,1,1682.3385734153403,1397.178467291215,285.1601061241254
2015-10-17,2015/2016,Tottenham,Liverpool,0,0,D,13,12,4,3,1635.4728471895294,1611.6988040372848,23.77404315224453
2015-10-17,2015/2016,Watford,Arsenal,0,3,A,8,17,1,6,1512.2255373764056,1722.1255052524161,-209.89996787601058
2015-10-17,2015/2016,Southampton,Leicester,2,2,D,14,26,6,7,1566.7036798212696,1555.649381272066,11.054298549203622
2015-10-17,2015/2016,Man City,Bournemouth,5,1,H,15,5,11,1,1731.2758112753222,1473.5672995947061,257.7085116806161
2015-10-18,2015/2016,Newcastle,Norwich,6,2,H,11,18,6,6,1407.3769829802407,1429.1257583407423,-21.748775360501668
2015-10-19,2015/2016,Swansea,Stoke,0,1,A,14,9,2,2,1553.0352534895292,1548.478965088299,4.5562884012301765
2015-10-24,2015/2016,Stoke,Watford,0,2,A,12,13,1,3,1564.6887778957234,1504.8653681337673,59.8234097619561
2015-10-24,2015/2016,West Ham,Chelsea,2,1,H,12,8,5,4,1529.9420780185014,1687.5308685307493,-157.5887905122479
2015-10-24,2015/2016,Norwich,West Brom,0,1,A,16,7,3,4,1412.1254963931706,1515.308285374331,-103.18278898116046
2015-10-24,2015/2016,Aston Villa,Swansea,1,2,A,9,11,3,4,1391.986172175806,1536.8254406821047,-144.83926850629882
2015-10-24,2015/2016,Arsenal,Everton,2,1,H,20,10,5,5,1729.4856744950544,1577.4497773854596,152.03589710959477
2015-10-24,2015/2016,Leicester,Crystal Palace,1,0,H,12,9,3,4,1556.1582788239173,1569.5990057158203,-13.440726891903068
2015-10-25,2015/2016,Bournemouth,Tottenham,1,5,A,11,14,3,9,1467.6504695806623,1634.3797176233056,-166.72924804264335
2015-10-25,2015/2016,Liverpool,Southampton,1,1,D,15,8,2,3,1612.7919336035086,1566.1947822694183,46.59715133409031
2015-10-25,2015/2016,Man United,Man City,0,0,D,6,6,1,1,1678.5191867253034,1737.192641289366,-58.673454564062695
2015-10-25,2015/2016,Sunderland,Newcastle,3,0,H,9,21,3,8,1418.3083794809293,1424.3772449278124,-6.068865446883137
2015-10-31,2015/2016,West Brom,Leicester,2,3,A,14,13,6,5,1526.6914840084319,1572.7769385798513,-46.085454571419405
2015-10-31,2015/2016,Watford,West Ham,2,0,H,20,8,5,3,1523.5934306734412,1552.7394357846415,-29.14600511120034
2015-10-31,2015/2016,Newcastle,Stoke,0,0,D,15,9,6,2,1408.0977917670177,1545.9607153560496,-137.86292358903188
2015-10-31,2015/2016,Swansea,Arsenal,0,3,A,8,15,3,5,1546.5166481873018,1738.899297932045,-192.38264974474328
2015-10-31,2015/2016,Crystal Palace,Man United,0,0,D,10,5,5,1,1552.9803459598863,1681.1958025807548,-128.2154566208685
2015-10-31,2015/2016,Chelsea,Liverpool,1,3,A,8,16,2,7,1664.7335107646093,1610.6588298866761,54.07468087793313
2015-10-31,2015/2016,Man City,Norwich,2,1,H,21,5,5,3,1734.5160254339146,1400.7422977590697,333.77372767484485
2015-11-01,2015/2016,Everton,Sunderland,6,2,H,15,17,8,9,1568.0361539484688,1434.587832641724,133.4483213067449
2015-11-01,2015/2016,Southampton,Bournemouth,2,0,H,11,16,2,2,1568.3278859862507,1458.7888981774845,109.53898780876625
2015-11-02,2015/2016,Tottenham,Aston Villa,3,1,H,17,13,6,2,1643.2412890264834,1382.2949646706088,260.9463243558746
2015-11-07,2015/2016,Sunderland,Southampton,0,1,A,9,11,3,4,1424.4479698194336,1579.44418126828,-154.99621144884645
2015-11-07,2015/2016,West Ham,Everton,1,1,D,16,13,5,4,1535.4003523760225,1578.1760167707591,-42.77566439473662
2015-11-07,2015/2016,Norwich,Swansea,1,0,H,9,8,5,0,1396.655564054241,1538.56951870508,-141.91395465083906
2015-11-07,2015/2016,Bournemouth,Newcastle,0,1,A,20,2,5,1,1447.6726028954552,1414.133132366208,33.53947052924718
2015-11-07,2015/2016,Man United,West Brom,2,0,H,13,4,3,0,1675.5454625248508,1512.8014375240987,162.74402500075212
2015-11-07,2015/2016,Leicester,Watford,2,1,H,12,8,6,4,1586.6669850641845,1540.9325140820602,45.73447098212432
2015-11-07,2015/2016,Stoke,Chelsea,1,0,H,8,19,2,4,1539.9253747568594,1646.2631942276528,-106.33781947079342
2015-11-08,2015/2016,Arsenal,Tottenham,1,1,D,10,14,4,4,1746.8464274142668,1649.068757368829,97.77767004543784
2015-11-08,2015/2016,Aston Villa,Man City,0,0,D,3,13,0,3,1376.4674963282632,1738.6027591387433,-362.13526281048007
2015-11-08,2015/2016,Liverpool,Crystal Palace,1,2,A,22,9,4,4,1629.1291464236326,1558.6306860157904,70.49846040784223
2015-11-21,2015/2016,Man City,Liverpool,1,4,A,11,14,3,9,1726.1419869792458,1609.9264074345476,116.21557954469813
2015-11-21,2015/2016,Everton,Aston Villa,4,0,H,16,10,9,3,1576.2160179238385,1388.9282684877608,187.28774943607777
2015-11-21,2015/2016,Chelsea,Norwich,1,0,H,21,4,7,2,1625.5135474735719,1418.8502091400176,206.6633383335543
2015-11-21,2015/2016,Newcastle,Leicester,0,3,A,9,18,1,7,1431.672902055094,1600.572915965418,-168.90001391032388
2015-11-21,2015/2016,West Brom,Arsenal,2,1,H,4,11,1,3,1503.7921213787324,1742.4588264267486,-238.66670504801618
2015-11-21,2015/2016,Watford,Man United,1,2,A,10,13,5,6,1527.0265831808267,1684.554778670217,-157.52819548939033
2015-11-21,2015/2016,Swansea,Bournemouth,2,2,D,11,16,4,4,1516.3748736193036,1430.132833206569,86.24204041273447
2015-11-21,2015/2016,Southampton,Stoke,0,1,A,16,16,1,4,1588.7449769715054,1560.6750215109403,28.069955460565097
2015-11-22,2015/2016,Tottenham,West Ham,4,1,H,22,10,12,4,1653.4563583563472,1537.360351222943,116.0960071334041
2015-11-23,2015/2016,Crystal Palace,Sunderland,0,1,A,19,12,7,4,1577.8334250048754,1415.1471741162084,162.68625088866702
2015-11-28,2015/2016,Leicester,Man United,1,1,D,7,10,3,2,1609.354642181888,1693.7597079342872,-84.4050657523992
2015-11-28,2015/2016,Crystal Palace,Newcastle,5,1,H,19,7,8,2,1554.844894002691,1422.891175838624,131.95371816406714
2015-11-28,2015/2016,Aston Villa,Watford,2,3,A,12,14,6,6,1380.8046553478098,1517.8216539167565,-137.01699856894675
2015-11-28,2015/2016,Man City,Southampton,3,1,H,16,12,9,8,1704.9811193760108,1571.4551129822569,133.52600639375396
2015-11-28,2015/2016,Bournemouth,Everton,3,3,D,19,11,10,6,1434.0248169634558,1584.3396310637895,-150.3148141003337
2015-11-28,2015/2016,Sunderland,Stoke,2,0,H,18,7,5,3,1438.1357051183927,1577.9648855001888,-139.82918038179605
2015-11-29,2015/2016,Liverpool,Swansea,1,0,H,10,8,2,0,1631.0872750377825,1512.4828898624169,118.60438517536568
2015-11-29,2015/2016,Norwich,Arsenal,1,1,D,7,12,2,3,1411.383918782654,1716.9226454091686,-305.5387266265145
2015-11-29,2015/2016,Tottenham,Chelsea,0,0,D,9,5,4,1,1664.300424909311,1632.9798378309354,31.320587078375638
2015-11-29,2015/2016,West Ham,West Brom,1,1,D,17,7,6,3,1526.5162846699793,1529.3283023963124,-2.8120177263331243
2015-12-05,2015/2016,Arsenal,Sunderland,3,1,H,16,11,7,4,1705.6246582292986,1460.2485449554147,245.3761132738839
2015-12-05,2015/2016,Chelsea,Bournemouth,0,1,A,19,15,6,5,1634.4183096296144,1440.5452315183463,193.87307811126811
2015-12-05,2015/2016,Southampton,Aston Villa,1,1,D,23,9,5,2,1561.318347527675,1370.8065519632905,190.51179556438456
2015-12-05,2015/2016,Stoke,Man City,2,0,H,7,11,4,4,1555.8520456631668,1715.1178848305926,-159.26583916742584
2015-12-05,2015/2016,Swansea,Leicester,0,3,A,10,16,2,5,1501.7421009549164,1613.1669339187044,-111.42483296378805
2015-12-05,2015/2016,Watford,Norwich,2,0,H,14,6,7,1,1527.8197573012758,1422.681905962524,105.13785133875172
2015-12-05,2015/2016,West Brom,Tottenham,1,1,D,11,9,4,3,1529.1988070219588,1662.861953110632,-133.6631460886731
2015-12-05,2015/2016,Man United,West Ham,0,0,D,21,9,1,2,1689.9474161974708,1526.645780044333,163.3016361531379
2015-12-06,2015/2016,Newcastle,Liverpool,2,0,H,6,10,1,1,1412.6916234129444,1641.828063945283,-229.1364405323386
2015-12-07,2015/2016,Everton,Crystal Palace,1,1,D,19,14,4,5,1577.819216508899,1565.0444464283705,12.77477008052847
2015-12-12,2015/2016,Sunderland,Watford,0,1,A,14,13,2,6,1453.9816558663958,1539.1205529847955,-85.13889711839965
2015-12-12,2015/2016,West Ham,Stoke,0,0,D,22,12,9,3,1533.6572262286584,1578.712565359752,-45.05533913109366
2015-12-12,2015/2016,Norwich,Everton,1,1,D,9,15,2,3,1411.3811102790044,1577.2311815780267,-165.85007129902237
2015-12-12,2015/2016,Crystal Palace,Southampton,1,0,H,12,15,5,3,1565.6324813592428,1553.3299825863264,12.302498772916351
2015-12-12,2015/2016,Bournemouth,Man United,2,1,H,11,11,5,5,1464.6492413277192,1682.9359700131454,-218.28672868542617
2015-12-12,2015/2016,Man City,Swansea,2,1,H,13,13,5,7,1692.2573651340074,1490.7044298622661,201.55293527174126
2015-12-13,2015/2016,Tottenham,Newcastle,1,2,A,20,8,8,4,1656.993251932791,1437.940194448637,219.05305748415412
2015-12-13,2015/2016,Aston Villa,Arsenal,0,2,A,18,8,2,4,1378.7949169046392,1711.8915473183174,-333.0966304136782
2015-12-13,2015/2016,Liverpool,West Brom,2,2,D,28,4,8,2,1616.5794929095905,1535.0675081997997,81.5119847097908
2015-12-14,2015/2016,Leicester,Chelsea,2,1,H,9,11,5,5,1624.2046050113547,1610.3142998202416,13.890305191113157
2015-12-19,2015/2016,Southampton,Tottenham,0,2,A,11,13,4,6,1537.896296924751,1632.0590703724902,-94.16277344773926
2015-12-19,2015/2016,Chelsea,Sunderland,3,1,H,17,11,7,3,1594.9536314222876,1441.8258071506784,153.12782427160914
2015-12-19,2015/2016,Everton,Leicester,2,3,A,13,10,5,5,1570.125218038211,1639.5652734093087,-69.44005537109774
2015-12-19,2015/2016,Stoke,Crystal Palace,1,2,A,26,12,5,3,1576.6492435405146,1581.0661670208183,-4.416923480303694
2015-12-19,2015/2016,Newcastle,Aston Villa,1,1,D,8,10,4,7,1462.8743760089378,1374.6942684990145,88.18010750992335
2015-12-19,2015/2016,Man United,Norwich,1,2,A,11,6,2,4,1658.0261056192082,1418.4870738188201,239.5390318003881
2015-12-19,2015/2016,West Brom,Bournemouth,1,2,A,6,16,2,7,1538.753885495272,1489.5591057216564,49.194779773615664
2015-12-20,2015/2016,Swansea,West Ham,0,0,D,21,11,2,2,1483.068425405384,1535.7205480478958,-52.65212264251181
2015-12-20,2015/2016,Watford,Liverpool,3,0,H,6,12,5,4,1551.276401700513,1612.8931156141182,-61.61671391360528
2015-12-21,2015/2016,Arsenal,Man City,2,1,H,8,20,5,6,1715.9921957239421,1699.8933695908895,16.098826133052626
2015-12-26,2015/2016,Tottenham,Norwich,3,0,H,15,11,10,3,1643.8258578494747,1444.0491178854393,199.77673996403541
2015-12-26,2015/2016,Southampton,Arsenal,4,0,H,15,7,5,4,1526.1295094477664,1731.2513475165563,-205.12183806878988
2015-12-26,2015/2016,Swansea,West Brom,1,0,H,7,9,2,3,1485.4747522605612,1520.50340196838,-35.028649707818886
2015-12-26,2015/2016,Newcastle,Everton,0,1,A,10,20,1,7,1458.8985366216125,1557.2811402637064,-98.38260364209395
2015-12-26,2015/2016,Stoke,Man United,2,0,H,13,11,3,6,1560.8526394263708,1632.464061552589,-71.61142212621826
2015-12-26,2015/2016,Liverpool,Leicester,1,0,H,25,7,4,3,1594.084940450131,1652.4093511838132,-58.32441073368227
2015-12-26,2015/2016,Man City,Sunderland,4,1,H,19,11,9,3,1684.6342177982754,1432.4538936807505,252.18032411752483
2015-12-26,2015/2016,Aston Villa,West Ham,1,1,D,15,10,8,4,1378.6701078863398,1533.3142211927186,-154.6441133063788
2015-12-26,2015/2016,Chelsea,Watford,2,2,D,17,12,2,3,1604.3255448922155,1570.0845768645001,34.240968027715326
2015-12-26,2015/2016,Bournemouth,Crystal Palace,0,0,D,10,8,4,0,1507.8095892485483,1596.862771134962,-89.05318188641377
2015-12-28,2015/2016,Everton,Stoke,3,4,A,15,8,3,5,1568.867788296855,1580.1045468383634,-11.23675854150838
2015-12-28,2015/2016,Crystal Palace,Swansea,0,0,D,10,5,2,3,1592.849231452422,1503.0824376225657,89.76679382985617
2015-12-28,2015/2016,Arsenal,Bournemouth,2,0,H,13,10,6,3,1706.768552609498,1511.8231289310884,194.94542367840972
2015-12-28,2015/2016,Man United,Chelsea,0,0,D,12,8,2,3,1613.2121541405966,1602.753775498367,10.45837864222949
2015-12-28,2015/2016,West Ham,Southampton,2,1,H,13,15,5,4,1526.6283946855474,1550.6123043548246,-23.983909669277182
2015-12-28,2015/2016,West Brom,Newcastle,1,0,H,22,7,5,2,1502.8957166063756,1447.311888588464,55.58382801791163
2015-12-28,2015/2016,Watford,Tottenham,1,2,A,9,10,1,3,1571.6563462583485,1651.5214654977285,-79.86511923937996
2015-12-28,2015/2016,Norwich,Aston Villa,2,0,H,9,6,4,3,1436.3535102371854,1385.355934393511,50.99757584367444
2015-12-29,2015/2016,Leicester,Man City,0,0,D,11,21,4,5,1633.7483621721126,1690.7060642422578,-56.95770207014516
2015-12-30,2015/2016,Sunderland,Liverpool,0,1,A,8,17,3,6,1426.3820472367681,1612.7459294618316,-186.36388222506343
2016-01-02,2015/2016,Watford,Man City,1,2,A,11,16,3,5,1559.270830523949,1688.1063133619264,-128.83548283797745
2016-01-02,2015/2016,West Ham,Liverpool,2,0,H,18,23,10,2,1543.7311434518947,1620.9018201810015,-77.17067672910684
2016-01-02,2015/2016,West Brom,Stoke,2,1,H,16,10,5,3,1516.3576038633669,1595.587255334621,-79.2296514712541
2016-01-02,2015/2016,Sunderland,Aston Villa,3,1,H,13,8,6,3,1418.2261565175982,1371.6877371728224,46.538419344775775
2016-01-02,2015/2016,Norwich,Southampton,1,0,H,10,10,1,4,1450.021707457874,1533.5095555884773,-83.4878481306032
2016-01-02,2015/2016,Man United,Swansea,2,1,H,19,9,6,4,1612.7306734212075,1507.1267565794287,105.60391684177876
2016-01-02,2015/2016,Leicester,Bournemouth,0,0,D,16,9,2,0,1636.348113052444,1503.9637957134105,132.3843173390335
2016-01-02,2015/2016,Arsenal,Newcastle,1,0,H,16,15,3,6,1714.627885827176,1433.8500013314726,280.77788449570335
2016-01-03,2015/2016,Crystal Palace,Chelsea,0,3,A,8,10,4,4,1588.804912495559,1603.2352562177562,-14.430343722197222
2016-01-03,2015/2016,Everton,Tottenham,1,1,D,12,19,3,4,1553.3850798005974,1663.9069812321281,-110.52190143153075
2016-01-12,2015/2016,Aston Villa,Crystal Palace,1,0,H,13,9,3,1,1357.8181841950939,1573.4690725205214,-215.65088832542756
2016-01-12,2015/2016,Bournemouth,West Ham,1,3,A,11,10,4,5,1509.7814592034638,1563.2276721522674,-53.44621294880358
2016-01-12,2015/2016,Newcastle,Man United,3,3,D,14,12,6,4,1428.5470408253234,1624.011865135097,-195.46482430977358
2016-01-13,2015/2016,Tottenham,Leicester,0,1,A,21,10,5,2,1658.9822643510847,1630.5304495623907,28.451814788694037
2016-01-13,2015/2016,Swansea,Sunderland,2,4,A,10,7,5,5,1495.8455648655392,1432.0957094953267,63.74985537021257
2016-01-13,2015/2016,Stoke,Norwich,3,1,H,14,5,4,2,1576.0005534352726,1469.7941327846363,106.20642065063635
2016-01-13,2015/2016,Chelsea,West Brom,2,2,D,14,13,2,6,1618.5710961927937,1535.9443057627152,82.62679043007847
2016-01-13,2015/2016,Man City,Everton,0,0,D,22,7,5,2,1698.4309967530617,1558.3097966816408,140.12120007142084
2016-01-13,2015/2016,Liverpool,Arsenal,3,3,D,22,14,6,5,1601.4052914806289,1719.9308463333252,-118.52555485269636
2016-01-13,2015/2016,Southampton,Watford,2,0,H,15,4,7,1,1513.737130261715,1548.9461471328136,-35.209016871098584
2016-01-16,2015/2016,Bournemouth,Norwich,3,0,H,15,10,8,3,1496.2235157736282,1458.538261016556,37.685254757072244
2016-01-16,2015/2016,Tottenham,Sunderland,4,1,H,26,5,11,2,1641.6749309318327,1450.998989741621,190.6759411902117
2016-01-16,2015/2016,Southampton,West Brom,3,0,H,9,9,5,0,1531.3530375469097,1539.6792604419738,-8.32622289506412
2016-01-16,2015/2016,Chelsea,Everton,3,3,D,14,9,7,4,1614.836141513535,1564.4341179069731,50.4020236065619
2016-01-16,2015/2016,Man City,Crystal Palace,4,0,H,17,9,4,3,1692.3066755277293,1548.6433052248567,143.66337030287264
2016-01-16,2015/2016,Aston Villa,Leicester,1,1,D,14,12,5,5,1382.6439514907586,1647.8377829816427,-265.1938314908841
2016-01-16,2015/2016,Newcastle,West Ham,2,1,H,23,10,10,3,1436.705421443862,1576.785615582103,-140.08019413824104
2016-01-17,2015/2016,Liverpool,Man United,0,1,A,19,7,4,1,1606.6612642906343,1615.8534845165584,-9.192220225924075
2016-01-17,2015/2016,Stoke,Arsenal,0,0,D,14,8,6,3,1587.256425203353,1714.6748735233198,-127.41844831996673
2016-01-18,2015/2016,Swansea,Watford,1,0,H,10,13,2,2,1476.942284619245,1531.330239847619,-54.38795522837404
2016-01-23,2015/2016,West Brom,Aston Villa,0,0,D,4,15,0,4,1523.2958970947673,1392.932116059181,130.36378103558627
2016-01-23,2015/2016,Watford,Newcastle,2,1,H,13,11,5,2,1512.8458423606032,1458.8281308773735,54.01771148322973
2016-01-23,2015/2016,West Ham,Man City,2,2,D,10,16,3,3,1554.6629061485914,1702.04367694007,-147.38077079147865
2016-01-23,2015/2016,Sunderland,Bournemouth,1,1,D,10,15,5,5,1442.9930282263088,1510.4948197524095,-67.50179152610076
2016-01-23,2015/2016,Norwich,Liverpool,4,5,A,6,13,5,7,1444.2669570377745,1591.0844829308187,-146.81752589304415
2016-01-23,2015/2016,Man United,Southampton,0,1,A,8,7,1,2,1631.430265876374,1547.7364008941163,83.69386498225776
2016-01-23,2015/2016,Leicester,Stoke,3,0,H,15,3,5,2,1637.5496184132203,1592.874613068333,44.67500534488727
2016-01-23,2015/2016,Crystal Palace,Tottenham,1,3,A,11,24,3,11,1538.906303812516,1649.680892447145,-110.77458863462903
2016-01-24,2015/2016,Arsenal,Chelsea,0,1,A,9,12,1,6,1709.0566856583398,1612.5311890917826,96.5254965665572
2016-01-24,2015/2016,Everton,Swansea,1,2,A,20,7,2,5,1566.7390703287256,1495.4266821062606,71.31238822246496
2016-02-02,2015/2016,West Brom,Swansea,1,1,D,17,18,7,4,1517.559151107484,1514.6653850476705,2.8937660598135153
2016-02-02,2015/2016,Sunderland,Man City,0,1,A,11,6,2,2,1446.063069223,1695.6363265052105,-249.57325728221053
2016-02-02,2015/2016,Norwich,Tottenham,0,3,A,10,17,2,6,1434.6525146377614,1660.7456436810721,-226.09312904331068
2016-02-02,2015/2016,West Ham,Aston Villa,2,0,H,25,6,6,2,1561.070256583451,1398.6688620464643,162.4013945369868
2016-02-02,2015/2016,Leicester,Liverpool,2,0,H,13,14,6,2,1651.503522761113,1600.6989253308318,50.80459743028109
2016-02-02,2015/2016,Man United,Stoke,3,0,H,15,10,5,0,1611.6488817882403,1578.9207087204404,32.728173067799844
2016-02-02,2015/2016,Crystal Palace,Bournemouth,1,2,A,14,8,3,4,1527.8415525785888,1507.4247787557183,20.416773822870482
2016-02-02,2015/2016,Arsenal,Southampton,0,0,D,21,14,11,3,1688.7224655653715,1567.51778498225,121.20468058312144
2016-02-03,2015/2016,Everton,Newcastle,3,0,H,18,7,7,3,1547.5003673873157,1445.2958863511672,102.20448103614854
2016-02-03,2015/2016,Watford,Chelsea,0,0,D,12,12,3,4,1526.3780868868096,1632.865409184751,-106.48732229794132
2016-02-06,2015/2016,Swansea,Crystal Palace,1,1,D,19,12,3,2,1514.798644818067,1510.9024061786097,3.8962386394573514
2016-02-06,2015/2016,Stoke,Everton,0,3,A,11,14,3,6,1564.4234545447507,1558.9249010991591,5.498553445591597
2016-02-06,2015/2016,Southampton,West Ham,1,0,H,8,18,2,2,1572.8835419295888,1570.0923448325093,2.7911970970794755
2016-02-06,2015/2016,Tottenham,Watford,1,0,H,26,3,9,0,1667.5908672768726,1531.1340109930356,136.45685628383694
2016-02-06,2015/2016,Man City,Leicester,1,3,A,22,14,4,7,1701.7823498910764,1665.1804189145937,36.60193097648266
2016-02-06,2015/2016,Newcastle,West Brom,1,0,H,19,7,7,0,1433.8713526393237,1517.4258913370875,-83.55453869776375
2016-02-06,2015/2016,Liverpool,Sunderland,2,2,D,16,7,5,2,1587.022029177351,1439.917045837134,147.1049833402169
2016-02-06,2015/2016,Aston Villa,Norwich,2,0,H,10,12,3,4,1389.646773797406,1427.807291041961,-38.16051724455497
2016-02-07,2015/2016,Bournemouth,Arsenal,0,2,A,17,10,4,5,1524.3639251556974,1683.3567086180328,-158.9927834623354
2016-02-07,2015/2016,Chelsea,Man United,1,1,D,16,17,5,7,1628.1094850785248,1626.14613596393,1.9633491145948483
2016-02-13,2015/2016,Crystal Palace,Watford,1,2,A,14,10,7,3,1511.0818270775483,1521.11372849553,-10.031901417981771
2016-02-13,2015/2016,Everton,West Brom,0,1,A,34,5,6,1,1575.1780977044252,1497.6505656581342,77.52753204629107
2016-02-13,2015/2016,Norwich,West Ham,2,2,D,13,11,3,6,1410.0569670758803,1554.2208814437952,-144.1639143679149
2016-02-13,2015/2016,Swansea,Southampton,0,1,A,13,13,2,5,1514.6192239191284,1588.755005318303,-74.13578139917445
2016-02-13,2015/2016,Sunderland,Man United,2,1,H,21,12,5,6,1446.3137291493429,1626.2365505695861,-179.92282142024328
2016-02-13,2015/2016,Bournemouth,Stoke,1,3,A,11,11,2,6,1515.2141786253167,1548.1702579394846,-32.95607931416794
2016-02-13,2015/2016,Chelsea,Newcastle,5,1,H,15,10,5,4,1628.0190704728686,1453.646678318277,174.37239215459158
2016-02-14,2015/2016,Man City,Tottenham,1,2,A,19,6,4,3,1684.102976856948,1677.6111497743782,6.491827082569898
2016-02-14,2015/2016,Aston Villa,Liverpool,0,6,A,6,11,1,9,1407.3970977634867,1580.6253458651422,-173.22824810165548
2016-02-14,2015/2016,Arsenal,Leicester,2,1,H,24,7,6,3,1692.5064551484136,1682.859791948722,9.646663199691602
2016-02-27,2015/2016,Leicester,Norwich,1,0,H,13,9,3,1,1667.3039230833103,1416.339473620163,250.96444946314728
2016-02-27,2015/2016,Southampton,Chelsea,1,2,A,7,16,2,4,1601.391815278424,1636.6015088142628,-35.209693535838824
2016-02-27,2015/2016,Stoke,Aston Villa,2,1,H,11,5,3,1,1562.657109870408,1398.773230774778,163.88387909562994
2016-02-27,2015/2016,Watford,Bournemouth,0,0,D,14,11,1,3,1536.651870707885,1500.7273266943932,35.92454401349187
2016-02-27,2015/2016,West Brom,Crystal Palace,3,2,H,11,15,5,2,1517.1627398122748,1495.5436848651932,21.619054947081622
2016-02-27,2015/2016,West Ham,Sunderland,1,0,H,9,13,3,4,1547.9383748995124,1469.9304697305422,78.00790516897018
2016-02-28,2015/2016,Tottenham,Swansea,2,1,H,34,10,14,4,1693.9100746727875,1501.9824139590073,191.92766071378014
2016-02-28,2015/2016,Man United,Arsenal,3,2,H,7,13,5,5,1602.6198099883868,1708.0623240138252,-105.44251402543841
2016-03-01,2015/2016,Sunderland,Crystal Palace,2,2,D,17,13,6,5,1457.463693533311,1480.5379961759031,-23.0743026425921
2016-03-01,2015/2016,Norwich,Chelsea,1,2,A,13,10,2,2,1410.2331184268073,1650.985570685354,-240.75245225854678
2016-03-01,2015/2016,Leicester,West Brom,2,2,D,22,11,5,3,1673.410278276666,1532.168428501565,141.24184977510117
2016-03-01,2015/2016,Bournemouth,Southampton,2,0,H,9,6,4,1,1502.3758422967692,1587.0077534073328,-84.63191111056358
2016-03-01,2015/2016,Aston Villa,Everton,1,3,A,14,10,5,7,1389.8063252923364,1555.6659235502846,-165.85959825794816
2016-03-02,2015/2016,Arsenal,Swansea,1,2,A,18,11,4,2,1687.3503030122226,1494.0196288686768,193.33067414354582
2016-03-02,2015/2016,Liverpool,Man City,3,0,H,11,4,7,2,1589.2492128538508,1667.8040519585388,-78.55483910468797
2016-03-02,2015/2016,Man United,Watford,1,0,H,14,13,3,3,1623.3318309899894,1535.0033551055092,88.32847588448021
2016-03-02,2015/2016,Stoke,Newcastle,1,0,H,9,5,2,3,1571.6240153528497,1445.0642399768828,126.55977537596686
2016-03-02,2015/2016,West Ham,Tottenham,1,0,H,14,9,3,2,1560.4051510967436,1701.872859763118,-141.4677086663744
2016-03-05,2015/2016,Watford,Leicester,0,1,A,11,14,4,7,1522.985604533062,1667.2419649053502,-144.2563603722881
2016-03-05,2015/2016,Tottenham,Arsenal,2,2,D,26,10,11,4,1679.6956933054216,1663.2648784210803,16.430814884341316
2016-03-05,2015/2016,Swansea,Norwich,1,0,H,10,8,3,3,1518.1050534598191,1403.8310095355496,114.27404392426956
2016-03-05,2015/2016,Southampton,Sunderland,1,1,D,16,11,5,3,1567.185609662392,1458.5247449008818,108.66086476151008
2016-03-05,2015/2016,Man City,Aston Villa,4,0,H,22,2,9,1,1648.2468775018747,1380.912641022713,267.33423647916175
2016-03-05,2015/2016,Everton,West Ham,2,3,A,15,17,8,5,1564.559607819908,1582.5823175544401,-18.0227097345321
2016-03-05,2015/2016,Chelsea,Stoke,1,1,D,20,16,7,5,1657.3876795766118,1582.0405253021786,75.34715427443325
2016-03-05,2015/2016,Newcastle,Bournemouth,1,3,A,14,16,3,5,1434.647730027554,1522.19798604171,-87.55025601415605
2016-03-06,2015/2016,Crystal Palace,Liverpool,1,2,A,14,19,4,5,1479.4769448083323,1608.806387310515,-129.3294425021827
2016-03-06,2015/2016,West Brom,Man United,1,0,H,9,7,2,1,1538.3367418728808,1635.3495815624365,-97.01283968955568
2016-03-12,2015/2016,Bournemouth,Swansea,3,2,H,12,12,4,4,1534.2493735983853,1529.0244382629423,5.224935335442979
2016-03-12,2015/2016,Norwich,Man City,0,0,D,5,15,0,3,1392.9116247324264,1653.901127164229,-260.9895024318025
2016-03-12,2015/2016,Stoke,Southampton,1,2,A,13,11,2,4,1585.4569970327245,1562.3386046817282,23.118392350996373
2016-03-13,2015/2016,Aston Villa,Tottenham,0,2,A,11,19,2,8,1375.2583913603587,1678.9395899090257,-303.681198548667
2016-03-14,2015/2016,Leicester,Newcastle,1,0,H,10,13,1,2,1676.9558578281853,1422.5963424708787,254.3595153573067
2016-03-19,2015/2016,Chelsea,West Ham,2,2,D,22,13,5,6,1653.971207846066,1597.7530847495896,56.21812309647635
2016-03-19,2015/2016,Crystal Palace,Leicester,0,1,A,12,8,4,3,1469.1721370125936,1682.966228954772,-213.7940919421785
2016-03-19,2015/2016,Everton,Arsenal,0,2,A,8,11,2,3,1549.3888406247584,1664.0209818174762,-114.63214119271788
2016-03-19,2015/2016,Swansea,Aston Villa,1,0,H,10,12,1,2,1513.2650372896687,1370.5133264693573,142.75171082031147
2016-03-19,2015/2016,Watford,Stoke,1,2,A,9,9,4,6,1513.271711610227,1568.3939242053357,-55.12221259510875
2016-03-19,2015/2016,West Brom,Norwich,0,1,A,10,7,0,1,1558.69175015149,1403.0853409590334,155.60640919245657
2016-03-20,2015/2016,Tottenham,Bournemouth,3,0,H,17,2,8,0,1683.6846548000271,1550.008774571659,133.67588022836821
2016-03-20,2015/2016,Southampton,Liverpool,3,2,H,16,18,5,9,1579.401677509117,1619.1111951062537,-39.70951759713671
2016-03-20,2015/2016,Newcastle,Sunderland,1,1,D,17,14,8,4,1416.585971344292,1463.3717498815456,-46.78577853725369
2016-03-20,2015/2016,Man City,Man United,0,1,A,26,5,2,3,1643.727410937622,1614.9945732838273,28.732837653794604
2016-04-02,2015/2016,Sunderland,West Brom,0,0,D,22,3,7,0,1461.2301145746192,1535.9693885844797,-74.73927400986054
2016-04-02,2015/2016,Bournemouth,Man City,0,4,A,11,15,2,7,1539.8779832746934,1626.4072231907776,-86.52923991608418
2016-04-02,2015/2016,West Ham,Crystal Palace,2,2,D,18,12,6,5,1600.319664531206,1461.9382384118862,138.3814261193197
2016-04-02,2015/2016,Liverpool,Tottenham,1,1,D,15,18,7,5,1601.2904255406884,1693.8154460969927,-92.5250205563043
2016-04-02,2015/2016,Arsenal,Watford,4,0,H,19,6,12,2,1674.9255432860118,1499.789096764391,175.13644652162088
2016-04-02,2015/2016,Stoke,Swansea,2,2,D,12,12,5,3,1581.8765390511717,1523.0376257994892,58.83891325168247
2016-04-02,2015/2016,Norwich,Newcastle,3,2,H,13,13,6,5,1425.8077025260436,1418.7276066512184,7.080095874825247
2016-04-02,2015/2016,Aston Villa,Chelsea,0,4,A,15,11,4,8,1360.7407379595368,1651.4046280644495,-290.66389010491275
2016-04-03,2015/2016,Man United,Everton,1,0,H,10,7,2,1,1632.3147610306717,1538.4842791562228,93.83048187444888
2016-04-03,2015/2016,Leicester,Southampton,1,0,H,11,10,4,2,1690.2001275554794,1597.2224470746823,92.97768048079706
2016-04-09,2015/2016,Aston Villa,Bournemouth,1,2,A,6,12,1,3,1355.68478423398,1527.782407968214,-172.09762373423405
2016-04-09,2015/2016,Crystal Palace,Norwich,1,0,H,13,13,6,4,1467.9940478916742,1441.481697187082,26.51235070459211
2016-04-09,2015/2016,Man City,West Brom,2,1,H,13,13,4,2,1638.502798497257,1532.579644354304,105.92315414295285
2016-04-09,2015/2016,Southampton,Newcastle,3,1,H,20,5,6,3,1585.404858708105,1403.05361199018,182.35124671792505
2016-04-09,2015/2016,Swansea,Chelsea,1,0,H,12,8,6,2,1525.7216474791614,1656.4605817900062,-130.7389343108448
2016-04-09,2015/2016,Watford,Everton,1,1,D,13,12,5,7,1491.2342539762012,1526.703256675789,-35.46900269958769
2016-04-09,2015/2016,West Ham,Arsenal,3,3,D,19,11,7,6,1594.263855051418,1683.4803860742015,-89.21653102278356
2016-04-10,2015/2016,Tottenham,Man United,3,0,H,16,5,8,1,1689.6524624311558,1644.0957835111055,45.55667892005022
2016-04-10,2015/2016,Sunderland,Leicester,0,2,A,15,17,1,7,1464.6198588047948,1702.0177159220568,-237.397857117262
2016-04-10,2015/2016,Liverpool,Stoke,4,1,H,14,10,6,3,1605.4534092065253,1579.1925173714994,26.26089183502586
2016-04-13,2015/2016,Crystal Palace,Everton,0,0,D,18,9,6,5,1482.7754733628055,1525.0754996188934,-42.300026256087904
2016-04-16,2015/2016,Everton,Southampton,1,1,D,7,18,2,4,1523.137079627364,1593.7019168640104,-70.56483723664633
2016-04-16,2015/2016,Man United,Aston Villa,1,0,H,13,7,4,1,1630.1818046936405,1347.0198543783654,283.16195031527513
2016-04-16,2015/2016,Chelsea,Man City,0,3,A,11,11,4,8,1634.7087861736568,1649.7705711755173,-15.061785001860471
2016-04-16,2015/2016,West Brom,Watford,0,1,A,16,11,4,4,1521.3118716760437,1492.8620110330967,28.449860642946987
2016-04-16,2015/2016,Newcastle,Swansea,3,0,H,12,11,7,1,1394.7565538342744,1547.473443095511,-152.71688926123647
2016-04-16,2015/2016,Norwich,Sunderland,0,3,A,19,8,6,3,1426.7002717159507,1458.1182821830448,-31.418010467094064
2016-04-17,2015/2016,Leicester,West Ham,2,2,D,6,19,2,4,1708.5192925438068,1598.2844430630264,110.23484948078044
2016-04-17,2015/2016,Bournemouth,Liverpool,1,2,A,18,19,5,6,1536.4473378238288,1620.246348248953,-83.79901042512415
2016-04-17,2015/2016,Arsenal,Crystal Palace,1,1,D,21,7,6,2,1679.459798062593,1484.713893354335,194.7459047082582
2016-04-18,2015/2016,Stoke,Tottenham,0,4,A,12,23,2,6,1564.3995783290718,1703.5664412486208,-139.16686291954898
2016-04-19,2015/2016,Newcastle,Man City,1,1,D,5,9,3,5,1417.3689559754205,1665.0773845321341,-247.70842855671367
2016-04-20,2015/2016,Man United,Crystal Palace,2,0,H,16,5,10,0,1635.4243270933093,1492.847748495828,142.57657859748133
2016-04-20,2015/2016,West Ham,Watford,3,1,H,18,7,7,4,1603.1971900307426,1510.169255061378,93.02793496936465
2016-04-20,2015/2016,Liverpool,Everton,4,0,H,37,3,13,0,1632.4603928180375,1526.3427527900963,106.1176400279412
2016-04-21,2015/2016,Arsenal,West Brom,2,0,H,16,8,7,1,1671.3259429211,1504.0046276477624,167.32131527333763
2016-04-23,2015/2016,Man City,Stoke,4,0,H,11,14,6,2,1655.2768889829388,1554.4863503947342,100.79053858820453
2016-04-23,2015/2016,Liverpool,Newcastle,2,2,D,13,6,4,3,1643.7199939188074,1427.1694515246159,216.55054239419155
2016-04-23,2015/2016,Bournemouth,Chelsea,1,4,A,13,16,4,4,1524.2332932547442,1619.40197281704,-95.16867956229567
2016-04-23,2015/2016,Aston Villa,Southampton,2,4,A,16,17,7,7,1341.7773319786966,1590.4962437012782,-248.71891172258165
2016-04-24,2015/2016,Leicester,Swansea,4,0,H,18,9,9,1,1703.6065455760906,1524.8610409543649,178.7455046217258
2016-04-24,2015/2016,Sunderland,Arsenal,0,0,D,12,20,3,7,1472.67536024748,1680.165692509666,-207.49033226218603
2016-04-25,2015/2016,Tottenham,West Brom,1,1,D,19,16,2,3,1713.4796691829583,1495.1648780591963,218.314791123762
2016-04-30,2015/2016,Watford,Aston Villa,3,2,H,18,7,6,2,1498.3538227807594,1335.6068507483815,162.74697203237793
2016-04-30,2015/2016,Arsenal,Norwich,1,0,H,14,12,3,3,1671.6047668659498,1412.1431936515155,259.46157321443434
2016-04-30,2015/2016,Everton,Bournemouth,2,1,H,12,16,5,2,1515.0831516893263,1512.5095536967542,2.573597992572104
2016-04-30,2015/2016,Newcastle,Crystal Palace,1,0,H,10,9,4,3,1436.0240019859361,1483.068315269627,-47.044313283690826
2016-04-30,2015/2016,Stoke,Sunderland,1,1,D,11,14,3,5,1543.0019577540847,1481.2362858911963,61.76567186288844
2016-04-30,2015/2016,West Brom,West Ham,0,3,A,15,8,5,4,1504.075633986278,1615.0126223113612,-110.93698832508312
2016-05-01,2015/2016,Man United,Leicester,1,1,D,21,14,6,3,1645.2037603195104,1712.0318032644636,-66.82804294495327
2016-05-01,2015/2016,Southampton,Man City,4,2,H,14,6,7,5,1596.6667249315933,1666.7612816235883,-70.09455669199497
2016-05-01,2015/2016,Swansea,Liverpool,3,1,H,18,11,9,3,1516.4357832659919,1634.8654434574871,-118.42966019149526
2016-05-02,2015/2016,Chelsea,Tottenham,2,2,D,13,16,5,5,1631.12571237503,1704.5689132558766,-73.44320088084669
2016-05-07,2015/2016,West Ham,Swansea,1,4,A,25,13,7,6,1626.0706072950834,1537.6878161542147,88.38279114086868
2016-05-07,2015/2016,Norwich,Man United,0,1,A,8,15,2,2,1406.2748779510125,1648.2439052918044,-241.96902734079185
2016-05-07,2015/2016,Leicester,Everton,3,1,H,32,9,8,5,1708.9916582921696,1530.9646352895115,178.0270230026581
2016-05-07,2015/2016,Sunderland,Chelsea,3,2,H,15,9,4,8,1484.051109012701,1634.45840438472,-150.407295372019
2016-05-07,2015/2016,Bournemouth,West Brom,1,1,D,12,12,4,4,1496.628070096569,1493.0176490025558,3.6104210940131907
2016-05-07,2015/2016,Aston Villa,Newcastle,0,0,D,2,9,0,3,1326.5976444106716,1454.1773287790768,-127.5796843684052
2016-05-07,2015/2016,Crystal Palace,Stoke,2,1,H,17,12,4,3,1464.9149884764863,1540.18713463258,-75.27214615609364
2016-05-08,2015/2016,Tottenham,Southampton,1,2,A,20,10,6,2,1701.2362212461865,1615.8516046116229,85.3846166345636
2016-05-08,2015/2016,Liverpool,Watford,2,0,H,19,14,5,3,1613.6134105692643,1507.3630291184693,106.25038145079498
2016-05-08,2015/2016,Man City,Arsenal,2,2,D,14,5,3,2,1647.5764019435587,1677.4730825664528,-29.89668062289411
2016-05-10,2015/2016,West Ham,Man United,3,2,H,20,3,6,2,1606.0860115963114,1654.6102244190631,-48.52421282275168
2016-05-11,2015/2016,Liverpool,Chelsea,1,1,D,28,13,9,7,1624.8674359222687,1611.9344386053976,12.932997316871024
2016-05-11,2015/2016,Norwich,Watford,4,2,H,18,12,6,7,1399.9085588237538,1496.1090037654649,-96.20044494171111
2016-05-11,2015/2016,Sunderland,Everton,3,0,H,14,17,8,6,1506.5750747920235,1522.5136809636733,-15.93860617164978
2016-05-15,2015/2016,Watford,Sunderland,2,2,D,21,6,6,4,1475.788657915989,1523.3085602598878,-47.51990234389882
2016-05-15,2015/2016,Swansea,Man City,1,1,D,4,18,1,5,1557.6724118529867,1648.9498068336159,-91.2773949806292
2016-05-15,2015/2016,West Brom,Liverpool,1,1,D,13,7,1,3,1493.1839090538276,1624.2721243224016,-131.088215268574
2016-05-15,2015/2016,Arsenal,Aston Villa,4,0,H,16,5,7,2,1676.0996776763957,1332.2223409047297,343.877336771666
2016-05-15,2015/2016,Southampton,Crystal Palace,4,1,H,18,16,5,4,1635.7064166843363,1484.3281632996416,151.37825338469474
2016-05-15,2015/2016,Chelsea,Leicester,1,1,D,17,18,4,5,1612.5297502052647,1717.4426126180078,-104.91286241274315
2016-05-15,2015/2016,Newcastle,Tottenham,5,1,H,19,17,10,5,1448.5526322850187,1681.381409173473,-232.82877688845429
2016-05-15,2015/2016,Everton,Norwich,3,0,H,15,10,8,2,1505.780195495809,1420.2289046732296,85.5512908225794
2016-05-15,2015/2016,Stoke,West Ham,2,1,H,7,20,4,7,1520.7739598094247,1624.3062171332792,-103.53225732385454
2016-05-17,2015/2016,Man United,Bournemouth,3,1,H,12,7,5,0,1636.3900188820953,1496.4618100452972,139.92820883679815
2016-08-13,2016/2017,Middlesbrough,Stoke,1,1,D,12,12,2,1,1500.0,1541.4055105287841,-41.405510528784134
2016-08-13,2016/2017,Everton,Tottenham,1,1,D,12,13,6,4,1517.9181541628102,1656.0203093823568,-138.1021552195466
2016-08-13,2016/2017,Southampton,Watford,1,1,D,24,5,6,1,1645.1452132848046,1477.9634857246208,167.18172756018384
2016-08-13,2016/2017,Man City,Sunderland,2,1,H,16,7,4,3,1644.8404387619926,1521.133732451256,123.70670631073654
2016-08-13,2016/2017,Crystal Palace,West Brom,0,1,A,14,13,4,3,1474.8893666991733,1498.949705908557,-24.060339209383756
2016-08-13,2016/2017,Burnley,Swansea,0,1,A,10,17,3,9,1456.7410318919583,1561.78177992461,-105.04074803265166
2016-08-13,2016/2017,Hull,Leicester,2,1,H,14,18,5,5,1431.5248973380517,1712.752877475208,-281.22798013715624
2016-08-14,2016/2017,Arsenal,Liverpool,3,4,A,9,16,5,7,1679.9835281574296,1618.5063274676722,61.47720068975741
2016-08-14,2016/2017,Bournemouth,Man United,1,3,A,9,11,3,7,1486.5785442281028,1646.2732846992897,-159.69474047118683
2016-08-15,2016/2017,Chelsea,West Ham,2,1,H,16,7,6,3,1617.2194853480646,1603.6746664139198,13.544818934144814
2016-08-19,2016/2017,Man United,Southampton,2,0,H,12,13,5,1,1655.3966533295,1637.9901046616849,17.40654866781506
2016-08-20,2016/2017,Swansea,Hull,0,2,A,13,12,3,4,1573.086661981537,1458.2333897405192,114.85327224101775
2016-08-20,2016/2017,Burnley,Liverpool,2,0,H,3,26,2,5,1445.4361498350313,1637.3082752825155,-191.87212544748422
2016-08-20,2016/2017,Leicester,Arsenal,0,0,D,8,13,1,4,1686.0443850727404,1661.1815803425864,24.86280473015404
2016-08-20,2016/2017,Stoke,Man City,1,4,A,8,12,3,6,1539.5076924539496,1655.3726660515608,-115.8649735976112
2016-08-20,2016/2017,Tottenham,Crystal Palace,1,0,H,20,10,5,2,1649.9755217880343,1459.99561840337,189.97990338466434
2016-08-20,2016/2017,Watford,Chelsea,1,2,A,6,13,2,4,1485.1185943477406,1632.5960391988542,-147.47744485111366
2016-08-20,2016/2017,West Brom,Everton,1,2,A,11,13,4,7,1513.8434542043603,1523.9629417571327,-10.119487552772398
2016-08-21,2016/2017,Sunderland,Middlesbrough,1,2,A,18,8,5,3,1510.6015051616878,1501.8978180748345,8.703687086853279
2016-08-21,2016/2017,West Ham,Bournemouth,1,0,H,15,8,2,5,1588.2981125631302,1477.4551755978925,110.84293696523764
2016-08-27,2016/2017,Tottenham,Liverpool,1,1,D,11,13,4,3,1658.0055596026136,1613.272972684129,44.732586918484685
2016-08-27,2016/2017,Everton,Stoke,1,0,H,21,8,9,1,1539.4970538692492,1528.65408920105,10.842964668199102
2016-08-27,2016/2017,Watford,Arsenal,1,3,A,14,10,6,7,1475.5296824130555,1662.3246043513036,-186.79492193824808
2016-08-27,2016/2017,Southampton,Sunderland,1,1,D,16,5,7,2,1622.7910358463682,1494.2007693844755,128.59026646189272
2016-08-27,2016/2017,Crystal Palace,Bournemouth,1,1,D,24,10,5,3,1451.9655805887905,1466.3932722791617,-14.427691690371148
2016-08-27,2016/2017,Hull,Man United,0,1,A,8,29,2,9,1479.3379770718816,1670.5957221448166,-191.257745072935
2016-08-27,2016/2017,Chelsea,Burnley,3,0,H,22,6,10,0,1642.1849511335392,1469.4714524334179,172.71349870012136
2016-08-27,2016/2017,Leicester,Swansea,2,1,H,13,9,6,3,1684.9013610640231,1551.9820746501746,132.91928641384857
2016-08-28,2016/2017,Man City,West Ham,3,1,H,22,9,5,2,1666.2262693044604,1599.360015881861,66.86625342259936
2016-08-28,2016/2017,West Brom,Middlesbrough,0,0,D,13,7,2,2,1498.309342092244,1518.2985538520468,-19.989211759802856
2016-09-10,2016/2017,West Ham,Watford,2,4,A,19,13,4,8,1586.401856946534,1467.3888616231268,119.01299532340727
2016-09-10,2016/2017,Arsenal,Southampton,2,1,H,17,11,2,5,1670.4654251412323,1617.1255935313743,53.33983160985804
2016-09-10,2016/2017,Bournemouth,West Brom,1,0,H,12,12,5,2,1465.729234174376,1499.2288649617565,-33.49963078738051
2016-09-10,2016/2017,Burnley,Hull,1,1,D,13,11,2,3,1460.828905624077,1471.3521035044705,-10.523197880393582
2016-09-10,2016/2017,Liverpool,Leicester,4,1,H,17,12,11,3,1615.3216766452156,1695.0623304209614,-79.74065377574584
2016-09-10,2016/2017,Man United,Man City,1,2,A,14,18,3,6,1678.5815957122277,1679.1844282397874,-0.6028325275597126
2016-09-10,2016/2017,Middlesbrough,Crystal Palace,1,2,A,12,12,4,4,1517.3790309825342,1452.6296186935763,64.74941228895796
2016-09-10,2016/2017,Stoke,Tottenham,0,4,A,15,20,2,8,1513.1532641265694,1655.956855641527,-142.8035915149576
2016-09-11,2016/2017,Swansea,Chelsea,2,2,D,6,28,2,7,1541.8211052932363,1650.8274979428802,-109.00639264964389
2016-09-12,2016/2017,Sunderland,Everton,0,3,A,11,20,2,9,1499.8662116994694,1554.9978789437298,-55.13166724426037
2016-09-16,2016/2017,Chelsea,Liverpool,1,2,A,12,13,4,5,1645.966045451078,1634.930721138798,11.035324312279954
2016-09-17,2016/2017,West Brom,West Ham,4,2,H,8,23,6,5,1481.6909129892558,1565.1258682423984,-83.43495525314256
2016-09-17,2016/2017,Hull,Arsenal,1,4,A,6,24,2,9,1470.8676404687617,1684.02815371077,-213.1605132420084
2016-09-17,2016/2017,Leicester,Burnley,3,0,H,14,7,6,2,1675.453285927379,1461.3133686597857,214.13991726759332
2016-09-17,2016/2017,Everton,Middlesbrough,3,1,H,11,7,6,0,1568.480069167005,1498.4312584113973,70.04881075560775
2016-09-17,2016/2017,Man City,Bournemouth,4,0,H,20,6,12,2,1695.1566668038158,1483.2671861468766,211.8894806569392
2016-09-18,2016/2017,Crystal Palace,Stoke,4,1,H,14,11,8,4,1471.5773912647132,1503.3827027614952,-31.805311496781997
2016-09-18,2016/2017,Southampton,Swansea,1,0,H,19,9,6,3,1603.5628649618366,1546.6825577850386,56.88030717679794
2016-09-18,2016/2017,Tottenham,Sunderland,1,0,H,31,6,9,2,1665.7274170066012,1486.3840214761942,179.34339553040695
2016-09-18,2016/2017,Watford,Man United,3,1,H,10,15,5,2,1488.6648503272625,1662.6093571481993,-173.9445068209368
2016-09-24,2016/2017,Sunderland,Crystal Palace,2,3,A,11,20,4,4,1477.9801091591155,1489.0380022287648,-11.057893069649253
2016-09-24,2016/2017,Middlesbrough,Tottenham,1,2,A,6,19,2,5,1485.614114832856,1674.13132932368,-188.5172144908238
2016-09-24,2016/2017,Stoke,West Brom,1,1,D,12,9,2,3,1485.9220917974437,1501.4610378344055,-15.538946036961761
2016-09-24,2016/2017,Swansea,Man City,1,3,A,13,18,5,4,1533.2788384715077,1702.452131854393,-169.17329338288528
2016-09-24,2016/2017,Man United,Leicester,4,1,H,16,10,7,3,1639.207274147199,1682.6760452855744,-43.46877113837536
2016-09-24,2016/2017,Arsenal,Chelsea,3,0,H,14,9,5,2,1691.2824917985806,1629.4580208126877,61.82447098589296
2016-09-24,2016/2017,Liverpool,Hull,5,1,H,32,2,12,1,1651.4387457771882,1463.6133023809512,187.825443396237
2016-09-24,2016/2017,Bournemouth,Everton,1,0,H,12,13,1,2,1475.9717210962995,1581.2972127455462,-105.32549164924671
2016-09-25,2016/2017,West Ham,Southampton,0,3,A,13,18,1,9,1545.3557433972487,1616.9665842753675,-71.61084087811878
2016-09-26,2016/2017,Burnley,Watford,2,0,H,13,12,4,3,1454.0906093015903,1512.0669333282626,-57.97632402667227
2016-09-30,2016/2017,Everton,Crystal Palace,1,1,D,13,10,3,2,1560.5901139111966,1504.5289393106427,56.06117460055384
2016-10-01,2016/2017,Watford,Bournemouth,2,2,D,17,11,7,2,1493.4215335108365,1496.678819930649,-3.2572864198125444
2016-10-01,2016/2017,Swansea,Liverpool,1,2,A,8,18,3,6,1524.507132270206,1659.5436120962095,-135.03647982600341
2016-10-01,2016/2017,Sunderland,West Brom,1,1,D,7,17,2,7,1462.4891720772375,1500.7459196769971,-38.25674759975959
2016-10-01,2016/2017,Hull,Chelsea,0,2,A,8,22,3,9,1455.5084360619298,1616.2754678490178,-160.76703178708794
2016-10-01,2016/2017,West Ham,Middlesbrough,1,1,D,19,9,2,3,1532.6076251474844,1477.533325182571,55.07429996491351
2016-10-02,2016/2017,Burnley,Arsenal,0,1,A,10,18,1,3,1472.7360091190164,1704.4650447622505,-231.72903564323406
2016-10-02,2016/2017,Leicester,Southampton,0,0,D,9,11,1,5,1664.6846143966325,1629.7147025251318,34.9699118715007
2016-10-02,2016/2017,Man United,Stoke,1,1,D,24,7,9,6,1657.198705036141,1486.637209954852,170.56149508128897
2016-10-02,2016/2017,Tottenham,Man City,2,0,H,13,12,7,6,1682.212118973965,1711.2238380556946,-29.011719081729552
2016-10-15,2016/2017,West Brom,Tottenham,1,1,D,8,20,4,8,1498.9912173061011,1699.5450614003953,-200.55384409429416
2016-10-15,2016/2017,Stoke,Sunderland,2,0,H,18,11,6,1,1493.9162932779102,1464.2438744481335,29.67241882977669
2016-10-15,2016/2017,Man City,Everton,1,1,D,19,3,8,2,1693.8908956292644,1558.0305764021057,135.8603192271587
2016-10-15,2016/2017,Crystal Palace,West Ham,0,1,A,12,12,3,4,1507.0884768197336,1530.0923918777341,-23.00391505800053
2016-10-15,2016/2017,Chelsea,Leicester,3,0,H,16,5,6,0,1625.3586306767147,1663.0796067471592,-37.72097607044452
2016-10-15,2016/2017,Bournemouth,Hull,6,1,H,22,11,10,4,1496.5288207422632,1446.425273234233,50.10354750803026
2016-10-15,2016/2017,Arsenal,Swansea,3,2,H,16,13,6,6,1711.1373155721744,1514.430489525227,196.70682604694753
2016-10-16,2016/2017,Middlesbrough,Watford,0,1,A,10,4,3,2,1480.0485584523212,1493.5715326992222,-13.522974246900958
2016-10-16,2016/2017,Southampton,Burnley,3,1,H,34,6,14,1,1631.319710174605,1466.0637383090925,165.2559718655125
2016-10-17,2016/2017,Liverpool,Man United,0,0,D,9,7,3,1,1669.6202548411886,1649.919621713083,19.700633128105665
2016-10-22,2016/2017,West Ham,Sunderland,1,0,H,20,10,3,2,1545.0345677662954,1449.6070272297093,95.4275405365861
2016-10-22,2016/2017,Swansea,Watford,0,0,D,11,10,5,2,1506.6311183967741,1508.9490910101072,-2.3179726133330405
2016-10-22,2016/2017,Liverpool,West Brom,2,1,H,21,6,7,1,1668.7139782450752,1507.32172573965,161.39225250542518
2016-10-22,2016/2017,Leicester,Crystal Palace,3,1,H,17,23,4,7,1645.3492849197914,1492.1463009311724,153.20298398861905
2016-10-22,2016/2017,Burnley,Everton,2,1,H,9,20,3,8,1457.147722371387,1563.9866443175472,-106.8389219461601
2016-10-22,2016/2017,Hull,Stoke,0,2,A,9,12,2,6,1432.716763919886,1508.5531404963344,-75.8363765764484
2016-10-22,2016/2017,Bournemouth,Tottenham,0,0,D,8,16,1,4,1510.23733005661,1691.2145529668464,-180.97722291023638
2016-10-22,2016/2017,Arsenal,Middlesbrough,0,0,D,9,11,5,4,1718.9366867006272,1464.6710001414363,254.26568655919095
2016-10-23,2016/2017,Chelsea,Man United,4,0,H,14,16,6,5,1643.0889525040825,1650.8258983091964,-7.736945805113919
2016-10-23,2016/2017,Man City,Southampton,1,1,D,14,6,3,2,1687.9348277138229,1640.2357261123104,47.69910160151244
2016-10-29,2016/2017,Sunderland,Arsenal,1,4,A,3,21,1,7,1437.8943549230019,1708.9496948656697,-271.05533994266784
2016-10-29,2016/2017,Man United,Burnley,0,0,D,37,7,11,1,1634.4696576718165,1477.9184031768405,156.5512544949761
2016-10-29,2016/2017,Tottenham,Leicester,1,1,D,22,6,5,1,1683.560313679235,1654.7183313874807,28.84198229175422
2016-10-29,2016/2017,Crystal Palace,Liverpool,2,4,A,7,17,6,10,1482.7772544634831,1677.773747709435,-194.9964932459518
2016-10-29,2016/2017,Middlesbrough,Bournemouth,2,0,H,10,15,3,3,1474.6579919763938,1517.8915693442216,-43.23357736782782
2016-10-29,2016/2017,West Brom,Man City,0,4,A,9,21,1,8,1498.2619562752902,1685.7519005155111,-187.4899442402209
2016-10-29,2016/2017,Watford,Hull,1,0,H,22,8,0,2,1508.842346010172,1420.154731462834,88.68761454733794
2016-10-30,2016/2017,Everton,West Ham,2,0,H,17,13,6,3,1543.2159635120938,1556.7472400730028,-13.531276560908964
2016-10-30,2016/2017,Southampton,Chelsea,0,2,A,9,13,1,7,1642.4186533106222,1659.4451931414624,-17.026539830840193
2016-10-31,2016/2017,Stoke,Swansea,3,1,H,17,14,4,6,1521.1151729533865,1506.7378633967094,14.377309556677119
2016-11-05,2016/2017,Burnley,Crystal Palace,3,2,H,14,16,7,5,1484.6765546312895,1474.9196641374238,9.75689049386574
2016-11-05,2016/2017,Bournemouth,Sunderland,1,2,A,22,9,7,4,1499.9108026371334,1432.339131267591,67.5716713695424
2016-11-05,2016/2017,Man City,Middlesbrough,1,1,D,25,5,7,3,1693.8684607331463,1492.638758683482,201.2297020496644
2016-11-05,2016/2017,Chelsea,Everton,5,0,H,21,1,9,0,1674.6617191072423,1559.8387869579115,114.82293214933088
2016-11-05,2016/2017,West Ham,Stoke,1,1,D,9,12,2,4,1540.1244166271852,1536.4534510491303,3.6709655780548474
2016-11-06,2016/2017,Arsenal,Tottenham,1,1,D,15,10,2,3,1714.5049185210805,1682.2351339855834,32.26978453549714
2016-11-06,2016/2017,Hull,Southampton,2,1,H,6,19,2,7,1408.1524913107814,1627.2021273448422,-219.04963603406077
2016-11-06,2016/2017,Leicester,West Brom,1,2,A,5,11,2,5,1656.0435110811322,1490.145396057655,165.8981150234772
2016-11-06,2016/2017,Liverpool,Watford,6,1,H,28,11,17,8,1685.6313380354943,1520.8445861622245,164.78675187326985
2016-11-06,2016/2017,Swansea,Man United,1,3,A,6,9,1,3,1491.3995853009656,1627.7115062173675,-136.31192091640196
2016-11-19,2016/2017,Stoke,Bournemouth,0,1,A,14,9,6,2,1536.6224989707919,1480.8376621546429,55.78483681614898
2016-11-19,2016/2017,Sunderland,Hull,3,0,H,11,17,4,7,1451.4122717500816,1433.0865644344783,18.325707315603267
2016-11-19,2016/2017,Tottenham,West Ham,3,2,H,14,11,6,3,1683.716953870191,1539.9553687055236,143.7615851646674
2016-11-19,2016/2017,Watford,Leicester,2,1,H,10,10,3,2,1511.9111872807305,1632.9357715587344,-121.02458427800389
2016-11-19,2016/2017,Man United,Arsenal,1,1,D,12,5,5,1,1637.737531860857,1713.023098636473,-75.28556677561596
2016-11-19,2016/2017,Everton,Swansea,1,1,D,14,5,6,3,1548.9421192559569,1481.373559657476,67.56855959848076
2016-11-19,2016/2017,Southampton,Liverpool,0,0,D,3,15,0,2,1602.2680542211453,1694.5647369169883,-92.29668269584295
2016-11-19,2016/2017,Crystal Palace,Man City,1,2,A,9,10,2,4,1459.3688674703958,1685.5152881869187,-226.14642071652293
2016-11-20,2016/2017,Middlesbrough,Chelsea,0,1,A,12,13,1,3,1500.9919312297095,1685.558386809197,-184.5664555794874
2016-11-21,2016/2017,West Brom,Burnley,4,0,H,16,5,6,2,1513.253135580053,1500.2273512983174,13.025784281735469
2016-11-26,2016/2017,Liverpool,Sunderland,2,0,H,27,6,7,1,1690.4115584159742,1466.5691235032932,223.84243491268103
2016-11-26,2016/2017,Leicester,Middlesbrough,2,2,D,11,6,3,2,1611.577376866329,1492.773001641655,118.804375224674
2016-11-26,2016/2017,Swansea,Crystal Palace,5,4,H,18,12,9,4,1484.4465621239972,1452.525294448818,31.92126767517925
2016-11-26,2016/2017,Burnley,Man City,1,2,A,10,21,5,5,1484.8269299379629,1692.3588612084966,-207.53193127053373
2016-11-26,2016/2017,Hull,West Brom,1,1,D,10,11,4,2,1417.9297126812667,1528.6535569404075,-110.72384425914083
2016-11-26,2016/2017,Chelsea,Tottenham,2,1,H,9,12,5,6,1693.7773163972515,1693.4501257677032,0.32719062954834044
2016-11-27,2016/2017,Arsenal,Bournemouth,3,1,H,16,9,3,3,1709.6093339009926,1499.3847979265763,210.2245359744163
2016-11-27,2016/2017,Man United,West Ham,1,1,D,17,6,8,2,1641.1512965963373,1530.2221968080114,110.92909978832586
2016-11-27,2016/2017,Southampton,Everton,1,0,H,17,13,7,1,1606.4212327221594,1545.8691167894358,60.55211593272361
2016-11-27,2016/2017,Watford,Stoke,0,1,A,11,14,2,1,1533.269581973136,1518.0753631988584,15.194218774277488
2016-12-03,2016/2017,Man City,Chelsea,1,3,A,14,10,5,4,1699.7965683885368,1709.7622487163826,-9.965680327845803
2016-12-03,2016/2017,Tottenham,Swansea,5,0,H,28,1,15,0,1677.465193448572,1498.980655843013,178.48453760555913
2016-12-03,2016/2017,Crystal Palace,Southampton,3,0,H,9,17,4,3,1437.9912007298021,1619.660599307483,-181.6693985776808
2016-12-03,2016/2017,West Ham,Arsenal,1,5,A,10,19,3,10,1535.1638831999842,1716.9589199212671,-181.79503672128294
2016-12-03,2016/2017,Sunderland,Leicester,2,1,H,22,17,6,5,1459.6539258713356,1606.3099525204536,-146.65602664911808
2016-12-03,2016/2017,Stoke,Burnley,2,0,H,10,14,4,4,1534.7746370946782,1477.3892227579227,57.3854143367555
2016-12-03,2016/2017,West Brom,Watford,3,1,H,11,17,3,5,1523.720422797443,1516.5703080773162,7.150114720126794
2016-12-04,2016/2017,Bournemouth,Liverpool,4,3,H,12,10,8,3,1492.0352119063018,1697.326756047932,-205.29154414163008
2016-12-04,2016/2017,Everton,Man United,1,1,D,13,10,6,2,1532.6297502041123,1636.2096102043645,-103.57986000025221
2016-12-05,2016/2017,Middlesbrough,Hull,1,0,H,16,6,4,2,1498.0404259875302,1422.8628468242312,75.17757916329901
2016-12-10,2016/2017,Swansea,Sunderland,3,0,H,14,11,5,2,1490.5460704267985,1482.033229602396,8.512840824402474
2016-12-10,2016/2017,Watford,Everton,3,2,H,11,11,6,4,1500.899536551328,1537.2633093361933,-36.363772784865205
2016-12-10,2016/2017,Leicester,Man City,4,2,H,10,19,6,4,1583.9306487893932,1684.2553791066357,-100.32473031724248
2016-12-10,2016/2017,Hull,Crystal Palace,3,3,D,15,14,6,6,1410.2718646163182,1461.6699974337055,-51.39813281738725
2016-12-10,2016/2017,Burnley,Bournemouth,3,2,H,16,17,7,4,1464.0081466502147,1516.523623859731,-52.51547720951635
2016-12-10,2016/2017,Arsenal,Stoke,3,1,H,21,12,6,5,1725.2756707821627,1548.155713202386,177.1199575797766
2016-12-11,2016/2017,Chelsea,West Brom,1,0,H,12,6,2,1,1725.3034379982837,1539.3911943234311,185.91224367485256
2016-12-11,2016/2017,Liverpool,West Ham,2,2,D,18,7,3,3,1672.8383440945026,1526.8471323390886,145.99121175541404
2016-12-11,2016/2017,Man United,Tottenham,1,0,H,15,12,5,4,1631.5760510722835,1685.8997788647866,-54.32372779250318
2016-12-11,2016/2017,Southampton,Middlesbrough,1,0,H,14,6,3,2,1595.9818026035796,1510.631408195443,85.35039440813648
2016-12-13,2016/2017,Bournemouth,Leicester,1,0,H,9,12,3,4,1498.123447788331,1604.4265060430068,-106.30305825467576
2016-12-13,2016/2017,Everton,Arsenal,2,1,H,14,9,4,3,1519.594783843415,1733.7591381570126,-214.16435431359764
2016-12-14,2016/2017,West Ham,Burnley,1,0,H,20,8,7,2,1533.2006674916145,1482.4083227216147,50.79234476999977
2016-12-14,2016/2017,West Brom,Swansea,3,1,H,13,8,4,4,1531.219493823687,1506.1541180514982,25.065375772188645
2016-12-14,2016/2017,Tottenham,Hull,3,0,H,27,10,9,5,1667.4182679303622,1412.6217188946732,254.79654903568894
2016-12-14,2016/2017,Sunderland,Chelsea,0,1,A,8,19,3,6,1466.4251819776962,1733.475138498028,-267.04995652033176
2016-12-14,2016/2017,Man City,Watford,2,0,H,13,5,7,2,1663.759521853022,1518.5680620441067,145.1914598089154
2016-12-14,2016/2017,Middlesbrough,Liverpool,0,3,A,8,15,3,4,1498.4847357199508,1666.4848089419768,-168.000073222026
2016-12-14,2016/2017,Crystal Palace,Man United,1,2,A,6,16,3,6,1459.3201431553505,1650.057562006708,-190.73741885135746
2016-12-14,2016/2017,Stoke,Southampton,0,0,D,5,15,3,4,1539.6722458275362,1608.128475079072,-68.45622925153566
2016-12-17,2016/2017,West Brom,Man United,0,2,A,10,10,1,5,1546.06718907087,1658.0613992921699,-111.99421022129991
2016-12-17,2016/2017,West Ham,Hull,1,0,H,18,16,6,5,1546.8781160085375,1406.6236187924553,140.2544972160822
2016-12-17,2016/2017,Stoke,Leicester,2,2,D,16,14,7,8,1542.7845996607555,1583.6783190791296,-40.893719418374076
2016-12-17,2016/2017,Middlesbrough,Swansea,3,0,H,10,14,4,2,1489.6699621828807,1491.3064228043152,-1.6364606214344803
2016-12-17,2016/2017,Crystal Palace,Chelsea,0,1,A,6,13,2,6,1451.3163058698885,1739.1370101306816,-287.82070426079304
2016-12-17,2016/2017,Sunderland,Watford,1,0,H,12,9,4,4,1460.7633103450426,1508.8905464667728,-48.12723612173022
2016-12-18,2016/2017,Bournemouth,Southampton,1,3,A,10,14,5,8,1518.8716347522084,1605.0161212458527,-86.14448649364431
2016-12-18,2016/2017,Man City,Arsenal,2,1,H,14,6,5,1,1673.437037430356,1708.9811108430995,-35.5440734127435
2016-12-18,2016/2017,Tottenham,Burnley,2,1,H,30,5,9,2,1673.41636803258,1468.7308742046916,204.68549382788842
2016-12-19,2016/2017,Everton,Liverpool,0,1,A,6,11,1,4,1544.372811157328,1675.2995824790469,-130.9267713217189
2016-12-26,2016/2017,Hull,Man City,0,3,A,10,16,3,6,1396.7531784301414,1691.0682157648487,-294.3150373347073
2016-12-26,2016/2017,Arsenal,West Brom,1,0,H,26,3,11,1,1691.3499325086068,1535.0532045247103,156.29672798389652
2016-12-26,2016/2017,Burnley,Middlesbrough,1,0,H,6,8,4,2,1461.1992133360045,1505.7453234222248,-44.546110086220324
2016-12-26,2016/2017,Chelsea,Bournemouth,3,0,H,14,7,4,3,1744.263029463046,1506.7593915194584,237.5036379435876
2016-12-26,2016/2017,Leicester,Everton,0,2,A,7,8,2,3,1581.8037423052076,1534.1321376469455,47.67160465826214
2016-12-26,2016/2017,Man United,Sunderland,3,1,H,26,7,9,4,1669.0753838383296,1478.9655836056872,190.10980023264233
2016-12-26,2016/2017,Swansea,West Ham,1,4,A,14,14,7,7,1475.231061564971,1556.7485563708515,-81.51749480588046
2016-12-26,2016/2017,Watford,Crystal Palace,1,1,D,9,10,3,4,1490.688273206128,1446.1902865375241,44.49798666860397
2016-12-27,2016/2017,Liverpool,Stoke,4,1,H,20,6,6,2,1685.5402559894294,1544.6591764346774,140.88107955475198
2016-12-28,2016/2017,Southampton,Tottenham,1,4,A,9,17,2,5,1617.1283644786026,1680.9480289012672,-63.81966442266457
2016-12-30,2016/2017,Hull,Everton,2,2,D,13,20,4,7,1391.7860577437448,1552.3138221213003,-160.5277643775555
2016-12-31,2016/2017,Leicester,West Ham,1,0,H,12,25,4,5,1563.6220578308528,1569.0619387968575,-5.439880966004694
2016-12-31,2016/2017,Burnley,Sunderland,4,1,H,16,11,6,3,1479.2394699374595,1470.9400426408654,8.299427296594104
2016-12-31,2016/2017,Southampton,West Brom,1,2,A,10,7,1,3,1604.034753586078,1525.8017228163126,78.23303076976549
2016-12-31,2016/2017,Chelsea,Stoke,4,2,H,18,5,7,2,1750.7614520521454,1534.8133393376559,215.94811271448953
2016-12-31,2016/2017,Liverpool,Man City,1,0,H,5,9,1,2,1695.386093086451,1696.0353364512453,-0.6492433647943017
2016-12-31,2016/2017,Man United,Middlesbrough,2,1,H,32,9,12,2,1677.1009248031514,1487.7050668207698,189.39585798238159
2016-12-31,2016/2017,Swansea,Bournemouth,0,3,A,14,11,5,6,1462.917679138965,1500.260968930359,-37.343289791394
2017-01-01,2016/2017,Arsenal,Crystal Palace,2,0,H,22,7,7,4,1700.6014142170045,1448.2283629708063,252.3730512461982
2017-01-01,2016/2017,Watford,Tottenham,1,4,A,6,19,2,6,1488.650196772846,1694.0416397937918,-205.39144302094587
2017-01-02,2016/2017,West Ham,Man United,0,2,A,8,13,2,6,1552.8114434896845,1685.1512021591666,-132.33975866948208
2017-01-02,2016/2017,Everton,Southampton,3,0,H,17,12,6,3,1545.4059470594223,1584.4916693387725,-39.08572227935019
2017-01-02,2016/2017,Man City,Burnley,2,1,H,14,11,3,3,1680.0054377241768,1494.8573398670221,185.14809785715465
2017-01-02,2016/2017,Middlesbrough,Leicester,0,0,D,9,10,1,4,1479.6547894647547,1579.8725531380258,-100.21776367327107
2017-01-02,2016/2017,Sunderland,Liverpool,2,2,D,10,21,5,15,1455.3221727113028,1711.4159918135194,-256.0938191022167
2017-01-02,2016/2017,West Brom,Hull,3,1,H,8,17,5,6,1545.3448070636182,1398.6939328056228,146.65087425799538
2017-01-03,2016/2017,Crystal Palace,Swansea,1,2,A,7,11,3,4,1442.1619727413188,1448.6308092747283,-6.468836533409558
2017-01-03,2016/2017,Stoke,Watford,2,0,H,17,9,5,2,1527.6486250191288,1481.1419138860945,46.50671113303429
2017-01-03,2016/2017,Bournemouth,Arsenal,3,3,D,12,14,6,4,1514.5478387945957,1706.667804446492,-192.11996565189634
2017-01-04,2016/2017,Tottenham,Chelsea,2,0,H,9,11,2,2,1701.5499226805432,1757.9261663706725,-56.376243690129286
2017-01-14,2016/2017,Tottenham,West Brom,4,0,H,21,3,11,0,1720.123596294657,1554.9657028910365,165.15789340362062
2017-01-14,2016/2017,Watford,Middlesbrough,0,0,D,12,5,5,1,1467.2709265630451,1484.1461092668508,-16.87518270380565
2017-01-14,2016/2017,Swansea,Arsenal,0,4,A,12,14,3,6,1464.3329427619865,1698.6239700469932,-234.29102728500675
2017-01-14,2016/2017,West Ham,Crystal Palace,3,0,H,14,10,3,1,1542.627326184978,1426.4598392540606,116.16748693091745
2017-01-14,2016/2017,Leicester,Chelsea,0,3,A,7,8,2,3,1575.3812333359297,1739.3524927565586,-163.97125942062894
2017-01-14,2016/2017,Burnley,Southampton,1,0,H,9,20,3,5,1486.6588443314508,1566.6992603605277,-80.04041602907682
2017-01-14,2016/2017,Sunderland,Stoke,1,3,A,14,14,3,6,1465.36038379144,1541.519612342178,-76.15922855073813
2017-01-14,2016/2017,Hull,Bournemouth,3,1,H,14,8,3,6,1389.0730369782045,1522.5916731940945,-133.51863621588996
2017-01-15,2016/2017,Everton,Man City,4,0,H,6,13,4,5,1563.198356037667,1688.203933259748,-125.005577222081
2017-01-15,2016/2017,Man United,Liverpool,1,1,D,9,13,3,4,1695.335319463873,1701.3777807333822,-6.042461269509204
2017-01-21,2016/2017,Liverpool,Swansea,2,3,A,16,6,5,3,1701.0995431605693,1457.7382220789752,243.36132108159404
2017-01-21,2016/2017,Man City,Tottenham,2,2,D,17,6,7,2,1666.68339840758,1729.0432439764606,-62.3598455688807
2017-01-21,2016/2017,Middlesbrough,West Ham,1,3,A,11,13,2,5,1483.3695889206851,1553.4684429920749,-70.09885407138972
2017-01-21,2016/2017,Stoke,Man United,1,1,D,6,25,1,8,1554.0674662074812,1695.613557036686,-141.5460908292048
2017-01-21,2016/2017,Bournemouth,Watford,2,2,D,15,10,5,3,1500.7287324818835,1468.0474469092107,32.68128557267278
2017-01-21,2016/2017,Crystal Palace,Everton,0,1,A,8,16,2,8,1415.6187224469638,1584.7188908898352,-169.10016844287134
2017-01-21,2016/2017,West Brom,Sunderland,2,0,H,14,9,5,3,1546.046055209233,1452.812529926137,93.23352528309601
2017-01-22,2016/2017,Southampton,Leicester,3,0,H,20,11,7,2,1547.0771162295669,1566.4175739859515,-19.340457756384694
2017-01-22,2016/2017,Arsenal,Burnley,2,1,H,24,13,8,7,1705.2186907300045,1506.2809884624116,198.93770226759284
2017-01-22,2016/2017,Chelsea,Hull,2,0,H,9,9,5,4,1748.3161521065367,1410.9359776904155,337.38017441612124
2017-01-31,2016/2017,Liverpool,Chelsea,1,1,D,7,8,3,2,1675.425087939653,1752.329449126893,-76.90436118724006
2017-01-31,2016/2017,Burnley,Leicester,1,0,H,24,13,3,5,1498.5571151805584,1549.527831827759,-50.97071664720056
2017-01-31,2016/2017,Bournemouth,Crystal Palace,0,2,A,10,11,2,4,1499.228126886317,1406.844335757341,92.3837911289761
2017-01-31,2016/2017,Arsenal,Watford,1,2,A,20,10,5,6,1712.9425640118577,1469.5480525047772,243.39451150708055
2017-01-31,2016/2017,Middlesbrough,West Brom,1,1,D,11,16,3,5,1470.5546586604476,1557.8526686759178,-87.29801001547025
2017-01-31,2016/2017,Swansea,Southampton,2,1,H,11,10,5,2,1483.4126772998916,1563.9668583877594,-80.55418108786785
2017-01-31,2016/2017,Sunderland,Tottenham,0,0,D,3,14,1,3,1441.005916459452,1726.2019130246965,-285.1959965652445
2017-02-01,2016/2017,West Ham,Man City,0,4,A,6,11,1,4,1566.2833732523125,1669.524729359344,-103.2413561070316
2017-02-01,2016/2017,Man United,Hull,0,0,D,15,6,6,2,1689.4333192384615,1406.9226806700592,282.5106385684023
2017-02-01,2016/2017,Stoke,Everton,1,1,D,14,14,7,5,1560.2477040057056,1593.493277579458,-33.24557357375238
2017-02-04,2016/2017,Chelsea,Arsenal,3,1,H,13,9,6,5,1748.8446009631468,1687.2671391909025,61.577461772244305
2017-02-04,2016/2017,Crystal Palace,Sunderland,0,4,A,21,10,9,7,1427.0012552181895,1451.8145199581104,-24.813264739920896
2017-02-04,2016/2017,Everton,Bournemouth,6,3,H,15,18,10,8,1591.9669180874796,1479.0712074254686,112.89571066201097
2017-02-04,2016/2017,Hull,Liverpool,2,0,H,7,22,4,5,1417.6637021554595,1678.909936103399,-261.2462339479396
2017-02-04,2016/2017,Southampton,West Ham,1,3,A,21,6,7,4,1544.3222745856033,1554.902647048777,-10.580372463173717
2017-02-04,2016/2017,Tottenham,Middlesbrough,1,0,H,17,8,5,0,1715.3933095260381,1474.4923602811418,240.9009492448963
2017-02-04,2016/2017,Watford,Burnley,2,1,H,16,11,7,7,1495.2234773257323,1516.8877073058727,-21.664229980140362
2017-02-04,2016/2017,West Brom,Stoke,1,0,H,16,12,4,2,1553.9149670552235,1561.774063497684,-7.859096442460441
2017-02-05,2016/2017,Leicester,Man United,0,3,A,11,15,1,9,1531.1972397024447,1678.6922977530612,-147.49505805061654
2017-02-05,2016/2017,Man City,Swansea,2,1,H,17,4,5,2,1680.9054555628795,1503.0572611020477,177.8481944608318
2017-02-11,2016/2017,Man United,Watford,2,0,H,22,9,11,3,1688.280528812691,1512.2198609725226,176.06066784016843
2017-02-11,2016/2017,Sunderland,Southampton,0,4,A,6,15,1,8,1466.6737657301592,1528.8093681810612,-62.13560245090207
2017-02-11,2016/2017,Middlesbrough,Everton,0,0,D,9,7,3,3,1468.0946280139344,1602.9434489862128,-134.84882097227842
2017-02-11,2016/2017,West Ham,West Brom,2,2,D,16,8,4,3,1570.415553453319,1570.2768301044794,0.13872334883967596
2017-02-11,2016/2017,Liverpool,Tottenham,2,0,H,17,7,9,2,1652.729180441183,1721.7910417932455,-69.06186135206258
2017-02-11,2016/2017,Arsenal,Hull,2,0,H,17,9,7,4,1674.0735623745845,1443.8444578176757,230.22910455690885
2017-02-11,2016/2017,Stoke,Crystal Palace,1,0,H,7,6,4,1,1545.4122004484282,1412.1420094461407,133.27019100228745
2017-02-12,2016/2017,Burnley,Chelsea,1,1,D,6,13,4,2,1499.8913236590824,1762.0381777794648,-262.1468541203824
2017-02-12,2016/2017,Swansea,Leicester,2,0,H,10,9,4,1,1494.5999031339363,1521.6090086428148,-27.00910550887852
2017-02-13,2016/2017,Bournemouth,Man City,0,2,A,5,17,1,5,1468.0946765267354,1689.362813530991,-221.26813700425555
2017-02-25,2016/2017,Everton,Sunderland,2,0,H,20,10,8,1,1597.0275507981999,1453.505094422727,143.52245637547276
2017-02-25,2016/2017,Chelsea,Swansea,3,1,H,16,3,5,2,1751.8327799187925,1511.8412188808798,239.9915610379128
2017-02-25,2016/2017,Crystal Palace,Middlesbrough,1,0,H,15,11,3,4,1401.9950425083512,1474.0105262019474,-72.01548369359625
2017-02-25,2016/2017,Hull,Burnley,1,1,D,15,10,1,3,1437.126474119716,1510.0967215197547,-72.97024740003872
2017-02-25,2016/2017,Watford,West Ham,1,1,D,9,13,1,2,1503.6983231213344,1570.4091650073567,-66.71084188602231
2017-02-25,2016/2017,West Brom,Bournemouth,2,1,H,13,12,4,4,1570.2832185504417,1461.0988106170648,109.18440793337686
2017-02-26,2016/2017,Tottenham,Stoke,4,0,H,21,5,9,3,1702.6518620347592,1555.5591673862177,147.0926946485415
2017-02-27,2016/2017,Leicester,Liverpool,3,1,H,13,17,7,7,1504.3676928958714,1671.8683601996693,-167.50066730379785
2017-03-04,2016/2017,Watford,Southampton,3,4,A,16,20,4,11,1506.7332653135352,1541.9780394884933,-35.24477417495814
2017-03-04,2016/2017,Liverpool,Arsenal,3,1,H,18,7,7,3,1648.7015059735984,1680.7915460725442,-32.09004009894579
2017-03-04,2016/2017,Man United,Bournemouth,1,1,D,20,3,7,1,1696.8020666638793,1449.9677030323926,246.83436363148667
2017-03-04,2016/2017,Leicester,Hull,3,1,H,17,10,5,4,1527.5345471219423,1440.4383248825434,87.09622223939891
2017-03-04,2016/2017,West Brom,Crystal Palace,0,2,A,11,10,1,4,1581.414326135114,1421.2647847677965,160.1495413673174
2017-03-04,2016/2017,Swansea,Burnley,3,2,H,23,6,10,4,1505.4166491617834,1506.7848707569274,-1.3682215951439503
2017-03-04,2016/2017,Stoke,Middlesbrough,2,0,H,13,8,8,2,1545.9553752291406,1454.740783942502,91.21459128663855
2017-03-05,2016/2017,Sunderland,Man City,0,2,A,11,14,3,7,1443.762597127616,1696.3586794406615,-252.5960823130456
2017-03-05,2016/2017,Tottenham,Everton,3,2,H,20,8,7,4,1712.2556541918364,1606.770048093311,105.4856060985253
2017-03-06,2016/2017,West Ham,Chelsea,1,2,A,11,9,2,4,1567.374222815156,1758.2573496378889,-190.88312682273295
2017-03-08,2016/2017,Man City,Stoke,0,0,D,12,5,1,2,1702.418760223323,1557.848708716324,144.5700515069991
2017-03-11,2016/2017,Bournemouth,West Ham,3,2,H,21,15,9,7,1459.743010025416,1559.375418658447,-99.63240863303099
2017-03-11,2016/2017,Everton,West Brom,3,0,H,16,5,5,2,1595.4838813774775,1558.5206288411064,36.9632525363711
2017-03-11,2016/2017,Hull,Swansea,2,1,H,15,11,7,3,1428.3672954273172,1521.4796577690427,-93.11236234172543
2017-03-12,2016/2017,Liverpool,Burnley,2,1,H,10,11,3,1,1666.1751189274778,1490.7218621496681,175.45325677780966
2017-03-18,2016/2017,Bournemouth,Swansea,2,0,H,12,10,6,1,1480.2094855962016,1501.2914681997308,-21.08198260352924
2017-03-18,2016/2017,Crystal Palace,Watford,1,0,H,7,6,0,2,1444.158482061804,1492.3508024705764,-48.192320408772275
2017-03-18,2016/2017,Everton,Hull,4,0,H,14,6,8,0,1609.7880539859057,1448.555484996629,161.23256898927661
2017-03-18,2016/2017,Stoke,Chelsea,1,2,A,5,20,1,7,1564.1470276401924,1766.2561537945978,-202.10912615440543
2017-03-18,2016/2017,Sunderland,Burnley,0,0,D,14,17,5,3,1437.7025163449543,1482.1784451394133,-44.47592879445892
2017-03-18,2016/2017,West Brom,Arsenal,3,1,H,12,11,8,2,1544.2164562326782,1663.3179331186648,-119.10147688598659
2017-03-18,2016/2017,West Ham,Leicester,2,3,A,20,11,7,5,1538.9089430876613,1539.6055765771684,-0.6966334895071213
2017-03-19,2016/2017,Man City,Liverpool,1,1,D,13,13,3,4,1696.1204412994546,1674.7185359377327,21.4019053617219
2017-03-19,2016/2017,Middlesbrough,Man United,1,3,A,10,14,3,6,1442.8474504553187,1687.0267596708559,-244.17930921553716
2017-03-19,2016/2017,Tottenham,Southampton,2,1,H,12,8,6,3,1723.54182090767,1556.3605023314522,167.1813185762178
2017-04-01,2016/2017,Southampton,Bournemouth,0,0,D,14,12,4,3,1547.5155958867126,1497.1791569816546,50.336438905058
2017-04-01,2016/2017,Liverpool,Everton,3,1,H,10,9,6,4,1675.7028853746017,1618.8537947282562,56.84909064634553
2017-04-01,2016/2017,Watford,Sunderland,1,0,H,23,11,10,3,1474.1455888273765,1439.7395934495275,34.40599537784897
2017-04-01,2016/2017,Man United,West Brom,0,0,D,18,3,3,1,1693.3284409970472,1565.4960762945755,127.83236470247175
2017-04-01,2016/2017,Hull,West Ham,2,1,H,7,12,3,4,1439.4897442542785,1522.9410242024337,-83.45127994815516
2017-04-01,2016/2017,Leicester,Stoke,2,0,H,23,10,10,2,1555.573495462396,1556.529621798746,-0.9561263363498256
2017-04-01,2016/2017,Chelsea,Crystal Palace,1,2,A,24,8,11,3,1773.8735596360443,1462.363695705004,311.5098639310404
2017-04-01,2016/2017,Burnley,Tottenham,0,2,A,13,19,2,7,1480.14136803484,1732.3867273524095,-252.2453593175694
2017-04-02,2016/2017,Arsenal,Man City,2,2,D,8,14,3,5,1642.0383130567675,1695.1360918625855,-53.09777880581805
2017-04-02,2016/2017,Swansea,Middlesbrough,0,0,D,15,8,3,1,1484.3217968142778,1436.5457691291274,47.77602768515044
2017-04-04,2016/2017,Man United,Everton,1,1,D,18,11,3,4,1687.6935488065965,1605.4486756723868,82.24487313420968
2017-04-04,2016/2017,Watford,West Brom,2,0,H,9,18,2,2,1488.5662933346682,1571.1309684850262,-82.56467515035797
2017-04-04,2016/2017,Burnley,Stoke,1,0,H,7,15,3,2,1474.071363194323,1540.4855906649168,-66.41422747059369
2017-04-04,2016/2017,Leicester,Sunderland,2,0,H,19,15,8,3,1571.6175265962252,1425.3188889422358,146.29863765398932
2017-04-05,2016/2017,Chelsea,Man City,2,1,H,10,17,4,7,1746.439366457186,1692.7097098729341,53.72965658425187
2017-04-05,2016/2017,Hull,Middlesbrough,4,2,H,17,12,5,4,1459.260579130611,1438.7321728580814,20.528406272529537
2017-04-05,2016/2017,Arsenal,West Ham,3,0,H,21,7,8,2,1644.4646950464187,1503.1701893261013,141.29450572031737
2017-04-05,2016/2017,Swansea,Tottenham,1,3,A,4,18,1,8,1482.1353930853238,1738.4567321929264,-256.3213391076026
2017-04-05,2016/2017,Liverpool,Bournemouth,2,2,D,20,7,8,2,1689.108004430471,1499.4811517163541,189.62685271411692
2017-04-05,2016/2017,Southampton,Crystal Palace,3,1,H,25,17,9,3,1545.213601152013,1489.7978888838622,55.415712268150855
2017-04-08,2016/2017,West Brom,Southampton,0,1,A,17,10,6,3,1551.3987185585463,1558.6830361830782,-7.284317624531923
2017-04-08,2016/2017,West Ham,Swansea,1,0,H,14,4,6,1,1493.340567071672,1476.1799550554902,17.160612016181858
2017-04-08,2016/2017,Tottenham,Watford,4,0,H,19,8,6,2,1744.41217022276,1508.298543261148,236.113626961612
2017-04-08,2016/2017,Stoke,Liverpool,1,2,A,9,14,4,4,1521.463818728862,1681.1502728357702,-159.6864541069083
2017-04-08,2016/2017,Middlesbrough,Burnley,0,0,D,12,7,5,2,1423.676442313753,1493.093135130378,-69.41669281662507
2017-04-08,2016/2017,Man City,Hull,3,1,H,23,6,7,1,1679.1645138375907,1474.3163096749395,204.8482041626512
2017-04-08,2016/2017,Bournemouth,Chelsea,1,3,A,12,15,1,5,1507.438883311055,1759.9845624925294,-252.5456791814745
2017-04-09,2016/2017,Everton,Leicester,4,2,H,12,6,7,4,1609.1669965462318,1581.2520705754498,27.91492597078195
2017-04-09,2016/2017,Sunderland,Man United,0,3,A,9,18,4,9,1415.6843449630112,1683.9752279327515,-268.2908829697403
2017-04-10,2016/2017,Crystal Palace,Arsenal,3,0,H,17,11,6,3,1476.328453852797,1654.294317300848,-177.96586344805087
2017-04-15,2016/2017,Watford,Swansea,1,0,H,15,13,7,4,1501.7585841938974,1460.9695884208293,40.78899577306811
2017-04-15,2016/2017,Tottenham,Bournemouth,4,0,H,24,5,14,1,1750.9521292900108,1501.3773770868509,249.57475220315996
2017-04-15,2016/2017,Sunderland,West Ham,2,2,D,14,7,4,3,1410.0556852322898,1508.550933706333,-98.49524847404314
2017-04-15,2016/2017,Stoke,Hull,3,1,H,14,14,4,3,1512.340138983266,1466.7900415333077,45.55009744995823
2017-04-15,2016/2017,Southampton,Man City,0,3,A,8,18,1,5,1574.3476301030828,1686.6907819792225,-112.3431518761397
2017-04-15,2016/2017,Everton,Burnley,3,1,H,29,13,7,6,1623.8842257845924,1489.938246945974,133.94597883861843
2017-04-15,2016/2017,Crystal Palace,Leicester,2,2,D,15,6,4,2,1499.8753098241943,1566.5348413370891,-66.65953151289477
2017-04-16,2016/2017,Man United,Chelsea,2,0,H,9,5,3,0,1689.603887663473,1766.0460687167335,-76.44218105326058
2017-04-16,2016/2017,West Brom,Liverpool,0,1,A,7,15,2,2,1535.7341246385417,1690.2739525813663,-154.53982794282456
2017-04-17,2016/2017,Middlesbrough,Arsenal,1,2,A,13,12,5,4,1426.8313304981568,1630.7474613294507,-203.9161308312939
2017-04-22,2016/2017,Bournemouth,Middlesbrough,4,0,H,20,5,10,2,1495.231396432113,1419.274134336123,75.95726209598979
2017-04-22,2016/2017,Hull,Watford,2,0,H,8,13,3,2,1452.8757647790922,1515.8887640900632,-63.012999310971054
2017-04-22,2016/2017,Swansea,Stoke,2,0,H,10,9,6,3,1446.8394085246634,1526.2544157374814,-79.41500721281795
2017-04-22,2016/2017,West Ham,Everton,0,0,D,15,4,3,0,1504.1327893701946,1634.004255388829,-129.87146601863446
2017-04-23,2016/2017,Liverpool,Crystal Palace,1,2,A,14,7,1,3,1699.5920905198595,1502.90797404076,196.68411647909943
2017-04-23,2016/2017,Burnley,Man United,0,2,A,8,12,0,6,1479.8182173417374,1709.0684554637494,-229.25023812201198
2017-04-25,2016/2017,Chelsea,Southampton,4,2,H,17,12,7,4,1746.5815009164571,1563.3481498623935,183.23335105406363
2017-04-26,2016/2017,Arsenal,Leicester,1,0,H,12,7,5,3,1638.3046574914845,1563.5021771205234,74.80248037096112
2017-04-26,2016/2017,Crystal Palace,Tottenham,0,1,A,6,18,1,4,1527.1078318040104,1757.0981099447488,-229.99027814073838
2017-04-26,2016/2017,Middlesbrough,Sunderland,1,0,H,6,10,2,4,1406.7174114359684,1414.473829568428,-7.7564181324596575
2017-04-27,2016/2017,Man City,Man United,0,0,D,19,3,6,1,1697.6902622199118,1715.816395523754,-18.126133303842153
2017-04-29,2016/2017,West Brom,Leicester,0,1,A,16,6,4,1,1526.4159867000485,1550.89470135674,-24.47871465669141
2017-04-29,2016/2017,Stoke,West Ham,0,0,D,19,12,4,4,1506.6596078066902,1509.8497679905975,-3.19016018390721
2017-04-29,2016/2017,Sunderland,Bournemouth,0,1,A,17,15,5,7,1398.1166926428937,1507.7881193322676,-109.6714266893739
2017-04-29,2016/2017,Crystal Palace,Burnley,0,2,A,15,9,5,3,1520.3825482905067,1473.0702772817328,47.312271008773905
2017-04-29,2016/2017,Southampton,Hull,0,0,D,11,9,2,1,1555.0822605443384,1471.7462162563036,83.33604428803483
2017-04-30,2016/2017,Everton,Chelsea,0,3,A,12,11,4,5,1628.2872767684262,1754.8473902345122,-126.56011346608602
2017-04-30,2016/2017,Man United,Swansea,1,1,D,12,12,6,4,1714.9824127541162,1466.4342164554546,248.54819629866165
2017-04-30,2016/2017,Middlesbrough,Man City,2,2,D,14,22,6,4,1423.0745483615028,1698.5242449895495,-275.4496966280467
2017-04-30,2016/2017,Tottenham,Arsenal,2,0,H,20,12,11,4,1763.8233934582524,1650.9121332552677,112.91126020298475
2017-05-01,2016/2017,Watford,Liverpool,0,1,A,9,12,2,8,1497.0183126128518,1675.3922327566092,-178.37392014375746
2017-05-05,2016/2017,West Ham,Tottenham,1,0,H,13,11,5,5,1509.7028598134834,1774.7992788712127,-265.09641905772924
2017-05-06,2016/2017,Man City,Crystal Palace,5,0,H,26,5,12,2,1687.9642962391881,1502.2171063554,185.74718988378822
2017-05-06,2016/2017,Leicester,Watford,3,0,H,11,14,5,7,1565.7692764610474,1488.579771403216,77.18950505783141
2017-05-06,2016/2017,Swansea,Everton,1,0,H,9,8,4,2,1476.2588391856398,1617.8707804926685,-141.6119413070287
2017-05-06,2016/2017,Hull,Sunderland,0,2,A,16,12,6,5,1475.5120387021298,1387.005927528421,88.50611117370886
2017-05-06,2016/2017,Burnley,West Brom,2,2,D,14,11,4,3,1491.2357192168397,1511.541411595741,-20.305692378901313
2017-05-06,2016/2017,Bournemouth,Stoke,2,2,D,12,14,2,3,1518.8988844467403,1506.8065159838043,12.092368462936065
2017-05-07,2016/2017,Arsenal,Man United,2,0,H,9,10,4,4,1639.9362478423075,1705.157790023931,-65.22154218162359
2017-05-07,2016/2017,Liverpool,Southampton,0,0,D,17,4,8,0,1683.830773966245,1551.3164380985122,132.51433586773283
2017-05-08,2016/2017,Chelsea,Middlesbrough,3,0,H,21,2,7,1,1765.26388651027,1433.6344971118642,331.6293893984057
2017-05-10,2016/2017,Southampton,Arsenal,0,2,A,14,11,3,4,1557.1392968516002,1658.9050195303162,-101.76572267871597
2017-05-12,2016/2017,West Brom,Chelsea,0,1,A,7,24,2,5,1510.6073631564188,1769.3948261787536,-258.7874630223348
2017-05-12,2016/2017,Everton,Watford,1,0,H,15,14,6,2,1595.6879628113898,1476.0771257616823,119.61083704970747
2017-05-13,2016/2017,Middlesbrough,Southampton,1,2,A,14,14,3,4,1429.5035574433805,1545.6962032271954,-116.1926457838149
2017-05-13,2016/2017,Stoke,Arsenal,1,4,A,10,10,4,6,1507.3631653811087,1670.348113154721,-162.98494777361225
2017-05-13,2016/2017,Sunderland,Swansea,0,2,A,13,3,4,3,1406.9958496385095,1498.4416568669185,-91.44580722840897
2017-05-13,2016/2017,Bournemouth,Burnley,2,1,H,18,14,6,3,1518.3422350494359,1492.1697676561619,26.17246739327402
2017-05-13,2016/2017,Man City,Leicester,2,1,H,17,9,5,4,1696.1417795318139,1578.2719221025811,117.86985742923275
2017-05-14,2016/2017,West Ham,Liverpool,0,4,A,10,26,3,11,1535.9883926941889,1678.007915213157,-142.0195225189682
2017-05-14,2016/2017,Crystal Palace,Hull,4,0,H,12,9,4,0,1494.0396230627744,1455.5221165920411,38.517506470733224
2017-05-14,2016/2017,Tottenham,Man United,2,1,H,14,8,7,2,1748.5137459905072,1686.1890183359224,62.324727654584876
2017-05-15,2016/2017,Chelsea,Watford,4,3,H,24,9,9,3,1775.281760643429,1465.377638514825,309.90412212860383
2017-05-16,2016/2017,Man City,West Brom,3,1,H,21,5,10,2,1706.9127608998501,1504.7204286917436,202.19233220810656
2017-05-16,2016/2017,Arsenal,Sunderland,2,0,H,36,6,13,2,1679.3484551018332,1395.1124608796947,284.2359942221385
2017-05-17,2016/2017,Southampton,Man United,0,0,D,17,11,6,1,1556.536281900856,1673.0287830207867,-116.4925011199307
2017-05-18,2016/2017,Leicester,Tottenham,1,6,A,12,26,5,12,1567.5009407345449,1761.6739813056429,-194.173040571098
2017-05-21,2016/2017,Watford,Man City,0,5,A,6,15,3,9,1460.775530171803,1714.5273870718545,-253.7518569000515
2017-05-21,2016/2017,Man United,Crystal Palace,2,0,H,9,6,2,1,1667.8564924544721,1508.2730577088678,159.58343474560434
2017-05-21,2016/2017,Swansea,West Brom,2,1,H,12,16,2,5,1510.3250456257333,1497.1058025197392,13.21924310599411
2017-05-21,2016/2017,Southampton,Stoke,0,1,A,14,14,6,3,1561.7085724671706,1498.3628234339965,63.345749033174116
2017-05-21,2016/2017,Liverpool,Middlesbrough,3,0,H,25,9,10,3,1687.8091377698227,1418.6634787697199,269.1456590001028
2017-05-21,2016/2017,Burnley,West Ham,1,2,A,9,14,1,4,1477.3727796159428,1526.1871701375233,-48.814390521580435
2017-05-21,2016/2017,Hull,Tottenham,1,7,A,10,19,4,14,1441.2886819459477,1769.5597060333023,-328.2710240873546
2017-05-21,2016/2017,Leicester,Bournemouth,1,1,D,21,10,5,4,1559.6152160068855,1533.139223089655,26.475992917230542
2017-05-21,2016/2017,Chelsea,Sunderland,5,1,H,28,7,8,3,1779.883868986451,1389.896984920692,389.9868840657591
2017-05-21,2016/2017,Arsenal,Everton,3,1,H,17,22,9,7,1684.563931060836,1606.387450058247,78.17648100258907
2017-08-11,2017/2018,Arsenal,Leicester,4,3,H,27,6,10,3,1697.0233234132613,1558.3983061172912,138.6250172959701
2017-08-12,2017/2018,Brighton,Man City,0,2,A,6,14,2,4,1500.0,1720.5548520799737,-220.55485207997367
2017-08-12,2017/2018,Chelsea,Burnley,2,3,A,19,10,6,5,1782.9490336171293,1463.6060894983407,319.34294411878864
2017-08-12,2017/2018,Crystal Palace,Huddersfield,0,3,A,14,8,4,6,1499.1455095211236,1500.0,-0.8544904788764143
2017-08-12,2017/2018,Everton,Stoke,1,0,H,9,9,4,1,1593.9280577058216,1517.2481028490622,76.67995485675942
2017-08-12,2017/2018,Southampton,Swansea,0,0,D,29,4,2,0,1542.8232930521049,1525.7165705753862,17.106722476718687
2017-08-12,2017/2018,Watford,Liverpool,3,3,D,9,14,4,5,1454.7480651636838,1693.4150097038084,-238.66694454012463
2017-08-12,2017/2018,West Brom,Bournemouth,1,0,H,16,9,6,2,1481.7142775700863,1534.3561329792492,-52.64185540916287
2017-08-13,2017/2018,Newcastle,Tottenham,0,2,A,6,18,3,6,1473.913732076135,1773.7606970567601,-299.8469649806252
2017-08-13,2017/2018,Man United,West Ham,4,0,H,22,9,6,1,1676.9840406422163,1539.9538602551254,137.03018038709092
2017-08-19,2017/2018,Bournemouth,Watford,0,2,A,6,19,2,7,1515.9502682550003,1464.2842532924471,51.66601496255316
2017-08-19,2017/2018,Southampton,West Ham,3,2,H,14,16,5,8,1542.0361353661906,1529.9562784886386,12.079856877551947
2017-08-19,2017/2018,Liverpool,Crystal Palace,1,0,H,23,4,13,1,1683.878821575045,1483.1848601825582,200.69396139248693
2017-08-19,2017/2018,Swansea,Man United,0,4,A,6,17,1,8,1526.5037282613005,1686.981622408703,-160.4778941474026
2017-08-19,2017/2018,Leicester,Brighton,2,0,H,14,5,4,2,1548.4637238496098,1492.9816630334983,55.48206081611147
2017-08-19,2017/2018,Stoke,Arsenal,1,0,H,11,18,4,6,1504.723105575494,1706.9579056809428,-202.2348001054488
2017-08-19,2017/2018,Burnley,West Brom,0,1,A,20,8,0,1,1491.213956401495,1500.1201422943352,-8.906185892840313
2017-08-20,2017/2018,Huddersfield,Newcastle,1,0,H,7,13,3,5,1515.9606493385654,1469.078771594833,46.8818777437325
2017-08-20,2017/2018,Tottenham,Chelsea,1,2,A,18,9,6,2,1778.5956575380621,1755.341166713975,23.254490824087043
2017-08-21,2017/2018,Man City,Everton,1,1,D,19,7,6,2,1727.5731890464754,1606.45305497939,121.12013406708547
2017-08-26,2017/2018,Bournemouth,Man City,1,2,A,9,19,3,8,1497.5883450087274,1722.2108880036599,-224.62254299493247
2017-08-26,2017/2018,Crystal Palace,Swansea,0,2,A,16,7,3,3,1475.5200710643794,1517.409734689362,-41.88966362498263
2017-08-26,2017/2018,Huddersfield,Southampton,0,0,D,16,6,6,3,1529.814667950309,1557.4800614520072,-27.66539350169819
2017-08-26,2017/2018,Man United,Leicester,2,0,H,22,11,7,4,1696.0756159806415,1561.93017993859,134.14543604205141
2017-08-26,2017/2018,Newcastle,West Ham,3,0,H,16,8,8,3,1455.2247529830893,1514.512352402822,-59.287599419732715
2017-08-26,2017/2018,Watford,Brighton,0,0,D,8,16,0,2,1482.64617653872,1479.515206944518,3.1309695942020426
2017-08-27,2017/2018,Tottenham,Burnley,1,1,D,28,13,5,3,1761.5263449755482,1475.6240116064037,285.90233336914457
2017-08-27,2017/2018,West Brom,Stoke,1,1,D,10,16,2,2,1515.7100870894265,1529.1098978620757,-13.399810772649289
2017-08-27,2017/2018,Chelsea,Everton,2,0,H,18,7,7,0,1772.410479276489,1611.8153560222054,160.59512325428364
2017-08-27,2017/2018,Liverpool,Arsenal,4,0,H,18,8,10,0,1691.5436106932239,1682.571113394361,8.97249729886289
2017-09-09,2017/2018,Arsenal,Bournemouth,3,0,H,17,7,9,2,1666.984220331647,1490.6974594345145,176.28676089713258
2017-09-09,2017/2018,Brighton,West Brom,3,1,H,12,12,6,3,1479.659389519805,1516.3268653969872,-36.66747587718214
2017-09-09,2017/2018,Everton,Tottenham,0,3,A,12,15,1,6,1602.7257546485293,1750.7000819399393,-147.97432729140996
2017-09-09,2017/2018,Leicester,Chelsea,1,2,A,8,16,2,6,1551.8180934757656,1781.500080650165,-229.6819871743994
2017-09-09,2017/2018,Man City,Liverpool,5,0,H,13,10,7,3,1729.1017735778728,1707.1305037559378,21.97126982193504
2017-09-09,2017/2018,Southampton,Watford,0,2,A,9,12,1,3,1556.2087088770788,1482.501993963433,73.70671491364578
2017-09-09,2017/2018,Stoke,Man United,2,2,D,10,18,5,8,1528.493119554515,1706.187702443466,-177.6945828889509
2017-09-10,2017/2018,Burnley,Crystal Palace,1,0,H,4,23,2,5,1486.4502746420126,1461.43986787842,25.010406763592528
2017-09-10,2017/2018,Swansea,Newcastle,0,1,A,10,16,4,8,1531.4899378753214,1473.9288516030167,57.56108627230469
2017-09-11,2017/2018,West Ham,Huddersfield,2,0,H,19,10,3,2,1495.8082537828946,1531.0860205252375,-35.27776674234292
2017-09-15,2017/2018,Bournemouth,Brighton,2,1,H,15,9,3,2,1482.1840564124013,1497.34174769539,-15.157691282988708
2017-09-16,2017/2018,Tottenham,Swansea,0,0,D,26,4,8,0,1760.2697964688716,1512.863141391033,247.40665507783865
2017-09-16,2017/2018,Newcastle,Stoke,2,1,H,14,13,3,4,1492.5556480873051,1536.0302584527046,-43.474610365399485
2017-09-16,2017/2018,Crystal Palace,Southampton,0,1,A,14,13,3,4,1446.5896543159745,1536.8644099353735,-90.274755619399
2017-09-16,2017/2018,Watford,Man City,0,6,A,7,28,1,10,1501.8462929051384,1744.0913058370606,-242.24501293192225
2017-09-16,2017/2018,West Brom,West Ham,0,0,D,6,9,1,1,1498.6445072214021,1513.4272947608406,-14.78278753943846
2017-09-16,2017/2018,Liverpool,Burnley,1,1,D,35,5,9,4,1692.14097149675,1501.3004882044581,190.84048329229176
2017-09-16,2017/2018,Huddersfield,Leicester,1,1,D,15,10,3,1,1513.4669795472914,1545.0833783326948,-31.616398785403362
2017-09-17,2017/2018,Man United,Everton,4,0,H,16,7,7,3,1698.6505635452763,1593.156040119597,105.49452342567929
2017-09-17,2017/2018,Chelsea,Arsenal,0,0,D,13,11,4,2,1788.234795793236,1675.4976233537602,112.73717243947567
2017-09-23,2017/2018,West Ham,Tottenham,2,3,A,10,15,4,5,1512.7469327527713,1750.4779885797834,-237.73105582701214
2017-09-23,2017/2018,Burnley,Huddersfield,0,0,D,5,9,3,2,1509.3002112487827,1514.9189628317504,-5.618751582967661
2017-09-23,2017/2018,Leicester,Liverpool,2,3,A,12,23,7,6,1543.6313950482358,1684.1412484524253,-140.50985340418947
2017-09-23,2017/2018,Stoke,Chelsea,0,4,A,13,7,2,4,1518.0385628237086,1783.2179088966493,-265.1793460729407
2017-09-23,2017/2018,Man City,Crystal Palace,5,0,H,25,5,9,0,1750.4495268528806,1434.6558630636978,315.7936637891828
2017-09-23,2017/2018,Southampton,Man United,0,1,A,14,9,4,4,1548.7982011876502,1709.9363552500529,-161.1381540624027
2017-09-23,2017/2018,Everton,Bournemouth,2,1,H,12,8,4,4,1581.8702484148205,1498.8816513604443,82.98859705437621
2017-09-23,2017/2018,Swansea,Watford,1,2,A,10,8,3,4,1522.6549492801212,1495.4880718893185,27.16687739080271
2017-09-24,2017/2018,Brighton,Newcastle,1,0,H,7,17,3,5,1480.644152747347,1510.5473437163012,-29.90319096895405
2017-09-25,2017/2018,Arsenal,West Brom,2,0,H,16,7,6,3,1680.5145102503468,1499.3248692294715,181.18964102087534
2017-09-30,2017/2018,Man United,Crystal Palace,4,0,H,18,6,7,1,1719.0056277064568,1430.1857344124273,288.8198932940295
2017-09-30,2017/2018,West Brom,Watford,2,2,D,9,15,4,3,1490.9866497979556,1512.7366093129594,-21.749959515003866
2017-09-30,2017/2018,Huddersfield,Tottenham,0,4,A,6,14,1,7,1514.6602323143939,1756.969634184529,-242.30940187013516
2017-09-30,2017/2018,West Ham,Swansea,1,0,H,9,6,4,1,1506.2552871480257,1505.4064118564802,0.8488752915454825
2017-09-30,2017/2018,Stoke,Southampton,2,1,H,17,21,6,3,1512.32633611511,1539.7289287312462,-27.40259261613619
2017-09-30,2017/2018,Bournemouth,Leicester,0,0,D,19,8,4,1,1486.6323560849921,1533.7709855665598,-47.138629481567705
2017-09-30,2017/2018,Chelsea,Man City,0,1,A,4,17,2,6,1788.9301356052479,1754.919655504151,34.010480101096846
2017-10-01,2017/2018,Everton,Burnley,0,1,A,23,5,4,2,1594.1195436902726,1509.5589417661395,84.56060192413315
2017-10-01,2017/2018,Newcastle,Liverpool,1,1,D,8,17,5,2,1493.1736412232642,1694.0016579341013,-200.82801671083712
2017-10-01,2017/2018,Arsenal,Brighton,2,0,H,25,9,12,1,1688.8527296818625,1498.017855240384,190.8348744414784
2017-10-14,2017/2018,Crystal Palace,Chelsea,2,1,H,14,15,5,5,1425.0844275646027,1771.3688788252016,-346.28445126059887
2017-10-14,2017/2018,Liverpool,Man United,0,0,D,19,6,5,1,1685.661949898029,1724.1069345542815,-38.44498465625247
2017-10-14,2017/2018,Burnley,West Ham,1,1,D,20,8,5,6,1529.3779888480237,1522.21619507397,7.161793774053649
2017-10-14,2017/2018,Man City,Stoke,7,2,H,20,5,11,1,1772.4809122841973,1529.585661953981,242.8952503302164
2017-10-14,2017/2018,Watford,Arsenal,2,1,H,11,9,2,6,1511.7362930461977,1696.8532003664166,-185.11690732021884
2017-10-14,2017/2018,Swansea,Huddersfield,2,0,H,7,7,3,2,1489.4455039305358,1508.3038995170862,-18.858395586550387
2017-10-14,2017/2018,Tottenham,Bournemouth,1,0,H,18,5,6,1,1763.3259669818367,1488.789947473152,274.5360195086846
2017-10-15,2017/2018,Southampton,Newcastle,2,2,D,12,19,2,5,1522.4696028923754,1501.5133492593366,20.95625363303884
2017-10-15,2017/2018,Brighton,Everton,1,1,D,12,13,3,6,1490.01738455583,1574.3004966083884,-84.28311205255841
2017-10-16,2017/2018,Leicester,West Brom,1,1,D,11,5,3,1,1531.6133941783999,1491.9869660647173,39.62642811368255
2017-10-20,2017/2018,West Ham,Brighton,0,3,A,16,7,2,5,1522.5459611601957,1493.8243785144732,28.721582645722492
2017-10-21,2017/2018,Southampton,West Brom,1,0,H,20,7,6,2,1521.5057004000375,1493.8039586675093,27.701741732528262
2017-10-21,2017/2018,Man City,Burnley,3,0,H,15,6,10,0,1778.8200843340844,1529.0482227617981,249.7718615722863
2017-10-21,2017/2018,Stoke,Bournemouth,1,2,A,10,7,2,3,1523.2464899040938,1483.3261068982606,39.92038300583317
2017-10-21,2017/2018,Chelsea,Watford,4,2,H,14,16,8,5,1743.205692118967,1535.5367025811352,207.66898953783175
2017-10-21,2017/2018,Swansea,Leicester,1,2,A,19,11,4,6,1506.313113261372,1529.796401575608,-23.48328831423578
2017-10-21,2017/2018,Newcastle,Crystal Palace,1,0,H,7,10,3,0,1502.4772517516744,1453.2476142708374,49.22963748083703
2017-10-21,2017/2018,Huddersfield,Man United,2,1,H,5,9,3,3,1491.4362901862498,1722.3436683162736,-230.90737813002374
2017-10-22,2017/2018,Everton,Arsenal,2,5,A,8,30,3,14,1570.493502649745,1673.0527908314791,-102.55928818173402
2017-10-22,2017/2018,Tottenham,Liverpool,4,1,H,14,12,6,7,1768.7898075567282,1687.4252161360369,81.36459142069134
2017-10-28,2017/2018,West Brom,Man City,2,3,A,6,15,4,5,1479.0769745578075,1784.960432757525,-305.88345819971755
2017-10-28,2017/2018,Watford,Stoke,0,1,A,13,6,0,2,1528.1034986633745,1505.4161360444982,22.68736261887625
2017-10-28,2017/2018,Bournemouth,Chelsea,0,1,A,7,18,1,5,1501.1564607578562,1750.6388960367276,-249.48243527887144
2017-10-28,2017/2018,Liverpool,Huddersfield,3,0,H,16,1,8,0,1675.1051654073394,1516.7390064308418,158.36615897649767
2017-10-28,2017/2018,Crystal Palace,West Ham,2,2,D,19,6,9,2,1439.4996712740356,1505.2262881982367,-65.72661692420115
2017-10-28,2017/2018,Arsenal,Swansea,2,1,H,17,4,5,2,1684.46232564762,1491.3929148129819,193.06941083463812
2017-10-28,2017/2018,Man United,Tottenham,1,0,H,11,13,3,4,1697.0409520716817,1781.1098582854256,-84.06890621374396
2017-10-29,2017/2018,Brighton,Southampton,1,1,D,7,6,2,1,1511.1440514764322,1536.2326845097393,-25.088633033307133
2017-10-29,2017/2018,Leicester,Everton,2,0,H,9,16,3,2,1544.7166000239981,1559.0839678336042,-14.367367809606094
2017-10-30,2017/2018,Burnley,Newcastle,1,0,H,12,12,5,5,1522.9078743383575,1516.2251947484763,6.682679589881218
2017-11-04,2017/2018,Swansea,Brighton,0,1,A,12,5,2,2,1483.4693768652446,1512.297421705375,-28.82804484013036
2017-11-04,2017/2018,West Ham,Liverpool,1,4,A,6,15,1,7,1502.2350638141022,1684.2784976055686,-182.04343379146644
2017-11-04,2017/2018,Stoke,Leicester,2,2,D,11,14,7,4,1522.4594452274375,1561.3778648764455,-38.918419649008
2017-11-04,2017/2018,Huddersfield,West Brom,1,0,H,7,9,3,3,1507.5656742326125,1474.3829159448762,33.182758287736306
2017-11-04,2017/2018,Newcastle,Bournemouth,0,1,A,16,16,4,6,1500.5329055707944,1495.0078408723264,5.525064698467986
2017-11-04,2017/2018,Southampton,Burnley,0,1,A,13,5,3,1,1535.0793142807966,1538.6001635160394,-3.5208492352428493
2017-11-05,2017/2018,Chelsea,Man United,1,0,H,18,10,8,2,1756.7875159222574,1716.8386385947056,39.94887732755183
2017-11-05,2017/2018,Everton,Watford,3,2,H,10,11,5,3,1542.4227029811568,1511.0601894804352,31.36251350072166
2017-11-05,2017/2018,Man City,Arsenal,3,1,H,9,6,5,3,1789.6544913704563,1692.3858635953573,97.26862777509905
2017-11-05,2017/2018,Tottenham,Crystal Palace,1,0,H,12,11,2,3,1761.3121717624017,1442.49089565817,318.82127610423163
2017-11-18,2017/2018,Arsenal,Tottenham,2,0,H,14,14,5,4,1680.7517764654456,1765.7156963690072,-84.96391990356165
2017-11-18,2017/2018,Bournemouth,Huddersfield,4,0,H,11,20,5,3,1511.2622580586901,1522.0421812148759,-10.77992315618576
2017-11-18,2017/2018,Burnley,Swansea,2,0,H,16,13,7,1,1554.4380279668576,1468.7939191163098,85.64410885054781
2017-11-18,2017/2018,Crystal Palace,Everton,2,2,D,16,8,7,5,1438.0873710515646,1556.982316026329,-118.89494497476448
2017-11-18,2017/2018,Leicester,Man City,0,2,A,2,12,0,4,1559.5930641886337,1801.288578500368,-241.6955143117343
2017-11-18,2017/2018,Liverpool,Southampton,3,0,H,21,5,8,0,1692.586450181706,1519.2414498299784,173.34500035172755
2017-11-18,2017/2018,Man United,Newcastle,4,1,H,16,12,7,5,1702.6702874816317,1484.2784883844306,218.3917990972011
2017-11-18,2017/2018,West Brom,Chelsea,0,4,A,7,11,2,7,1459.9064089626129,1770.9558670353313,-311.0494580727184
2017-11-19,2017/2018,Watford,West Ham,2,0,H,17,10,7,6,1496.500576435263,1493.927111237965,2.573465197297992
2017-11-20,2017/2018,Brighton,Stoke,2,2,D,9,13,3,6,1526.9728794543098,1524.2442459152494,2.728633539060411
2017-11-24,2017/2018,West Ham,Leicester,1,1,D,8,7,4,2,1478.0456215226668,1553.2187118548948,-75.17309033222796
2017-11-25,2017/2018,Crystal Palace,Stoke,2,1,H,10,9,5,3,1443.358513920373,1524.369901550021,-81.01138762964797
2017-11-25,2017/2018,Liverpool,Chelsea,1,1,D,16,11,4,3,1701.2060838766529,1775.5320579240176,-74.32597404736475
2017-11-25,2017/2018,Man United,Brighton,1,0,H,15,8,4,2,1709.7570854521382,1526.8472238195382,182.90986163260004
2017-11-25,2017/2018,Newcastle,Watford,0,3,A,12,12,2,4,1477.191690413924,1512.382066150561,-35.19037573663695
2017-11-25,2017/2018,Swansea,Bournemouth,0,0,D,10,9,1,5,1456.65998557621,1527.7585326246835,-71.09854704847362
2017-11-25,2017/2018,Tottenham,West Brom,1,1,D,24,5,5,2,1745.879138856675,1455.3302180739265,290.5489207827484
2017-11-26,2017/2018,Burnley,Arsenal,0,1,A,8,17,2,2,1566.5719615069575,1700.588333977778,-134.01637247082044
2017-11-26,2017/2018,Huddersfield,Man City,1,2,A,4,14,0,5,1505.5459066488825,1807.6629308341069,-302.1170241852244
2017-11-26,2017/2018,Southampton,Everton,4,1,H,17,5,5,2,1510.6218161350314,1551.7111731575205,-41.08935702248914
2017-11-28,2017/2018,West Brom,Newcastle,2,2,D,8,14,4,4,1466.2714462776312,1462.806747994653,3.4646982829781336
2017-11-28,2017/2018,Watford,Man United,2,4,A,12,15,3,7,1526.767008569832,1718.034396285626,-191.26738771579403
2017-11-28,2017/2018,Brighton,Crystal Palace,0,0,D,10,10,4,4,1518.5699129860504,1463.0230543868938,55.54685859915662
2017-11-28,2017/2018,Leicester,Tottenham,2,1,H,7,18,4,6,1549.8098913974554,1734.9379106529702,-185.1280192555148
2017-11-29,2017/2018,Arsenal,Huddersfield,5,0,H,21,7,7,2,1710.7055598579766,1500.7643367206551,209.94122313732146
2017-11-29,2017/2018,Bournemouth,Burnley,1,2,A,10,10,2,4,1524.529275112793,1556.4547356267587,-31.925460513965845
2017-11-29,2017/2018,Chelsea,Swansea,1,0,H,21,2,10,0,1772.1604971452841,1459.8892430881006,312.27125405718357
2017-11-29,2017/2018,Everton,West Ham,4,0,H,8,7,5,3,1533.827711196141,1481.4544419801061,52.37326921603494
2017-11-29,2017/2018,Man City,Southampton,2,1,H,26,7,12,2,1812.4445007623342,1528.5052780964108,283.93922266592335
2017-11-29,2017/2018,Stoke,Liverpool,0,3,A,10,14,1,7,1504.7053610835003,1704.5776446553864,-199.8722835718861
2017-12-02,2017/2018,Leicester,Burnley,1,0,H,16,14,3,4,1573.6106910227752,1570.9886378794126,2.622053143362564
2017-12-02,2017/2018,Arsenal,Man United,1,3,A,33,8,15,4,1718.0643832937642,1726.0199372049835,-7.95555391121934
2017-12-02,2017/2018,Chelsea,Newcastle,3,1,H,23,8,9,2,1776.7091745575735,1462.9662979582436,313.74287659933
2017-12-02,2017/2018,Brighton,Liverpool,1,5,A,6,12,2,6,1516.0334599336588,1712.270038102524,-196.2365781688652
2017-12-02,2017/2018,Stoke,Swansea,2,1,H,10,10,3,3,1497.0129676363626,1455.3405656758111,41.6724019605515
2017-12-02,2017/2018,West Brom,Crystal Palace,0,0,D,20,10,6,2,1466.1118963140407,1465.5595074392854,0.5523888747552519
2017-12-02,2017/2018,Watford,Tottenham,1,1,D,6,8,2,2,1518.7814676504743,1711.1371110276505,-192.3556433771762
2017-12-02,2017/2018,Everton,Huddersfield,2,0,H,6,5,4,3,1547.433937065261,1493.4055132848675,54.028423780393496
2017-12-03,2017/2018,Bournemouth,Southampton,1,1,D,16,15,5,4,1509.995372860139,1523.2823401264434,-13.286967266304373
2017-12-03,2017/2018,Man City,West Ham,2,1,H,24,7,8,4,1817.6674387323017,1467.8482161109862,349.8192226213155
2017-12-09,2017/2018,Burnley,Watford,1,0,H,8,11,5,2,1555.1093855966315,1526.8334094882675,28.27597610836392
2017-12-09,2017/2018,Crystal Palace,Bournemouth,2,2,D,24,11,8,5,1465.584945865622,1510.606962189594,-45.02201632397191
2017-12-09,2017/2018,Newcastle,Leicester,2,3,A,10,13,4,5,1458.4505764629266,1589.4899433055564,-131.03936684262976
2017-12-09,2017/2018,Swansea,West Brom,1,0,H,18,7,3,1,1441.2505005271696,1466.086457887704,-24.835957360534394
2017-12-09,2017/2018,Huddersfield,Brighton,2,0,H,19,7,6,2,1479.8737503406298,1508.218110897195,-28.344360556565107
2017-12-09,2017/2018,Tottenham,Stoke,5,1,H,20,4,11,3,1703.0851691898572,1511.1030327850042,191.982136404853
2017-12-09,2017/2018,West Ham,Chelsea,1,0,H,5,19,2,2,1464.0795830764284,1781.2248960528905,-317.14531297646204
2017-12-10,2017/2018,Southampton,Arsenal,1,1,D,6,11,3,6,1522.6707507969884,1702.4306860735092,-179.75993527652076
2017-12-10,2017/2018,Liverpool,Everton,1,1,D,23,3,3,2,1720.085387138988,1560.9657000094987,159.1196871294892
2017-12-10,2017/2018,Man United,Man City,1,2,A,8,14,5,7,1741.6536344252386,1821.4360717668594,-79.78243734162083
2017-12-12,2017/2018,Crystal Palace,Watford,2,1,H,14,7,4,2,1467.646758614254,1512.1326989671775,-44.485940352923535
2017-12-12,2017/2018,Huddersfield,Chelsea,1,3,A,7,12,2,5,1497.1761682226625,1753.6651862786532,-256.48901805599075
2017-12-12,2017/2018,Burnley,Stoke,1,0,H,10,14,2,7,1569.8100961177215,1503.1421232220187,66.66797289570286
2017-12-13,2017/2018,West Ham,Arsenal,0,0,D,6,22,0,3,1491.6392928506657,1694.8197480521915,-203.18045520152577
2017-12-13,2017/2018,Man United,Bournemouth,1,0,H,9,14,2,7,1729.264505170659,1508.5451494409622,220.71935572969687
2017-12-13,2017/2018,Newcastle,Everton,0,1,A,16,7,4,4,1448.2144157945395,1567.8207256067067,-119.60630981216718
2017-12-13,2017/2018,Liverpool,West Brom,0,0,D,14,6,5,1,1713.23036154178,1448.9446639429987,264.2856975987813
2017-12-13,2017/2018,Swansea,Man City,0,4,A,7,23,3,10,1458.392294471875,1833.825201021439,-375.432906549564
2017-12-13,2017/2018,Tottenham,Brighton,2,0,H,25,7,8,4,1711.0460787528427,1490.9156930151623,220.1303857376804
2017-12-13,2017/2018,Southampton,Leicester,1,4,A,12,16,4,11,1530.281688818306,1599.7261039739435,-69.44441515563744
2017-12-16,2017/2018,Watford,Huddersfield,1,4,A,13,15,3,9,1494.0951682884336,1491.225407365802,2.8697609226314853
2017-12-16,2017/2018,Stoke,West Ham,0,3,A,17,14,0,7,1490.1751622110337,1500.0576236060729,-9.882461395039172
2017-12-16,2017/2018,Leicester,Crystal Palace,0,3,A,11,13,2,6,1612.5699887847281,1485.6842892929978,126.88569949173029
2017-12-16,2017/2018,Arsenal,Newcastle,1,0,H,23,10,5,2,1686.4014172967843,1437.5147429408755,248.88667435590878
2017-12-16,2017/2018,Chelsea,Southampton,1,0,H,24,6,8,2,1759.6159471355136,1517.4378040075214,242.17814312799214
2017-12-16,2017/2018,Brighton,Burnley,0,0,D,12,11,2,6,1483.8839592117424,1582.7770571287065,-98.89309791696405
2017-12-16,2017/2018,Man City,Tottenham,4,1,H,20,7,11,2,1837.130559294645,1718.0778125562626,119.05274673838244
2017-12-17,2017/2018,Bournemouth,Liverpool,0,4,A,6,21,2,7,1501.5319995356433,1702.9667678754743,-201.43476833983095
2017-12-17,2017/2018,West Brom,Man United,1,2,A,12,8,5,3,1459.2082576093044,1736.277655075978,-277.06939746667354
2017-12-18,2017/2018,Everton,Swansea,3,1,H,12,8,7,3,1578.5203984603706,1455.0869361986688,123.43346226170183
2017-12-22,2017/2018,Arsenal,Liverpool,3,3,D,11,14,4,9,1692.5670900510272,1710.6067277611264,-18.039637710099214
2017-12-23,2017/2018,Leicester,Man United,2,2,D,11,19,3,6,1590.9733215126244,1741.675736862062,-150.70241534943762
2017-12-23,2017/2018,Southampton,Huddersfield,1,1,D,12,10,6,3,1511.077621574816,1507.357561734828,3.7200598399879254
2017-12-23,2017/2018,West Ham,Newcastle,2,3,A,19,11,6,4,1515.6026421363467,1431.3490701866326,84.25357194971411
2017-12-23,2017/2018,Everton,Chelsea,0,0,D,5,25,0,8,1589.0637425626844,1765.976129568219,-176.91238700553458
2017-12-23,2017/2018,Swansea,Crystal Palace,1,1,D,7,13,2,5,1444.543592096355,1507.2809565651016,-62.73736446874659
2017-12-23,2017/2018,Brighton,Watford,1,0,H,14,13,3,1,1488.3190228092099,1477.9630139194076,10.356008889802297
2017-12-23,2017/2018,Man City,Bournemouth,4,0,H,14,5,5,1,1847.8529390835206,1493.8920396499911,353.96089943352945
2017-12-23,2017/2018,Burnley,Tottenham,0,3,A,5,18,2,8,1578.341993531239,1707.3554327673871,-129.0134392361481
2017-12-23,2017/2018,Stoke,West Brom,3,1,H,9,17,5,7,1474.6301436807598,1453.8101758232203,20.819967857539496
2017-12-26,2017/2018,Huddersfield,Stoke,1,1,D,18,15,8,7,1507.5288702750324,1489.6724947494224,17.85637552561002
2017-12-26,2017/2018,Chelsea,Brighton,2,0,H,25,8,8,1,1758.4670483802531,1503.8422521636762,254.6247962165769
2017-12-26,2017/2018,Bournemouth,West Ham,3,3,D,26,10,10,5,1490.201955050608,1495.7969315594705,-5.594976508862601
2017-12-26,2017/2018,Liverpool,Swansea,5,0,H,22,7,9,4,1709.7767174900932,1447.4017569191667,262.37496057092653
2017-12-26,2017/2018,West Brom,Everton,0,0,D,17,7,3,3,1438.7678247545578,1596.5728237506503,-157.80499899609254
2017-12-26,2017/2018,Watford,Leicester,2,1,H,11,11,1,5,1462.4397845649412,1597.5086145634637,-135.06882999852246
2017-12-26,2017/2018,Tottenham,Southampton,5,2,H,16,16,7,6,1717.6729533624805,1510.9063130346117,206.7666403278688
2017-12-26,2017/2018,Man United,Burnley,2,2,D,23,3,6,2,1735.1404438112227,1568.0244729361457,167.11597087507698
2017-12-27,2017/2018,Newcastle,Man City,0,1,A,6,22,2,6,1451.1547807635088,1851.5430236829038,-400.388242919395
2017-12-28,2017/2018,Crystal Palace,Arsenal,2,3,A,16,16,2,9,1504.42279174229,1693.3971003220604,-188.97430857977042
2017-12-30,2017/2018,Man United,Southampton,0,0,D,15,8,3,3,1727.9877580112325,1503.4434260823298,224.5443319289027
2017-12-30,2017/2018,Watford,Swansea,1,2,A,9,9,4,4,1484.3644273738055,1441.6133831694708,42.751044204334676
2017-12-30,2017/2018,Newcastle,Brighton,0,0,D,11,10,2,3,1448.2515949479862,1497.8393318889941,-49.58773694100796
2017-12-30,2017/2018,Liverpool,Leicester,2,1,H,17,7,6,1,1715.5650912397891,1575.5839717545994,139.98111948518977
2017-12-30,2017/2018,Chelsea,Stoke,5,0,H,21,1,12,1,1764.4699686549352,1490.494087966923,273.97588068801224
2017-12-30,2017/2018,Bournemouth,Everton,2,1,H,19,6,7,1,1490.4595909704317,1589.7673084175617,-99.30771744713002
2017-12-30,2017/2018,Huddersfield,Burnley,0,0,D,3,11,1,4,1506.7072770575319,1575.1771587361359,-68.469881678604
2017-12-31,2017/2018,Crystal Palace,Man City,0,0,D,10,15,1,4,1496.357884962946,1854.4462094984265,-358.0883245354805
2017-12-31,2017/2018,West Brom,Arsenal,1,1,D,14,14,3,4,1445.5733400876463,1701.4620071014044,-255.8886670137581
2018-01-01,2017/2018,Brighton,Bournemouth,2,2,D,15,26,6,8,1495.571112860928,1510.912275580962,-15.341162720033935
2018-01-01,2017/2018,Burnley,Liverpool,1,2,A,13,19,4,5,1572.0641999799889,1725.4462766658696,-153.38207668588075
2018-01-01,2017/2018,Everton,Man United,0,2,A,12,21,0,6,1569.3146238070315,1718.8810782325133,-149.56645442548188
2018-01-01,2017/2018,Leicester,Huddersfield,3,0,H,11,6,5,1,1565.7027863285189,1509.820235813679,55.88255051483998
2018-01-01,2017/2018,Stoke,Newcastle,0,1,A,11,14,4,6,1485.015622306392,1450.5198139760523,34.49580833033974
2018-01-02,2017/2018,Man City,Watford,3,1,H,17,7,7,4,1842.0594362524162,1466.4055453241544,375.6538909282617
2018-01-02,2017/2018,Southampton,Crystal Palace,1,2,A,10,11,3,4,1512.550105861049,1508.7446582089563,3.805447652092653
2018-01-02,2017/2018,Swansea,Tottenham,0,2,A,8,12,1,5,1459.5722652191218,1725.1358403147624,-265.56357509564054
2018-01-02,2017/2018,West Ham,West Brom,2,1,H,13,10,5,3,1495.5392956396468,1455.6058201696478,39.93347546999894
2018-01-03,2017/2018,Arsenal,Chelsea,2,2,D,14,19,6,6,1691.429527019403,1769.948434315466,-78.51890729606316
2018-01-04,2017/2018,Tottenham,West Ham,1,1,D,31,3,8,1,1730.8376954119472,1509.7083467427276,221.12934866921955
2018-01-13,2017/2018,Crystal Palace,Burnley,1,0,H,17,8,2,2,1524.9198985420262,1562.7019830142888,-37.78208447226257
2018-01-13,2017/2018,Tottenham,Everton,4,0,H,20,7,10,0,1721.8379295928758,1559.8062734838152,162.03165610906058
2018-01-13,2017/2018,Watford,Southampton,2,2,D,16,10,4,4,1463.1039555418572,1496.374865527979,-33.27090998612175
2018-01-13,2017/2018,Chelsea,Leicester,0,0,D,17,14,7,1,1766.392832826858,1579.1512649130796,187.24156791377845
2018-01-13,2017/2018,Newcastle,Swansea,1,1,D,12,8,4,5,1468.1032051065915,1453.870410121937,14.232794984654447
2018-01-13,2017/2018,West Brom,Brighton,2,0,H,15,13,4,1,1441.436769066567,1496.2771407246423,-54.840371658075355
2018-01-13,2017/2018,Huddersfield,West Ham,1,4,A,8,8,2,6,1496.3717572291182,1518.708112561799,-22.336355332680796
2018-01-14,2017/2018,Bournemouth,Arsenal,2,1,H,13,12,5,3,1510.2062477172476,1694.985128508011,-184.77888079076342
2018-01-14,2017/2018,Liverpool,Man City,4,3,H,16,11,7,4,1734.8084936315697,1845.3610260347134,-110.55253240314369
2018-01-15,2017/2018,Man United,Stoke,3,0,H,20,11,9,5,1728.3894285557296,1467.4322311758528,260.9571973798768
2018-01-20,2017/2018,Brighton,Chelsea,0,4,A,10,14,3,10,1477.7724151394543,1758.5180574293695,-280.74564228991517
2018-01-20,2017/2018,Burnley,Man United,0,1,A,13,12,2,2,1544.9688800064143,1734.2165985844558,-189.24771857804149
2018-01-20,2017/2018,West Ham,Bournemouth,1,1,D,12,8,4,3,1533.6809001864417,1533.9947848389372,-0.313884652495517
2018-01-20,2017/2018,Arsenal,Crystal Palace,4,1,H,16,9,10,5,1671.1965913863214,1542.6530015499006,128.54358983642078
2018-01-20,2017/2018,Man City,Newcastle,3,1,H,21,6,9,4,1824.435032217663,1467.4481270749238,356.98690514273926
2018-01-20,2017/2018,Stoke,Huddersfield,2,0,H,11,6,6,3,1461.6050611471267,1481.3989696044755,-19.793908457348834
2018-01-20,2017/2018,Everton,West Brom,1,1,D,9,15,4,5,1550.7703903085144,1459.941494651755,90.82889565675941
2018-01-20,2017/2018,Leicester,Watford,2,0,H,9,11,5,3,1587.026040310568,1464.6314711921664,122.3945691184017
2018-01-21,2017/2018,Southampton,Tottenham,1,1,D,10,17,4,2,1494.8473498776698,1730.8738127681765,-236.02646289050676
2018-01-22,2017/2018,Swansea,Liverpool,1,0,H,3,21,2,4,1454.5254881536048,1755.73448744862,-301.20899929501525
2018-01-30,2017/2018,Swansea,Arsenal,3,1,H,12,9,4,4,1481.7226205293393,1681.5330291900793,-199.81040866074
2018-01-30,2017/2018,West Ham,Crystal Palace,1,1,D,8,9,3,3,1533.6953551049442,1532.3165637461427,1.3787913588014362
2018-01-30,2017/2018,Huddersfield,Liverpool,0,3,A,5,14,1,7,1464.4884113673434,1728.5373550728855,-264.0489437055421
2018-01-31,2017/2018,Tottenham,Man United,2,0,H,22,6,6,3,1721.4163830452374,1742.2720149524905,-20.855631907253155
2018-01-31,2017/2018,Man City,West Brom,3,0,H,19,3,10,1,1828.068631052798,1464.0315646194204,364.03706643337773
2018-01-31,2017/2018,Chelsea,Bournemouth,0,3,A,21,11,5,5,1763.8218391165444,1533.9803299204348,229.84150919610966
2018-01-31,2017/2018,Newcastle,Burnley,1,1,D,14,11,4,2,1463.8145282397888,1536.9134636383797,-73.09893539859081
2018-01-31,2017/2018,Southampton,Brighton,1,1,D,18,9,3,2,1504.304779600609,1472.4686334522794,31.83614614832959
2018-01-31,2017/2018,Everton,Leicester,2,1,H,9,8,4,1,1546.680320340849,1597.6117056961511,-50.931385355302154
2018-01-31,2017/2018,Stoke,Watford,0,0,D,11,12,4,2,1478.5156193842588,1454.0458058065833,24.469813577675495
2018-02-03,2017/2018,Burnley,Man City,1,1,D,8,20,3,7,1533.5959409225293,1831.573544620161,-297.9776036976318
2018-02-03,2017/2018,Leicester,Swansea,1,1,D,13,3,5,1,1579.282886442452,1506.028145640982,73.25474080147
2018-02-03,2017/2018,Man United,Huddersfield,2,0,H,16,4,7,0,1725.3127295247086,1458.7455857477357,266.5671437769729
2018-02-03,2017/2018,West Brom,Southampton,2,3,A,9,13,3,5,1460.5266510520573,1502.8427604933077,-42.31610944125032
2018-02-03,2017/2018,Arsenal,Everton,5,1,H,15,11,7,2,1657.2275040784366,1565.009139594548,92.21836448388854
2018-02-03,2017/2018,Bournemouth,Stoke,2,1,H,15,13,8,4,1559.2504962887783,1477.3906023710754,81.85989391770295
2018-02-03,2017/2018,Brighton,West Ham,3,1,H,21,4,5,1,1473.9306525595807,1533.6318597496872,-59.701207190106516
2018-02-04,2017/2018,Crystal Palace,Newcastle,1,1,D,21,11,6,8,1532.3800591013996,1467.1320509556392,65.24800814576042
2018-02-04,2017/2018,Liverpool,Tottenham,2,2,D,9,13,3,6,1734.280180692493,1738.3756684730192,-4.095487780526128
2018-02-05,2017/2018,Watford,Chelsea,4,1,H,21,7,8,3,1455.1708228197667,1738.5516727482009,-283.38084992843415
2018-02-10,2017/2018,West Ham,Watford,2,0,H,8,11,4,4,1514.9092615695977,1481.9338218579799,32.97543971161781
2018-02-10,2017/2018,Swansea,Burnley,1,0,H,12,13,4,1,1509.3525343497063,1544.7166469758201,-35.364112626113865
2018-02-10,2017/2018,Tottenham,Arsenal,1,0,H,18,6,6,1,1738.187073025894,1669.077689448046,69.10938357784812
2018-02-10,2017/2018,Man City,Leicester,5,1,H,19,2,11,2,1820.4528385668702,1575.9584977337279,244.49434083314236
2018-02-10,2017/2018,Everton,Crystal Palace,3,1,H,11,16,5,4,1553.1589542249387,1529.4101105884536,23.748843636485162
2018-02-10,2017/2018,Stoke,Brighton,1,1,D,15,14,3,6,1465.0921474792804,1492.6532507396703,-27.561103260389928
2018-02-11,2017/2018,Newcastle,Man United,1,0,H,10,13,3,6,1470.1019994685853,1730.9875645662328,-260.8855650976475
2018-02-11,2017/2018,Southampton,Liverpool,0,2,A,6,16,4,4,1516.9036107189247,1734.4687761396183,-217.56516542069357
2018-02-11,2017/2018,Huddersfield,Bournemouth,4,1,H,15,7,4,2,1453.0707507062116,1571.5489511805733,-118.47820047436176
2018-02-12,2017/2018,Chelsea,West Brom,3,0,H,20,8,8,1,1711.7886737099877,1446.4658008264403,265.32287288354746
2018-02-24,2017/2018,Leicester,Stoke,1,1,D,19,6,9,2,1569.6659887922724,1466.3587275210655,103.30726127120693
2018-02-24,2017/2018,Watford,Everton,1,0,H,13,7,5,2,1467.4478535275289,1568.0669797282433,-100.61912620071439
2018-02-24,2017/2018,Liverpool,West Ham,4,1,H,21,7,12,4,1741.5818630817578,1529.3952299000487,212.1866331817091
2018-02-24,2017/2018,West Brom,Huddersfield,1,2,A,10,16,3,7,1440.7574501076197,1474.3247780065828,-33.567327898963185
2018-02-24,2017/2018,Brighton,Swansea,4,1,H,16,11,5,1,1491.3866706978852,1526.9755108876893,-35.58884018980416
2018-02-24,2017/2018,Bournemouth,Newcastle,2,2,D,18,15,5,4,1550.294923880202,1496.2728639092613,54.022059970940745
2018-02-24,2017/2018,Burnley,Southampton,1,1,D,9,13,3,6,1527.093670437837,1509.7905237767852,17.30314666105187
2018-02-25,2017/2018,Crystal Palace,Tottenham,0,1,A,5,14,3,4,1514.502085085149,1751.0457890877167,-236.54370400256767
2018-02-25,2017/2018,Man United,Chelsea,2,1,H,10,14,5,7,1704.8167001255567,1717.4970244288083,-12.68032430325161
2018-03-01,2017/2018,Arsenal,Man City,0,3,A,10,9,5,5,1656.2189733862233,1826.7453475083257,-170.52637412210242
2018-03-03,2017/2018,Leicester,Bournemouth,1,1,D,23,8,4,3,1565.0439330752902,1547.826972915268,17.216960160022154
2018-03-03,2017/2018,Tottenham,Huddersfield,2,0,H,15,3,7,3,1757.5728754995152,1488.7837373293412,268.78913817017406
2018-03-03,2017/2018,Swansea,West Ham,4,1,H,9,7,8,2,1509.342292420888,1522.1093945475957,-12.767102126707641
2018-03-03,2017/2018,Burnley,Everton,2,1,H,21,10,8,4,1526.2974892298407,1547.5586384589124,-21.261149229071634
2018-03-03,2017/2018,Liverpool,Newcastle,2,0,H,14,7,3,2,1748.8676984342108,1498.7408148741954,250.12688356001536
2018-03-03,2017/2018,Southampton,Stoke,0,0,D,18,12,6,3,1510.5867049847816,1470.9807832380477,39.605921746733884
2018-03-03,2017/2018,Watford,West Brom,1,0,H,15,9,4,2,1487.9561947968598,1426.2984907848613,61.657704011998476
2018-03-04,2017/2018,Brighton,Arsenal,2,1,H,13,15,6,7,1509.0198891646864,1647.4967740241198,-138.4768848594333
2018-03-04,2017/2018,Man City,Chelsea,1,0,H,13,3,3,0,1835.4675468704293,1700.9133330551815,134.55421381524775
2018-03-05,2017/2018,Crystal Palace,Man United,2,3,A,10,17,4,8,1507.9749986733505,1721.4003914991836,-213.42539282583311
2018-03-10,2017/2018,West Ham,Burnley,0,3,A,13,7,4,4,1505.5217122623621,1543.2753809808394,-37.75366871847723
2018-03-10,2017/2018,Everton,Brighton,2,0,H,13,10,3,4,1530.5807467079137,1531.0794645436122,-0.4987178356984714
2018-03-10,2017/2018,West Brom,Leicester,1,4,A,6,14,2,6,1413.1084954269777,1564.2517111230525,-151.14321569607478
2018-03-10,2017/2018,Man United,Liverpool,2,1,H,5,14,2,2,1728.6461795096216,1754.9979123391172,-26.35173282949563
2018-03-10,2017/2018,Huddersfield,Swansea,0,0,D,30,0,4,0,1483.168369616909,1525.9299747061216,-42.76160508921248
2018-03-10,2017/2018,Chelsea,Crystal Palace,2,1,H,27,9,11,2,1690.8175151832017,1500.7292106629125,190.08830452028928
2018-03-10,2017/2018,Newcastle,Southampton,3,0,H,7,6,5,2,1492.610600969289,1508.7706445626384,-16.160043593349428
2018-03-11,2017/2018,Arsenal,Watford,3,0,H,11,11,7,4,1625.437198645194,1501.1461901547434,124.29100849045062
2018-03-11,2017/2018,Bournemouth,Tottenham,1,4,A,14,12,3,8,1548.6191948675057,1763.1882432119473,-214.56904834444163
2018-03-12,2017/2018,Stoke,Man City,0,2,A,3,17,0,6,1472.796843660191,1845.563364742409,-372.7665210822181
2018-03-17,2017/2018,Liverpool,Watford,5,0,H,13,4,10,1,1737.7866918905574,1490.6377148825948,247.14897700796269
2018-03-17,2017/2018,Stoke,Everton,1,2,A,9,17,4,9,1469.4457142244462,1546.6037134972216,-77.15799927277544
2018-03-17,2017/2018,Bournemouth,West Brom,2,1,H,17,11,5,6,1541.4102411760098,1403.6606926066581,137.74954856935165
2018-03-17,2017/2018,Huddersfield,Crystal Palace,0,2,A,6,17,2,6,1485.1277307215817,1492.7029256618584,-7.575194940276788
2018-03-31,2017/2018,West Ham,Southampton,3,0,H,13,9,5,0,1491.2535220186821,1492.0269832542115,-0.7734612355293393
2018-03-31,2017/2018,Everton,Man City,1,3,A,6,18,2,4,1559.1077407384842,1848.9144941781537,-289.8067534396696
2018-03-31,2017/2018,Newcastle,Huddersfield,1,0,H,18,4,3,0,1509.3542622777159,1469.4765260723807,39.87773620533517
2018-03-31,2017/2018,Man United,Swansea,2,0,H,11,3,5,2,1745.8573999581813,1523.970613601449,221.88678635673227
2018-03-31,2017/2018,Crystal Palace,Liverpool,1,2,A,6,16,3,6,1508.3541303110594,1744.0023095269999,-235.64817921594044
2018-03-31,2017/2018,Watford,Bournemouth,2,2,D,16,13,5,6,1484.4220972461524,1551.3793793468813,-66.95728210072889
2018-03-31,2017/2018,Brighton,Leicester,0,2,A,15,6,3,4,1515.0564977543042,1573.699513943372,-58.643016189067794
2018-03-31,2017/2018,West Brom,Burnley,1,2,A,8,11,3,4,1393.6915544357867,1557.5435712245194,-163.85201678873273
2018-04-01,2017/2018,Chelsea,Tottenham,1,3,A,14,12,4,7,1698.8438001842558,1770.3971969034433,-71.5533967191875
2018-04-01,2017/2018,Arsenal,Stoke,3,0,H,24,8,11,2,1635.9456739173427,1456.9416869831837,179.003986934159
2018-04-07,2017/2018,West Brom,Swansea,1,1,D,15,7,3,1,1384.7234651070385,1516.994195387434,-132.27073028039558
2018-04-07,2017/2018,Man City,Man United,2,3,A,20,5,6,4,1853.991488318133,1752.8338181721963,101.15767014593666
2018-04-07,2017/2018,Brighton,Huddersfield,1,1,D,13,14,4,5,1501.7317510791004,1455.3049416487531,46.42680943034725
2018-04-07,2017/2018,Leicester,Newcastle,1,2,A,8,8,1,4,1587.024260618576,1523.5258467013434,63.49841391723248
2018-04-07,2017/2018,Everton,Liverpool,0,0,D,6,10,1,3,1554.030746598505,1750.5562211784072,-196.52547457990227
2018-04-07,2017/2018,Stoke,Tottenham,1,2,A,10,15,4,4,1448.5256616749784,1783.1478513646236,-334.6221896896452
2018-04-07,2017/2018,Bournemouth,Crystal Palace,2,2,D,20,13,5,6,1548.3334979734796,1501.800218659652,46.53327931382751
2018-04-07,2017/2018,Watford,Burnley,1,2,A,14,7,5,4,1487.467978619554,1566.5116605532676,-79.04368193371351
2018-04-08,2017/2018,Arsenal,Southampton,3,2,H,13,15,7,8,1644.361699225548,1475.9913641068351,168.37033511871277
2018-04-08,2017/2018,Chelsea,West Ham,1,1,D,23,5,6,2,1686.0931457230754,1507.2891411660585,178.80400455701692
2018-04-14,2017/2018,Southampton,Chelsea,2,3,A,10,17,7,5,1467.190196532665,1678.5163133616682,-211.32611682900324
2018-04-14,2017/2018,Liverpool,Bournemouth,3,0,H,20,6,7,1,1742.3617515761675,1546.2032834620904,196.1584681140771
2018-04-14,2017/2018,Tottenham,Man City,1,3,A,8,17,3,6,1787.2172056488873,1833.4603252362763,-46.24311958738895
2018-04-14,2017/2018,Crystal Palace,Brighton,3,2,H,15,12,8,3,1503.9304331710412,1499.6063529715127,4.324080199528453
2018-04-14,2017/2018,Huddersfield,Watford,1,0,H,9,4,1,2,1457.4303397563408,1475.0465456960299,-17.616205939689053
2018-04-14,2017/2018,Swansea,Everton,1,1,D,17,12,7,3,1511.181071751218,1562.2252162007446,-51.044144449526584
2018-04-14,2017/2018,Burnley,Leicester,2,1,H,8,15,3,6,1578.9330934767918,1568.1321798885165,10.800913588275307
2018-04-15,2017/2018,Man United,West Brom,0,1,A,14,10,4,4,1773.364981254053,1390.5365887432545,382.8283925107985
2018-04-15,2017/2018,Newcastle,Arsenal,2,1,H,8,15,4,3,1542.4179274314029,1653.1628667997181,-110.74493936831527
2018-04-16,2017/2018,West Ham,Stoke,1,1,D,18,11,6,7,1514.8659735274657,1444.4563073907148,70.40966613675096
2018-04-17,2017/2018,Brighton,Tottenham,1,1,D,8,16,5,6,1483.805473942803,1773.3342932133307,-289.5288192705277
2018-04-18,2017/2018,Bournemouth,Man United,0,2,A,13,13,2,4,1538.3852782865865,1744.5462732012638,-206.1609949146773
2018-04-19,2017/2018,Burnley,Chelsea,1,2,A,5,16,2,5,1594.4358531974633,1685.8300597192087,-91.39420652174545
2018-04-19,2017/2018,Leicester,Southampton,0,0,D,11,6,3,2,1552.629420167845,1459.8764501751243,92.75296999272064
2018-04-21,2017/2018,Watford,Crystal Palace,0,0,D,14,6,4,1,1458.2359839231615,1519.7313121997508,-61.49532827658936
2018-04-21,2017/2018,West Brom,Liverpool,2,2,D,13,9,6,3,1419.3552967960436,1750.1797567516714,-330.82445995562784
2018-04-22,2017/2018,Man City,Swansea,5,0,H,19,4,12,1,1847.3432376718329,1513.5149735036762,333.8282641681567
2018-04-22,2017/2018,Stoke,Burnley,1,1,D,8,16,3,7,1447.6551208969804,1582.5502453579857,-134.89512446100525
2018-04-22,2017/2018,Arsenal,West Ham,4,1,H,20,11,8,4,1632.2288535567777,1511.6671600212,120.56169353557766
2018-04-23,2017/2018,Everton,Newcastle,1,0,H,9,9,1,2,1559.8913144482865,1563.3519406743433,-3.4606262260567746
2018-04-28,2017/2018,Huddersfield,Everton,0,2,A,9,7,2,5,1474.2409015292092,1576.0506769053509,-101.80977537614172
2018-04-28,2017/2018,Liverpool,Stoke,0,0,D,20,5,2,1,1738.327395054746,1453.5728598337957,284.7545352209502
2018-04-28,2017/2018,Southampton,Bournemouth,2,1,H,14,14,6,7,1464.0492189821034,1530.9024222491744,-66.85320326707097
2018-04-28,2017/2018,Newcastle,West Brom,0,1,A,17,9,2,2,1547.1925782172789,1431.2076584929691,115.98491972430975
2018-04-28,2017/2018,Burnley,Brighton,0,0,D,10,9,4,1,1576.6325064211703,1494.7216420244717,81.91086439669857
2018-04-28,2017/2018,Crystal Palace,Leicester,5,0,H,15,6,9,1,1516.9285551876005,1548.4566513608659,-31.52809617326534
2018-04-28,2017/2018,Swansea,Chelsea,0,1,A,10,11,3,3,1509.4293587964805,1697.7156675586864,-188.28630876220586
2018-04-29,2017/2018,West Ham,Man City,1,4,A,4,19,1,7,1501.0066202270561,1851.4288523790285,-350.42223215197237
2018-04-29,2017/2018,Man United,Arsenal,2,1,H,17,8,3,3,1752.029129238676,1642.8893933509216,109.13973588775434
2018-04-30,2017/2018,Tottenham,Watford,2,0,H,13,13,3,5,1762.418125131662,1461.0387409353118,301.3793841963502
2018-05-04,2017/2018,Brighton,Man United,1,0,H,11,16,4,3,1498.4254087053832,1763.1621036170634,-264.73669491168016
2018-05-05,2017/2018,West Brom,Tottenham,1,0,H,9,18,1,5,1452.3590069366523,1767.2169904387736,-314.8579835021212
2018-05-05,2017/2018,Bournemouth,Swansea,1,0,H,13,12,5,3,1511.8611604487776,1501.3405378825141,10.520622566263455
2018-05-05,2017/2018,Everton,Southampton,1,1,D,9,11,3,5,1587.4919064531791,1483.0904807825002,104.40142567067892
2018-05-05,2017/2018,Leicester,West Ham,0,2,A,13,13,2,3,1531.0087011658832,1497.249512947362,33.7591882185211
2018-05-05,2017/2018,Stoke,Crystal Palace,1,2,A,7,13,2,2,1464.370401438316,1534.3765053825832,-70.00610394426712
2018-05-05,2017/2018,Watford,Newcastle,2,1,H,11,9,8,1,1456.2398756282003,1526.0412297735957,-69.80135414539541
2018-05-06,2017/2018,Arsenal,Burnley,5,0,H,16,6,8,2,1631.7564189725342,1572.9287397402588,58.827679232275386
2018-05-06,2017/2018,Chelsea,Liverpool,1,0,H,12,10,4,5,1705.8044884726528,1727.5298534502256,-21.72536497757278
2018-05-06,2017/2018,Man City,Huddersfield,0,0,D,15,5,2,3,1855.1859596587226,1462.799671981381,392.38628767734167
2018-05-08,2017/2018,Swansea,Southampton,0,1,A,11,13,3,8,1485.8248824293296,1487.7586775738205,-1.9337951444908867
2018-05-09,2017/2018,Leicester,Arsenal,3,1,H,19,14,10,7,1513.4589074240794,1645.0729000829256,-131.6139926588462
2018-05-09,2017/2018,Man City,Brighton,3,1,H,19,6,7,3,1842.2130563782453,1524.7012150806675,317.5118412975778
2018-05-09,2017/2018,Chelsea,Huddersfield,1,1,D,22,3,5,2,1722.8036765412153,1475.7725752618583,247.03110127935702
2018-05-09,2017/2018,Tottenham,Newcastle,1,0,H,11,14,7,3,1739.7078730036217,1506.8693197383686,232.83855326525304
2018-05-10,2017/2018,West Ham,Man United,0,0,D,9,16,2,6,1514.7993066891659,1736.8862972417792,-222.08699055261332
2018-05-13,2017/2018,West Ham,Everton,3,1,H,15,14,4,7,1523.8291736839833,1582.8237096618589,-58.99453597787556
2018-05-13,2017/2018,Newcastle,Chelsea,3,0,H,16,6,6,2,1500.2307156310646,1713.0226932564342,-212.79197762536955
2018-05-13,2017/2018,Tottenham,Leicester,5,4,H,14,16,6,9,1746.3464771109257,1535.2457614062496,211.10071570467608
2018-05-13,2017/2018,Southampton,Man City,0,1,A,8,13,3,2,1503.6696239359744,1846.6452841322512,-342.97566019627675
2018-05-13,2017/2018,Swansea,Stoke,1,2,A,26,8,11,5,1469.9139360671757,1451.5513689204479,18.36256714672777
2018-05-13,2017/2018,Burnley,Bournemouth,1,2,A,12,16,4,5,1559.6122586298675,1527.3768159019621,32.235442727905365
2018-05-13,2017/2018,Man United,Watford,1,0,H,7,7,1,3,1727.8564302469617,1475.4117856634273,252.44464458353445
2018-05-13,2017/2018,Huddersfield,Arsenal,0,1,A,18,9,3,4,1485.5535585466394,1623.2860461007554,-137.732487554116
2018-05-13,2017/2018,Crystal Palace,West Brom,2,0,H,11,7,5,1,1547.1955379004514,1479.8681243718042,67.32741352864718
2018-05-13,2017/2018,Liverpool,Brighton,4,0,H,22,2,11,1,1710.530665381663,1520.2689873266615,190.26167805500154
2018-08-10,2018/2019,Man United,Leicester,2,1,H,8,13,6,4,1733.9207945854346,1527.9246916984648,205.99610288696977
2018-08-11,2018/2019,Huddersfield,Chelsea,0,3,A,6,13,1,4,1475.583746301529,1688.2889392055033,-212.70519290397442
2018-08-11,2018/2019,Watford,Brighton,2,0,H,19,6,5,0,1469.3474213249544,1512.2487020377287,-42.90128071277422
2018-08-11,2018/2019,Wolves,Everton,2,2,D,11,6,4,5,1342.563394623245,1564.1327234889688,-221.56932886572395
2018-08-11,2018/2019,Newcastle,Tottenham,1,2,A,15,15,2,5,1524.9644696819955,1753.6675468187104,-228.7030771367149
2018-08-11,2018/2019,Bournemouth,Cardiff,2,0,H,12,10,4,1,1544.857067838534,1391.436728903469,153.42033893506505
2018-08-11,2018/2019,Fulham,Crystal Palace,0,2,A,15,10,6,9,1413.1304029097118,1560.1332323962558,-147.002829486544
2018-08-12,2018/2019,Arsenal,Man City,0,2,A,9,17,3,8,1633.2558583458658,1850.546881746915,-217.2910234010492
2018-08-12,2018/2019,Liverpool,West Ham,4,0,H,18,5,8,2,1718.550950670596,1542.5201598568733,176.03079081372266
2018-08-12,2018/2019,Southampton,Burnley,0,0,D,18,16,3,6,1499.7680263213106,1542.1320066932956,-42.36398037198501
2018-08-18,2018/2019,West Ham,Bournemouth,1,2,A,11,12,5,5,1533.9975466598187,1554.2178260942137,-20.220279434395025
2018-08-18,2018/2019,Leicester,Wolves,2,0,H,6,11,2,3,1520.4363924854476,1351.577001774222,168.85939071122561
2018-08-18,2018/2019,Tottenham,Fulham,3,1,H,25,10,11,3,1760.4322743076773,1403.523133316033,356.90914099164434
2018-08-18,2018/2019,Everton,Southampton,2,1,H,13,15,7,4,1555.1191163379917,1501.7093482154887,53.40976812250301
2018-08-18,2018/2019,Cardiff,Newcastle,0,0,D,12,12,1,6,1382.0759706477893,1518.1997421930287,-136.12377154523938
2018-08-18,2018/2019,Chelsea,Arsenal,3,2,H,24,15,11,6,1695.557991288113,1626.1340376536455,69.42395363446758
2018-08-19,2018/2019,Man City,Huddersfield,6,1,H,32,5,14,1,1857.6687024391354,1468.3146942189192,389.3540082202162
2018-08-19,2018/2019,Brighton,Man United,3,2,H,6,9,3,3,1494.2830054069168,1741.4090937984517,-247.12608839153495
2018-08-19,2018/2019,Burnley,Watford,1,3,A,8,9,3,6,1540.1906847991174,1487.3131179557663,52.87756684335113
2018-08-20,2018/2019,Crystal Palace,Liverpool,0,2,A,8,16,2,6,1569.7405019899347,1727.0735638676506,-157.33306187771586
2018-08-25,2018/2019,Arsenal,West Ham,3,1,H,17,13,10,5,1613.2892472092692,1518.9276750365484,94.3615721727208
2018-08-25,2018/2019,Bournemouth,Everton,2,2,D,17,11,5,3,1569.287697717484,1568.6786990424764,0.6089986750075695
2018-08-25,2018/2019,Huddersfield,Cardiff,0,0,D,5,14,1,4,1465.2394175525503,1388.0424868099974,77.19693074255292
2018-08-25,2018/2019,Liverpool,Brighton,1,0,H,22,6,8,2,1736.2858603367745,1520.0667278618878,216.2191324748867
2018-08-25,2018/2019,Southampton,Leicester,1,2,A,11,8,5,5,1488.149765511004,1529.2196087921532,-41.06984328114913
2018-08-25,2018/2019,Wolves,Man City,1,1,D,11,18,2,6,1342.7937854675165,1860.7439791055042,-517.9501936379877
2018-08-26,2018/2019,Newcastle,Chelsea,1,2,A,6,15,2,3,1512.2332260308206,1708.4027817324893,-196.16955570166874
2018-08-26,2018/2019,Fulham,Burnley,4,2,H,25,12,12,2,1399.8880923605598,1521.7742116766426,-121.88611931608284
2018-08-26,2018/2019,Watford,Crystal Palace,2,1,H,13,9,5,3,1505.7295910782411,1560.5282055208108,-54.798614442569715
2018-08-27,2018/2019,Man United,Tottenham,0,3,A,23,9,5,5,1715.6253713434808,1764.0673152631505,-48.44194391966971
2018-09-01,2018/2019,Brighton,Fulham,2,2,D,15,10,5,5,1512.9106849108816,1421.2816830294678,91.62900188141384
2018-09-01,2018/2019,West Ham,Wolves,0,1,A,13,15,3,6,1507.1694004349774,1357.2492775569676,149.9201228780098
2018-09-01,2018/2019,Everton,Huddersfield,1,1,D,11,9,1,6,1568.7067444391682,1461.741737569037,106.96500687013122
2018-09-01,2018/2019,Leicester,Liverpool,1,2,A,12,10,5,4,1543.337033025032,1743.4419032877806,-200.1048702627486
2018-09-01,2018/2019,Crystal Palace,Southampton,0,2,A,20,19,6,6,1542.0253558360755,1474.0323412781252,67.99301455795035
2018-09-01,2018/2019,Man City,Newcastle,2,1,H,24,3,8,2,1846.288487016053,1504.4155979268726,341.8728890891805
2018-09-01,2018/2019,Chelsea,Bournemouth,2,0,H,24,8,6,1,1716.2204098364373,1569.2596523207922,146.96075751564513
2018-09-02,2018/2019,Cardiff,Arsenal,2,3,A,14,17,3,11,1391.5401667935107,1625.0475218108402,-233.50735501732947
2018-09-02,2018/2019,Watford,Tottenham,2,1,H,7,11,3,2,1524.2324407629765,1777.8508255207835,-253.618384757807
2018-09-02,2018/2019,Burnley,Man United,0,2,A,9,21,2,9,1500.3806210077346,1701.8418610858478,-201.46124007811318
2018-09-15,2018/2019,Bournemouth,Leicester,4,2,H,10,14,5,8,1559.6507544563824,1535.6524602354802,23.998294220902153
2018-09-15,2018/2019,Tottenham,Liverpool,1,2,A,11,17,3,10,1751.8820501957925,1751.1264760773324,0.7555741184601175
2018-09-15,2018/2019,Newcastle,Arsenal,1,2,A,4,12,2,2,1500.4922002707676,1631.6658927612043,-131.17369249043668
2018-09-15,2018/2019,Watford,Man United,1,2,A,14,9,5,6,1550.2012160879674,1709.4809347547236,-159.27971866675625
2018-09-15,2018/2019,Huddersfield,Crystal Palace,0,1,A,15,7,2,2,1466.5177080134306,1522.933531968201,-56.4158239547703
2018-09-15,2018/2019,Chelsea,Cardiff,4,1,H,18,6,7,2,1725.829307700847,1384.9217958431466,340.90751185770046
2018-09-15,2018/2019,Man City,Fulham,3,0,H,28,9,9,3,1850.211884672158,1425.4061711589598,424.80571351319827
2018-09-16,2018/2019,Everton,West Ham,1,3,A,16,9,4,4,1563.9307739947747,1484.6641504407096,79.26662355406506
2018-09-16,2018/2019,Wolves,Burnley,1,0,H,30,7,7,2,1379.7545275512355,1492.7415473388587,-112.98701978762324
2018-09-17,2018/2019,Southampton,Brighton,2,2,D,14,12,5,4,1493.1241651459998,1508.7861967813897,-15.662031635389894
2018-09-22,2018/2019,Leicester,Huddersfield,3,1,H,18,9,8,2,1520.7558682863296,1453.0931571716405,67.66271111468905
2018-09-22,2018/2019,Fulham,Watford,1,1,D,15,11,3,6,1422.8533012125795,1541.0622574351155,-118.20895622253602
2018-09-22,2018/2019,Man United,Wolves,1,1,D,15,11,6,8,1718.6198934075755,1400.7817867775998,317.83810662997575
2018-09-22,2018/2019,Liverpool,Southampton,3,0,H,12,7,4,1,1767.1612714965152,1493.8449401916982,273.3163313048169
2018-09-22,2018/2019,Burnley,Bournemouth,4,0,H,12,19,5,5,1471.7142881124944,1574.547346405533,-102.83305829303868
2018-09-22,2018/2019,Brighton,Tottenham,1,2,A,8,16,4,7,1508.0654217356912,1735.8472547766098,-227.78183304091863
2018-09-22,2018/2019,Crystal Palace,Newcastle,0,0,D,16,6,4,3,1536.3580828099907,1490.2614220122193,46.09666079777139
2018-09-22,2018/2019,Cardiff,Man City,0,5,A,2,21,2,10,1380.979228266841,1852.7647546185383,-471.7855263516974
2018-09-23,2018/2019,Arsenal,Everton,2,0,H,9,9,5,6,1641.8966710197526,1544.3424550665584,97.55421595319422
2018-09-23,2018/2019,West Ham,Chelsea,0,0,D,6,17,1,6,1504.2524693689259,1729.7718752771527,-225.51940590822687
2018-09-29,2018/2019,West Ham,Man United,3,1,H,8,9,3,4,1513.3894578060322,1707.0449546879706,-193.65549688193846
2018-09-29,2018/2019,Wolves,Southampton,2,0,H,14,17,6,6,1412.3567254972047,1488.349214062275,-75.99248856507029
2018-09-29,2018/2019,Man City,Brighton,2,0,H,28,4,8,1,1854.7502434940252,1501.272360571318,353.4778829227073
2018-09-29,2018/2019,Newcastle,Leicester,0,2,A,6,12,1,5,1492.3718826170111,1533.6786901403377,-41.3068075233266
2018-09-29,2018/2019,Huddersfield,Tottenham,0,2,A,9,10,5,6,1440.1703353176324,1742.640315940983,-302.4699806233507
2018-09-29,2018/2019,Arsenal,Watford,2,0,H,9,13,2,4,1653.5185883160366,1535.8192950876607,117.69929322837584
2018-09-29,2018/2019,Chelsea,Liverpool,1,1,D,10,13,4,6,1720.6348868400464,1772.6569976259384,-52.02211078589198
2018-09-29,2018/2019,Everton,Fulham,3,0,H,19,6,6,0,1532.7205377702744,1428.0962635600342,104.62427421024017
2018-09-30,2018/2019,Cardiff,Burnley,1,2,A,19,3,5,2,1378.993739391354,1492.3163204788345,-113.32258108748056
2018-10-01,2018/2019,Bournemouth,Crystal Palace,2,1,H,11,10,5,2,1553.945314039193,1534.247622205199,19.697691833993986
2018-10-05,2018/2019,Brighton,West Ham,1,0,H,9,17,4,4,1497.5731892532847,1537.486015822752,-39.91282656946737
2018-10-06,2018/2019,Tottenham,Cardiff,1,0,H,19,8,7,6,1747.4136283227413,1368.0349219589498,379.3787063637915
2018-10-06,2018/2019,Watford,Bournemouth,0,4,A,14,10,2,7,1525.041296768609,1569.0391724601677,-43.99787569155865
2018-10-06,2018/2019,Man United,Newcastle,3,2,H,18,13,10,8,1682.948396671251,1478.265219050261,204.6831776209899
2018-10-06,2018/2019,Burnley,Huddersfield,1,1,D,6,19,3,2,1503.2751379112387,1435.3970229358742,67.8781149753645
2018-10-06,2018/2019,Crystal Palace,Wolves,0,1,A,11,7,4,2,1519.153763784224,1431.801549671207,87.352214113017
2018-10-06,2018/2019,Leicester,Everton,1,2,A,8,17,2,8,1547.7853537070878,1544.0429537848581,3.7423999222296516
2018-10-07,2018/2019,Fulham,Arsenal,1,5,A,21,9,4,7,1416.7738475454505,1664.2965866350883,-247.52273908963775
2018-10-07,2018/2019,Liverpool,Man City,0,0,D,7,6,2,2,1770.2790353518294,1858.4494148120584,-88.17037946022901
2018-10-07,2018/2019,Southampton,Chelsea,0,3,A,15,21,6,6,1468.9043898882726,1723.0128491141554,-254.10845922588283
2018-10-20,2018/2019,Bournemouth,Southampton,0,0,D,10,8,2,4,1583.023757436581,1462.8869608889736,120.13679654760745
2018-10-20,2018/2019,Cardiff,Fulham,4,2,H,22,9,5,4,1364.7962821150995,1410.5689984335718,-45.77271631847225
2018-10-20,2018/2019,Chelsea,Man United,2,2,D,21,7,6,4,1729.0302781134544,1690.4801343255501,38.55014378790429
2018-10-20,2018/2019,Man City,Burnley,5,0,H,24,5,10,0,1854.473995758546,1500.1884081051799,354.28558765336606
2018-10-20,2018/2019,Newcastle,Brighton,0,1,A,27,8,6,2,1470.733481395962,1515.4031996792696,-44.6697182833077
2018-10-20,2018/2019,West Ham,Tottenham,0,1,A,13,10,4,2,1519.6560053967671,1750.6522681665915,-230.9962627698244
2018-10-20,2018/2019,Wolves,Watford,0,2,A,10,9,1,3,1451.7415962026562,1511.0567117921958,-59.31511558953957
2018-10-20,2018/2019,Huddersfield,Liverpool,0,1,A,13,11,1,2,1438.4837527419331,1774.254454405342,-335.7707016634088
2018-10-21,2018/2019,Everton,Crystal Palace,2,0,H,20,7,4,3,1560.2152910052232,1499.213717252775,61.00157375244817
2018-10-22,2018/2019,Arsenal,Leicester,3,1,H,19,8,6,2,1670.501435746967,1531.6130164867227,138.8884192602443
2018-10-27,2018/2019,Liverpool,Cardiff,4,1,H,19,2,7,1,1778.3003838321708,1382.8920822823782,395.40830154979267
2018-10-27,2018/2019,Southampton,Newcastle,0,0,D,22,6,4,0,1468.2090259095035,1456.779337551151,11.42968835835245
2018-10-27,2018/2019,Watford,Huddersfield,3,0,H,12,13,6,7,1524.3513822164798,1434.4378233151042,89.91355890137561
2018-10-27,2018/2019,Leicester,West Ham,1,1,D,21,11,7,3,1521.688818145686,1512.9614307952602,8.727387350425715
2018-10-27,2018/2019,Brighton,Wolves,1,0,H,2,25,1,7,1529.3573435240805,1438.4469257783721,90.9104177457084
2018-10-27,2018/2019,Fulham,Bournemouth,0,3,A,11,12,1,5,1392.4731982662931,1577.7016924160512,-185.22849414975803
2018-10-28,2018/2019,Burnley,Chelsea,0,4,A,7,24,1,8,1496.5044207680464,1727.262228093234,-230.7578073251875
2018-10-28,2018/2019,Crystal Palace,Arsenal,2,2,D,16,7,3,2,1485.9944282858994,1680.4256340880038,-194.4312058021044
2018-10-28,2018/2019,Man United,Everton,2,1,H,14,14,10,6,1692.2481843457706,1573.4345799720988,118.81360437367175
2018-10-29,2018/2019,Tottenham,Man City,0,1,A,4,13,1,6,1757.3468427680984,1858.1579830956794,-100.81114032758092
2018-11-03,2018/2019,Cardiff,Leicester,0,1,A,11,13,2,5,1379.9123287537336,1521.286991617527,-141.37466286379345
2018-11-03,2018/2019,Everton,Brighton,3,1,H,14,5,3,3,1562.7023832684297,1541.2637648613859,21.438618407043805
2018-11-03,2018/2019,Newcastle,Watford,1,0,H,10,16,2,1,1457.3055043540403,1536.300736990551,-78.99523263651076
2018-11-03,2018/2019,West Ham,Burnley,4,2,H,22,6,10,3,1513.363257323419,1489.802576359053,23.56068096436593
2018-11-03,2018/2019,Arsenal,Liverpool,1,1,D,12,13,4,4,1672.3025309525322,1781.2801373608154,-108.97760640828324
2018-11-03,2018/2019,Bournemouth,Man United,1,2,A,18,18,7,8,1585.8973661186164,1702.9803810494398,-117.08301493082331
2018-11-03,2018/2019,Wolves,Tottenham,2,3,A,16,10,7,8,1426.5405044410668,1745.8633232892948,-319.32281884822805
2018-11-04,2018/2019,Man City,Southampton,6,1,H,18,12,8,6,1869.641502574483,1467.6828591066142,401.9586434678688
2018-11-04,2018/2019,Chelsea,Crystal Palace,3,1,H,15,7,6,2,1733.9640725022273,1494.117531421371,239.84654108085624
2018-11-05,2018/2019,Huddersfield,Fulham,1,0,H,10,7,2,1,1422.488468541033,1384.2775245637279,38.21094397730508
2018-11-10,2018/2019,Southampton,Watford,1,1,D,14,12,4,6,1464.8034487897148,1516.724289540598,-51.920840750883144
2018-11-10,2018/2019,Leicester,Burnley,0,0,D,22,6,5,1,1531.1134717775772,1474.8859256877238,56.22754608985338
2018-11-10,2018/2019,Newcastle,Bournemouth,2,1,H,18,14,6,4,1476.8819518039934,1575.0939956017467,-98.21204379775327
2018-11-10,2018/2019,Crystal Palace,Tottenham,0,1,A,11,11,4,2,1487.6886741546055,1750.2558953957662,-262.5672212411607
2018-11-10,2018/2019,Huddersfield,West Ham,1,1,D,15,12,7,5,1436.7358501654878,1528.2799079947483,-91.54405782926051
2018-11-10,2018/2019,Cardiff,Brighton,2,1,H,20,7,6,3,1370.0858485936835,1526.2497985863308,-156.1639499926473
2018-11-11,2018/2019,Arsenal,Wolves,1,1,D,10,12,3,5,1677.1627801421132,1422.1479323345955,255.01484780751775
2018-11-11,2018/2019,Chelsea,Everton,0,0,D,15,6,4,1,1740.3929297689929,1577.7163495434847,162.67658022550813
2018-11-11,2018/2019,Liverpool,Fulham,2,0,H,20,8,7,3,1776.4198881712343,1370.030142939273,406.38974523196134
2018-11-11,2018/2019,Man City,Man United,3,1,H,17,6,5,1,1872.5209128913823,1713.7837515663095,158.73716132507275
2018-11-24,2018/2019,West Ham,Man City,0,4,A,9,9,1,6,1524.159071970111,1881.6802764526726,-357.52120448256164
2018-11-24,2018/2019,Watford,Liverpool,0,3,A,5,10,1,7,1514.3508881073137,1779.2331561769715,-264.8822680696578
2018-11-24,2018/2019,Man United,Crystal Palace,0,0,D,12,13,5,2,1704.6243880050192,1481.9055459823574,222.71884202266187
2018-11-24,2018/2019,Tottenham,Chelsea,3,1,H,18,13,9,2,1756.0390235680143,1733.4047591579179,22.63426441009642
2018-11-24,2018/2019,Everton,Cardiff,1,0,H,16,7,8,1,1584.7045201545598,1392.8293392216924,191.87518093286735
2018-11-24,2018/2019,Brighton,Leicester,1,1,D,14,8,3,3,1503.506307958322,1528.5464692190862,-25.040161260764307
2018-11-24,2018/2019,Fulham,Southampton,3,2,H,10,19,5,8,1367.2168749335358,1467.176850222999,-99.95997528946327
2018-11-25,2018/2019,Bournemouth,Arsenal,1,2,A,11,20,5,4,1554.6879015757595,1667.1547580769254,-112.46685650116592
2018-11-25,2018/2019,Wolves,Huddersfield,0,2,A,12,14,3,6,1432.1559543997832,1440.8566861901252,-8.700731790341933
2018-11-26,2018/2019,Burnley,Newcastle,1,2,A,14,17,4,3,1477.4529282462147,1497.2880458299805,-19.83511758376585
2018-11-30,2018/2019,Cardiff,Wolves,2,1,H,17,15,3,4,1384.8647470411906,1416.5565541659062,-31.691807124715524
2018-12-01,2018/2019,Newcastle,West Ham,0,3,A,16,7,4,4,1512.3755960015337,1520.535368124514,-8.159772122980257
2018-12-01,2018/2019,Southampton,Man United,2,2,D,16,11,6,5,1446.6964688485828,1695.574711472887,-248.87824262430422
2018-12-01,2018/2019,Leicester,Watford,2,0,H,7,8,3,0,1527.395319620771,1508.6306321634665,18.76468745730449
2018-12-01,2018/2019,Huddersfield,Brighton,1,2,A,7,14,2,6,1456.4560864240023,1504.6574575566372,-48.201371132634904
2018-12-01,2018/2019,Crystal Palace,Burnley,2,0,H,29,4,9,0,1490.9552225144896,1462.3653780746615,28.589844439828084
2018-12-01,2018/2019,Man City,Bournemouth,3,1,H,16,4,6,1,1885.3039802982696,1543.6935611267959,341.6104191714737
2018-12-02,2018/2019,Arsenal,Tottenham,4,2,H,22,11,7,6,1678.149098525889,1770.9981492751144,-92.8490507492254
2018-12-02,2018/2019,Chelsea,Fulham,2,0,H,16,9,9,4,1718.4456334508177,1387.697256307952,330.7483771428656
2018-12-02,2018/2019,Liverpool,Everton,1,0,H,16,9,3,3,1784.9534121208187,1592.6691123350615,192.28429978575718
2018-12-04,2018/2019,Bournemouth,Huddersfield,2,1,H,6,23,2,6,1539.7649594410957,1442.6617089494289,97.10325049166681
2018-12-04,2018/2019,Brighton,Crystal Palace,3,1,H,9,18,3,5,1518.4518350312105,1505.6415752377852,12.810259793425303
2018-12-04,2018/2019,Watford,Man City,1,2,A,11,15,7,7,1493.4939387017648,1889.2325819839698,-395.738643282205
2018-12-04,2018/2019,West Ham,Cardiff,3,1,H,17,9,11,5,1536.159665805384,1402.3201743412865,133.8394914640976
2018-12-05,2018/2019,Burnley,Liverpool,1,3,A,10,18,6,12,1447.679025351366,1792.9039239563635,-345.22489860499763
2018-12-05,2018/2019,Everton,Newcastle,1,1,D,19,8,3,5,1584.7186004995167,1496.7512983206636,87.96730217885306
2018-12-05,2018/2019,Fulham,Leicester,1,1,D,25,13,7,5,1383.548036663515,1542.5320130824728,-158.9839764189578
2018-12-05,2018/2019,Man United,Arsenal,2,2,D,10,9,7,4,1685.7406258325084,1698.325990770199,-12.585364937690656
2018-12-05,2018/2019,Tottenham,Southampton,3,1,H,13,18,8,5,1750.8212570308044,1456.5305544889613,294.2907025418431
2018-12-05,2018/2019,Wolves,Chelsea,2,1,H,6,17,2,3,1399.1011268658103,1722.5948530952548,-323.4937262294445
2018-12-08,2018/2019,Man United,Fulham,4,1,H,20,10,11,4,1686.3199499421346,1390.3979588947534,295.9219910473812
2018-12-08,2018/2019,West Ham,Crystal Palace,3,2,H,13,8,6,4,1546.2839375130986,1490.231242316632,56.05269519646663
2018-12-08,2018/2019,Chelsea,Man City,2,0,H,8,14,5,4,1694.897227702036,1892.2072008185357,-197.3099731164998
2018-12-08,2018/2019,Leicester,Tottenham,0,2,A,11,7,3,2,1535.6820908512343,1755.7889655466854,-220.1068746954511
2018-12-08,2018/2019,Burnley,Brighton,1,0,H,14,14,4,1,1443.8215683650674,1533.8621679523637,-90.04059958729636
2018-12-08,2018/2019,Arsenal,Huddersfield,1,0,H,14,6,2,0,1697.7466666605728,1431.0205720625554,266.7260945980174
2018-12-08,2018/2019,Cardiff,Southampton,1,0,H,13,12,4,1,1392.195902633572,1451.5628459730804,-59.36694333950845
2018-12-08,2018/2019,Bournemouth,Liverpool,0,4,A,8,10,2,4,1551.4060963279692,1796.761380942662,-245.3552846146929
2018-12-09,2018/2019,Newcastle,Wolves,1,2,A,12,13,4,6,1500.717941387892,1426.7987522590292,73.91918912886285
2018-12-10,2018/2019,Everton,Watford,2,2,D,12,15,5,3,1580.7519574322882,1490.5193198671989,90.23263756508936
2018-12-15,2018/2019,Watford,Cardiff,3,2,H,17,10,8,3,1494.5837142227656,1410.9035506716882,83.68016355107738
2018-12-15,2018/2019,Wolves,Bournemouth,2,0,H,9,13,3,3,1446.1524073165958,1545.1386029743242,-98.98619565772833
2018-12-15,2018/2019,Tottenham,Burnley,1,0,H,15,4,3,0,1762.8214419328965,1463.8776885533434,298.9437533795531
2018-12-15,2018/2019,Man City,Everton,3,1,H,13,9,5,2,1867.9861108697673,1576.6875630767215,291.2985477930458
2018-12-15,2018/2019,Huddersfield,Newcastle,0,1,A,15,8,5,5,1425.350007382207,1481.3642863303255,-56.014278948118545
2018-12-15,2018/2019,Fulham,West Ham,0,2,A,16,6,4,3,1385.4695301137865,1559.7247805035247,-174.2552503897382
2018-12-15,2018/2019,Crystal Palace,Leicester,1,0,H,8,12,1,2,1476.790399326206,1528.6496144650232,-51.85921513881726
2018-12-16,2018/2019,Brighton,Chelsea,1,2,A,6,10,2,3,1513.806047764088,1719.1183176508043,-205.31226988671642
2018-12-16,2018/2019,Liverpool,Man United,3,1,H,36,6,11,2,1803.028874296307,1691.2483787231015,111.7804955732056
2018-12-16,2018/2019,Southampton,Arsenal,3,2,H,12,13,7,4,1432.855197934964,1703.4172313409213,-270.5620334059572
2018-12-21,2018/2019,Wolves,Liverpool,0,2,A,11,15,5,6,1466.5914285135125,1814.0517467118198,-347.4603181983073
2018-12-22,2018/2019,Newcastle,Fulham,0,0,D,9,4,0,2,1494.8068532248499,1376.8828559502288,117.92399727462112
2018-12-22,2018/2019,Man City,Crystal Palace,2,3,A,19,5,5,3,1873.0265311285716,1495.1610251688585,377.8655059597131
2018-12-22,2018/2019,West Ham,Watford,0,2,A,18,11,7,5,1568.3114546670824,1506.8029258713777,61.508528795704706
2018-12-22,2018/2019,Huddersfield,Southampton,1,3,A,16,13,5,6,1411.9074404876826,1459.2869256029453,-47.379485115262696
2018-12-22,2018/2019,Cardiff,Man United,1,5,A,9,17,3,9,1398.684339023076,1680.2255063075888,-281.54116728451277
2018-12-22,2018/2019,Bournemouth,Brighton,2,0,H,14,10,3,5,1524.6995817774075,1506.295145512828,18.404436264579545
2018-12-22,2018/2019,Arsenal,Burnley,3,1,H,10,7,6,2,1676.98550367294,1459.021349136659,217.96415453628106
2018-12-22,2018/2019,Chelsea,Leicester,0,1,A,17,8,5,3,1726.6292199020643,1510.2789886223707,216.35023127969362
2018-12-23,2018/2019,Everton,Tottenham,2,6,A,10,17,3,8,1571.6471428179173,1767.677781349581,-196.03063853166373
2018-12-26,2018/2019,Brighton,Arsenal,1,1,D,12,7,3,4,1491.1419092503552,1684.0858930982147,-192.9439838478595
2018-12-26,2018/2019,Tottenham,Bournemouth,5,0,H,10,14,7,4,1775.5001346985941,1539.8528180398803,235.64731665871386
2018-12-26,2018/2019,Liverpool,Newcastle,4,0,H,16,6,8,2,1817.8657618993254,1489.575607769349,328.2901541299764
2018-12-26,2018/2019,Fulham,Wolves,1,1,D,11,14,9,5,1382.1141014057296,1462.7774133260068,-80.66331192027724
2018-12-26,2018/2019,Leicester,Man City,2,1,H,10,11,5,4,1535.1271375390697,1844.2906148176933,-309.16347727862353
2018-12-26,2018/2019,Crystal Palace,Cardiff,0,0,D,31,9,5,4,1523.8969414797368,1393.400788920963,130.49615255877393
2018-12-26,2018/2019,Burnley,Everton,1,5,A,11,13,4,6,1451.9209597113843,1563.824789468904,-111.90382975751982
2018-12-26,2018/2019,Man United,Huddersfield,3,1,H,16,10,10,2,1685.509056409702,1398.0759209702976,287.4331354394044
2018-12-26,2018/2019,Watford,Chelsea,1,2,A,10,10,2,4,1525.6062721321634,1701.7810709853652,-176.17479885320176
2018-12-27,2018/2019,Southampton,West Ham,1,2,A,11,16,5,5,1473.1184451203303,1549.5081084062967,-76.38966328596644
2018-12-29,2018/2019,Brighton,Everton,1,0,H,11,13,3,4,1499.2140661589492,1574.8425323019922,-75.62846614304294
2018-12-29,2018/2019,Fulham,Huddersfield,1,0,H,14,9,5,5,1385.7634497625288,1392.9402900313257,-7.176840268796923
2018-12-29,2018/2019,Leicester,Cardiff,0,1,A,16,12,7,3,1562.5082044287506,1399.142846449387,163.36535797936358
2018-12-29,2018/2019,Liverpool,Arsenal,5,1,H,15,8,10,2,1822.0663510532431,1676.0137361896207,146.05261486362247
2018-12-29,2018/2019,Tottenham,Wolves,1,3,A,10,11,3,4,1782.0540722271182,1459.1280649692076,322.92600725791067
2018-12-29,2018/2019,Watford,Newcastle,1,1,D,12,8,5,2,1517.088841334128,1485.3750186154314,31.71382271869652
2018-12-30,2018/2019,Man United,Bournemouth,4,1,H,11,7,8,3,1690.6446873486739,1533.2988805113562,157.3458068373177
2018-12-30,2018/2019,Southampton,Man City,1,3,A,5,14,4,6,1460.5807077118398,1816.9095479280124,-356.3288402161727
2018-12-30,2018/2019,Crystal Palace,Chelsea,0,1,A,4,12,0,4,1518.1548839513127,1710.2985017834008,-192.143617832088
2018-12-30,2018/2019,Burnley,West Ham,2,0,H,17,11,5,4,1440.9032168782962,1562.0458458147873,-121.14262893649106
2019-01-01,2018/2019,Everton,Leicester,0,1,A,17,8,2,4,1555.4136984972854,1539.4943874562036,15.919311041081755
2019-01-01,2018/2019,Arsenal,Fulham,4,1,H,16,9,9,4,1666.3696530034144,1402.0939084704833,264.2757445329312
2019-01-01,2018/2019,Cardiff,Tottenham,0,3,A,6,13,3,4,1422.156663421934,1754.3686313597493,-332.2119679378154
2019-01-02,2018/2019,Wolves,Crystal Palace,0,2,A,9,17,1,4,1486.8135058365765,1510.1995322480523,-23.38602641147577
2019-01-02,2018/2019,Bournemouth,Watford,3,3,D,25,11,12,3,1524.0870653311817,1515.6324085733931,8.454656757788598
2019-01-02,2018/2019,Chelsea,Southampton,0,0,D,17,6,6,2,1718.2538534866612,1456.9348894339707,261.3189640526905
2019-01-02,2018/2019,Huddersfield,Burnley,1,2,A,9,16,2,8,1376.6098313233713,1462.2664374714273,-85.65660614805597
2019-01-02,2018/2019,Newcastle,Man United,0,2,A,14,16,3,7,1486.8314513761661,1699.8565025288483,-213.02505115268218
2019-01-02,2018/2019,West Ham,Brighton,2,2,D,13,13,6,6,1540.6826252216563,1518.642899963656,22.039725258000317
2019-01-03,2018/2019,Man City,Liverpool,2,1,H,9,7,4,5,1820.5553662058815,1831.7104342394493,-11.155068033567886
2019-01-12,2018/2019,Brighton,Liverpool,0,1,A,7,10,0,3,1519.6565075811206,1815.1969008188096,-295.54039323768893
2019-01-12,2018/2019,Burnley,Fulham,2,1,H,11,12,0,4,1474.3998290960571,1396.3572323848132,78.04259671124396
2019-01-12,2018/2019,Leicester,Southampton,1,2,A,23,8,6,3,1556.2269862156072,1467.1176381124953,89.10934810311187
2019-01-12,2018/2019,West Ham,Arsenal,1,0,H,11,11,3,2,1539.6690176041916,1672.1063290890845,-132.43731148489292
2019-01-12,2018/2019,Cardiff,Huddersfield,0,0,D,3,14,0,2,1418.03777386593,1364.4764396987414,53.561334167188534
2019-01-12,2018/2019,Chelsea,Newcastle,2,1,H,10,9,6,2,1708.0711048081366,1479.5727379373552,228.4983668707814
2019-01-12,2018/2019,Crystal Palace,Watford,1,2,A,15,16,6,2,1525.1241894564205,1516.021683070408,9.102506386012465
2019-01-13,2018/2019,Tottenham,Man United,0,1,A,21,13,11,8,1758.4875209157533,1707.1152159676592,51.3723049480941
2019-01-13,2018/2019,Everton,Bournemouth,2,0,H,15,16,3,7,1538.6810997378818,1523.6977908341669,14.983308903714942
2019-01-14,2018/2019,Man City,Wolves,3,0,H,24,3,9,0,1837.0688996265212,1471.8888486282083,365.18005099831294
2019-01-19,2018/2019,Southampton,Everton,2,1,H,11,7,4,2,1487.1336014909682,1553.9915203042729,-66.85791881330465
2019-01-19,2018/2019,Watford,Burnley,0,0,D,9,11,4,3,1532.4407730981216,1486.8650856283678,45.5756874697538
2019-01-19,2018/2019,Wolves,Leicester,4,3,H,12,16,7,6,1468.404417302553,1536.2110228371344,-67.80660553458142
2019-01-19,2018/2019,Newcastle,Cardiff,3,0,H,16,9,6,1,1472.8017218867647,1415.5905395313687,57.21118235539598
2019-01-19,2018/2019,Arsenal,Chelsea,2,0,H,13,13,5,1,1650.2865478952517,1714.8421208587272,-64.55557296347547
2019-01-19,2018/2019,Liverpool,Crystal Palace,4,3,H,19,9,9,3,1820.1344952559166,1508.705099428707,311.42939582720965
2019-01-19,2018/2019,Bournemouth,West Ham,2,0,H,10,9,4,1,1508.3873702677759,1561.4887987980244,-53.10142853024854
2019-01-19,2018/2019,Man United,Brighton,2,1,H,20,7,5,3,1725.4639064712187,1514.7189131440136,210.74499332720507
2019-01-20,2018/2019,Fulham,Tottenham,1,2,A,12,14,4,5,1383.8919758525026,1740.1388304121938,-356.2468545596912
2019-01-20,2018/2019,Huddersfield,Man City,0,3,A,5,12,2,4,1366.9236740333026,1840.5533309521766,-473.62965691887393
2019-01-29,2018/2019,Arsenal,Cardiff,2,1,H,15,19,4,2,1669.2256959450276,1402.201654074775,267.02404187025263
2019-01-29,2018/2019,Fulham,Brighton,4,2,H,24,15,7,6,1380.2446326974607,1507.386275420025,-127.14164272256426
2019-01-29,2018/2019,Wolves,West Ham,3,0,H,20,4,9,0,1487.4879764162717,1543.0622525979218,-55.57427618165002
2019-01-29,2018/2019,Newcastle,Man City,2,1,H,6,12,2,4,1486.1906073433584,1842.5191419784358,-356.3285346350774
2019-01-29,2018/2019,Huddersfield,Everton,0,1,A,10,10,2,5,1364.9578630070434,1534.9500491914332,-169.99218618438977
2019-01-29,2018/2019,Man United,Burnley,2,2,D,28,6,9,4,1732.7965441952074,1488.9519673011978,243.8445768940096
2019-01-30,2018/2019,Tottenham,Watford,2,1,H,17,9,3,1,1743.7861735672357,1530.3538914252915,213.43228214194414
2019-01-30,2018/2019,Southampton,Crystal Palace,1,1,D,13,15,4,3,1506.1750726038078,1504.1374791345745,2.037593469233343
2019-01-30,2018/2019,Bournemouth,Chelsea,4,0,H,12,11,7,7,1526.8139164678785,1695.9029728089513,-169.08905634107282
2019-01-30,2018/2019,Liverpool,Leicester,1,1,D,10,5,3,2,1824.702115550049,1517.1274637234155,307.5746518266335
2019-02-02,2018/2019,Tottenham,Newcastle,1,0,H,21,8,4,2,1751.0317392918075,1514.5447833829214,236.4869559088861
2019-02-02,2018/2019,Everton,Wolves,1,3,A,13,8,4,4,1543.6917726633214,1506.025660348248,37.666112315073406
2019-02-02,2018/2019,Crystal Palace,Fulham,2,0,H,17,8,6,0,1504.2313127057537,1401.8516417811286,102.37967092462509
2019-02-02,2018/2019,Brighton,Watford,0,0,D,21,5,4,0,1485.779266336357,1523.1083257007197,-37.32905936436259
2019-02-02,2018/2019,Cardiff,Bournemouth,2,0,H,12,9,5,2,1396.5390872306543,1550.039122405328,-153.5000351746737
2019-02-02,2018/2019,Chelsea,Huddersfield,5,0,H,23,5,7,2,1672.6777668715017,1356.2161395351552,316.4616273363465
2019-02-02,2018/2019,Burnley,Southampton,1,1,D,15,10,6,4,1498.6405289352138,1506.0812390326287,-7.440710097414922
2019-02-03,2018/2019,Leicester,Man United,0,1,A,17,10,6,6,1528.4722657610853,1723.1079825611914,-194.63571680010614
2019-02-03,2018/2019,Man City,Arsenal,3,1,H,19,4,12,2,1814.1649659388727,1674.8882627891483,139.27670314972443
2019-02-04,2018/2019,West Ham,Liverpool,1,1,D,13,11,2,6,1524.5245686659455,1813.3573135123793,-288.8327448464338
2019-02-06,2018/2019,Everton,Man City,0,2,A,4,15,1,4,1525.9639478987292,1824.0738681148964,-298.1099202161672
2019-02-09,2018/2019,Liverpool,Bournemouth,3,0,H,20,12,9,2,1802.4583031384252,1527.3968427495465,275.0614603888787
2019-02-09,2018/2019,Southampton,Cardiff,1,2,A,14,6,7,3,1505.7386340464395,1419.1813668864359,86.55726716000368
2019-02-09,2018/2019,Watford,Everton,1,0,H,7,9,2,4,1521.3958433903363,1521.0878028804898,0.308040509846478
2019-02-09,2018/2019,Crystal Palace,West Ham,1,1,D,25,6,5,4,1515.6484394529891,1535.4235790398996,-19.775139586910427
2019-02-09,2018/2019,Brighton,Burnley,1,3,A,16,9,6,5,1487.4917486467405,1498.983133921403,-11.491385274662434
2019-02-09,2018/2019,Fulham,Man United,0,3,A,15,15,3,7,1390.4345150338931,1730.9778909750673,-340.5433759411742
2019-02-09,2018/2019,Huddersfield,Arsenal,1,2,A,15,9,6,4,1351.7607774966214,1664.9793606131245,-313.21858311650317
2019-02-10,2018/2019,Man City,Chelsea,6,0,H,15,12,9,4,1828.9500131331358,1677.1331289100353,151.8168842231005
2019-02-10,2018/2019,Tottenham,Leicester,3,1,H,12,20,5,9,1757.5605231535512,1520.6023573472094,236.95816580634187
2019-02-11,2018/2019,Wolves,Newcastle,1,1,D,22,9,6,3,1523.7534851128403,1508.0159995211777,15.737485591662562
2019-02-22,2018/2019,West Ham,Fulham,3,1,H,21,8,7,5,1534.5138823444775,1386.4846957664925,148.029186577985
2019-02-22,2018/2019,Cardiff,Watford,1,5,A,15,12,6,7,1439.08700539837,1537.3816576043332,-98.2946522059633
2019-02-23,2018/2019,Leicester,Crystal Palace,1,4,A,27,7,5,5,1514.0876583703803,1516.5581361484112,-2.470477778030954
2019-02-23,2018/2019,Bournemouth,Wolves,1,1,D,10,10,3,2,1521.946693107451,1523.0292423696162,-1.0825492621652302
2019-02-23,2018/2019,Burnley,Tottenham,2,1,H,10,17,4,6,1514.454128959793,1764.0752221303803,-249.6210931705873
2019-02-23,2018/2019,Newcastle,Huddersfield,2,0,H,29,3,12,1,1508.7402422644018,1347.2333377719453,161.50690449245644
2019-02-24,2018/2019,Arsenal,Southampton,2,0,H,12,10,4,4,1669.5068003378005,1485.8329955345055,183.67380480329507
2019-02-24,2018/2019,Man United,Liverpool,0,0,D,6,7,3,1,1734.927710242468,1807.9084527805207,-72.98074253805271
2019-02-26,2018/2019,Cardiff,Everton,0,3,A,6,12,0,4,1427.496614957422,1505.1019886664928,-77.60537370907082
2019-02-26,2018/2019,Huddersfield,Wolves,1,0,H,15,7,3,0,1338.1778541880426,1522.979389295077,-184.8015351070344
2019-02-26,2018/2019,Leicester,Brighton,2,1,H,19,15,3,3,1498.201426159078,1472.0207536083503,26.18067255072765
2019-02-26,2018/2019,Newcastle,Burnley,2,0,H,12,12,3,2,1517.7957258483045,1540.3094728124793,-22.513746964174743
2019-02-27,2018/2019,Arsenal,Bournemouth,5,1,H,16,13,6,5,1677.7571549764864,1521.9965461819902,155.7606087944962
2019-02-27,2018/2019,Chelsea,Tottenham,2,0,H,11,9,1,0,1667.7111264877778,1738.219878277694,-70.50875178991623
2019-02-27,2018/2019,Crystal Palace,Man United,1,3,A,17,13,2,4,1532.4443683597135,1738.2400236135013,-205.7956552537878
2019-02-27,2018/2019,Liverpool,Watford,5,0,H,19,5,10,3,1804.5961394094875,1548.972048045281,255.62409136420638
2019-02-27,2018/2019,Man City,West Ham,1,0,H,20,2,7,1,1838.3720155553933,1544.0814786971514,294.2905368582419
2019-02-27,2018/2019,Southampton,Fulham,2,0,H,14,14,4,4,1477.5826408958196,1376.9170994138185,100.66554148200112
2019-03-02,2018/2019,Tottenham,Arsenal,1,1,D,10,9,3,4,1719.0166843455406,1687.028946870124,31.98773747541668
2019-03-02,2018/2019,West Ham,Newcastle,2,0,H,10,17,4,2,1539.1137661788348,1534.8310734715562,4.2826927072785566
2019-03-02,2018/2019,Wolves,Cardiff,2,0,H,13,12,6,4,1499.1900561402206,1415.0122009539064,84.17785518631422
2019-03-02,2018/2019,Burnley,Crystal Palace,1,3,A,18,10,4,4,1523.2741251892276,1524.9494485588439,-1.675323369616308
2019-03-02,2018/2019,Brighton,Huddersfield,1,0,H,13,6,4,4,1457.224141292775,1361.967187342899,95.25695394987588
2019-03-02,2018/2019,Bournemouth,Man City,0,1,A,0,23,0,7,1512.7247542883526,1843.33972807371,-330.6149737853573
2019-03-02,2018/2019,Man United,Southampton,3,2,H,16,6,6,3,1745.734943414371,1489.0723319050774,256.6626115092936
2019-03-03,2018/2019,Everton,Liverpool,0,0,D,7,10,3,3,1517.5864026700085,1810.5710566124408,-292.98465394243226
2019-03-03,2018/2019,Fulham,Chelsea,1,2,A,12,20,5,7,1365.4274084045608,1686.9143204199313,-321.48691201537054
2019-03-03,2018/2019,Watford,Leicester,2,1,H,6,14,5,2,1542.9971308423278,1512.9980384746534,29.999092367674393
2019-03-09,2018/2019,Southampton,Tottenham,2,1,H,12,16,4,5,1483.1264102117607,1717.5477427650114,-234.42133255325075
2019-03-09,2018/2019,Newcastle,Everton,3,2,H,19,7,7,3,1519.0282887707715,1528.587061974753,-9.558773203981445
2019-03-09,2018/2019,Man City,Watford,3,1,H,19,2,9,1,1847.491721675497,1557.6190445855448,289.8726770899523
2019-03-09,2018/2019,Huddersfield,Bournemouth,0,2,A,8,8,1,5,1350.247222332939,1508.5727606865655,-158.3255383536266
2019-03-09,2018/2019,Crystal Palace,Brighton,1,2,A,15,4,3,3,1540.8722976644613,1468.944106302735,71.92819136172625
2019-03-09,2018/2019,Cardiff,West Ham,2,0,H,16,9,7,2,1402.8146217482292,1554.9165508796195,-152.1019291313903
2019-03-09,2018/2019,Leicester,Fulham,3,1,H,18,6,8,3,1498.3761247314364,1361.0818325131975,137.29429221823898
2019-03-10,2018/2019,Liverpool,Burnley,4,2,H,23,3,5,2,1799.5703973076963,1507.3512760836102,292.21912122408617
2019-03-10,2018/2019,Arsenal,Man United,2,0,H,14,14,3,4,1688.4978884506531,1751.6808651076876,-63.18297665703449
2019-03-10,2018/2019,Chelsea,Wolves,1,1,D,22,2,6,1,1691.2598963112946,1511.3876353458977,179.8722609653969
2019-03-16,2018/2019,Burnley,Leicester,1,2,A,13,9,2,4,1502.33331819141,1508.3632584528493,-6.0299402614393784
2019-03-16,2018/2019,West Ham,Huddersfield,4,3,H,16,15,5,5,1532.3276489192701,1341.0723599509085,191.25528896836158
2019-03-16,2018/2019,Bournemouth,Newcastle,2,2,D,10,12,3,4,1517.7476230685959,1535.4683755118247,-17.720752443228776
2019-03-17,2018/2019,Everton,Chelsea,2,0,H,15,16,8,5,1512.1469752336998,1683.6449565888038,-171.497981355104
2019-03-17,2018/2019,Fulham,Liverpool,1,2,A,7,16,2,6,1351.0946987917846,1804.5883551998966,-453.493656408112
2019-03-30,2018/2019,West Ham,Everton,0,2,A,3,17,1,9,1540.3136072178768,1535.4602172983953,4.853389919481515
2019-03-30,2018/2019,Leicester,Bournemouth,2,0,H,18,8,4,2,1524.085597319756,1518.5629869562547,5.5226103635013715
2019-03-30,2018/2019,Fulham,Man City,0,2,A,5,24,0,7,1348.9038355987393,1852.5670950472445,-503.6632594485052
2019-03-30,2018/2019,Man United,Watford,2,1,H,8,20,5,8,1732.8028384899217,1552.5436712137973,180.25916727612434
2019-03-30,2018/2019,Burnley,Wolves,2,0,H,5,8,1,1,1486.6109793245032,1519.0025750683885,-32.39159574388532
2019-03-30,2018/2019,Brighton,Southampton,0,1,A,14,8,1,2,1488.2099962878503,1508.5356159086436,-20.325619620793304
2019-03-30,2018/2019,Crystal Palace,Huddersfield,2,0,H,19,15,5,5,1521.606407679346,1333.086401652302,188.52000602704402
2019-03-31,2018/2019,Cardiff,Chelsea,1,2,A,8,21,3,3,1425.4035237085786,1660.3317145241083,-234.92819081552966
2019-03-31,2018/2019,Liverpool,Tottenham,2,1,H,14,11,3,2,1806.7792183929419,1692.1385370681285,114.64068132481339
2019-04-01,2018/2019,Arsenal,Newcastle,2,0,H,7,3,4,1,1707.375915068419,1534.6530116241659,172.72290344425323
2019-04-02,2018/2019,Watford,Fulham,4,1,H,15,17,7,7,1544.1723853862957,1347.2338436513999,196.9385417348958
2019-04-02,2018/2019,Wolves,Man United,2,1,H,9,18,2,4,1501.5151938665028,1741.1741243174233,-239.65893045092048
2019-04-03,2018/2019,Man City,Cardiff,2,0,H,27,4,11,1,1854.237086994584,1418.827985675225,435.409101319359
2019-04-03,2018/2019,Chelsea,Brighton,3,0,H,17,3,4,1,1666.907252557462,1473.1449592800523,193.76229327740975
2019-04-03,2018/2019,Tottenham,Crystal Palace,2,0,H,26,5,10,1,1681.2343289972534,1529.6871002679297,151.5472287293237
2019-04-05,2018/2019,Southampton,Liverpool,1,3,A,11,17,1,5,1523.6006529164417,1817.6834264638169,-294.08277354737515
2019-04-06,2018/2019,Huddersfield,Leicester,1,4,A,10,18,4,9,1325.005709063718,1539.8312931311293,-214.82558406741123
2019-04-06,2018/2019,Newcastle,Crystal Palace,0,1,A,18,3,5,1,1526.0108063335535,1520.2547754111213,5.756030922432274
2019-04-06,2018/2019,Bournemouth,Burnley,1,3,A,10,11,2,3,1502.8172911448814,1504.098360526389,-1.28106938150745
2019-04-07,2018/2019,Everton,Arsenal,1,0,H,23,7,6,2,1551.6837096268866,1716.0181203590314,-164.33441073214476
2019-04-08,2018/2019,Chelsea,West Ham,2,0,H,16,9,7,2,1674.8070363526344,1524.0901148893854,150.71692146324904
2019-04-12,2018/2019,Leicester,Newcastle,0,1,A,12,11,5,5,1547.0320027002624,1509.7457555628228,37.28624713743966
2019-04-13,2018/2019,Brighton,Bournemouth,0,5,A,8,14,1,7,1465.2451754848798,1486.8762863027434,-21.6311108178636
2019-04-13,2018/2019,Burnley,Cardiff,2,0,H,14,14,7,2,1520.039365368527,1416.4148785295797,103.62448683894718
2019-04-13,2018/2019,Fulham,Everton,2,0,H,12,8,5,1,1339.4423375261151,1574.7335334599366,-235.29119593382143
2019-04-13,2018/2019,Man United,West Ham,2,1,H,14,18,4,4,1715.6085315121536,1514.6259645102004,200.98256700195316
2019-04-13,2018/2019,Southampton,Wolves,3,1,H,13,17,6,2,1518.62791936733,1527.0807866717726,-8.452867304442634
2019-04-13,2018/2019,Tottenham,Huddersfield,4,0,H,22,7,5,1,1690.666653854062,1317.804999494585,372.8616543594769
2019-04-14,2018/2019,Liverpool,Chelsea,2,0,H,15,6,7,3,1822.6561600129287,1684.2711867318194,138.3849732811093
2019-04-14,2018/2019,Crystal Palace,Man City,1,3,A,7,20,3,6,1536.519826181852,1856.6501941402291,-320.13036795837706
2019-04-15,2018/2019,Watford,Arsenal,0,1,A,11,19,3,6,1551.9638915115804,1692.9682965259815,-141.00440501440107
2019-04-16,2018/2019,Brighton,Cardiff,0,2,A,14,10,2,3,1450.240039843644,1405.0503203755613,45.18971946808256
2019-04-20,2018/2019,Bournemouth,Fulham,0,1,A,15,17,5,5,1501.8814219439794,1364.8777097296793,137.0037122143001
2019-04-20,2018/2019,Huddersfield,Watford,1,2,A,13,11,3,6,1314.4555127006563,1542.1228928744388,-227.66738017378248
2019-04-20,2018/2019,Man City,Tottenham,1,0,H,15,10,4,4,1861.0251794382327,1694.0161406479906,167.00903879024213
2019-04-20,2018/2019,Newcastle,Southampton,3,1,H,15,15,6,3,1527.4562888568937,1535.0171115057422,-7.560822648848443
2019-04-20,2018/2019,West Ham,Leicester,2,2,D,11,11,3,5,1506.970855001048,1529.3214694061915,-22.35061440514346
2019-04-20,2018/2019,Wolves,Brighton,0,0,D,22,5,5,0,1510.6915945333603,1432.1706327992335,78.52096173412679
2019-04-21,2018/2019,Arsenal,Crystal Palace,2,3,A,12,16,5,7,1702.8092951631231,1532.1448408838485,170.66445427927465
2019-04-21,2018/2019,Cardiff,Liverpool,0,2,A,7,17,2,6,1423.1197274199717,1832.600210581667,-409.48048316169525
2019-04-21,2018/2019,Everton,Man United,4,0,H,15,7,8,1,1549.2981612563724,1723.263641021306,-173.96547976493366
2019-04-22,2018/2019,Chelsea,Burnley,2,2,D,22,6,9,3,1674.3271361630811,1531.4039235225453,142.9232126405359
2019-04-23,2018/2019,Tottenham,Brighton,1,0,H,29,6,5,1,1685.1648856304475,1435.7263242258548,249.43856140459275
2019-04-23,2018/2019,Watford,Southampton,1,1,D,15,8,4,4,1548.9194801852589,1518.6689777094812,30.250502475777694
2019-04-24,2018/2019,Man United,Man City,0,2,A,12,8,1,5,1699.86079891723,1869.8764344557758,-170.01563553854567
2019-04-24,2018/2019,Wolves,Arsenal,3,1,H,11,11,3,1,1507.135903106739,1679.526452251479,-172.3905491447399
2019-04-26,2018/2019,Liverpool,Huddersfield,5,0,H,21,5,7,1,1835.3681595578155,1307.6589253898362,527.7092341679793
2019-04-27,2018/2019,Crystal Palace,Everton,0,0,D,8,22,0,3,1555.4276837954926,1572.7010033604483,-17.273319564955727
2019-04-27,2018/2019,Brighton,Newcastle,1,1,D,9,9,2,1,1429.5764497357977,1543.8044226531547,-114.22797291735696
2019-04-27,2018/2019,Fulham,Cardiff,1,0,H,8,13,2,8,1386.8790805754866,1420.3517784438232,-33.47269786833658
2019-04-27,2018/2019,Southampton,Bournemouth,3,3,D,22,9,7,5,1520.058555221671,1479.880051098172,40.1785041234989
2019-04-27,2018/2019,Tottenham,West Ham,0,1,A,14,16,4,7,1691.3147601205046,1507.9987213226768,183.3160387978278
2019-04-27,2018/2019,Watford,Wolves,1,2,A,10,11,1,4,1547.529902673069,1530.4816237265907,17.048278946478376
2019-04-28,2018/2019,Leicester,Arsenal,3,0,H,24,6,12,1,1528.2936030845626,1656.1807316316274,-127.88712854706478
2019-04-28,2018/2019,Man United,Chelsea,1,1,D,7,16,5,3,1691.1199330712682,1668.0930244463252,23.026908624942962
2019-04-28,2018/2019,Burnley,Man City,0,1,A,2,25,0,7,1537.6380352393012,1878.6173003017377,-340.9792650624365
2019-05-03,2018/2019,Everton,Burnley,2,0,H,20,5,6,1,1571.9061923455731,1533.6968952628729,38.20929708270023
2019-05-04,2018/2019,West Ham,Southampton,3,0,H,17,11,6,1,1531.7357498309748,1518.2164710049499,13.519278826024902
2019-05-04,2018/2019,Cardiff,Crystal Palace,2,3,A,18,21,8,7,1402.8150553274963,1556.2224948103678,-153.4074394828715
2019-05-04,2018/2019,Newcastle,Liverpool,2,3,A,14,11,7,4,1538.7257152576615,1836.8321530754063,-298.1064378177448
2019-05-04,2018/2019,Bournemouth,Tottenham,1,0,H,20,11,6,5,1481.7221353148932,1667.5777316122067,-185.85559629731347
2019-05-04,2018/2019,Wolves,Fulham,1,0,H,19,6,6,2,1547.2660964805486,1404.4158036918134,142.85029278873526
2019-05-05,2018/2019,Chelsea,Watford,3,0,H,19,15,9,3,1669.1519028175526,1530.745429919111,138.4064728984415
2019-05-05,2018/2019,Huddersfield,Man United,1,1,D,7,23,3,7,1306.1949318722454,1690.0610547000408,-383.8661228277954
2019-05-05,2018/2019,Arsenal,Brighton,1,1,D,20,11,8,5,1634.5436303985512,1434.655157131291,199.88847326726022
2019-05-06,2018/2019,Man City,Leicester,1,0,H,19,7,5,2,1882.558440278166,1549.9307043176389,332.62773596052716
2019-05-12,2018/2019,Fulham,Newcastle,0,4,A,16,13,2,6,1394.6470668933664,1533.8494873850882,-139.2024204917218
2019-05-12,2018/2019,Crystal Palace,Bournemouth,5,3,H,17,16,8,8,1565.5837448298787,1505.5484504314004,60.0352943984783
2019-05-12,2018/2019,Burnley,Arsenal,1,3,A,14,17,5,6,1519.44943870609,1626.235479295923,-106.78604058983296
2019-05-12,2018/2019,Brighton,Man City,1,4,A,6,20,2,9,1442.9633082339192,1886.6687483765836,-443.70544014266443
2019-05-12,2018/2019,Watford,West Ham,1,4,A,17,16,8,9,1520.8022275837516,1547.1134780647974,-26.311250481045818
2019-05-12,2018/2019,Tottenham,Everton,2,2,D,11,17,3,9,1643.7514164956995,1586.153648902356,57.597767593343406
2019-05-12,2018/2019,Southampton,Huddersfield,1,1,D,10,10,3,3,1502.8387427711273,1319.0307136768172,183.8080290943101
2019-05-12,2018/2019,Man United,Cardiff,0,2,A,26,13,10,4,1677.225272895469,1393.4538053079855,283.7714675874836
2019-05-12,2018/2019,Liverpool,Wolves,2,0,H,13,7,5,2,1841.7083809479795,1557.0348332789956,284.67354766898393
2019-05-12,2018/2019,Leicester,Chelsea,0,0,D,9,14,3,4,1545.8203962192213,1679.095105152912,-133.27470893369082
2019-08-09,2019/2020,Liverpool,Norwich,4,1,H,15,12,7,5,1846.9128707454586,1408.0909460062285,438.8219247392301
2019-08-10,2019/2020,Watford,Brighton,0,3,A,11,5,3,3,1506.011594418533,1440.6546175571882,65.35697686134472
2019-08-10,2019/2020,Tottenham,Aston Villa,3,1,H,31,7,7,4,1641.1229763332642,1328.3384904236957,312.7844859095685
2019-08-10,2019/2020,Crystal Palace,Everton,0,0,D,6,10,2,3,1578.846209298569,1588.7820890647913,-9.935879766222342
2019-08-10,2019/2020,Burnley,Southampton,3,0,H,10,11,4,3,1508.2179006399524,1495.0843671466303,13.133533493322147
2019-08-10,2019/2020,Bournemouth,Sheffield United,1,1,D,13,8,3,3,1492.2859859627101,1500.0,-7.714014037289871
2019-08-10,2019/2020,West Ham,Man City,0,5,A,5,14,3,9,1561.904111230016,1888.9774390533146,-327.07332782329854
2019-08-11,2019/2020,Leicester,Wolves,0,0,D,15,8,1,2,1551.6736094965636,1551.8303434815166,-0.15673398495300717
2019-08-11,2019/2020,Newcastle,Arsenal,0,1,A,9,8,2,2,1543.7613148673527,1637.4670173620605,-93.7057024947078
2019-08-11,2019/2020,Man United,Chelsea,4,0,H,11,18,5,7,1650.4524326923101,1673.2418918755698,-22.789459183259623
2019-08-17,2019/2020,Norwich,Newcastle,3,1,H,15,10,8,3,1405.7213072996317,1531.9749451204445,-126.25363782081286
2019-08-17,2019/2020,Arsenal,Burnley,2,1,H,16,18,9,5,1649.2533871089686,1523.613366991547,125.6400201174215
2019-08-17,2019/2020,Everton,Watford,1,0,H,12,8,2,2,1588.324649588152,1487.0368008971495,101.28784869100241
2019-08-17,2019/2020,Brighton,West Ham,1,1,D,16,8,4,3,1459.6294110785716,1557.677894856849,-98.04848377827739
2019-08-17,2019/2020,Aston Villa,Bournemouth,1,2,A,22,12,7,4,1323.8013291930004,1492.6411710751217,-168.8398418821214
2019-08-17,2019/2020,Man City,Tottenham,2,2,D,30,3,10,2,1893.2036554264816,1645.6601375639596,247.5435178625221
2019-08-17,2019/2020,Southampton,Liverpool,1,2,A,14,15,3,6,1479.6889007950356,1849.2825094520554,-369.5936086570198
2019-08-18,2019/2020,Sheffield United,Crystal Palace,1,0,H,15,6,3,4,1499.6448148875884,1579.3036487752083,-79.65883388761995
2019-08-18,2019/2020,Chelsea,Leicester,1,1,D,14,12,5,3,1656.1939010533147,1551.6808273628203,104.51307369049437
2019-08-19,2019/2020,Wolves,Man United,1,1,D,6,9,2,2,1551.8231256152599,1667.5004235145652,-115.67729789930536
2019-08-23,2019/2020,Aston Villa,Everton,2,0,H,7,12,3,1,1315.017395764166,1599.7879729481153,-284.7705771839494
2019-08-24,2019/2020,Watford,West Ham,1,3,A,23,16,3,10,1475.5734775371861,1553.278762747251,-77.70528521006486
2019-08-24,2019/2020,Liverpool,Arsenal,3,1,H,25,9,5,3,1852.6888335620295,1659.7071295652775,192.981703996752
2019-08-24,2019/2020,Man United,Crystal Palace,1,2,A,22,5,3,3,1662.3617767281512,1559.6981807047323,102.6635960234189
2019-08-24,2019/2020,Norwich,Chelsea,2,3,A,6,23,5,8,1427.292412245627,1651.52100080016,-224.22858855453296
2019-08-24,2019/2020,Brighton,Southampton,0,2,A,12,12,3,4,1464.0285431881696,1476.2825766850615,-12.254033496891907
2019-08-24,2019/2020,Sheffield United,Leicester,1,2,A,8,10,3,2,1519.2502829580644,1556.353727615975,-37.103444657910586
2019-08-25,2019/2020,Bournemouth,Man City,1,3,A,10,19,7,5,1501.4251045039562,1883.4079062934513,-381.98280178949517
2019-08-25,2019/2020,Tottenham,Newcastle,0,1,A,17,8,2,3,1655.4558866969899,1510.4038401744492,145.05204652254065
2019-08-25,2019/2020,Wolves,Burnley,1,1,D,17,13,2,4,1556.961772401674,1513.1596245352382,43.80214786643569
2019-08-31,2019/2020,Chelsea,Sheffield United,2,2,D,13,8,5,2,1658.424156200683,1504.9524936362634,153.4716625644196
2019-08-31,2019/2020,Man City,Brighton,4,0,H,15,6,6,2,1886.6031712759404,1448.592628403253,438.01054287268744
2019-08-31,2019/2020,Crystal Palace,Aston Villa,1,0,H,22,10,5,2,1580.2930536629606,1341.815339671682,238.4777139912785
2019-08-31,2019/2020,Southampton,Man United,1,1,D,10,21,2,8,1491.718491469978,1641.766903769923,-150.04841229994486
2019-08-31,2019/2020,Newcastle,Watford,1,1,D,13,13,5,3,1532.720906021527,1463.0934422167086,69.62746380481849
2019-08-31,2019/2020,Leicester,Bournemouth,3,1,H,13,8,5,2,1570.651516937776,1498.229839521467,72.42167741630897
2019-08-31,2019/2020,West Ham,Norwich,2,0,H,18,8,8,3,1565.7587980677285,1420.389256845104,145.36954122262455
2019-08-31,2019/2020,Burnley,Liverpool,0,3,A,7,15,2,7,1515.1661683476718,1860.6153817857876,-345.44921343811575
2019-09-01,2019/2020,Everton,Wolves,3,2,H,15,8,6,5,1572.9900290405992,1554.9552285892403,18.034800451358933
2019-09-01,2019/2020,Arsenal,Tottenham,2,2,D,26,13,8,9,1651.7805813415193,1633.138820849912,18.64176049160733
2019-09-14,2019/2020,Liverpool,Newcastle,3,1,H,21,8,9,1,1864.468460373034,1529.5566899762268,334.91177039680724
2019-09-14,2019/2020,Wolves,Chelsea,2,5,A,11,15,4,6,1539.7850166955918,1651.7829580036203,-111.99794130802843
2019-09-14,2019/2020,Sheffield United,Southampton,0,1,A,17,11,4,7,1511.5936918333261,1498.2286720524091,13.36501978091701
2019-09-14,2019/2020,Norwich,Man City,3,2,H,7,25,3,8,1410.718660258201,1888.9830786522705,-478.2644183940695
2019-09-14,2019/2020,Brighton,Burnley,1,1,D,14,7,5,1,1446.212721026923,1511.3130897604253,-65.10036873350236
2019-09-14,2019/2020,Man United,Leicester,1,0,H,10,9,5,3,1635.2567231874918,1583.3638542625392,51.89286892495261
2019-09-14,2019/2020,Tottenham,Crystal Palace,4,0,H,13,11,5,6,1633.9964827656886,1586.7624861345273,47.23399663116129
2019-09-15,2019/2020,Bournemouth,Everton,3,1,H,13,14,6,5,1485.5175021967038,1588.1602409342477,-102.64273873754382
2019-09-15,2019/2020,Watford,Arsenal,2,2,D,31,10,7,4,1466.2576582620088,1650.9229194257427,-184.66526116373393
2019-09-16,2019/2020,Aston Villa,West Ham,0,0,D,10,13,5,1,1335.3459072001153,1575.4293946546316,-240.08348745451622
2019-09-20,2019/2020,Southampton,Bournemouth,1,3,A,25,6,6,3,1514.8438505502638,1506.1114938417948,8.73235670846907
2019-09-21,2019/2020,Leicester,Tottenham,2,1,H,16,11,7,4,1569.7359958751015,1647.8345795802,-78.09858370509846
2019-09-21,2019/2020,Burnley,Norwich,2,0,H,13,11,6,2,1508.34970654697,1440.8015026292462,67.54820391772387
2019-09-21,2019/2020,Everton,Sheffield United,0,2,A,16,2,3,1,1567.5662492891568,1494.9785133354715,72.5877359536853
2019-09-21,2019/2020,Man City,Watford,8,0,H,28,5,11,4,1858.9002362812253,1474.042202225893,384.85803405533215
2019-09-21,2019/2020,Newcastle,Brighton,0,0,D,11,16,4,3,1525.4932528326024,1449.1761042403782,76.31714859222416
2019-09-22,2019/2020,Arsenal,Aston Villa,3,2,H,21,14,6,9,1643.1383754618585,1344.9240541972197,298.2143212646388
2019-09-22,2019/2020,Crystal Palace,Wolves,1,1,D,13,14,4,4,1572.924389320016,1528.7711872859577,44.15320203405827
2019-09-22,2019/2020,West Ham,Man United,2,0,H,8,9,6,3,1565.8512476575272,1648.8845815749296,-83.03333391740239
2019-09-22,2019/2020,Chelsea,Liverpool,1,2,A,13,6,2,3,1662.7967874132544,1868.5318975166585,-205.73511010340417
2019-09-28,2019/2020,Tottenham,Southampton,2,1,H,9,14,4,6,1628.2973837405782,1498.441795319131,129.85558842144724
2019-09-28,2019/2020,Everton,Man City,1,3,A,12,20,8,9,1548.271262935691,1862.0482108890344,-313.7769479533433
2019-09-28,2019/2020,Crystal Palace,Norwich,2,0,H,15,10,3,3,1570.9019351466916,1427.8736022512448,143.02833289544674
2019-09-28,2019/2020,Wolves,Watford,2,0,H,6,14,2,5,1530.793641459282,1470.894227618084,59.89941384119811
2019-09-28,2019/2020,Bournemouth,West Ham,2,2,D,13,17,5,6,1522.5135490729276,1585.603899318793,-63.090350245865466
2019-09-28,2019/2020,Aston Villa,Burnley,2,2,D,16,10,3,3,1340.050392585819,1521.2776069249715,-181.2272143391524
2019-09-28,2019/2020,Chelsea,Brighton,2,0,H,24,8,10,1,1655.2998670669149,1452.6351836325018,202.66468343441306
2019-09-28,2019/2020,Sheffield United,Liverpool,0,1,A,12,16,2,4,1514.2734996889371,1876.028817862998,-361.7553181740609
2019-09-29,2019/2020,Leicester,Newcastle,5,0,H,13,3,5,0,1589.2731917147232,1522.0341734404788,67.23901827424447
2019-09-30,2019/2020,Man United,Arsenal,1,1,D,16,10,4,5,1629.1319299136637,1648.012037073259,-18.880107159595354
2019-10-05,2019/2020,Watford,Sheffield United,0,0,D,8,9,2,3,1457.625688394203,1510.7273813427255,-53.10169294852244
2019-10-05,2019/2020,Norwich,Aston Villa,1,5,A,21,22,5,12,1418.1118195284575,1347.7135066251378,70.39831290331972
2019-10-05,2019/2020,West Ham,Crystal Palace,1,2,A,9,7,4,4,1582.7300004865167,1580.663717869479,2.066282617037814
2019-10-05,2019/2020,Liverpool,Leicester,2,1,H,18,2,8,1,1879.5749362092097,1602.214808034758,277.3601281744516
2019-10-05,2019/2020,Burnley,Everton,1,0,H,9,11,3,2,1513.6144928856527,1543.7563020748967,-30.141809189243986
2019-10-05,2019/2020,Brighton,Tottenham,3,0,H,17,8,6,3,1445.0363241012865,1638.5810429689604,-193.54471886767396
2019-10-06,2019/2020,Arsenal,Bournemouth,1,0,H,12,10,2,2,1647.1434308309006,1525.387447905204,121.75598292569657
2019-10-06,2019/2020,Man City,Wolves,0,2,A,18,7,2,2,1866.5631717498288,1544.062180683163,322.50099106666585
2019-10-06,2019/2020,Southampton,Chelsea,1,4,A,10,13,3,7,1488.1581360907487,1662.8987265981302,-174.7405905073815
2019-10-06,2019/2020,Newcastle,Man United,1,0,H,12,12,2,3,1509.0925571204439,1630.0005361560222,-120.90797903557836
2019-10-19,2019/2020,Tottenham,Watford,1,1,D,12,7,2,2,1614.4882807287986,1460.052246491141,154.43603423765762
2019-10-19,2019/2020,Crystal Palace,Man City,0,2,A,7,21,2,10,1596.7588725786566,1838.8868717418384,-242.1279991631818
2019-10-19,2019/2020,Wolves,Southampton,1,1,D,4,14,1,5,1571.7384806911534,1479.589003103691,92.14947758746234
2019-10-19,2019/2020,Leicester,Burnley,2,1,H,19,13,3,4,1596.824232242438,1530.999102507159,65.825129735279
2019-10-19,2019/2020,Chelsea,Newcastle,1,0,H,16,5,8,0,1671.4678595851879,1530.4461836799646,141.02167590522322
2019-10-19,2019/2020,Bournemouth,Norwich,0,0,D,11,10,2,1,1514.7757259222126,1398.9135079632688,115.8622179589438
2019-10-19,2019/2020,Aston Villa,Brighton,2,1,H,24,20,8,5,1366.9118181903266,1469.1290863414483,-102.21726815112174
2019-10-19,2019/2020,Everton,West Ham,2,0,H,19,8,10,4,1526.3716924533903,1566.634845777339,-40.2631533239487
2019-10-20,2019/2020,Man United,Liverpool,1,1,D,7,10,2,4,1608.6469095965015,1884.9655120015298,-276.3186024050283
2019-10-21,2019/2020,Sheffield United,Arsenal,1,0,H,8,9,2,3,1508.3008232457876,1657.755152813892,-149.4543295681044
2019-10-25,2019/2020,Southampton,Leicester,0,9,A,6,25,3,15,1483.7358586257462,1609.8286299688966,-126.09277134315039
2019-10-26,2019/2020,Man City,Aston Villa,3,0,H,25,11,9,5,1845.248525289651,1387.4878251853536,457.7607001042975
2019-10-26,2019/2020,Brighton,Everton,3,2,H,8,10,4,6,1448.5530793464213,1544.2176231308022,-95.66454378438084
2019-10-26,2019/2020,Watford,Bournemouth,0,0,D,7,15,3,5,1466.7301618105557,1509.629442948166,-42.89928113761016
2019-10-26,2019/2020,West Ham,Sheffield United,1,1,D,12,10,4,4,1548.7889150999272,1530.7881588150844,18.000756284842737
2019-10-26,2019/2020,Burnley,Chelsea,2,4,A,13,16,5,7,1517.9947047807004,1681.3081807344918,-163.31347595379134
2019-10-27,2019/2020,Newcastle,Wolves,1,1,D,13,13,2,5,1520.6058625306607,1567.5916251690983,-46.98576263843756
2019-10-27,2019/2020,Arsenal,Crystal Palace,2,2,D,15,10,6,4,1635.267817244595,1590.3972190308439,44.87059821375124
2019-10-27,2019/2020,Liverpool,Tottenham,2,1,H,21,11,13,4,1874.3830161106862,1607.8103654093838,266.57265070130234
2019-10-27,2019/2020,Norwich,Man United,1,3,A,10,21,3,11,1404.0597909373155,1619.229405487345,-215.16961455002956
2019-11-02,2019/2020,Watford,Chelsea,1,2,A,12,16,3,10,1468.6957677473413,1690.2962940182686,-221.60052627092728
2019-11-02,2019/2020,West Ham,Newcastle,2,3,A,16,12,6,9,1547.9606905765245,1522.756541744855,25.2041488316695
2019-11-02,2019/2020,Sheffield United,Burnley,3,0,H,13,6,6,0,1531.6163833384871,1509.0065914969236,22.609791841563492
2019-11-02,2019/2020,Man City,Southampton,2,1,H,26,3,4,3,1847.389786774031,1473.3004525079386,374.08933426609246
2019-11-02,2019/2020,Brighton,Norwich,2,0,H,21,7,5,0,1468.85053591934,1396.8701267469614,71.98040917237859
2019-11-02,2019/2020,Bournemouth,Man United,1,0,H,12,15,6,4,1507.6638370113803,1626.419069677699,-118.75523266631876
2019-11-02,2019/2020,Aston Villa,Liverpool,1,2,A,5,25,2,6,1385.3465637009735,1880.0577031614066,-494.71113946043306
2019-11-02,2019/2020,Arsenal,Wolves,1,1,D,10,25,4,8,1633.2128621494144,1565.440945954904,67.77191619451037
2019-11-03,2019/2020,Crystal Palace,Leicester,0,2,A,12,14,3,5,1592.4521741260246,1620.2640360867042,-27.811861960679607
2019-11-03,2019/2020,Everton,Tottenham,1,1,D,7,4,3,2,1523.9201665578835,1602.1356783586634,-78.21551180077995
2019-11-08,2019/2020,Norwich,Watford,0,2,A,17,12,5,2,1384.1383211896955,1461.7103555878755,-77.57203439818
2019-11-09,2019/2020,Leicester,Arsenal,2,0,H,19,8,7,1,1634.985981202351,1630.1308412340684,4.855139968282629
2019-11-09,2019/2020,Tottenham,Sheffield United,1,1,D,17,14,5,4,1598.5933613363534,1546.5766312845592,52.016730051794184
2019-11-09,2019/2020,Southampton,Everton,1,2,A,4,24,3,5,1469.9721000247919,1527.4624835801935,-57.49038355540165
2019-11-09,2019/2020,Newcastle,Bournemouth,2,1,H,20,16,9,3,1539.9152039029148,1528.9292434437045,10.985960459210219
2019-11-09,2019/2020,Burnley,West Ham,3,0,H,14,7,12,4,1494.0463435508516,1530.8020284184647,-36.75568486761313
2019-11-09,2019/2020,Chelsea,Crystal Palace,2,0,H,23,3,5,1,1697.2817061777343,1577.7302290103778,119.55147716735655
2019-11-10,2019/2020,Man United,Brighton,3,1,H,21,6,11,2,1605.153663245375,1481.582341476606,123.57132176876894
2019-11-10,2019/2020,Wolves,Aston Villa,2,1,H,17,13,5,4,1568.52296687025,1383.593096108008,184.929870762242
2019-11-10,2019/2020,Liverpool,Man City,3,1,H,12,18,5,3,1881.8111707543721,1850.7181392571779,31.09303149719426
2019-11-23,2019/2020,Man City,Chelsea,2,1,H,15,11,4,2,1836.146215825892,1707.9836271767606,128.16258864913152
2019-11-23,2019/2020,Watford,Burnley,0,3,A,15,11,4,5,1474.1962308303816,1511.7327188819527,-37.53648805157104
2019-11-23,2019/2020,Everton,Norwich,0,2,A,18,13,7,5,1540.8388554225446,1371.6524459471893,169.18640947535528
2019-11-23,2019/2020,Crystal Palace,Liverpool,1,2,A,16,12,6,4,1567.0283080113516,1896.383094185658,-329.35478617430635
2019-11-23,2019/2020,Bournemouth,Wolves,1,2,A,9,17,2,7,1513.4349970742608,1576.729125178375,-63.29412810411418
2019-11-23,2019/2020,Arsenal,Southampton,2,2,D,12,21,5,6,1614.354414139555,1456.5957281824408,157.75868595711427
2019-11-23,2019/2020,West Ham,Tottenham,2,3,A,11,15,4,6,1513.1156530873636,1596.2156413813648,-83.09998829400115
2019-11-23,2019/2020,Brighton,Leicester,0,2,A,7,19,0,9,1471.0446068732165,1650.7624082968644,-179.71780142364787
2019-11-24,2019/2020,Sheffield United,Man United,3,3,D,12,11,8,5,1548.9543512395478,1615.6913978487644,-66.73704660921658
2019-11-25,2019/2020,Aston Villa,Newcastle,2,0,H,17,11,8,5,1375.386937799883,1555.4094502723585,-180.02251247247546
2019-11-30,2019/2020,Liverpool,Brighton,2,1,H,15,12,7,5,1900.5613697524013,1462.6540435215763,437.907326230825
2019-11-30,2019/2020,Southampton,Watford,2,1,H,11,6,6,3,1463.399496483353,1459.9181555527712,3.481340930581837
2019-11-30,2019/2020,Tottenham,Bournemouth,3,2,H,15,20,5,6,1608.4600891569914,1500.3179765010327,108.14211265595873
2019-11-30,2019/2020,Chelsea,West Ham,0,1,A,19,5,6,4,1697.6318360900873,1500.871205311737,196.76063077835033
2019-11-30,2019/2020,Burnley,Crystal Palace,0,2,A,15,7,4,2,1526.0107941595631,1562.8500324446081,-36.839238285044985
2019-11-30,2019/2020,Newcastle,Man City,2,2,D,6,24,3,9,1531.789159633279,1846.4980069125654,-314.7088472792864
2019-12-01,2019/2020,Norwich,Arsenal,2,2,D,15,16,8,7,1394.8812204791468,1607.5506458386428,-212.66942535949602
2019-12-01,2019/2020,Wolves,Sheffield United,1,1,D,13,9,3,4,1589.846145751603,1551.9904567675703,37.85568898403267
2019-12-01,2019/2020,Leicester,Everton,2,1,H,16,11,6,3,1659.1529716485045,1517.6100808905871,141.54289075791735
2019-12-01,2019/2020,Man United,Aston Villa,2,2,D,16,9,6,3,1612.6552923207419,1399.0072284389626,213.6480638817793
2019-12-03,2019/2020,Crystal Palace,Bournemouth,1,0,H,7,6,2,3,1577.1598521772753,1489.1432746255305,88.01657755174483
2019-12-03,2019/2020,Burnley,Man City,1,4,A,4,17,2,8,1511.700974426896,1834.9922048420772,-323.2912304151812
2019-12-04,2019/2020,Southampton,Norwich,2,1,H,14,10,5,3,1479.2391801740953,1403.6110116511275,75.62816852296783
2019-12-04,2019/2020,Liverpool,Everton,5,2,H,11,12,5,4,1902.9425863460526,1507.7901933071312,395.15239303892145
2019-12-04,2019/2020,Leicester,Watford,2,0,H,12,4,6,1,1668.9728592319605,1444.078471862029,224.89438736993156
2019-12-04,2019/2020,Chelsea,Aston Villa,2,1,H,25,9,9,3,1673.4293804734386,1407.7686225359164,265.66075793752225
2019-12-04,2019/2020,Wolves,West Ham,2,0,H,13,6,7,3,1588.1096929779194,1525.0736609283856,63.03603204953379
2019-12-04,2019/2020,Man United,Tottenham,2,1,H,12,8,7,5,1603.893898223788,1619.6347910324937,-15.740892808705667
2019-12-05,2019/2020,Sheffield United,Newcastle,0,2,A,13,6,6,4,1553.726909541254,1543.2949617037673,10.431947837486632
2019-12-05,2019/2020,Arsenal,Brighton,1,2,A,12,20,5,9,1598.8208546666622,1460.272826927925,138.54802773873712
2019-12-07,2019/2020,Everton,Chelsea,3,1,H,13,15,7,4,1504.8064565776965,1679.1286146225777,-174.32215804488123
2019-12-07,2019/2020,Man City,Man United,1,2,A,22,11,5,7,1839.2989221263208,1620.6182975535912,218.68062457272958
2019-12-07,2019/2020,Bournemouth,Liverpool,0,3,A,3,21,0,9,1477.1120473622973,1905.9263230754873,-428.81427571319
2019-12-07,2019/2020,Watford,Crystal Palace,0,0,D,13,3,3,0,1437.1960437292837,1589.1910794405085,-151.99503571122477
2019-12-07,2019/2020,Tottenham,Burnley,5,0,H,13,7,7,1,1602.9103917026905,1507.3942571426524,95.51613456003815
2019-12-08,2019/2020,Aston Villa,Leicester,1,4,A,15,23,2,8,1402.0693883867773,1675.8552873647056,-273.78589897792835
2019-12-08,2019/2020,Newcastle,Southampton,2,1,H,12,19,6,4,1559.7752263390691,1491.8103594458523,67.96486689321682
2019-12-08,2019/2020,Norwich,Sheffield United,1,2,A,14,9,4,3,1391.0398323793704,1537.246644905952,-146.20681252658164
2019-12-08,2019/2020,Brighton,Wolves,2,2,D,13,13,4,5,1482.3352084224489,1601.2382149551815,-118.90300653273266
2019-12-09,2019/2020,West Ham,Arsenal,1,3,A,11,10,4,3,1511.9451389511235,1576.7584731721383,-64.81333422101488
2019-12-14,2019/2020,Sheffield United,Aston Villa,2,0,H,7,8,3,0,1546.8847486543418,1396.5859553020352,150.29879335230657
2019-12-14,2019/2020,Leicester,Norwich,1,1,D,18,10,5,3,1681.3387204494477,1381.4017286309806,299.93699181846705
2019-12-14,2019/2020,Southampton,West Ham,0,1,A,11,11,2,4,1478.90093544992,1498.8957552216355,-19.994819771715356
2019-12-14,2019/2020,Chelsea,Bournemouth,0,1,A,18,11,5,2,1655.7128692569406,1474.6128627907085,181.10000646623212
2019-12-14,2019/2020,Burnley,Newcastle,1,0,H,7,9,4,0,1495.6853715394257,1572.6846503350014,-76.99927879557572
2019-12-14,2019/2020,Liverpool,Watford,2,0,H,16,8,6,2,1908.425507647076,1443.78085734852,464.64465029855614
2019-12-15,2019/2020,Man United,Everton,1,1,D,24,8,8,3,1645.5406685338944,1528.2222019433336,117.31846659056077
2019-12-15,2019/2020,Wolves,Tottenham,1,2,A,18,9,5,5,1595.9667411338723,1614.6192773059172,-18.652536172044847
2019-12-15,2019/2020,Arsenal,Man City,0,3,A,6,14,1,7,1589.8078569016263,1814.3765511460176,-224.56869424439128
2019-12-16,2019/2020,Crystal Palace,Brighton,1,1,D,11,15,4,10,1582.6062658212722,1487.606682243758,94.99958357751416
2019-12-21,2019/2020,Norwich,Wolves,1,2,A,13,14,7,4,1392.5688948311863,1580.8248978613701,-188.25600303018382
2019-12-21,2019/2020,Everton,Arsenal,0,0,D,9,6,0,2,1533.4285284379173,1582.9152951263816,-49.486766688464286
2019-12-21,2019/2020,Aston Villa,Southampton,1,3,A,19,17,6,8,1387.105754591663,1463.8207157247048,-76.7149611330417
2019-12-21,2019/2020,Man City,Leicester,3,1,H,23,5,12,2,1821.2691129212624,1670.171554249242,151.09755867202034
2019-12-21,2019/2020,Newcastle,Crystal Palace,1,0,H,8,16,3,4,1553.1956386594268,1578.3372372307479,-25.141598571321083
2019-12-21,2019/2020,Brighton,Sheffield United,0,1,A,9,7,2,2,1491.8757108342825,1556.364949364714,-64.48923853043152
2019-12-21,2019/2020,Bournemouth,Burnley,0,1,A,3,2,0,1,1498.2714616859664,1515.1743832150003,-16.902921529033847
2019-12-22,2019/2020,Tottenham,Chelsea,0,2,A,5,13,1,3,1629.7611205784194,1632.0542703616827,-2.2931497832632886
2019-12-22,2019/2020,Watford,Man United,2,0,H,11,17,3,8,1441.717424356456,1640.3343420393107,-198.61691768285482
2019-12-26,2019/2020,Aston Villa,Norwich,1,0,H,11,16,2,6,1374.5822933396041,1384.4790194442776,-9.896726104673462
2019-12-26,2019/2020,Crystal Palace,West Ham,2,1,H,13,10,4,2,1561.181440549991,1513.9759749468508,47.20546560314028
2019-12-26,2019/2020,Man United,Newcastle,4,1,H,22,7,10,2,1616.0690406496024,1570.3514353401836,45.717605309418786
2019-12-26,2019/2020,Tottenham,Brighton,2,1,H,11,11,5,5,1613.8667224951228,1478.8119070501791,135.05481544494364
2019-12-26,2019/2020,Sheffield United,Watford,1,1,D,16,5,4,2,1569.4287531488173,1465.9827257461643,103.44602740265304
2019-12-26,2019/2020,Bournemouth,Arsenal,1,1,D,12,17,4,2,1483.049256438458,1580.6516326900673,-97.60237625160926
2019-12-26,2019/2020,Chelsea,Southampton,0,2,A,10,5,3,3,1647.9486684449794,1476.3441769767637,171.60449146821566
2019-12-26,2019/2020,Leicester,Liverpool,0,4,A,3,15,0,6,1660.7220013550948,1910.48894063914,-249.7669392840453
2019-12-26,2019/2020,Everton,Burnley,1,0,H,21,6,5,0,1535.6921908742315,1530.3965884625086,5.295602411722939
2019-12-27,2019/2020,Wolves,Man City,3,2,H,20,7,8,3,1588.9147732482788,1830.7186658154096,-241.8038925671308
2019-12-28,2019/2020,Norwich,Tottenham,2,2,D,5,15,2,7,1368.0233815923605,1623.9426365955353,-255.91925500317484
2019-12-28,2019/2020,Newcastle,Everton,1,2,A,20,22,5,9,1556.4447410454504,1551.4483382542592,4.996402791191258
2019-12-28,2019/2020,Brighton,Bournemouth,2,0,H,16,10,6,2,1468.7359929497666,1487.4293908688937,-18.693397919127165
2019-12-28,2019/2020,Southampton,Crystal Palace,1,1,D,14,5,5,2,1499.6612987231392,1575.020827293121,-75.35952856998188
2019-12-28,2019/2020,Burnley,Man United,0,2,A,8,14,1,5,1514.640441082481,1629.9757349443355,-115.33529386185455
2019-12-28,2019/2020,West Ham,Leicester,1,2,A,14,13,4,8,1500.1365882037207,1654.581512329415,-154.44492412569434
2019-12-28,2019/2020,Watford,Aston Villa,3,0,H,20,11,6,2,1470.6106379184134,1391.0379311915212,79.57270672689219
2019-12-29,2019/2020,Arsenal,Chelsea,1,2,A,7,13,2,4,1576.2714982596317,1624.6315466986039,-48.36004843897217
2019-12-29,2019/2020,Liverpool,Wolves,1,0,H,10,10,3,2,1916.6294296648198,1614.5436049455075,302.0858247193123
2019-12-29,2019/2020,Man City,Sheffield United,2,0,H,16,8,4,0,1805.089834118181,1564.8008409765682,240.28899314161276
2020-01-01,2019/2020,Man City,Everton,2,1,H,16,7,7,2,1811.5056168903136,1567.6784152456405,243.8272016446731
2020-01-01,2019/2020,West Ham,Bournemouth,4,0,H,14,3,7,2,1490.8148415985158,1470.5693578134687,20.2454837850471
2020-01-01,2019/2020,Norwich,Crystal Palace,1,1,D,15,12,4,3,1378.0567164302424,1571.603811691898,-193.5470952616556
2020-01-01,2019/2020,Watford,Wolves,2,1,H,9,16,3,4,1483.0089349560162,1609.7613045280686,-126.75236957205243
2020-01-01,2019/2020,Arsenal,Man United,2,0,H,10,10,4,4,1562.4842888314367,1640.8512179331283,-78.36692910169154
2020-01-01,2019/2020,Newcastle,Leicester,0,3,A,5,17,2,10,1540.214664054069,1663.90325893462,-123.68859488055091
2020-01-01,2019/2020,Burnley,Aston Villa,1,2,A,20,11,1,6,1503.7649580936882,1378.6396341539185,125.12532393976971
2020-01-01,2019/2020,Brighton,Chelsea,1,1,D,16,16,5,5,1485.5960260051916,1638.4187561267988,-152.82273012160726
2020-01-01,2019/2020,Southampton,Tottenham,1,0,H,12,11,3,5,1503.0783143243623,1613.9093017576533,-110.83098743329106
2020-01-02,2019/2020,Liverpool,Sheffield United,2,0,H,19,3,7,2,1921.4117300822586,1558.3850582044356,363.026671877823
2020-01-10,2019/2020,Sheffield United,West Ham,1,0,H,13,7,3,2,1554.8619505517179,1505.8835564459614,48.97839410575648
2020-01-11,2019/2020,Tottenham,Liverpool,0,1,A,14,13,4,7,1592.9717029605133,1924.9348377349763,-331.963134774463
2020-01-11,2019/2020,Chelsea,Burnley,3,0,H,18,7,8,2,1631.8023128300647,1482.239565774557,149.56274705550777
2020-01-11,2019/2020,Everton,Brighton,1,0,H,14,9,6,2,1561.366470101311,1492.2124693019257,69.15400079938536
2020-01-11,2019/2020,Crystal Palace,Arsenal,1,1,D,6,7,3,4,1563.5109680124324,1582.0332364505405,-18.522268438108085
2020-01-11,2019/2020,Man United,Norwich,4,0,H,13,8,6,3,1621.3022703140246,1386.149560109708,235.15271020431646
2020-01-11,2019/2020,Wolves,Newcastle,1,1,D,9,5,4,1,1588.1700267853273,1529.6817000937735,58.488326691553766
2020-01-11,2019/2020,Leicester,Southampton,1,2,A,5,16,5,10,1674.4362228949155,1524.0159131215023,150.42030977341324
2020-01-12,2019/2020,Aston Villa,Man City,1,6,A,7,22,1,12,1400.1650264730497,1817.817562034643,-417.65253556159337
2020-01-12,2019/2020,Bournemouth,Watford,0,3,A,10,18,1,6,1455.5006429660232,1504.6002126987576,-49.09956973273438
2020-01-18,2019/2020,Arsenal,Sheffield United,1,1,D,11,12,4,4,1581.1810616364858,1568.6212356625153,12.559825973970419
2020-01-18,2019/2020,Watford,Tottenham,0,0,D,15,17,2,5,1518.3540271776997,1588.8476701839306,-70.49364300623097
2020-01-18,2019/2020,Man City,Crystal Palace,2,2,D,25,5,6,3,1820.4688545219858,1564.363142826487,256.1057116954987
2020-01-18,2019/2020,Brighton,Aston Villa,1,1,D,10,8,2,3,1479.3557286897358,1397.513733985707,81.84199470402882
2020-01-18,2019/2020,West Ham,Everton,1,1,D,12,11,6,3,1492.124271335164,1574.223210713501,-82.09893937833704
2020-01-18,2019/2020,Newcastle,Chelsea,1,0,H,7,19,2,4,1532.3500283462404,1641.3108057797112,-108.96077743347087
2020-01-18,2019/2020,Norwich,Bournemouth,1,0,H,16,6,5,3,1379.580771664853,1441.746828487081,-62.16605682222803
2020-01-18,2019/2020,Southampton,Wolves,2,3,A,11,8,5,4,1546.5403785840408,1585.5016985328605,-38.961319948819664
2020-01-19,2019/2020,Burnley,Leicester,2,1,H,8,18,5,8,1472.7310728249104,1651.911757432377,-179.18068460746667
2020-01-19,2019/2020,Liverpool,Man United,2,0,H,16,9,5,4,1929.058870511559,1627.8710587588796,301.1878117526794
2020-01-21,2019/2020,Everton,Newcastle,2,2,D,17,8,8,2,1570.5112480007126,1553.2095740347918,17.301673965920827
2020-01-21,2019/2020,Chelsea,Arsenal,2,2,D,19,2,8,2,1620.4512600911598,1580.602912100841,39.84834799031887
2020-01-21,2019/2020,Sheffield United,Man City,0,1,A,4,18,1,5,1569.1993851981601,1810.430311348102,-241.23092614994175
2020-01-21,2019/2020,Aston Villa,Watford,2,1,H,16,8,5,2,1401.214498912341,1521.5565532058301,-120.34205429348913
2020-01-21,2019/2020,Bournemouth,Brighton,3,1,H,11,21,3,8,1422.9141412572915,1475.6549637631017,-52.74082250581023
2020-01-21,2019/2020,Crystal Palace,Southampton,0,2,A,6,15,0,6,1574.401686000371,1532.3271302931855,42.07455570718548
2020-01-22,2019/2020,Leicester,West Ham,4,1,H,19,6,8,2,1628.32147526083,1495.8362340479523,132.48524121287778
2020-01-22,2019/2020,Tottenham,Norwich,2,1,H,14,12,3,2,1585.6451441558002,1398.4134588946426,187.2316852611575
2020-01-22,2019/2020,Man United,Burnley,0,2,A,24,5,7,2,1623.0676932501572,1496.3213549964573,126.74633825369983
2020-01-23,2019/2020,Wolves,Liverpool,1,2,A,10,13,3,6,1599.7149468237158,1933.8622360202814,-334.1472891965657
2020-01-29,2019/2020,West Ham,Liverpool,0,2,A,7,13,4,5,1485.6579303635529,1937.9413101065545,-452.28337974300166
2020-02-01,2019/2020,Watford,Everton,2,3,A,11,12,2,5,1500.226083210336,1569.715134444912,-69.48905123457621
2020-02-01,2019/2020,Man United,Wolves,0,0,D,15,14,5,3,1601.4766593425989,1595.6358727374427,5.840786605156154
2020-02-01,2019/2020,West Ham,Brighton,3,3,D,12,19,6,6,1483.4528058107169,1457.2446446743888,26.208161136328044
2020-02-01,2019/2020,Newcastle,Norwich,0,0,D,15,19,5,4,1554.0056875905923,1390.287889418493,163.71779817209926
2020-02-01,2019/2020,Liverpool,Southampton,4,0,H,16,17,9,4,1940.1464346593905,1550.2553185814422,389.89111607794825
2020-02-01,2019/2020,Bournemouth,Aston Villa,2,1,H,16,18,6,5,1441.3244603460043,1422.5449689078353,18.77949143816909
2020-02-01,2019/2020,Leicester,Chelsea,2,2,D,14,7,4,3,1638.4997789452295,1618.6241802312597,19.875598713969794
2020-02-01,2019/2020,Crystal Palace,Sheffield United,0,1,A,13,10,3,3,1556.4734977121143,1562.8113702432263,-6.337872531111998
2020-02-02,2019/2020,Burnley,Arsenal,0,0,D,15,13,2,2,1517.9123889040156,1582.429991960741,-64.51760305672542
2020-02-02,2019/2020,Tottenham,Man City,2,0,H,3,18,3,5,1593.7707136319498,1816.8183263030357,-223.04761267108597
2020-02-08,2019/2020,Everton,Crystal Palace,3,1,H,14,10,8,2,1582.5570437213278,1540.7653351579083,41.791708563419434
2020-02-08,2019/2020,Brighton,Watford,1,1,D,10,5,2,2,1458.4492910865422,1487.3841739339202,-28.93488284737805
2020-02-09,2019/2020,Sheffield United,Bournemouth,2,1,H,16,10,6,2,1578.5195327974322,1456.460474045545,122.05905875188728
2020-02-14,2019/2020,Wolves,Leicester,0,0,D,15,9,3,3,1595.9048255646526,1637.5854709670418,-41.680645402389246
2020-02-15,2019/2020,Southampton,Burnley,1,2,A,10,9,2,6,1547.1886256892396,1520.8498473459663,26.33877834327336
2020-02-15,2019/2020,Norwich,Liverpool,0,1,A,5,17,1,6,1397.3148121397562,1943.213127551593,-545.8983154118368
2020-02-16,2019/2020,Aston Villa,Tottenham,2,3,A,18,23,4,10,1407.4089552082946,1618.830681538677,-211.4217263303824
2020-02-16,2019/2020,Arsenal,Newcastle,4,0,H,15,10,7,2,1579.4925335187904,1546.978764869329,32.513768649461326
2020-02-17,2019/2020,Chelsea,Man United,0,2,A,17,9,1,3,1619.5384882094475,1601.207706515389,18.330781694058487
2020-02-19,2019/2020,Man City,West Ham,2,0,H,20,3,7,0,1791.7583583963085,1482.2481593985635,309.51019899774496
2020-02-22,2019/2020,Sheffield United,Brighton,1,1,D,14,8,3,2,1589.1188841729456,1459.7787195670217,129.34016460592397
2020-02-22,2019/2020,Burnley,Bournemouth,3,0,H,16,12,10,4,1538.0604746355039,1445.8611226700316,92.19935196547226
2020-02-22,2019/2020,Chelsea,Tottenham,2,1,H,17,5,7,3,1602.6951069280026,1626.1413230723663,-23.44621614436369
2020-02-22,2019/2020,Crystal Palace,Newcastle,1,0,H,18,8,9,2,1526.680685768979,1532.4717235377386,-5.791037768759679
2020-02-22,2019/2020,Leicester,Man City,0,1,A,10,18,3,7,1635.6751619016463,1796.3694088885554,-160.6942469869091
2020-02-22,2019/2020,Southampton,Aston Villa,2,0,H,28,4,9,1,1529.977998399702,1400.0983136746054,129.8796847250967
2020-02-23,2019/2020,Arsenal,Everton,3,2,H,9,17,4,5,1593.999574850381,1596.6416931102572,-2.64211825987627
2020-02-23,2019/2020,Man United,Watford,3,0,H,21,7,9,2,1618.0510877968338,1486.0547454534408,131.99634234339305
2020-02-23,2019/2020,Wolves,Norwich,3,0,H,19,6,6,4,1597.815134630048,1395.9903299757518,201.82480465429626
2020-02-24,2019/2020,Liverpool,West Ham,3,2,H,25,7,7,4,1944.5376097155975,1477.6371089063166,466.90050080928086
2020-02-28,2019/2020,Norwich,Leicester,1,0,H,11,19,6,4,1388.3634205251371,1626.589273377312,-238.22585285217497
2020-02-29,2019/2020,Watford,Liverpool,3,0,H,14,7,5,1,1475.856897888685,1946.5761166786883,-470.7192187900034
2020-02-29,2019/2020,West Ham,Southampton,3,1,H,14,10,7,2,1475.5986019432257,1540.2606896183836,-64.66208767515786
2020-02-29,2019/2020,Newcastle,Burnley,0,0,D,21,8,4,1,1516.205061087255,1549.911476677233,-33.70641558997795
2020-02-29,2019/2020,Bournemouth,Chelsea,2,2,D,9,23,5,6,1434.0101206283025,1619.7732090066045,-185.76308837830197
2020-02-29,2019/2020,Brighton,Crystal Palace,0,1,A,24,12,8,3,1465.4743429768419,1542.9473482194626,-77.47300524262073
2020-03-01,2019/2020,Everton,Man United,1,1,D,16,14,5,5,1580.5200214133051,1628.2489353615897,-47.72891394828457
2020-03-01,2019/2020,Tottenham,Wolves,2,3,A,13,14,5,4,1609.0632209937644,1605.4420440806628,3.6211769131016354
2020-03-07,2019/2020,Burnley,Tottenham,1,1,D,21,13,8,2,1548.3640904387485,1592.8964656723622,-44.53237523361372
2020-03-07,2019/2020,Southampton,Newcastle,0,1,A,6,14,3,7,1521.3168021748754,1517.7524473257395,3.5643548491359525
2020-03-07,2019/2020,Sheffield United,Norwich,1,0,H,10,12,4,5,1583.4232607631254,1413.8865015156387,169.53675924748677
2020-03-07,2019/2020,Wolves,Brighton,0,0,D,11,7,1,1,1621.608799402065,1452.9841269916726,168.62467241039235
2020-03-07,2019/2020,Arsenal,West Ham,1,0,H,9,14,2,6,1610.121246547333,1494.542489386734,115.57875716059903
2020-03-07,2019/2020,Liverpool,Bournemouth,2,1,H,14,6,6,4,1916.573067401723,1441.833194469224,474.7398729324989
2020-03-07,2019/2020,Crystal Palace,Watford,1,0,H,10,10,3,4,1555.4375642046318,1505.8599471656503,49.57761703898154
2020-03-08,2019/2020,Chelsea,Everton,4,0,H,17,3,11,1,1611.950135165683,1582.7042959498808,29.245839215802107
2020-03-08,2019/2020,Man United,Man City,2,0,H,12,7,6,2,1626.064660825014,1805.4552974128896,-179.39063658787563
2020-03-09,2019/2020,Leicester,Aston Villa,4,0,H,15,4,7,1,1601.0661923868106,1389.8156224559239,211.25056993088674
2020-06-17,2019/2020,Aston Villa,Sheffield United,0,0,D,14,5,6,1,1382.499422131478,1592.1816512223777,-209.68222909089968
2020-06-17,2019/2020,Man City,Arsenal,3,0,H,20,3,12,0,1781.8575246566318,1620.9866700213875,160.8708546352443
2020-06-19,2019/2020,Tottenham,Man United,1,1,D,10,12,3,6,1590.8568313024991,1649.662433581272,-58.80560227877277
2020-06-19,2019/2020,Norwich,Southampton,0,3,A,9,22,1,9,1405.1281110563864,1505.1526633264207,-100.02455227003429
2020-06-20,2019/2020,Bournemouth,Crystal Palace,0,2,A,12,7,1,2,1439.8791419950305,1569.1698018512086,-129.29065985617808
2020-06-20,2019/2020,West Ham,Wolves,0,2,A,7,10,2,6,1483.6770659126794,1614.400628434076,-130.72356252139662
2020-06-20,2019/2020,Watford,Leicester,1,1,D,8,15,4,2,1492.1277095190735,1608.3823927112564,-116.25468319218294
2020-06-20,2019/2020,Brighton,Arsenal,2,1,H,9,13,5,6,1460.1922979596616,1611.9073943707533,-151.71509641109174
2020-06-21,2019/2020,Everton,Liverpool,0,0,D,9,10,3,3,1568.0479445757421,1918.5271198759165,-350.47917530017435
2020-06-21,2019/2020,Newcastle,Sheffield United,3,0,H,12,7,8,1,1533.9165861741942,1583.548926281294,-49.63234010709971
2020-06-21,2019/2020,Aston Villa,Chelsea,1,2,A,8,19,4,5,1391.1321470725618,1626.6064865398216,-235.47433946725982
2020-06-22,2019/2020,Man City,Burnley,5,0,H,19,1,7,0,1790.936800307266,1550.4037248086115,240.5330754986544
2020-06-23,2019/2020,Leicester,Brighton,0,0,D,11,10,2,2,1603.2199117334364,1482.766399864974,120.45351186846256
2020-06-23,2019/2020,Tottenham,West Ham,2,0,H,15,10,4,2,1593.5393620995171,1473.4282451044523,120.11111699506478
2020-06-24,2019/2020,Norwich,Everton,0,1,A,9,12,1,5,1393.6112329761113,1580.2919241107393,-186.68069113462798
2020-06-24,2019/2020,Liverpool,Crystal Palace,4,0,H,21,3,7,0,1906.2831403409193,1579.4761694285994,326.8069709123199
2020-06-24,2019/2020,Wolves,Bournemouth,1,0,H,10,4,2,0,1624.649449242303,1429.5727744176397,195.07667482466331
2020-06-24,2019/2020,Newcastle,Aston Villa,1,1,D,13,14,3,2,1552.1868179371643,1384.5730186151136,167.61379932205068
2020-06-24,2019/2020,Man United,Sheffield United,3,0,H,15,4,6,1,1646.979902784254,1565.2786945183238,81.70120826593006
2020-06-25,2019/2020,Southampton,Arsenal,0,2,A,12,10,3,5,1516.6695414066958,1589.333292465441,-72.66375105874522
2020-06-25,2019/2020,Chelsea,Man City,2,1,H,15,11,10,2,1633.1656149972698,1797.345378956738,-164.17976395946812
2020-06-25,2019/2020,Burnley,Watford,1,0,H,9,10,5,4,1543.9951461591395,1497.2901904968935,46.70495566224599
2020-06-27,2019/2020,Aston Villa,Wolves,0,1,A,11,9,1,2,1391.744036837754,1632.5043036740979,-240.76026683634382
2020-06-28,2019/2020,Watford,Southampton,1,3,A,8,11,0,7,1483.4281703445647,1503.967879772869,-20.539709428304377
2020-06-29,2019/2020,Crystal Palace,Burnley,0,1,A,17,8,4,4,1575.2443257375223,1557.8571663114683,17.38715942605404
2020-06-30,2019/2020,Brighton,Man United,0,3,A,8,12,2,6,1488.1014324835635,1659.2852750313052,-171.18384254774173
2020-07-01,2019/2020,Everton,Leicester,2,1,H,7,15,2,3,1588.4367368293365,1597.8848791148469,-9.448142285510357
2020-07-01,2019/2020,West Ham,Chelsea,3,2,H,10,17,4,6,1462.7492583559415,1656.2096985787184,-193.46044022277692
2020-07-01,2019/2020,Bournemouth,Newcastle,1,4,A,12,12,1,7,1421.717919985845,1545.0157997145238,-123.29787972867894
2020-07-01,2019/2020,Arsenal,Norwich,4,0,H,13,8,8,2,1602.0349540992677,1385.466420257514,216.5685338417536
2020-07-02,2019/2020,Sheffield United,Tottenham,3,1,H,7,9,5,2,1552.9733222712725,1604.2183488480277,-51.24502657675521
2020-07-02,2019/2020,Man City,Liverpool,4,0,H,14,11,6,3,1774.3012953752893,1910.5149840319964,-136.21368865670706
2020-07-04,2019/2020,Wolves,Arsenal,0,2,A,10,8,1,5,1638.9061821918015,1609.1798288669452,29.72635332485629
2020-07-04,2019/2020,Man United,Bournemouth,5,2,H,19,7,10,3,1667.9834819546927,1411.1690575536275,256.81442440106525
2020-07-04,2019/2020,Chelsea,Watford,3,0,H,21,7,9,3,1632.1198249420704,1468.3729585158019,163.74686642626853
2020-07-04,2019/2020,Leicester,Crystal Palace,3,0,H,15,7,4,1,1581.4498833058656,1558.4442852254385,23.005598080427035
2020-07-04,2019/2020,Norwich,Brighton,0,1,A,12,8,1,2,1378.3215454898366,1479.403225560176,-101.08168007033942
2020-07-05,2019/2020,Southampton,Man City,1,0,H,8,26,4,6,1519.023091601632,1796.2713762054746,-277.24828460384265
2020-07-05,2019/2020,Liverpool,Aston Villa,2,0,H,6,9,4,3,1888.5449032018114,1385.3421583200504,503.20274488176096
2020-07-05,2019/2020,Burnley,Sheffield United,1,1,D,9,10,4,3,1574.657206823552,1571.3162773835438,3.340929440008267
2020-07-05,2019/2020,Newcastle,West Ham,2,2,D,11,17,4,7,1555.5646621467413,1486.8391319925895,68.72553015415178
2020-07-06,2019/2020,Tottenham,Everton,1,0,H,12,11,2,3,1585.8753937357565,1604.8717326383178,-18.99633890256132
2020-07-07,2019/2020,Crystal Palace,Chelsea,2,3,A,13,14,4,6,1543.5021865041158,1641.0918218172112,-97.58963531309541
2020-07-07,2019/2020,Watford,Norwich,2,1,H,9,12,4,3,1459.400961640661,1366.8494895609972,92.55147207966388
2020-07-07,2019/2020,Arsenal,Leicester,1,1,D,11,13,7,5,1626.5454473626028,1596.3919820271883,30.153465335414467
2020-07-08,2019/2020,Brighton,Liverpool,1,3,A,12,19,2,8,1490.8752814890154,1890.2190961387485,-399.3438146497331
2020-07-08,2019/2020,Man City,Newcastle,5,0,H,23,6,9,1,1769.6648385543704,1552.440377618456,217.2244609359143
2020-07-08,2019/2020,West Ham,Burnley,0,1,A,21,8,5,4,1489.9634165208747,1574.5033560790473,-84.53993955817259
2020-07-08,2019/2020,Sheffield United,Wolves,1,0,H,7,6,3,1,1571.4701281280486,1621.5405636961439,-50.07043556809526
2020-07-09,2019/2020,Bournemouth,Tottenham,0,0,D,9,9,2,0,1405.2273653699096,1602.749336775311,-197.52197140540125
2020-07-09,2019/2020,Everton,Southampton,1,1,D,11,17,4,4,1587.9977895987633,1545.629629252736,42.36816034602725
2020-07-09,2019/2020,Aston Villa,Man United,0,3,A,9,14,1,6,1383.6679653831134,1673.9251741384105,-290.25720875529714
2020-07-11,2019/2020,Norwich,West Ham,0,4,A,11,19,2,7,1355.0136088777328,1477.7815662649507,-122.76795738721785
2020-07-11,2019/2020,Watford,Newcastle,2,1,H,17,8,5,4,1471.2368423239254,1545.3164351923579,-74.07959286843243
2020-07-11,2019/2020,Liverpool,Burnley,1,1,D,23,6,9,2,1893.1381920672645,1586.6852063349713,306.4529857322932
2020-07-11,2019/2020,Sheffield United,Chelsea,3,0,H,9,15,4,4,1589.760125209238,1652.712230161539,-62.95210495230117
2020-07-11,2019/2020,Brighton,Man City,0,5,A,3,26,0,8,1487.9561855604993,1776.7887809804686,-288.83259541996927
2020-07-12,2019/2020,Bournemouth,Leicester,4,1,H,10,13,4,5,1413.4556384583916,1597.7771244126145,-184.3214859542229
2020-07-12,2019/2020,Tottenham,Arsenal,2,1,H,15,13,9,4,1594.521063686829,1625.1603049771766,-30.639241290347627
2020-07-12,2019/2020,Wolves,Everton,3,0,H,14,6,7,2,1603.2505666149546,1586.0562780437776,17.194288571176912
2020-07-12,2019/2020,Aston Villa,Crystal Palace,2,0,H,12,9,9,5,1378.602037561737,1531.881778159788,-153.27974059805092
2020-07-13,2019/2020,Man United,Southampton,2,2,D,8,9,4,5,1678.9911019597869,1547.5711408077218,131.41996115206507
2020-07-14,2019/2020,Chelsea,Norwich,1,0,H,22,2,6,0,1633.8444928010128,1344.4431640669834,289.40132873402945
2020-07-15,2019/2020,Arsenal,Liverpool,2,1,H,3,24,2,8,1607.7529621443846,1881.8191340293836,-274.066171884999
2020-07-15,2019/2020,Burnley,Wolves,1,1,D,9,14,1,5,1598.0042643728523,1618.4593861716758,-20.455121798823484
2020-07-15,2019/2020,Man City,Bournemouth,2,1,H,8,15,4,3,1781.8897742947963,1437.2280927156926,344.66168157910374
2020-07-15,2019/2020,Newcastle,Tottenham,1,3,A,22,8,6,5,1525.9557184850528,1611.928406519621,-85.97268803456814
2020-07-16,2019/2020,Southampton,Brighton,1,1,D,21,10,6,2,1553.3502266019532,1482.8551922461716,70.49503435578163
2020-07-16,2019/2020,Crystal Palace,Man United,0,2,A,13,17,5,5,1509.247897241563,1673.2120161655555,-163.9641189239926
2020-07-16,2019/2020,Everton,Aston Villa,1,1,D,9,15,1,1,1570.8474584870564,1401.235918479962,169.6115400070944
2020-07-16,2019/2020,Leicester,Sheffield United,2,0,H,15,5,7,1,1574.0046701553135,1608.6278625697641,-34.623192414450614
2020-07-17,2019/2020,West Ham,Watford,3,1,H,10,14,4,3,1488.3520110757001,1490.5975590312305,-2.2455479555303555
2020-07-18,2019/2020,Norwich,Burnley,0,2,A,6,23,2,8,1339.356193108982,1598.9451706666202,-259.58897755763815
2020-07-19,2019/2020,Bournemouth,Southampton,0,2,A,11,16,3,8,1433.3596233754704,1550.1476390668658,-116.78801569139546
2020-07-19,2019/2020,Tottenham,Leicester,3,0,H,7,24,3,6,1624.048095143454,1591.593869877738,32.454225265716104
2020-07-20,2019/2020,Wolves,Crystal Palace,2,0,H,11,7,5,3,1617.5184798779078,1500.28397265288,117.23450722502776
2020-07-20,2019/2020,Brighton,Newcastle,0,0,D,11,12,3,1,1486.057779781259,1513.8360298612197,-27.7782500799608
2020-07-20,2019/2020,Sheffield United,Everton,0,1,A,8,5,0,2,1591.0386628473398,1563.6031108811255,27.435551966214234
2020-07-21,2019/2020,Watford,Man City,0,4,A,2,26,0,10,1474.4941491661812,1785.7582436350185,-311.26409446883736
2020-07-21,2019/2020,Aston Villa,Arsenal,1,0,H,8,7,3,0,1408.480266085893,1634.2768560627135,-225.79658997682054
2020-07-22,2019/2020,Man United,West Ham,1,1,D,11,12,4,3,1682.1759407542384,1504.4554209407495,177.72051981348886
2020-07-22,2019/2020,Liverpool,Chelsea,5,3,H,10,10,7,5,1855.2952401110547,1638.9314637590142,216.36377635204053
2020-07-26,2019/2020,Chelsea,Wolves,2,0,H,11,5,3,1,1631.780045677999,1628.3156107363782,3.464434941620766
2020-07-26,2019/2020,Everton,Bournemouth,1,3,A,13,13,5,7,1580.863945140019,1422.5440973713341,158.3198477686849
2020-07-26,2019/2020,Crystal Palace,Tottenham,1,1,D,13,7,2,2,1489.4868417944097,1638.5578547181142,-149.07101292370453
2020-07-26,2019/2020,Arsenal,Watford,3,2,H,13,19,5,6,1609.1312694947271,1469.9228016672998,139.20846782742728
2020-07-26,2019/2020,Southampton,Sheffield United,3,1,H,13,5,4,3,1560.963165071002,1573.7778285884463,-12.81466351744416
2020-07-26,2019/2020,Leicester,Man United,0,2,A,14,7,3,3,1577.0841103030778,1674.6378725049697,-97.55376220189191
2020-07-26,2019/2020,Man City,Norwich,5,0,H,31,5,10,4,1790.3295911338998,1333.491391151304,456.8381999825958
2020-07-26,2019/2020,Newcastle,Liverpool,1,3,A,3,14,2,6,1512.5595129966823,1862.44665819207,-349.8871451953876
2020-07-26,2019/2020,West Ham,Aston Villa,1,1,D,10,13,1,4,1511.9934891900182,1433.6258526538793,78.36763653613889
2020-07-26,2019/2020,Burnley,Brighton,1,2,A,13,14,2,4,1604.8099726242983,1487.3342966457963,117.47567597850207
2020-09-12,2020/2021,Fulham,Arsenal,0,3,A,5,13,2,6,1384.735239411102,1619.0428588106197,-234.30761939951776
2020-09-12,2020/2021,Crystal Palace,Southampton,1,0,H,5,9,3,5,1495.9594203760118,1577.553034673292,-81.59361429728006
2020-09-12,2020/2021,Liverpool,Leeds,4,3,H,22,6,6,3,1866.2139914440625,1500.0,366.21399144406246
2020-09-12,2020/2021,West Ham,Newcastle,0,2,A,15,15,3,2,1508.4445105952116,1508.7921797446897,-0.34766914947817895
2020-09-13,2020/2021,Tottenham,Everton,0,1,A,9,15,5,4,1632.085276136512,1558.0390218992657,74.04625423724633
2020-09-13,2020/2021,West Brom,Leicester,0,3,A,7,13,1,7,1466.9304298759998,1565.4621736753247,-98.53174379932489
2020-09-14,2020/2021,Brighton,Chelsea,1,3,A,13,10,3,5,1508.5470953853644,1647.6205078405203,-139.0734124551559
2020-09-14,2020/2021,Sheffield United,Wolves,0,2,A,9,11,2,4,1557.1879589861564,1612.4751485738568,-55.28718958770037
2020-09-19,2020/2021,Everton,West Brom,5,2,H,17,6,7,4,1577.3982710119403,1455.3501266877174,122.0481443242229
2020-09-19,2020/2021,Leeds,Fulham,4,3,H,10,14,7,6,1496.5340062629596,1378.1410187806375,118.39298748232204
2020-09-19,2020/2021,Man United,Crystal Palace,1,3,A,13,14,4,5,1686.2598091327227,1515.6493571096355,170.6104520230872
2020-09-19,2020/2021,Arsenal,West Ham,2,1,H,7,14,3,3,1625.637079441084,1492.4605213458851,133.17655809519897
2020-09-20,2020/2021,Chelsea,Liverpool,0,2,A,5,18,3,6,1657.5374168862065,1869.679985181103,-212.14256829489636
2020-09-20,2020/2021,Southampton,Tottenham,2,5,A,14,9,7,6,1557.8630979396683,1612.7260270238373,-54.86292908416908
2020-09-20,2020/2021,Newcastle,Brighton,0,3,A,6,13,0,6,1524.7761689940162,1498.6301863396782,26.145982654338013
2020-09-20,2020/2021,Leicester,Burnley,4,2,H,14,16,6,5,1577.0424768636071,1583.5971738847302,-6.554697021123047
2020-09-21,2020/2021,Aston Villa,Sheffield United,1,0,H,18,4,2,1,1437.174831248686,1543.7127529836669,-106.53792173498096
2020-09-21,2020/2021,Wolves,Man City,1,3,A,10,14,1,9,1625.9503545763464,1792.4814869999477,-166.53113242360132
2020-09-26,2020/2021,Burnley,Southampton,0,1,A,10,5,2,1,1567.2953547390562,1544.3688368649277,22.92651787412842
2020-09-26,2020/2021,West Brom,Chelsea,3,3,D,9,22,3,10,1444.7503299457346,1650.2501541075526,-205.49982416181797
2020-09-26,2020/2021,Brighton,Man United,2,3,A,18,7,5,3,1515.8319855203206,1662.978938004576,-147.1469524842555
2020-09-26,2020/2021,Crystal Palace,Everton,1,2,A,8,10,1,5,1538.930228237782,1587.9980677539231,-49.06783951614102
2020-09-27,2020/2021,Man City,Leicester,2,5,A,16,7,5,7,1801.3503677654676,1593.3442960092812,208.00607175618643
2020-09-27,2020/2021,Sheffield United,Leeds,0,1,A,14,17,4,9,1522.9547046625783,1507.2834802960228,15.671224366555407
2020-09-27,2020/2021,Tottenham,Newcastle,1,1,D,23,6,12,1,1626.2202880985778,1507.5743698133738,118.64591828520406
2020-09-27,2020/2021,West Ham,Wolves,4,0,H,15,11,7,2,1482.309819112278,1617.0814738108265,-134.77165469854845
2020-09-28,2020/2021,Fulham,Aston Villa,0,3,A,16,12,3,5,1367.3915447475742,1457.9328795697745,-90.54133482220027
2020-09-28,2020/2021,Liverpool,Arsenal,3,1,H,21,4,8,3,1876.9672479597568,1635.7877816746911,241.1794662850657
2020-10-03,2020/2021,Chelsea,Crystal Palace,4,0,H,17,4,6,0,1641.754852339097,1525.174981308513,116.57987103058394
2020-10-03,2020/2021,Everton,Brighton,4,2,H,11,11,6,3,1601.7533146831922,1506.2302925849651,95.5230220982271
2020-10-03,2020/2021,Leeds,Man City,1,1,D,12,23,7,2,1524.0046778230205,1776.7725044146312,-252.76782659161063
2020-10-03,2020/2021,Newcastle,Burnley,3,1,H,10,7,5,3,1512.8352868563854,1550.2410793722074,-37.405792515821986
2020-10-04,2020/2021,Wolves,Fulham,1,0,H,14,10,5,2,1595.1686436937964,1355.469234793178,239.69940890061844
2020-10-04,2020/2021,Leicester,West Ham,0,3,A,4,14,0,6,1617.9221593601176,1504.2226492293082,113.69951013080936
2020-10-04,2020/2021,Southampton,West Brom,2,0,H,13,5,7,2,1561.4231122317765,1453.2456317141903,108.17748051758622
2020-10-04,2020/2021,Arsenal,Sheffield United,2,1,H,6,6,5,2,1629.3982520353109,1506.2335071355806,123.1647448997303
2020-10-04,2020/2021,Aston Villa,Liverpool,7,2,H,18,14,11,8,1469.8551895241708,1883.356777599137,-413.5015880749663
2020-10-04,2020/2021,Man United,Tottenham,1,6,A,5,22,2,8,1672.5806309399316,1620.9593710555662,51.62125988436537
2020-10-17,2020/2021,Everton,Liverpool,2,2,D,11,22,5,8,1613.4619059195747,1854.0667553848102,-240.60484946523547
2020-10-17,2020/2021,Chelsea,Southampton,3,3,D,11,13,5,6,1652.5789590011345,1572.596333539272,79.98262546186243
2020-10-17,2020/2021,Man City,Arsenal,1,0,H,13,11,5,3,1766.8277300585407,1639.9525346017463,126.87519545679447
2020-10-17,2020/2021,Newcastle,Man United,1,4,A,7,28,4,14,1530.5512622963136,1654.2207238657247,-123.66946156941117
2020-10-18,2020/2021,Leicester,Aston Villa,0,1,A,11,10,5,4,1596.8653470953998,1499.1452117384977,97.72013535690212
2020-10-18,2020/2021,Tottenham,West Ham,3,3,D,11,13,6,4,1639.319278129773,1525.279461494026,114.039816635747
2020-10-18,2020/2021,Sheffield United,Fulham,1,1,D,10,15,6,6,1495.6792245691452,1349.0360253417412,146.643199227404
2020-10-18,2020/2021,Crystal Palace,Brighton,1,1,D,1,20,1,3,1514.3508746464754,1494.5217013485826,19.829173297892794
2020-10-19,2020/2021,West Brom,Burnley,0,0,D,13,9,6,4,1442.0724104066946,1532.5251039322793,-90.45269352558466
2020-10-19,2020/2021,Leeds,Wolves,0,1,A,13,7,2,3,1533.949452179111,1601.6018531452332,-67.65240096612229
2020-10-23,2020/2021,Aston Villa,Leeds,0,3,A,12,27,4,9,1519.5303622904955,1521.0261730846842,-1.4958107941886283
2020-10-24,2020/2021,West Ham,Man City,1,1,D,6,14,2,7,1530.3503756669688,1777.2314873333578,-246.88111166638896
2020-10-24,2020/2021,Fulham,Crystal Palace,1,2,A,16,14,3,10,1355.4148322465226,1513.4386976725023,-158.0238654259797
2020-10-24,2020/2021,Man United,Chelsea,0,0,D,14,6,4,1,1664.7544660896017,1648.9593399255607,15.795126164040994
2020-10-24,2020/2021,Liverpool,Sheffield United,2,1,H,17,13,5,2,1844.4732167703082,1489.3004176643637,355.1727991059445
2020-10-25,2020/2021,Wolves,Newcastle,1,1,D,16,5,3,2,1614.52513223966,1520.0175200724366,94.50761216722344
2020-10-25,2020/2021,Arsenal,Leicester,0,1,A,12,6,4,2,1629.5487773269292,1576.480196543402,53.068580783527295
2020-10-25,2020/2021,Southampton,Everton,2,0,H,12,6,6,2,1576.215952614846,1623.0554445340767,-46.839491919230795
2020-10-26,2020/2021,Brighton,West Brom,1,1,D,5,9,3,3,1495.4338783225558,1446.1462832585587,49.28759506399706
2020-10-26,2020/2021,Burnley,Tottenham,0,1,A,13,9,4,3,1528.4512310804153,1634.2483639568302,-105.79713287641493
2020-10-30,2020/2021,Wolves,Crystal Palace,2,0,H,15,11,5,2,1610.2771548229969,1522.6249288851839,87.652225937813
2020-10-31,2020/2021,Sheffield United,Man City,0,1,A,5,16,1,8,1485.6330464356022,1767.4548312061072,-281.821784770505
2020-10-31,2020/2021,Burnley,Chelsea,0,3,A,5,14,0,9,1517.1781620095308,1649.6862316565314,-132.50806964700064
2020-10-31,2020/2021,Liverpool,West Ham,2,1,H,9,4,5,3,1848.1405879990698,1540.1270317942194,308.0135562048504
2020-11-01,2020/2021,Tottenham,Brighton,2,1,H,9,6,3,2,1645.5214330277147,1493.1792052134338,152.34222781428093
2020-11-01,2020/2021,Man United,Arsenal,0,1,A,8,7,2,2,1664.027574358631,1611.1237090499278,52.90386530870319
2020-11-01,2020/2021,Aston Villa,Southampton,3,4,A,19,9,10,4,1503.5992464976273,1594.3600171462283,-90.76077064860101
2020-11-01,2020/2021,Newcastle,Everton,2,1,H,11,15,4,4,1524.2654974890997,1604.9113800026944,-80.64588251359464
2020-11-02,2020/2021,Fulham,West Brom,2,0,H,13,10,6,1,1346.228601033841,1448.4009563676807,-102.17235533383973
2020-11-02,2020/2021,Leeds,Leicester,1,4,A,11,10,4,8,1536.9572888775524,1594.9052648204033,-57.94797594285092
2020-11-06,2020/2021,Brighton,Burnley,0,0,D,19,4,3,1,1483.7772940693678,1507.0007704102513,-23.223476340883508
2020-11-06,2020/2021,Southampton,Newcastle,2,0,H,15,4,8,2,1606.2728795886799,1543.9140849393605,62.35879464931941
2020-11-07,2020/2021,Everton,Man United,1,3,A,7,13,1,5,1585.2627925524337,1645.6099177854603,-60.347125233026645
2020-11-07,2020/2021,Crystal Palace,Leeds,4,1,H,10,9,6,3,1510.5779508969904,1523.6014188875133,-13.023467990522931
2020-11-07,2020/2021,Chelsea,Sheffield United,4,1,H,20,6,9,3,1659.8636232558108,1480.3566181381364,179.50700511767445
2020-11-07,2020/2021,West Ham,Fulham,1,0,H,16,13,7,3,1535.4818753530242,1366.8027088271303,168.67916652589383
2020-11-08,2020/2021,Arsenal,Aston Villa,0,3,A,13,15,2,6,1629.5413656230985,1491.6863840551757,137.85498156792278
2020-11-08,2020/2021,Man City,Liverpool,1,1,D,7,10,2,3,1772.731259503573,1852.785744440265,-80.054484936692
2020-11-08,2020/2021,West Brom,Tottenham,0,1,A,12,19,2,5,1427.8268485743913,1654.9233441717806,-227.09649559738932
2020-11-08,2020/2021,Leicester,Wolves,1,0,H,10,7,3,2,1608.2611348104424,1622.3241328111903,-14.062998000747939
2020-11-21,2020/2021,Newcastle,Chelsea,0,2,A,8,14,1,3,1530.755369020691,1668.2617005996647,-137.5063315789737
2020-11-21,2020/2021,Aston Villa,Brighton,1,2,A,15,7,4,3,1513.7214109484366,1484.8451847330655,28.87622621537116
2020-11-21,2020/2021,Tottenham,Man City,2,0,H,4,22,2,5,1661.7375396662173,1776.3540183214911,-114.6164786552738
2020-11-21,2020/2021,Man United,West Brom,1,0,H,17,7,7,2,1658.8584444397795,1421.0126530799546,237.84579135982494
2020-11-22,2020/2021,Liverpool,Leicester,3,0,H,24,11,13,4,1849.162985622347,1624.908406354008,224.25457926833883
2020-11-22,2020/2021,Leeds,Arsenal,0,0,D,25,9,4,2,1507.001946767254,1607.5063387298376,-100.50439196258367
2020-11-22,2020/2021,Sheffield United,West Ham,0,1,A,9,15,5,3,1471.9585407942825,1544.271704316922,-72.31316352263957
2020-11-22,2020/2021,Fulham,Everton,2,3,A,14,9,6,7,1358.0128798632325,1572.0142658981144,-214.001386034882
2020-11-23,2020/2021,Burnley,Crystal Palace,1,0,H,10,15,4,5,1505.9328797465537,1527.1774230172498,-21.244543270696113
2020-11-23,2020/2021,Wolves,Southampton,1,1,D,20,7,9,2,1605.6768612676246,1619.4315955073494,-13.754734239724712
2020-11-27,2020/2021,Crystal Palace,Newcastle,0,2,A,12,14,3,7,1510.2002931445086,1520.7766190820394,-10.576325937530783
2020-11-28,2020/2021,Everton,Leeds,0,1,A,15,23,8,7,1579.2414859713817,1511.5054233775236,67.73606259385815
2020-11-28,2020/2021,Brighton,Liverpool,1,1,D,11,6,3,2,1502.171930587092,1856.0653310467294,-353.8934004596374
2020-11-28,2020/2021,Man City,Burnley,5,0,H,19,9,6,1,1755.2592279330327,1522.910009619295,232.34921831373777
2020-11-28,2020/2021,West Brom,Sheffield United,1,0,H,17,21,6,5,1414.5244245592721,1459.2414169048052,-44.71699234553307
2020-11-29,2020/2021,Arsenal,Wolves,1,2,A,13,11,2,5,1603.002862119568,1606.3099594681453,-3.307097348577372
2020-11-29,2020/2021,Southampton,Man United,2,3,A,10,15,5,6,1618.7984973068287,1665.346672960462,-46.54817565363328
2020-11-29,2020/2021,Chelsea,Tottenham,0,0,D,13,5,3,1,1678.2404505383163,1682.8323300546758,-4.5918795163595405
2020-11-30,2020/2021,Leicester,Fulham,1,2,A,16,10,3,5,1618.0060609296256,1350.7856597899652,267.22040113966045
2020-11-30,2020/2021,West Ham,Aston Villa,2,1,H,6,16,2,6,1556.9888282063994,1496.3946650944101,60.594163111989246
2020-12-05,2020/2021,West Ham,Man United,1,3,A,19,15,6,6,1570.2263161315875,1679.2157846110752,-108.98946847948764
2020-12-05,2020/2021,Burnley,Everton,1,1,D,8,13,3,6,1516.2565728322586,1560.1610549423538,-43.90448211009516
2020-12-05,2020/2021,Man City,Fulham,2,0,H,16,6,6,1,1761.912664720069,1377.128358999931,384.78430572013804
2020-12-05,2020/2021,Chelsea,Leeds,3,1,H,23,8,11,3,1678.451902093111,1530.5858544065516,147.86604768655934
2020-12-06,2020/2021,Liverpool,Wolves,4,0,H,11,9,6,3,1843.7566842986673,1622.1576666064254,221.5990176922419
2020-12-06,2020/2021,Sheffield United,Leicester,1,2,A,4,13,1,4,1441.1934193300335,1591.6633617196599,-150.46994238962634
2020-12-06,2020/2021,West Brom,Crystal Palace,1,5,A,9,18,4,6,1432.5724221340438,1494.6872005632163,-62.114778429172475
2020-12-06,2020/2021,Tottenham,Arsenal,2,0,H,6,11,3,2,1682.6208784998812,1587.1551549812878,95.46572351859345
2020-12-07,2020/2021,Brighton,Southampton,1,2,A,12,10,4,3,1514.480577335154,1604.9293856562156,-90.4488083210615
2020-12-11,2020/2021,Leeds,West Ham,1,2,A,13,19,7,8,1521.0119582962689,1559.0870611784665,-38.0751028821976
2020-12-12,2020/2021,Wolves,Aston Villa,0,1,A,16,13,7,2,1615.172207027114,1483.157177169222,132.01502985789193
2020-12-12,2020/2021,Newcastle,West Brom,2,1,H,12,13,7,3,1536.2897116633317,1419.4028218648139,116.88688979851781
2020-12-12,2020/2021,Man United,Man City,0,0,D,11,9,2,2,1690.3550395641962,1765.061844146581,-74.70680458238485
2020-12-12,2020/2021,Everton,Chelsea,1,0,H,9,10,4,3,1558.1498727533603,1688.0257982033936,-129.87592545003326
2020-12-13,2020/2021,Southampton,Sheffield United,3,0,H,16,3,6,0,1616.8556801257344,1431.7197902787302,185.13588984700414
2020-12-13,2020/2021,Crystal Palace,Tottenham,1,1,D,16,14,5,6,1507.8568008324462,1694.3319187184513,-186.47511788600514
2020-12-13,2020/2021,Fulham,Liverpool,1,1,D,10,12,5,6,1373.9791795734188,1850.7421438779788,-476.76296430456
2020-12-13,2020/2021,Arsenal,Burnley,0,1,A,18,10,6,2,1575.4441147627176,1518.267755021252,57.1763597414656
2020-12-13,2020/2021,Leicester,Brighton,3,0,H,15,12,6,4,1601.1369907709632,1502.5542828656353,98.58270790532788
2020-12-15,2020/2021,Wolves,Chelsea,2,1,H,12,13,4,3,1593.3693071857008,1666.308640438541,-72.93933325284024
2020-12-15,2020/2021,Man City,West Brom,1,1,D,26,5,7,1,1761.673528102904,1408.5913707288853,353.0821573740186
2020-12-16,2020/2021,Liverpool,Tottenham,2,1,H,17,8,11,2,1836.6749382692624,1686.483918680838,150.1910195884243
2020-12-16,2020/2021,Fulham,Brighton,0,0,D,9,9,4,4,1388.0463851821353,1490.9761474900154,-102.92976230788008
2020-12-16,2020/2021,West Ham,Crystal Palace,1,1,D,9,8,2,2,1573.340623720405,1515.7048008700594,57.63582285034545
2020-12-16,2020/2021,Leeds,Newcastle,5,2,H,25,10,10,4,1506.7583957543304,1547.1011627992602,-40.342767044929815
2020-12-16,2020/2021,Arsenal,Southampton,1,1,D,9,13,4,3,1556.834561176519,1625.0546042064857,-68.22004302996675
2020-12-16,2020/2021,Leicester,Everton,0,2,A,14,11,2,6,1612.715126146583,1579.867030518213,32.848095628370174
2020-12-17,2020/2021,Aston Villa,Burnley,0,0,D,27,6,7,4,1504.9600770106351,1536.8773086074507,-31.917231596815554
2020-12-17,2020/2021,Sheffield United,Man United,2,3,A,12,14,6,8,1423.5208661979789,1693.7433556078734,-270.2224894098945
2020-12-19,2020/2021,Crystal Palace,Liverpool,0,7,A,5,14,3,8,1518.3349462160093,1846.1592785541266,-327.8243323381173
2020-12-19,2020/2021,Southampton,Man City,0,1,A,9,11,3,5,1621.9527169683884,1749.3801584736825,-127.42744150529415
2020-12-19,2020/2021,Everton,Arsenal,2,1,H,9,13,2,2,1597.3752500861826,1559.9364484146163,37.43880167156635
2020-12-19,2020/2021,Newcastle,Fulham,1,1,D,12,11,5,4,1529.2516146707192,1392.652502180428,136.5991124902912
2020-12-20,2020/2021,West Brom,Aston Villa,0,3,A,1,19,1,10,1420.8847403581067,1506.4257989833366,-85.54105862522988
2020-12-20,2020/2021,Man United,Leeds,6,2,H,26,17,14,3,1699.3206234224147,1524.6079438828715,174.71267953954316
2020-12-20,2020/2021,Brighton,Sheffield United,1,1,D,21,5,5,3,1486.3700304917227,1417.9435983834376,68.4264321082851
2020-12-20,2020/2021,Tottenham,Leicester,0,2,A,8,17,3,4,1676.999578395974,1595.2069065786134,81.79267181736054
2020-12-21,2020/2021,Burnley,Wolves,2,1,H,10,15,4,3,1535.4115866347493,1612.679795270787,-77.2682086360378
2020-12-21,2020/2021,Chelsea,West Ham,3,0,H,11,6,7,0,1646.9981523534548,1570.710478374455,76.28767397899969
2020-12-26,2020/2021,Leicester,Man United,2,2,D,10,9,2,4,1614.9055215488413,1707.890764552289,-92.98524300344775
2020-12-26,2020/2021,Aston Villa,Crystal Palace,3,0,H,21,13,10,6,1518.5642014094146,1514.1245621469163,4.439639262498304
2020-12-26,2020/2021,Fulham,Southampton,0,0,D,10,3,1,2,1398.6378549244891,1611.5712679179169,-212.93341299342774
2020-12-26,2020/2021,Arsenal,Chelsea,3,1,H,15,19,7,3,1545.6539264821633,1659.5403668994484,-113.88644041728503
2020-12-26,2020/2021,Man City,Newcastle,2,0,H,11,7,6,2,1759.761607524154,1523.266261926658,236.495345597496
2020-12-26,2020/2021,Sheffield United,Everton,0,1,A,10,7,2,3,1421.054631908297,1611.6577720186356,-190.60314011033847
2020-12-27,2020/2021,Liverpool,West Brom,1,1,D,17,5,2,3,1850.3696626232195,1408.7463379320286,441.6233246911909
2020-12-27,2020/2021,Wolves,Tottenham,1,1,D,11,6,6,3,1593.1789898222607,1657.300963425746,-64.12197360348523
2020-12-27,2020/2021,West Ham,Brighton,2,2,D,11,13,4,4,1558.1682638284615,1483.2589969668632,74.90926686159833
2020-12-27,2020/2021,Leeds,Burnley,1,0,H,11,14,4,6,1516.037802752997,1554.9123920832756,-38.87458933027847
2020-12-28,2020/2021,Crystal Palace,Leicester,1,1,D,4,17,1,3,1498.3290039632798,1619.0882576502509,-120.75925368697108
2020-12-28,2020/2021,Chelsea,Aston Villa,1,1,D,16,10,5,2,1638.475807377418,1534.3597595930512,104.11604778436686
2020-12-29,2020/2021,Brighton,Arsenal,0,1,A,13,11,2,3,1486.6562175070899,1566.7184860041937,-80.06226849710379
2020-12-29,2020/2021,Burnley,Sheffield United,1,0,H,5,7,3,3,1537.129584767736,1413.046154420702,124.08343034703421
2020-12-29,2020/2021,Southampton,West Ham,0,0,D,8,8,3,3,1602.8329422761058,1554.7710432882348,48.06189898787102
2020-12-29,2020/2021,West Brom,Leeds,0,5,A,4,14,1,6,1422.4118405103618,1533.8206100685366,-111.40876955817475
2020-12-29,2020/2021,Man United,Wolves,1,0,H,11,9,3,5,1703.7080284508795,1596.0988392790632,107.6091891718163
2020-12-30,2020/2021,Newcastle,Liverpool,0,0,D,8,11,2,4,1516.7377290381012,1836.7041600448863,-319.9664310067851
2021-01-01,2020/2021,Everton,West Ham,0,1,A,10,11,2,5,1619.6662495062308,1556.9703645906739,62.69588491555692
2021-01-01,2020/2021,Man United,Aston Villa,2,1,H,19,5,9,5,1714.9050505404655,1539.0159300952398,175.88912044522567
2021-01-02,2020/2021,Tottenham,Leeds,3,0,H,20,18,7,5,1654.3811139689435,1544.858949761463,109.5221642074805
2021-01-02,2020/2021,Crystal Palace,Sheffield United,2,0,H,9,7,4,2,1503.6765474048655,1402.529244183443,101.14730322142236
2021-01-02,2020/2021,Brighton,Wolves,3,3,D,13,11,4,4,1474.2793163929837,1584.9018171894772,-110.62250079649357
2021-01-02,2020/2021,West Brom,Arsenal,0,4,A,7,21,3,12,1411.3735008174356,1579.0953871182999,-167.7218863008643
2021-01-03,2020/2021,Newcastle,Leicester,1,2,A,8,9,2,3,1528.3591783211227,1613.7407142086652,-85.38153588754244
2021-01-03,2020/2021,Chelsea,Man City,1,3,A,9,18,2,6,1633.8196368752294,1766.2901404127108,-132.47050353748136
2021-01-04,2020/2021,Southampton,Liverpool,1,0,H,7,17,3,1,1600.6336209736667,1825.0827107618647,-224.44908978819808
2021-01-12,2020/2021,Sheffield United,Newcastle,1,0,H,17,7,4,3,1391.059968136162,1516.2138567549941,-125.15388861883207
2021-01-12,2020/2021,Burnley,Man United,0,1,A,11,13,0,7,1547.646495004995,1723.4327639705512,-175.78626896555625
2021-01-12,2020/2021,Wolves,Everton,1,2,A,12,5,3,3,1579.972906808211,1600.8099339711657,-20.837027162954655
2021-01-13,2020/2021,Man City,Brighton,1,0,H,16,5,6,1,1776.46903294798,1479.2082267742499,297.2608061737301
2021-01-13,2020/2021,Tottenham,Fulham,1,1,D,15,15,6,4,1665.4981118357296,1407.3761805663003,258.1219312694293
2021-01-14,2020/2021,Arsenal,Crystal Palace,0,0,D,11,12,4,2,1587.9203917245852,1515.1458234521465,72.77456827243873
2021-01-16,2020/2021,Wolves,West Brom,2,3,A,23,12,6,5,1564.9313385329338,1402.5484962111502,162.38284232178353
2021-01-16,2020/2021,Leeds,Brighton,0,1,A,7,7,2,2,1533.741951894677,1474.3118451603525,59.430106734324454
2021-01-16,2020/2021,West Ham,Burnley,1,0,H,15,10,4,2,1575.826680125739,1539.115077631925,36.71160249381387
2021-01-16,2020/2021,Fulham,Chelsea,0,1,A,10,21,3,6,1417.470819418318,1623.6407443399603,-206.1699249216424
2021-01-16,2020/2021,Leicester,Southampton,2,0,H,16,8,5,3,1625.8860357747938,1625.737335099214,0.1487006755796756
2021-01-17,2020/2021,Sheffield United,Tottenham,1,3,A,15,14,5,5,1412.5865189967471,1655.403472983712,-242.8169539869648
2021-01-17,2020/2021,Liverpool,Man United,0,0,D,17,8,3,4,1799.9789966363173,1731.964181343621,68.01481529269631
2021-01-17,2020/2021,Man City,Crystal Palace,4,0,H,13,2,6,0,1781.3654145618773,1518.4490479462308,262.91636661564644
2021-01-18,2020/2021,Arsenal,Newcastle,3,0,H,20,4,6,1,1584.6171672305009,1494.687305894409,89.92986133609179
2021-01-19,2020/2021,West Ham,West Brom,2,1,H,14,6,6,2,1590.142312338115,1425.52571608455,164.61659625356515
2021-01-19,2020/2021,Leicester,Chelsea,2,0,H,8,9,6,5,1641.8791878560337,1631.123305671465,10.75588218456869
2021-01-20,2020/2021,Fulham,Man United,1,2,A,12,15,5,5,1409.9882580868132,1735.056971671498,-325.06871358468493
2021-01-20,2020/2021,Man City,Aston Villa,2,0,H,28,11,9,4,1787.1390262405596,1530.4882166651541,256.65080957540545
2021-01-21,2020/2021,Liverpool,Burnley,0,1,A,27,6,6,4,1796.8862063084403,1524.7994454195489,272.0867608888914
2021-01-23,2020/2021,Aston Villa,Newcastle,2,0,H,14,7,5,1,1524.541966072449,1482.7386537489606,41.8033123234884
2021-01-26,2020/2021,West Brom,Man City,0,5,A,4,18,1,7,1416.5860084102821,1793.0852768332647,-376.4992684229826
2021-01-26,2020/2021,Southampton,Arsenal,1,3,A,13,9,5,5,1609.7441830179741,1596.5658193759493,13.178363642024806
2021-01-26,2020/2021,Crystal Palace,West Ham,2,3,A,6,17,3,7,1512.6754362675485,1599.0820200123828,-86.40658374483428
2021-01-26,2020/2021,Newcastle,Leeds,1,2,A,22,9,5,2,1468.6545310730771,1515.0314784637235,-46.376947390646365
2021-01-27,2020/2021,Burnley,Aston Villa,3,2,H,10,18,5,10,1551.2714262809268,1538.6260887483324,12.64533753259434
2021-01-27,2020/2021,Man United,Sheffield United,1,2,A,16,5,4,3,1739.3256956157334,1406.245055501567,333.0806401141663
2021-01-27,2020/2021,Brighton,Fulham,0,0,D,16,10,5,3,1493.022318591306,1405.719534142578,87.30278444872806
2021-01-27,2020/2021,Chelsea,Wolves,0,0,D,14,4,5,0,1615.618474172557,1541.954118659534,73.66435551302288
2021-01-27,2020/2021,Everton,Leicester,1,1,D,8,19,2,6,1615.851502246443,1657.3840193549418,-41.53251710849872
2021-01-28,2020/2021,Tottenham,Liverpool,1,3,A,3,14,2,7,1661.744936478892,1770.4142254470623,-108.66928896817035
2021-01-30,2020/2021,Southampton,Aston Villa,0,1,A,20,8,5,4,1593.1375878222377,1523.2081710599757,69.92941676226201
2021-01-30,2020/2021,West Brom,Fulham,2,2,D,5,12,3,7,1413.2987999442591,1409.6574423161433,3.641357628115884
2021-01-30,2020/2021,Arsenal,Man United,0,0,D,17,14,3,3,1613.1724145716857,1711.4266731182847,-98.25425854659898
2021-01-30,2020/2021,Crystal Palace,Wolves,1,0,H,11,6,2,4,1500.5745483419616,1545.296552055964,-44.72200371400231
2021-01-30,2020/2021,Everton,Newcastle,0,2,A,11,13,3,3,1617.7550866512677,1454.777673424668,162.97741322659977
2021-01-30,2020/2021,Man City,Sheffield United,1,0,H,10,4,5,1,1796.3724852992877,1434.1440779990157,362.228407300272
2021-01-31,2020/2021,Chelsea,Burnley,2,0,H,19,1,8,0,1612.276040776127,1566.6893439692835,45.58669680684352
2021-01-31,2020/2021,Leicester,Leeds,1,3,A,18,8,8,7,1655.4804349501171,1528.9083361121327,126.57209883798441
2021-01-31,2020/2021,West Ham,Liverpool,1,3,A,8,14,2,5,1611.1829079379697,1781.566868122529,-170.38396018455933
2021-01-31,2020/2021,Brighton,Tottenham,1,0,H,16,8,5,4,1489.0844104177406,1650.5922938034253,-161.50788338568464
2021-02-02,2020/2021,Sheffield United,West Brom,2,1,H,14,8,6,4,1430.606537594903,1413.1311153680983,17.475422226804767
2021-02-02,2020/2021,Wolves,Arsenal,2,1,H,11,9,7,3,1527.2483274806889,1617.5803051714356,-90.33197769074673
2021-02-02,2020/2021,Man United,Southampton,9,0,H,24,3,14,1,1707.0187825185349,1573.9600124765097,133.05877004202512
2021-02-02,2020/2021,Newcastle,Crystal Palace,1,2,A,21,6,5,3,1477.777050903587,1518.6227729172367,-40.84572201364972
2021-02-03,2020/2021,Liverpool,Brighton,0,1,A,11,13,1,4,1790.2942699251503,1512.0289634211974,278.26530650395284
2021-02-03,2020/2021,Aston Villa,West Ham,1,3,A,9,20,2,10,1542.3857464057037,1602.4555061353485,-60.06975972964483
2021-02-03,2020/2021,Burnley,Man City,0,2,A,2,17,0,6,1552.7767240136948,1799.9100257034004,-247.1333016897056
2021-02-03,2020/2021,Fulham,Leicester,0,2,A,8,9,1,5,1409.825126892304,1633.8964465006568,-224.07131960835272
2021-02-03,2020/2021,Leeds,Everton,1,2,A,16,10,7,6,1550.492324561593,1594.7557091723486,-44.263384610755566
2021-02-04,2020/2021,Tottenham,Chelsea,0,1,A,7,18,2,2,1627.6477407999685,1626.1886607317158,1.4590800682526606
2021-02-06,2020/2021,Fulham,West Ham,0,0,D,20,8,2,1,1402.9170688831923,1615.716429906087,-212.79936102289457
2021-02-06,2020/2021,Newcastle,Southampton,3,2,H,6,14,4,5,1463.6494476210682,1563.8046102808948,-100.1551626598266
2021-02-06,2020/2021,Man United,Everton,3,3,D,14,6,5,3,1717.1741847141498,1608.7282621771224,108.4459225370274
2021-02-06,2020/2021,Burnley,Brighton,1,1,D,20,10,7,2,1546.5606544431732,1538.6617039431346,7.898950500038609
2021-02-06,2020/2021,Aston Villa,Arsenal,1,0,H,12,14,8,3,1529.1248226349653,1597.5116315488551,-68.38680891388981
2021-02-07,2020/2021,Sheffield United,Chelsea,1,2,A,8,9,3,3,1445.8024426448828,1642.2558534569969,-196.45341081211404
2021-02-07,2020/2021,Liverpool,Man City,1,4,A,8,8,3,5,1763.661529403213,1806.126095273922,-42.46456587070884
2021-02-07,2020/2021,Wolves,Leicester,0,0,D,13,13,1,3,1547.3170011032694,1640.8045045097685,-93.48750340649917
2021-02-07,2020/2021,Tottenham,West Brom,2,0,H,13,4,6,1,1611.5805480746874,1397.9352103181186,213.64533775656878
2021-02-08,2020/2021,Leeds,Crystal Palace,2,0,H,17,8,7,3,1536.5197715568193,1532.7503761997555,3.769395357063786
2021-02-13,2020/2021,Leicester,Liverpool,3,1,H,11,15,6,4,1636.6002273400727,1749.6074150779166,-113.00718773784388
2021-02-13,2020/2021,Crystal Palace,Burnley,0,3,A,13,16,3,4,1516.9239564605648,1546.196956990293,-29.27300052972828
2021-02-13,2020/2021,Man City,Tottenham,3,0,H,15,7,6,3,1820.1802095992184,1618.8192418766273,201.3609677225911
2021-02-13,2020/2021,Brighton,Aston Villa,0,0,D,26,4,9,1,1539.0254013960148,1548.234100391939,-9.208698995924124
2021-02-14,2020/2021,Everton,Fulham,0,2,A,7,12,2,3,1613.5662754127982,1411.6510616366763,201.91521377612185
2021-02-14,2020/2021,Arsenal,Leeds,4,2,H,13,9,5,5,1578.4023537918815,1552.34619129601,26.056162495871604
2021-02-14,2020/2021,Southampton,Wolves,1,2,A,7,10,3,4,1543.31594633464,1551.5212782729652,-8.205331938325116
2021-02-14,2020/2021,West Brom,Man United,1,1,D,7,10,3,7,1390.6965165161787,1712.336171478474,-321.63965496229525
2021-02-15,2020/2021,West Ham,Sheffield United,3,0,H,13,8,9,5,1606.9824371526029,1437.9944638191064,168.98797333349648
2021-02-15,2020/2021,Chelsea,Newcastle,2,0,H,18,10,5,4,1650.0638322827733,1484.138111567323,165.92572071545032
2021-02-17,2020/2021,Burnley,Fulham,1,1,D,8,8,3,3,1560.8520663690622,1436.0271750459337,124.82489132312844
2021-02-17,2020/2021,Everton,Man City,1,3,A,3,16,2,7,1589.1901620035408,1827.822640543148,-238.6324785396073
2021-02-19,2020/2021,Wolves,Leeds,1,0,H,15,18,5,7,1567.1434790101166,1537.5438773626252,29.599601647491454
2021-02-20,2020/2021,Fulham,Sheffield United,1,0,H,15,4,7,2,1441.5403782762942,1429.215963483347,12.32441479294721
2021-02-20,2020/2021,Liverpool,Everton,0,2,A,15,9,6,6,1728.5793187900927,1582.7253266812838,145.85399210880882
2021-02-20,2020/2021,Southampton,Chelsea,1,1,D,4,9,1,3,1527.6937455974887,1658.9550723880616,-131.26132679057287
2021-02-20,2020/2021,Burnley,West Brom,0,0,D,6,10,1,3,1555.3388631387018,1402.3542415810302,152.98462155767152
2021-02-21,2020/2021,West Ham,Tottenham,2,1,H,4,20,4,4,1615.7609374883623,1611.1768109326977,4.584126555664625
2021-02-21,2020/2021,Aston Villa,Leicester,1,2,A,11,16,2,7,1547.8101234082615,1657.6283236278966,-109.81820021963517
2021-02-21,2020/2021,Arsenal,Man City,0,1,A,7,15,1,3,1593.2046677252663,1834.287475865405,-241.0828081401387
2021-02-21,2020/2021,Man United,Newcastle,3,1,H,15,10,7,6,1700.6784464136224,1475.2468714620347,225.43157495158766
2021-02-22,2020/2021,Brighton,Crystal Palace,1,2,A,25,3,5,2,1539.4493783796922,1502.2688470817957,37.18053129789655
2021-02-23,2020/2021,Leeds,Southampton,3,0,H,11,13,7,5,1522.90370107009,1533.4664780243208,-10.562776954230912
2021-02-27,2020/2021,Newcastle,Wolves,1,1,D,19,14,7,4,1468.3811337852267,1581.7836553026518,-113.40252151742516
2021-02-27,2020/2021,Leeds,Aston Villa,0,1,A,13,9,3,4,1539.3899851121555,1536.7054855194244,2.684499592731072
2021-02-27,2020/2021,Man City,West Ham,2,1,H,10,9,3,3,1840.6798512969958,1631.549842908349,209.13000838864673
2021-02-27,2020/2021,West Brom,Brighton,1,0,H,6,15,2,6,1408.976864154975,1521.7436579935754,-112.7667938386005
2021-02-28,2020/2021,Sheffield United,Liverpool,0,2,A,8,16,2,8,1413.7832858251459,1706.2311072264745,-292.4478214013286
2021-02-28,2020/2021,Leicester,Arsenal,1,3,A,8,12,3,4,1668.7329615167337,1586.8122922936755,81.92066922305821
2021-02-28,2020/2021,Crystal Palace,Fulham,0,0,D,3,16,0,4,1519.9745674679125,1456.9730559344953,63.001511533417215
2021-02-28,2020/2021,Chelsea,Man United,0,0,D,18,11,6,4,1653.1823399612294,1707.5441840904305,-54.36184412920102
2021-02-28,2020/2021,Tottenham,Burnley,4,0,H,16,10,7,3,1595.3879055127109,1548.716240564757,46.671664947953786
2021-03-01,2020/2021,Everton,Southampton,1,0,H,7,9,1,1,1605.073538244902,1516.9801939822553,88.09334426264672
2021-03-02,2020/2021,Man City,Wolves,4,1,H,22,6,10,1,1848.065169406794,1576.7391570402817,271.32601236651226
2021-03-03,2020/2021,Burnley,Leicester,1,1,D,12,15,7,4,1534.852714672965,1649.028767505077,-114.17605283211196
2021-03-03,2020/2021,Sheffield United,Aston Villa,1,0,H,9,16,2,4,1408.770895658398,1552.8291088341964,-144.0582131757983
2021-03-03,2020/2021,Crystal Palace,Man United,0,0,D,8,11,2,1,1517.1046279982875,1705.060960086004,-187.95633208771642
2021-03-04,2020/2021,Liverpool,Chelsea,0,1,A,7,11,1,5,1711.2434973932222,1655.665563965656,55.57793342756622
2021-03-04,2020/2021,Fulham,Tottenham,0,1,A,11,9,3,2,1459.8429954041203,1609.251431404503,-149.4084360003826
2021-03-04,2020/2021,West Brom,Everton,0,1,A,11,11,3,3,1429.9949810187306,1617.1014479682826,-187.106466949552
2021-03-06,2020/2021,Aston Villa,Wolves,0,0,D,9,10,1,2,1530.5507200000745,1571.191082796099,-40.64036279602442
2021-03-06,2020/2021,Brighton,Leicester,1,2,A,7,8,2,4,1500.7255411298197,1643.9522103139125,-143.22666918409277
2021-03-06,2020/2021,Burnley,Arsenal,1,1,D,9,15,5,3,1539.9292718641295,1606.5164863053321,-66.5872144412026
2021-03-06,2020/2021,Sheffield United,Southampton,0,2,A,8,15,2,5,1431.04928449252,1504.9522842588747,-73.9029997663547
2021-03-07,2020/2021,Tottenham,Crystal Palace,4,1,H,12,5,5,1,1618.7658619583237,1525.004320813922,93.76154114440169
2021-03-07,2020/2021,Man City,Man United,0,2,A,23,8,6,6,1853.6132436509768,1697.1612672703693,156.45197638060745
2021-03-07,2020/2021,Liverpool,Fulham,0,1,A,16,10,3,3,1692.705649275892,1450.3285648502995,242.37708442559256
2021-03-07,2020/2021,West Brom,Newcastle,0,0,D,13,9,3,5,1421.865040979298,1473.4256320475968,-51.56059106829866
2021-03-08,2020/2021,Chelsea,Everton,2,0,H,19,7,9,1,1674.2034120829862,1625.2313880077152,48.972024075271065
2021-03-08,2020/2021,West Ham,Leeds,2,0,H,16,17,5,2,1624.164524798551,1523.2663617973835,100.8981630011674
2021-03-10,2020/2021,Man City,Southampton,5,2,H,17,11,10,6,1830.8588489048548,1517.5993420013688,313.259506903486
2021-03-12,2020/2021,Newcastle,Aston Villa,1,1,D,12,15,3,6,1471.0684581659373,1532.413788445627,-61.34533027968973
2021-03-13,2020/2021,Leeds,Chelsea,0,0,D,7,15,4,8,1511.786530270926,1687.9629847919216,-176.17645452099555
2021-03-13,2020/2021,Crystal Palace,West Brom,1,0,H,6,12,4,1,1513.2203440886221,1424.2222148609576,88.99812922766455
2021-03-13,2020/2021,Everton,Burnley,1,2,A,14,14,4,5,1611.4718152987798,1542.9587252750227,68.51309002375706
2021-03-13,2020/2021,Fulham,Man City,0,3,A,3,8,0,7,1475.9742164027884,1835.385373048753,-359.41115664596464
2021-03-14,2020/2021,Southampton,Brighton,1,2,A,9,8,4,6,1513.0728178574705,1490.9715019606476,22.101315896822825
2021-03-14,2020/2021,Man United,West Ham,1,0,H,15,7,4,0,1719.9156620164913,1635.6443563250086,84.27130569148267
2021-03-14,2020/2021,Arsenal,Tottenham,2,1,H,13,6,3,3,1603.487032894439,1630.5498386836236,-27.062805789184722
2021-03-14,2020/2021,Leicester,Sheffield United,5,0,H,19,1,10,0,1653.7062494830845,1418.4022267500259,235.30402273305867
2021-03-15,2020/2021,Wolves,Liverpool,0,1,A,10,12,5,4,1569.3280143505465,1667.059997723403,-97.73198337285658
2021-03-19,2020/2021,Fulham,Leeds,1,2,A,13,13,6,4,1472.385325209516,1519.2691590435184,-46.88383383400242
2021-03-20,2020/2021,Brighton,Newcastle,3,0,H,11,3,6,1,1507.9879345170045,1473.8645189730414,34.12341554396312
2021-03-21,2020/2021,West Ham,Arsenal,3,3,D,15,16,5,7,1623.4508373577278,1620.7308067162558,2.7200306414720217
2021-03-21,2020/2021,Aston Villa,Tottenham,0,2,A,8,9,1,3,1529.6177276385229,1613.3060648618068,-83.68833722328395
2021-04-03,2020/2021,Arsenal,Liverpool,0,3,A,3,16,2,7,1620.8560661973106,1678.6743425393918,-57.81827634208116
2021-04-03,2020/2021,Leicester,Man City,0,2,A,5,11,2,4,1660.2704920116737,1838.9742642420256,-178.7037722303519
2021-04-03,2020/2021,Leeds,Sheffield United,2,1,H,23,9,8,1,1533.1230891945336,1411.8379842214367,121.28510497309685
2021-04-03,2020/2021,Chelsea,West Brom,2,5,A,18,14,8,7,1680.4803560193293,1412.2333787092714,268.2469773100579
2021-04-04,2020/2021,Southampton,Burnley,3,2,H,24,7,9,5,1496.0563853011136,1562.073598480971,-66.01721317985744
2021-04-04,2020/2021,Newcastle,Tottenham,2,2,D,22,11,6,5,1459.4309269384055,1625.5249211186992,-166.09399418029375
2021-04-04,2020/2021,Aston Villa,Fulham,3,1,H,14,15,4,7,1517.3988713816304,1458.5313950585007,58.86747632312972
2021-04-04,2020/2021,Man United,Brighton,2,1,H,15,5,7,3,1732.1091809837721,1522.4215265516405,209.6876544321317
2021-04-05,2020/2021,Everton,Crystal Palace,1,1,D,15,13,7,6,1592.3569420928316,1525.2091802403083,67.14776185252322
2021-04-05,2020/2021,Wolves,West Ham,2,3,A,20,9,5,6,1557.7136695345578,1623.325577876673,-65.61190834211516
2021-04-09,2020/2021,Fulham,Wolves,0,1,A,14,7,3,3,1445.2166950831725,1544.6997957076467,-99.48310062447422
2021-04-10,2020/2021,Crystal Palace,Chelsea,1,4,A,1,23,1,10,1528.2635147547014,1654.1101882126493,-125.84667345794787
2021-04-10,2020/2021,Liverpool,Aston Villa,2,1,H,23,9,10,5,1692.0360226539087,1530.7135713569587,161.32245129695002
2021-04-10,2020/2021,Man City,Leeds,1,2,A,29,2,7,2,1847.401013123317,1543.754045361207,303.64696776210985
2021-04-11,2020/2021,Burnley,Newcastle,1,2,A,24,10,4,5,1543.069461395215,1466.5459050641891,76.52355633102593
2021-04-11,2020/2021,West Ham,Leicester,3,2,H,4,15,4,5,1636.339451703584,1651.8437431303823,-15.504291426798318
2021-04-11,2020/2021,Tottenham,Man United,1,3,A,12,12,3,7,1618.4099429929156,1739.4762789304953,-121.06633593757965
2021-04-11,2020/2021,Sheffield United,Arsenal,0,3,A,7,14,2,5,1401.2070280547632,1607.4943860827937,-206.28735802803044
2021-04-12,2020/2021,West Brom,Southampton,3,0,H,15,14,6,4,1438.6035465159514,1515.0605223868695,-76.45697587091809
2021-04-12,2020/2021,Brighton,Everton,0,0,D,23,8,3,1,1515.0544286049173,1589.3026075784385,-74.24817897352114
2021-04-16,2020/2021,Everton,Tottenham,2,2,D,18,12,7,3,1585.9344704751893,1607.7700447018908,-21.83557422670151
2021-04-17,2020/2021,Wolves,Sheffield United,1,0,H,10,8,5,2,1556.2396609652544,1393.7283414715785,162.51131949367596
2021-04-17,2020/2021,Newcastle,West Ham,3,2,H,16,16,8,6,1486.0140444433528,1653.0529771381516,-167.03893269479886
2021-04-18,2020/2021,Arsenal,Fulham,1,1,D,18,3,5,1,1614.9730726659784,1433.6768298255647,181.2962428404137
2021-04-18,2020/2021,Man United,Burnley,3,1,H,17,10,9,3,1750.11617722152,1523.6013220160514,226.51485520546862
2021-04-19,2020/2021,Leeds,Liverpool,1,1,D,12,17,5,7,1571.0081840541543,1701.098402003608,-130.09021794945374
2021-04-20,2020/2021,Chelsea,Brighton,0,0,D,7,11,4,2,1664.5555591896723,1518.4225657081665,146.13299348150576
2021-04-21,2020/2021,Tottenham,Southampton,2,1,H,12,10,3,5,1606.7658012034615,1495.595305211827,111.17049599163443
2021-04-21,2020/2021,Aston Villa,Man City,1,2,A,8,13,3,3,1521.6511920072594,1820.1468744303697,-298.49568242311034
2021-04-22,2020/2021,Leicester,West Brom,3,0,H,17,4,7,1,1635.1302176958147,1458.0687636909938,177.06145400482092
2021-04-23,2020/2021,Arsenal,Everton,0,1,A,14,8,3,1,1607.3075091765904,1586.9387139736186,20.368795202971796
2021-04-24,2020/2021,Sheffield United,Brighton,1,0,H,7,17,3,4,1384.7103520507092,1524.7815996867903,-140.07124763608113
2021-04-24,2020/2021,Liverpool,Newcastle,1,1,D,22,7,9,4,1695.3726376096186,1509.1638912288602,186.20874638075838
2021-04-24,2020/2021,West Ham,Chelsea,0,1,A,9,17,2,6,1629.9031303526442,1658.1965252110485,-28.293394858404326
2021-04-25,2020/2021,Wolves,Burnley,0,4,A,12,14,2,7,1565.2576503861237,1516.769152390803,48.48849799532081
2021-04-25,2020/2021,Leeds,Man United,0,0,D,6,16,3,4,1576.7339484481438,1756.9483468467686,-180.21439839862478
2021-04-25,2020/2021,Aston Villa,West Brom,2,2,D,24,10,11,4,1516.7842180193038,1449.5831965585608,67.20102146074305
2021-04-26,2020/2021,Leicester,Crystal Palace,2,1,H,13,4,5,2,1643.6157848282478,1517.8181437776784,125.79764105056938
2021-04-30,2020/2021,Southampton,Leicester,1,1,D,5,23,3,9,1484.547045709634,1654.0631417841832,-169.5160960745493
2021-05-01,2020/2021,Chelsea,Fulham,2,0,H,9,10,5,3,1672.8964388620427,1441.3423933149527,231.55404554709003
2021-05-01,2020/2021,Everton,Aston Villa,1,2,A,16,13,3,5,1603.875658471038,1513.7275202577732,90.1481382132647
2021-05-01,2020/2021,Crystal Palace,Man City,0,2,A,9,20,4,3,1507.370786821743,1825.0138484183253,-317.64306159658236
2021-05-01,2020/2021,Brighton,Leeds,2,0,H,17,11,5,2,1502.6592419265933,1584.3610695286145,-81.70182760202124
2021-05-02,2020/2021,Newcastle,Arsenal,0,2,A,5,19,1,5,1517.002572189879,1590.3705646791711,-73.36799248929219
2021-05-02,2020/2021,Tottenham,Sheffield United,4,0,H,20,8,11,1,1617.8140607056546,1406.8327098109062,210.9813508947484
2021-05-03,2020/2021,West Brom,Wolves,1,1,D,10,20,4,10,1452.6398943200913,1547.039057931286,-94.39916361119458
2021-05-03,2020/2021,Burnley,West Ham,1,2,A,8,22,3,4,1534.9877448456407,1615.20321670165,-80.21547185600934
2021-05-07,2020/2021,Leicester,Newcastle,2,4,A,25,14,9,6,1646.8222889106603,1504.3319508423733,142.49033806828697
2021-05-08,2020/2021,Man City,Chelsea,1,2,A,16,12,4,5,1829.4431927258788,1679.5740309580726,149.8691617678062
2021-05-08,2020/2021,Liverpool,Southampton,2,0,H,14,12,6,6,1687.5339566485998,1491.787898583157,195.74605806544287
2021-05-08,2020/2021,Leeds,Tottenham,3,1,H,16,11,7,3,1564.6664147750007,1625.139010700253,-60.472595925252335
2021-05-08,2020/2021,Sheffield United,Crystal Palace,0,2,A,7,21,0,8,1399.5077598163077,1502.9414425141895,-103.43368269788175
2021-05-09,2020/2021,Wolves,Brighton,2,1,H,16,5,6,3,1542.7957230982618,1522.353896680207,20.44182641805469
2021-05-09,2020/2021,Aston Villa,Man United,1,3,A,11,18,5,7,1533.788274151892,1749.3212257662979,-215.53295161440587
2021-05-09,2020/2021,West Ham,Everton,0,1,A,11,9,0,3,1627.5734249805962,1583.8149045769192,43.75852040367704
2021-05-09,2020/2021,Arsenal,West Brom,3,1,H,15,12,7,1,1603.0411860266768,1456.8832291531155,146.15795687356126
2021-05-10,2020/2021,Fulham,Burnley,0,2,A,21,14,3,5,1434.6648012189228,1522.6175365666945,-87.95273534777175
2021-05-11,2020/2021,Man United,Leicester,1,2,A,4,12,1,3,1756.4992377951137,1624.6050936732715,131.89414412184215
2021-05-11,2020/2021,Southampton,Crystal Palace,3,1,H,13,11,6,4,1483.9558592441745,1514.3140512803368,-30.358192036162336
2021-05-12,2020/2021,Chelsea,Arsenal,0,1,A,19,5,5,2,1702.0773219368373,1612.6811840588744,89.39613787796293
2021-05-13,2020/2021,Aston Villa,Everton,0,0,D,13,15,2,5,1526.6102621230762,1601.819470837559,-75.20920871448288
2021-05-13,2020/2021,Man United,Liverpool,2,4,A,18,17,3,8,1734.7011732880835,1695.3659959875822,39.3351773005013
2021-05-14,2020/2021,Newcastle,Man City,3,4,A,11,15,5,6,1526.549146079762,1806.9399017471142,-280.3907556673521
2021-05-15,2020/2021,Burnley,Leeds,0,4,A,16,16,4,6,1534.6515231030194,1583.4234950361,-48.77197193308052
2021-05-15,2020/2021,Brighton,West Ham,1,1,D,10,15,2,3,1507.294192815073,1609.5688587199563,-102.27466590488325
2021-05-15,2020/2021,Southampton,Fulham,3,1,H,11,10,7,3,1501.3503585049345,1422.630814682598,78.71954382233662
2021-05-16,2020/2021,Crystal Palace,Aston Villa,3,2,H,23,19,8,5,1496.9195520195767,1530.0206703591296,-33.10111833955284
2021-05-16,2020/2021,Tottenham,Wolves,2,0,H,24,15,13,3,1606.3819304391538,1557.8554269633958,48.52650347575809
2021-05-16,2020/2021,West Brom,Liverpool,1,2,A,10,26,3,6,1447.243231120918,1713.1697477107057,-265.92651658978775
2021-05-16,2020/2021,Everton,Sheffield United,0,1,A,16,10,6,3,1598.4090626015056,1388.1351510501604,210.27391155134524
2021-05-18,2020/2021,Man United,Fulham,1,1,D,13,8,6,5,1716.89742156496,1410.1951984057202,306.7022231592398
2021-05-18,2020/2021,Southampton,Leeds,0,2,A,18,15,3,7,1513.7859747818122,1597.1921005753031,-83.4061257934909
2021-05-18,2020/2021,Brighton,Man City,3,2,H,19,8,6,4,1511.8726267505494,1812.2527288231306,-300.38010207258117
2021-05-18,2020/2021,Chelsea,Leicester,2,1,H,17,7,6,3,1682.0489860163127,1646.4031581803017,35.645827836010994
2021-05-19,2020/2021,West Brom,West Ham,1,3,A,14,21,4,9,1441.5511594633858,1604.99042478448,-163.43926532109413
2021-05-19,2020/2021,Burnley,Liverpool,0,3,A,10,20,4,3,1520.8829175638161,1718.8618193682378,-197.97890180442164
2021-05-19,2020/2021,Crystal Palace,Arsenal,1,3,A,12,6,6,3,1514.4393193825163,1632.709519979399,-118.27020059688266
2021-05-19,2020/2021,Everton,Wolves,1,0,H,14,9,4,3,1573.7570395640487,1544.0757359575443,29.681303606504343
2021-05-19,2020/2021,Newcastle,Sheffield United,1,0,H,16,11,5,1,1521.2363190037456,1412.7871740876174,108.44914491612826
2021-05-19,2020/2021,Tottenham,Aston Villa,1,2,A,10,20,4,4,1620.1616214450053,1512.50090299619,107.66071844881526
2021-05-23,2020/2021,Sheffield United,Burnley,1,0,H,12,10,3,3,1401.6253221509373,1513.1266575025834,-111.50133535164605
2021-05-23,2020/2021,Wolves,Man United,1,2,A,14,9,4,4,1529.4392949274277,1705.5726329608542,-176.13333803342653
2021-05-23,2020/2021,West Ham,Southampton,3,0,H,14,17,7,5,1613.9738585462362,1501.5548456713955,112.41901287484075
2021-05-23,2020/2021,Man City,Everton,5,0,H,21,8,11,3,1785.0751063461378,1588.3934805941653,196.68162575197243
2021-05-23,2020/2021,Liverpool,Crystal Palace,2,0,H,19,5,5,4,1726.6180794294705,1503.6847991437194,222.93328028575115
2021-05-23,2020/2021,Leeds,West Brom,3,1,H,17,14,9,5,1609.42322968572,1432.5677257016296,176.85550398409032
2021-05-23,2020/2021,Fulham,Newcastle,0,2,A,14,10,0,4,1421.519987009826,1532.3981709404256,-110.87818393059956
2021-05-23,2020/2021,Aston Villa,Chelsea,2,1,H,6,23,3,7,1533.3060399853027,1696.4131705597388,-163.10713057443604
2021-05-23,2020/2021,Arsenal,Brighton,2,0,H,16,5,5,1,1643.4640402181958,1539.0502492275423,104.41379099065352
2021-05-23,2020/2021,Leicester,Tottenham,2,4,A,10,11,6,4,1632.0389736368757,1599.3564844558925,32.68248918098311
2021-08-13,2021/2022,Brentford,Arsenal,2,0,H,8,22,3,4,1500.0,1654.7953224623159,-154.79532246231588
2021-08-14,2021/2022,Chelsea,Crystal Palace,3,0,H,13,4,6,1,1673.4089633662888,1496.7411894001282,176.66777396616067
2021-08-14,2021/2022,Man United,Leeds,5,1,H,16,10,8,3,1714.0915555982594,1617.9161912330237,96.17536436523574
2021-08-14,2021/2022,Watford,Aston Villa,3,2,H,13,11,7,2,1460.0112123514073,1556.3102471787527,-96.2990348273454
2021-08-14,2021/2022,Everton,Southampton,3,1,H,14,6,6,3,1580.5932537810922,1490.558517507867,90.03473627322523
2021-08-14,2021/2022,Burnley,Brighton,1,2,A,14,14,3,8,1492.1611446321413,1527.7189669834222,-35.55782235128095
2021-08-14,2021/2022,Leicester,Wolves,1,0,H,9,17,5,3,1614.5383131006715,1520.9203722900224,93.61794081064909
2021-08-14,2021/2022,Norwich,Liverpool,0,3,A,14,19,3,8,1331.3394952852561,1733.5616891730617,-402.2221938878056
2021-08-15,2021/2022,Newcastle,West Ham,2,4,A,17,8,3,9,1543.458605735622,1624.9701867097647,-81.51158097414259
2021-08-15,2021/2022,Tottenham,Man City,1,0,H,13,18,3,4,1616.8571449920967,1792.8753331592109,-176.0181881671142
2021-08-21,2021/2022,Leeds,Everton,2,2,D,17,17,4,8,1606.2354662716161,1592.537386256651,13.698080014965171
2021-08-21,2021/2022,Brighton,Watford,2,0,H,13,10,3,1,1542.0871620702255,1480.3357670743833,61.75139499584225
2021-08-21,2021/2022,Man City,Norwich,5,0,H,16,1,4,0,1769.3983999816746,1328.4640578259903,440.93434215568436
2021-08-21,2021/2022,Crystal Palace,Brentford,0,0,D,7,14,2,3,1488.2414840232093,1522.691573011477,-34.45008898826768
2021-08-21,2021/2022,Aston Villa,Newcastle,2,0,H,10,9,2,1,1535.9856924557766,1531.1449654253424,4.840727030434209
2021-08-21,2021/2022,Liverpool,Burnley,2,0,H,27,9,9,3,1736.4371266323276,1477.792949545338,258.64417708698966
2021-08-22,2021/2022,Arsenal,Chelsea,0,2,A,6,22,3,5,1632.103749450839,1681.9086687432077,-49.80491929236882
2021-08-22,2021/2022,Southampton,Man United,1,1,D,8,15,3,4,1478.6143850323083,1725.772280559667,-247.15789552735873
2021-08-22,2021/2022,Wolves,Tottenham,0,1,A,25,8,6,6,1509.1302410183291,1640.334078169633,-131.2038371513038
2021-08-23,2021/2022,West Ham,Leicester,4,1,H,13,5,7,1,1637.2838270200443,1626.3284443723649,10.955382647679471
2021-08-28,2021/2022,Man City,Arsenal,5,0,H,25,1,10,0,1771.741495348379,1618.3817682241718,153.3597271242072
2021-08-28,2021/2022,Aston Villa,Brentford,1,1,D,7,9,5,2,1551.7627831613934,1521.1102667418972,30.652516419496123
2021-08-28,2021/2022,Newcastle,Southampton,2,2,D,10,22,5,6,1515.3678747197257,1488.399024513987,26.968850205738818
2021-08-28,2021/2022,Liverpool,Chelsea,1,1,D,24,6,7,3,1742.328024511922,1695.6306499698749,46.6973745420471
2021-08-28,2021/2022,Norwich,Leicester,1,2,A,14,9,4,3,1326.120962459286,1610.8327912457382,-284.7118287864523
2021-08-28,2021/2022,West Ham,Crystal Palace,2,2,D,14,9,4,2,1652.779480146671,1489.822790292789,162.95668985388193
2021-08-28,2021/2022,Brighton,Everton,0,2,A,14,14,3,5,1555.272976078455,1593.1678795018074,-37.89490342335239
2021-08-29,2021/2022,Burnley,Leeds,1,1,D,12,12,3,2,1471.9020516657436,1605.6049730264597,-133.70292136071612
2021-08-29,2021/2022,Tottenham,Watford,1,0,H,15,9,8,2,1650.5636487419674,1467.1499530661538,183.41369567581364
2021-08-29,2021/2022,Wolves,Man United,0,1,A,15,10,6,3,1498.9006704459946,1715.9876410779884,-217.08697063199384
2021-09-11,2021/2022,Watford,Wolves,0,2,A,6,14,2,5,1458.8904267560931,1491.7723439741767,-32.88191721808357
2021-09-11,2021/2022,Southampton,West Ham,0,0,D,11,13,3,3,1489.638497577336,1645.780874399058,-156.14237682172188
2021-09-11,2021/2022,Man United,Newcastle,4,1,H,21,12,7,3,1723.1159675498063,1514.1284016563766,208.98756589342975
2021-09-11,2021/2022,Chelsea,Aston Villa,3,0,H,12,18,4,6,1697.768286926765,1550.3548337181671,147.41345320859796
2021-09-11,2021/2022,Brentford,Brighton,0,1,A,7,4,1,2,1522.5182161851235,1541.0112134514397,-18.49299726631625
2021-09-11,2021/2022,Leicester,Man City,0,1,A,6,25,1,8,1616.036320762449,1781.1045644304584,-165.06824366800947
2021-09-11,2021/2022,Arsenal,Norwich,1,0,H,30,10,7,1,1609.0186991420924,1320.9174329425753,288.1012661995171
2021-09-11,2021/2022,Crystal Palace,Tottenham,3,0,H,18,2,4,1,1496.821396040402,1658.823175052028,-162.001779011626
2021-09-12,2021/2022,Leeds,Liverpool,0,3,A,9,30,4,9,1599.7346866314956,1740.1903875550317,-140.45570092353614
2021-09-13,2021/2022,Everton,Burnley,3,1,H,14,11,6,6,1607.4296421288227,1477.7723380607076,129.65730406811508
2021-09-17,2021/2022,Newcastle,Leeds,1,1,D,17,22,7,9,1506.7384244192535,1589.8721504089278,-83.1337259896743
2021-09-18,2021/2022,Man City,Southampton,0,0,D,18,10,1,2,1790.0275325431849,1496.3811711801789,293.646361363006
2021-09-18,2021/2022,Liverpool,Crystal Palace,3,0,H,25,13,10,2,1750.0529237775995,1519.7843975932735,230.268526184326
2021-09-18,2021/2022,Wolves,Brentford,0,2,A,11,9,0,3,1506.2625807183813,1507.369046829744,-1.1064661113628063
2021-09-18,2021/2022,Burnley,Arsenal,0,1,A,18,13,3,3,1467.480711425328,1614.137769698034,-146.65705827270585
2021-09-18,2021/2022,Aston Villa,Everton,3,0,H,15,11,3,1,1540.7634478199334,1617.7212687642023,-76.95782094426886
2021-09-18,2021/2022,Norwich,Watford,1,3,A,12,12,5,8,1315.7983623866337,1444.4001900118885,-128.60182762525483
2021-09-19,2021/2022,Tottenham,Chelsea,0,3,A,8,20,2,10,1635.8601734991566,1707.3596728249988,-71.49949932584218
2021-09-19,2021/2022,Brighton,Leicester,2,1,H,12,14,5,3,1556.1603828068191,1607.1133526497224,-50.95296984290326
2021-09-19,2021/2022,West Ham,Man United,1,2,A,13,17,4,10,1639.038200796215,1730.5059447869294,-91.46774399071433
2021-09-25,2021/2022,Leicester,Burnley,2,2,D,22,9,5,3,1588.7835604605268,1457.8600551121622,130.92350534836464
2021-09-25,2021/2022,Watford,Newcastle,1,1,D,15,20,4,6,1454.734282044765,1510.4954446894533,-55.761162644688284
2021-09-25,2021/2022,Leeds,West Ham,1,2,A,15,20,5,7,1586.115130138728,1627.1557553732105,-41.04062523448238
2021-09-25,2021/2022,Brentford,Liverpool,3,3,D,12,16,4,6,1523.3180923545272,1756.7697030988927,-233.45161074436555
2021-09-25,2021/2022,Man United,Aston Villa,0,1,A,28,7,4,3,1742.388390209934,1560.2506410292717,182.13774918066224
2021-09-25,2021/2022,Chelsea,Man City,0,1,A,5,15,0,4,1720.1127070595733,1779.0108263813195,-58.89811932174621
2021-09-25,2021/2022,Everton,Norwich,2,0,H,11,10,4,2,1598.234075554864,1305.4642703537572,292.7698052011067
2021-09-26,2021/2022,Arsenal,Tottenham,3,1,H,12,10,7,4,1623.7584260111998,1623.1071392645822,0.6512867466176431
2021-09-26,2021/2022,Southampton,Wolves,0,1,A,18,5,6,3,1507.3978773420442,1490.3135351935982,17.084342148446012
2021-09-27,2021/2022,Crystal Palace,Brighton,1,1,D,8,8,3,4,1513.0676182719803,1574.4901749960147,-61.42255672403439
2021-10-02,2021/2022,Man United,Everton,1,1,D,13,12,6,2,1718.693003695514,1603.238635526156,115.45436816935808
2021-10-02,2021/2022,Burnley,Norwich,0,0,D,14,10,4,2,1463.619250685458,1300.4597103824651,163.1595403029928
2021-10-02,2021/2022,Chelsea,Southampton,3,1,H,20,6,9,2,1706.799378477507,1490.6117478170222,216.18763066048473
2021-10-02,2021/2022,Leeds,Watford,1,0,H,20,5,4,1,1571.9963789797596,1457.2803551995298,114.71602378022976
2021-10-02,2021/2022,Wolves,Newcastle,2,1,H,7,8,3,2,1507.0996647186203,1507.9493715346885,-0.849706816068192
2021-10-02,2021/2022,Brighton,Arsenal,0,0,D,21,8,2,2,1571.690666522488,1639.7284331832504,-68.03776666076237
2021-10-03,2021/2022,Liverpool,Man City,2,2,D,6,12,4,3,1747.3897587292868,1792.3241549633858,-44.93439623409904
2021-10-03,2021/2022,West Ham,Brentford,1,2,A,18,13,5,6,1641.274506532179,1532.698036724133,108.57646980804589
2021-10-03,2021/2022,Tottenham,Aston Villa,2,1,H,17,14,8,3,1607.1371320925316,1583.9460275436916,23.19110454884003
2021-10-03,2021/2022,Crystal Palace,Leicester,2,2,D,18,9,4,5,1515.867126745507,1583.024364887231,-67.15723814172406
2021-10-16,2021/2022,Man City,Burnley,2,0,H,15,7,6,2,1790.2663103927848,1456.6130925890693,333.6532178037155
2021-10-16,2021/2022,Southampton,Leeds,1,0,H,19,3,5,0,1483.4546973388592,1582.8974695578868,-99.44277221902757
2021-10-16,2021/2022,Leicester,Man United,4,2,H,22,18,11,6,1579.9696098787151,1713.5635661593499,-133.59395628063476
2021-10-16,2021/2022,Brentford,Chelsea,0,1,A,17,5,7,1,1553.5415115859553,1713.95642895567,-160.41491736971466
2021-10-16,2021/2022,Norwich,Brighton,0,0,D,15,11,3,3,1307.4658684788537,1574.7844742943741,-267.3186058155204
2021-10-16,2021/2022,Watford,Liverpool,0,5,A,6,19,2,8,1446.3792646214026,1749.4476032998878,-303.06833867848513
2021-10-16,2021/2022,Aston Villa,Wolves,2,3,A,14,9,5,4,1569.0124340629345,1523.1387950855665,45.873638977368046
2021-10-17,2021/2022,Newcastle,Tottenham,2,3,A,7,14,1,4,1491.9102411677422,1622.0707255732887,-130.1604844055464
2021-10-17,2021/2022,Everton,West Ham,0,1,A,15,16,2,4,1608.3680730623203,1620.4310316703568,-12.062958608036524
2021-10-18,2021/2022,Arsenal,Crystal Palace,2,2,D,17,9,6,6,1636.6346254113644,1518.921881754023,117.71274365734143
2021-10-22,2021/2022,Arsenal,Aston Villa,3,1,H,22,10,9,4,1631.4120703028048,1550.9120661526736,80.50000415013119
2021-10-23,2021/2022,Chelsea,Norwich,7,0,H,23,3,13,1,1723.0527825936185,1317.8111999445066,405.24158264911193
2021-10-23,2021/2022,Crystal Palace,Newcastle,1,1,D,15,6,3,2,1524.1444368625826,1481.6388268464648,42.50561001611777
2021-10-23,2021/2022,Everton,Watford,2,5,A,15,20,4,8,1592.9233697210884,1441.6199241761597,151.30344554492876
2021-10-23,2021/2022,Leeds,Wolves,1,1,D,18,8,4,4,1562.439047747199,1541.2391629958274,21.199884751371656
2021-10-23,2021/2022,Southampton,Burnley,2,2,D,16,9,4,5,1503.913119149547,1452.5238852954853,51.38923385406156
2021-10-23,2021/2022,Brighton,Man City,1,4,A,10,23,5,14,1564.4391428287213,1794.3555176863688,-229.9163748576475
2021-10-24,2021/2022,West Ham,Tottenham,1,0,H,13,7,4,4,1635.8757350115886,1632.3421398945661,3.5335951170225144
2021-10-24,2021/2022,Man United,Liverpool,0,5,A,12,19,4,8,1691.6976228126957,1754.2069437451307,-62.509320932435
2021-10-24,2021/2022,Brentford,Leicester,1,2,A,15,10,5,6,1544.4451579480067,1601.8355532253693,-57.390395277362586
2021-10-30,2021/2022,Leicester,Arsenal,0,2,A,16,9,8,5,1615.2164060983887,1643.769852070665,-28.553445972276222
2021-10-30,2021/2022,Burnley,Brentford,3,1,H,15,12,6,5,1454.873338599412,1531.0643050749873,-76.19096647557535
2021-10-30,2021/2022,Liverpool,Brighton,2,2,D,14,9,3,6,1767.358946787772,1557.711599255643,209.64734753212906
2021-10-30,2021/2022,Man City,Crystal Palace,0,2,A,14,8,3,3,1801.083061259447,1522.1966890189597,278.8863722404874
2021-10-30,2021/2022,Newcastle,Chelsea,0,3,A,6,19,1,6,1483.5865746900877,1725.8830560665199,-242.2964813764322
2021-10-30,2021/2022,Watford,Southampton,0,1,A,10,12,4,1,1464.1782616161038,1501.5636658456203,-37.38540422951655
2021-10-30,2021/2022,Tottenham,Man United,0,3,A,9,10,0,4,1616.5048623528028,1678.5456197700544,-62.0407574172516
2021-10-31,2021/2022,Norwich,Leeds,1,2,A,14,13,3,6,1314.9809264716052,1561.4639668210077,-246.48304034940247
2021-10-31,2021/2022,Aston Villa,West Ham,1,4,A,9,21,3,9,1538.5542843848134,1651.713012553352,-113.15872816853857
2021-11-01,2021/2022,Wolves,Everton,2,1,H,10,14,4,5,1542.2142439220188,1570.3650322811443,-28.1507883591255
2021-11-05,2021/2022,Southampton,Aston Villa,1,0,H,9,14,3,3,1515.8486185271922,1527.588669311125,-11.740050783932702
2021-11-06,2021/2022,Man United,Man City,0,2,A,5,16,1,5,1691.718522283827,1774.4343694525178,-82.71584716869074
2021-11-06,2021/2022,Brentford,Norwich,1,2,A,19,9,7,5,1511.6107654220386,1308.7460872820434,202.86467813999525
2021-11-06,2021/2022,Chelsea,Burnley,1,1,D,25,5,4,2,1732.2397677260667,1474.3268782523605,257.9128894737062
2021-11-06,2021/2022,Crystal Palace,Wolves,2,0,H,13,4,6,2,1548.845380825889,1559.5078061418287,-10.6624253159398
2021-11-06,2021/2022,Brighton,Newcastle,1,1,D,14,6,5,1,1566.3431854045639,1477.2298630305409,89.11332237402303
2021-11-07,2021/2022,Arsenal,Watford,1,0,H,14,7,6,1,1658.4578697204859,1449.893308934532,208.56456078595397
2021-11-07,2021/2022,Everton,Tottenham,0,0,D,12,8,2,0,1553.0714700613344,1603.33195983903,-50.26048977769574
2021-11-07,2021/2022,Leeds,Leicester,1,1,D,18,9,5,3,1567.6988060105696,1600.5283884485677,-32.82958243799817
2021-11-07,2021/2022,West Ham,Liverpool,3,2,H,7,16,3,5,1662.6786276270404,1758.7273606388512,-96.04873301181078
2021-11-20,2021/2022,Liverpool,Arsenal,4,0,H,19,5,9,3,1738.4134927411799,1665.861695079024,72.55179766215588
2021-11-20,2021/2022,Wolves,West Ham,1,0,H,15,8,5,3,1543.0169374021361,1682.9924955247118,-139.97555812257565
2021-11-20,2021/2022,Watford,Man United,4,1,H,20,9,7,3,1442.4894835759937,1679.4573544630407,-236.96787088704696
2021-11-20,2021/2022,Norwich,Southampton,2,1,H,8,17,4,5,1333.1538966087785,1532.3890621678966,-199.23516555911806
2021-11-20,2021/2022,Leicester,Chelsea,0,3,A,4,16,3,7,1599.0210138731807,1722.150925849189,-123.12991197600832
2021-11-20,2021/2022,Burnley,Crystal Palace,3,3,D,15,18,9,8,1484.4157201292383,1565.3362495655815,-80.92052943634326
2021-11-20,2021/2022,Aston Villa,Brighton,2,0,H,9,6,5,2,1511.0482256704206,1562.3270505349992,-51.27882486457861
2021-11-20,2021/2022,Newcastle,Brentford,3,3,D,23,10,9,4,1481.2459979001055,1487.2029560953035,-5.956958195198013
2021-11-21,2021/2022,Man City,Everton,3,0,H,17,4,7,1,1786.6955372733041,1555.3700395015555,231.3254977717486
2021-11-21,2021/2022,Tottenham,Leeds,2,1,H,13,18,4,7,1601.033390398809,1569.2061805859566,31.82720981285229
2021-11-27,2021/2022,Brighton,Leeds,0,0,D,20,11,4,4,1543.982572351299,1554.6677915949854,-10.685219243686333
2021-11-27,2021/2022,Norwich,Wolves,0,0,D,14,5,4,2,1357.4400524102398,1565.1355333205147,-207.6954809102749
2021-11-27,2021/2022,Arsenal,Newcastle,2,0,H,24,9,6,5,1653.1550965684633,1481.5202990848113,171.63479748365194
2021-11-27,2021/2022,Crystal Palace,Aston Villa,1,2,A,8,10,3,3,1561.6756740238498,1529.3927038541208,32.28297016972897
2021-11-27,2021/2022,Liverpool,Southampton,4,0,H,20,7,6,3,1751.1200912517406,1508.1029063664353,243.01718488530537
2021-11-28,2021/2022,Brentford,Everton,1,0,H,6,14,4,5,1486.9286549105977,1548.6854927755573,-61.75683786495961
2021-11-28,2021/2022,Leicester,Watford,4,2,H,18,16,8,5,1588.465312968666,1467.975074454834,120.49023851383208
2021-11-28,2021/2022,Man City,West Ham,2,1,H,19,5,9,3,1793.3800839993023,1660.8738996063332,132.5061843929691
2021-11-28,2021/2022,Chelsea,Man United,1,1,D,24,3,6,2,1732.7066267537036,1653.9717635842005,78.73486316950311
2021-11-30,2021/2022,Newcastle,Norwich,1,1,D,9,16,1,6,1472.8385245434956,1366.0077186883434,106.83080585515222
2021-11-30,2021/2022,Leeds,Crystal Palace,1,0,H,15,9,3,1,1554.1758741462372,1544.1932521287808,9.982622017456379
2021-12-01,2021/2022,Everton,Liverpool,1,4,A,8,16,2,7,1529.8710638853097,1757.4556959683723,-227.58463208306262
2021-12-01,2021/2022,Aston Villa,Man City,1,2,A,9,17,3,7,1546.8751257491897,1803.5575509201926,-256.68242517100293
2021-12-01,2021/2022,Wolves,Burnley,0,0,D,16,6,2,1,1556.567867042411,1488.07629567097,68.49157137144107
2021-12-01,2021/2022,Southampton,Leicester,2,2,D,15,15,7,6,1501.7673016498036,1599.1287771232614,-97.36147547345786
2021-12-01,2021/2022,Watford,Chelsea,1,2,A,13,8,6,4,1457.3116103002385,1729.1415725669947,-271.8299622667562
2021-12-01,2021/2022,West Ham,Brighton,1,1,D,14,9,6,3,1650.696432685443,1544.4744898000472,106.22194288539572
2021-12-02,2021/2022,Tottenham,Brentford,2,0,H,11,6,6,2,1615.5717793897802,1505.7430838008454,109.8286955889348
2021-12-02,2021/2022,Man United,Arsenal,3,2,H,14,17,10,8,1657.5368177709095,1661.836871109779,-4.300053338869475
2021-12-04,2021/2022,Watford,Man City,1,3,A,11,26,4,13,1451.7768277713049,1809.5029204727616,-357.72609270145676
2021-12-04,2021/2022,Newcastle,Burnley,1,0,H,19,10,4,1,1468.0681842715178,1491.1902154527827,-23.1220311812649
2021-12-04,2021/2022,Wolves,Liverpool,0,1,A,3,17,1,5,1553.4539472605984,1764.2548334745168,-210.80088621391837
2021-12-04,2021/2022,Southampton,Brighton,1,1,D,14,14,4,4,1506.1371716595363,1549.2192700033568,-43.08209834382046
2021-12-04,2021/2022,West Ham,Chelsea,3,2,H,11,19,5,7,1645.9516524821333,1734.6763550959283,-88.72470261379499
2021-12-05,2021/2022,Leeds,Brentford,2,2,D,13,9,6,3,1569.7162838771385,1494.6388839923172,75.07739988482126
2021-12-05,2021/2022,Man United,Crystal Palace,1,0,H,16,8,3,2,1673.7348324347965,1528.6528423978796,145.08199003691698
2021-12-05,2021/2022,Tottenham,Norwich,3,0,H,17,10,7,1,1626.6759791983084,1370.7780589603212,255.89792023798714
2021-12-05,2021/2022,Aston Villa,Leicester,2,1,H,13,12,4,5,1540.9297561966207,1594.7589071135287,-53.82915091690802
2021-12-06,2021/2022,Everton,Arsenal,2,1,H,11,10,5,3,1523.0719263791652,1645.6388564458919,-122.56693006672663
2021-12-10,2021/2022,Brentford,Watford,2,1,H,14,6,5,2,1498.04349751926,1448.1569121265818,49.88658539267817
2021-12-11,2021/2022,Norwich,Man United,0,1,A,11,13,5,5,1364.8107976259212,1683.4166026284458,-318.6058050025247
2021-12-11,2021/2022,Liverpool,Aston Villa,1,0,H,20,4,5,0,1771.585652723438,1559.3890339935797,212.1966187298583
2021-12-11,2021/2022,Arsenal,Southampton,3,0,H,15,11,5,6,1624.2174944358655,1508.1110690410478,116.10642539481773
2021-12-11,2021/2022,Man City,Wolves,1,0,H,24,2,10,1,1813.1228361174847,1546.1231280116772,266.9997081058075
2021-12-11,2021/2022,Chelsea,Leeds,3,2,H,16,12,6,5,1714.6769939506216,1566.3116703501958,148.36532360042588
2021-12-12,2021/2022,Burnley,West Ham,0,0,D,9,16,1,3,1474.1269757909479,1665.95101362744,-191.82403783649215
2021-12-12,2021/2022,Leicester,Newcastle,4,0,H,8,12,5,3,1576.2996293165697,1485.1314239333526,91.16820538321713
2021-12-12,2021/2022,Crystal Palace,Everton,3,1,H,17,12,6,6,1518.9710722042303,1544.4932883891915,-25.52221618496128
2021-12-14,2021/2022,Man City,Leeds,7,0,H,31,6,15,3,1818.786055823707,1556.757046737141,262.029009086566
2021-12-14,2021/2022,Norwich,Aston Villa,0,2,A,7,17,3,6,1360.4025605992556,1552.1035220829074,-191.70096148365178
2021-12-15,2021/2022,Arsenal,West Ham,2,0,H,21,7,8,1,1635.0611310356753,1657.9173671344834,-22.85623609880804
2021-12-15,2021/2022,Brighton,Wolves,0,1,A,12,8,2,5,1547.2453726218453,1540.4599083054547,6.785464316390517
2021-12-15,2021/2022,Crystal Palace,Southampton,2,2,D,9,15,6,4,1536.1443041215805,1497.267432441238,38.87687168034245
2021-12-16,2021/2022,Chelsea,Everton,1,1,D,23,5,10,3,1724.231617563676,1527.3200564718413,196.91156109183476
2021-12-16,2021/2022,Liverpool,Newcastle,3,1,H,23,4,8,2,1778.8711646341103,1473.236094952797,305.6350696813133
2021-12-18,2021/2022,Leeds,Arsenal,1,4,A,9,21,2,12,1550.9592248242107,1652.1121838168465,-101.15295899263583
2021-12-19,2021/2022,Newcastle,Man City,0,4,A,5,18,1,7,1468.5363062388913,1824.5838777366375,-356.0475714977463
2021-12-19,2021/2022,Wolves,Chelsea,0,0,D,4,8,1,1,1556.7723507615624,1716.024039201938,-159.25168844037557
2021-12-19,2021/2022,Tottenham,Liverpool,2,2,D,10,18,5,6,1632.6432405327084,1783.570953348016,-150.9277128153076
2021-12-26,2021/2022,Norwich,Arsenal,0,5,A,4,16,2,6,1352.4319673757304,1663.5812202922593,-311.1492529165289
2021-12-26,2021/2022,Man City,Leicester,6,3,H,17,14,9,8,1828.2349297377293,1588.1949582971254,240.03997144060395
2021-12-26,2021/2022,Tottenham,Crystal Palace,3,0,H,17,4,6,0,1639.1871756446362,1534.361393004971,104.82578263966525
2021-12-26,2021/2022,West Ham,Southampton,2,3,A,11,11,5,6,1640.8663143533122,1499.0503435578476,141.81597079546464
2021-12-26,2021/2022,Aston Villa,Chelsea,1,3,A,8,10,1,4,1560.0741153064325,1709.1640513682044,-149.08993606177182
2021-12-26,2021/2022,Brighton,Brentford,2,0,H,15,16,5,6,1530.9329301657376,1511.7617942427544,19.17113592298324
2021-12-27,2021/2022,Newcastle,Man United,1,1,D,13,13,8,4,1464.8852542377995,1687.8248396551114,-222.93958541731195
2021-12-28,2021/2022,Southampton,Tottenham,1,1,D,9,21,2,11,1521.2411522851949,1650.501106418692,-129.2599541334971
2021-12-28,2021/2022,Watford,West Ham,1,4,A,14,13,5,6,1434.4386154030874,1618.675505625965,-184.2368902228775
2021-12-28,2021/2022,Crystal Palace,Norwich,3,0,H,19,12,6,3,1523.0474622309152,1347.858028944843,175.18943328607224
2021-12-28,2021/2022,Leicester,Liverpool,1,0,H,6,21,1,4,1581.7718193657142,1777.0270182360882,-195.255198870374
2021-12-29,2021/2022,Brentford,Man City,0,1,A,6,12,2,3,1496.6437627450648,1834.6580686691404,-338.01430592407564
2021-12-29,2021/2022,Chelsea,Brighton,1,1,D,11,18,5,6,1718.6907439711179,1546.0509616634272,172.63978230769067
2021-12-30,2021/2022,Man United,Burnley,3,1,H,18,10,6,3,1678.7682520659293,1482.1606222839046,196.6076297820248
2022-01-01,2021/2022,Watford,Tottenham,0,1,A,6,21,4,9,1426.208092859016,1644.8087090235158,-218.6006161644998
2022-01-01,2021/2022,Crystal Palace,West Ham,2,3,A,22,10,6,5,1531.600393373072,1626.9060281700363,-95.30563479696434
2022-01-01,2021/2022,Arsenal,Man City,1,2,A,7,15,2,2,1668.1551587231468,1838.6585705749765,-170.5034118518297
2022-01-02,2021/2022,Chelsea,Liverpool,2,2,D,15,10,6,6,1711.3359679716527,1752.8757835163335,-41.53981554468078
2022-01-02,2021/2022,Brentford,Aston Villa,2,1,H,10,16,4,5,1492.6432608392288,1550.547422703519,-57.904161864290245
2022-01-02,2021/2022,Everton,Brighton,2,3,A,17,12,6,5,1535.5276348335794,1553.4057376628923,-17.878102829312866
2022-01-02,2021/2022,Leeds,Burnley,3,1,H,22,8,7,2,1539.4901883487978,1474.3578825447637,65.1323058040341
2022-01-03,2021/2022,Man United,Wolves,0,1,A,9,19,2,6,1686.5709918050702,1563.632338595296,122.9386532097742
2022-01-11,2021/2022,Southampton,Brentford,4,1,H,12,5,6,4,1526.933549680371,1511.2854281996542,15.648121480716782
2022-01-12,2021/2022,West Ham,Norwich,2,0,H,13,7,5,3,1638.623911842154,1339.3050978026863,299.3188140394677
2022-01-14,2021/2022,Brighton,Crystal Palace,1,1,D,19,3,4,1,1568.583146507592,1519.8825097009542,48.700636806637704
2022-01-15,2021/2022,Wolves,Southampton,3,1,H,9,13,5,10,1585.0688482314563,1542.2134139221396,42.855434309316706
2022-01-15,2021/2022,Aston Villa,Man United,2,2,D,13,13,9,6,1531.9052553430936,1665.13448216891,-133.22922682581634
2022-01-15,2021/2022,Newcastle,Watford,1,1,D,12,18,1,5,1473.9418418269815,1419.1279247716986,54.8139170552829
2022-01-15,2021/2022,Norwich,Everton,2,1,H,14,12,3,5,1334.4576454459145,1520.3502259888799,-185.89258054296533
2022-01-15,2021/2022,Man City,Chelsea,1,0,H,11,4,6,1,1847.381608627249,1713.2398837235453,134.1417249037038
2022-01-16,2021/2022,Liverpool,Brentford,3,0,H,27,6,13,1,1750.971867764441,1496.0055639578857,254.9663038065553
2022-01-16,2021/2022,West Ham,Leeds,2,3,A,15,18,5,5,1643.4713641989258,1552.525384854849,90.9459793440767
2022-01-18,2021/2022,Brighton,Chelsea,1,1,D,10,15,2,3,1566.354973348703,1703.127649499759,-136.77267615105598
2022-01-19,2021/2022,Leicester,Tottenham,2,3,A,14,27,4,10,1605.923054085469,1651.8888771108332,-45.965823025364216
2022-01-19,2021/2022,Brentford,Man United,1,3,A,18,13,8,5,1490.012225027316,1659.2830831992328,-169.27085817191687
2022-01-21,2021/2022,Watford,Norwich,0,3,A,15,7,4,2,1421.6314619189432,1358.2852561734662,63.34620574547694
2022-01-22,2021/2022,Man United,West Ham,1,0,H,18,6,3,1,1668.051213831952,1623.3762551038153,44.674958728136744
2022-01-22,2021/2022,Southampton,Man City,1,1,D,7,20,3,5,1528.1770310815537,1857.4938428510354,-329.3168117694818
2022-01-22,2021/2022,Brentford,Wolves,1,2,A,11,7,1,2,1481.2440943945967,1599.1052310720422,-117.86113667744553
2022-01-22,2021/2022,Leeds,Newcastle,0,1,A,13,15,4,3,1572.6204939499598,1471.438304679737,101.1821892702228
2022-01-22,2021/2022,Everton,Aston Villa,0,1,A,15,8,1,3,1496.5226152613282,1537.7566543127707,-41.23403905144255
2022-01-23,2021/2022,Chelsea,Tottenham,2,0,H,15,6,7,3,1697.1354236594182,1665.784337270071,31.351086389347074
2022-01-23,2021/2022,Leicester,Brighton,1,1,D,15,14,5,5,1592.027593926231,1572.3471991890437,19.68039473718727
2022-01-23,2021/2022,Arsenal,Burnley,0,0,D,20,10,5,1,1659.4321206708742,1461.3226860387124,198.10943463216176
2022-01-23,2021/2022,Crystal Palace,Liverpool,1,3,A,8,15,5,7,1522.110682859843,1756.9652066950107,-234.85452383516758
2022-02-05,2021/2022,Burnley,Watford,0,0,D,13,11,2,5,1469.5708405978537,1402.7461621554532,66.82467844240045
2022-02-08,2021/2022,Burnley,Man United,1,1,D,9,22,3,5,1466.5308449729969,1682.0051202915179,-215.474275318521
2022-02-08,2021/2022,Newcastle,Everton,3,1,H,20,11,9,3,1491.9705063295617,1482.4126474257903,9.557858903771375
2022-02-08,2021/2022,West Ham,Watford,1,0,H,9,6,3,1,1609.4223486442495,1405.78615778031,203.63619086393942
2022-02-09,2021/2022,Norwich,Crystal Palace,1,1,D,5,13,1,5,1377.1705559369561,1515.5329291013281,-138.362373164372
2022-02-09,2021/2022,Tottenham,Southampton,2,3,A,8,23,3,10,1651.2242022502458,1539.9979613458831,111.22624090436261
2022-02-09,2021/2022,Man City,Brentford,2,0,H,15,6,7,2,1845.672912586706,1470.4727543125,375.20015827420593
2022-02-09,2021/2022,Aston Villa,Leeds,3,3,D,12,16,4,8,1551.8666221483086,1552.0882923001352,-0.22167015182662908
2022-02-10,2021/2022,Wolves,Arsenal,0,1,A,15,12,4,2,1609.876571154139,1651.1839661117328,-41.30739495759394
2022-02-10,2021/2022,Liverpool,Leicester,2,0,H,22,5,11,1,1763.5429604535257,1591.1222463553058,172.42071409821983
2022-02-12,2021/2022,Brentford,Crystal Palace,0,0,D,9,6,2,3,1467.1634228215491,1509.4778713647454,-42.31444854319625
2022-02-12,2021/2022,Everton,Leeds,3,0,H,21,7,10,0,1466.8526920936142,1552.0780840137772,-85.22539192016302
2022-02-12,2021/2022,Watford,Brighton,0,2,A,9,11,1,6,1398.2196555349599,1573.252546759969,-175.03289122500905
2022-02-12,2021/2022,Norwich,Man City,0,4,A,8,22,3,9,1383.2256136735389,1848.9822440776568,-465.7566304041179
2022-02-12,2021/2022,Man United,Southampton,1,1,D,12,13,8,4,1673.1850131505362,1560.9520229945267,112.23299015600946
2022-02-13,2021/2022,Tottenham,Wolves,0,2,A,17,11,7,7,1630.2701406016022,1595.7699342609221,34.50020634068005
2022-02-13,2021/2022,Leicester,West Ham,2,2,D,13,8,2,3,1582.4690632747736,1616.9888508895997,-34.5197876148261
2022-02-13,2021/2022,Burnley,Liverpool,0,1,A,8,12,5,4,1475.3509521139786,1772.196143534058,-296.84519142007935
2022-02-13,2021/2022,Newcastle,Aston Villa,1,0,H,10,11,2,1,1507.5304616617377,1551.8768304346665,-44.34636877292883
2022-02-15,2021/2022,Man United,Brighton,2,0,H,19,10,7,3,1668.1890714531114,1581.811126379035,86.37794507407648
2022-02-19,2021/2022,Southampton,Everton,2,0,H,19,9,11,0,1565.9479646919515,1486.7005964556147,79.2473682363368
2022-02-19,2021/2022,West Ham,Newcastle,1,1,D,11,14,3,3,1615.4043662944673,1525.5616687429235,89.84269755154378
2022-02-19,2021/2022,Arsenal,Brentford,2,1,H,24,6,8,2,1665.2906030049496,1469.102497232202,196.18810577274758
2022-02-19,2021/2022,Aston Villa,Watford,0,1,A,20,8,1,4,1533.8456233534807,1389.661075915894,144.18454743758684
2022-02-19,2021/2022,Brighton,Burnley,0,3,A,11,10,1,4,1569.70899789213,1470.4446402614933,99.2643576306366
2022-02-19,2021/2022,Crystal Palace,Chelsea,0,1,A,7,9,0,3,1507.5387969540925,1711.6955586792435,-204.156761725151
2022-02-19,2021/2022,Liverpool,Norwich,3,1,H,29,6,8,1,1777.1024553865432,1381.1745027775482,395.92795260899493
2022-02-19,2021/2022,Man City,Tottenham,2,3,A,21,6,4,5,1851.0333549736474,1612.6865489189815,238.34680605466588
2022-02-20,2021/2022,Wolves,Leicester,2,1,H,11,17,3,7,1613.3535259435428,1584.053547869906,29.299978073636794
2022-02-20,2021/2022,Leeds,Man United,2,4,A,16,15,6,9,1532.2301796517768,1680.2911999400164,-148.06102028823966
2022-02-23,2021/2022,Burnley,Tottenham,1,0,H,15,12,4,2,1490.895482660116,1638.2132260334918,-147.31774337337583
2022-02-23,2021/2022,Watford,Crystal Palace,1,4,A,8,7,1,5,1411.9443861301374,1499.9895937966419,-88.04520766650444
2022-02-23,2021/2022,Liverpool,Leeds,6,0,H,23,3,15,2,1780.074135256595,1522.6638123097218,257.41032294687307
2022-02-24,2021/2022,Arsenal,Wolves,2,1,H,26,6,5,2,1673.1076002774416,1628.0074017462834,45.100198531158185
2022-02-25,2021/2022,Southampton,Norwich,2,0,H,27,8,9,1,1578.3604879139812,1378.2028229074965,200.15766500648465
2022-02-26,2021/2022,Brighton,Aston Villa,0,2,A,12,9,1,4,1549.2581554935073,1511.5623131392372,37.6958423542701
2022-02-26,2021/2022,Leeds,Tottenham,0,4,A,19,15,3,11,1516.7386994176059,1615.8083128249978,-99.0696134073919
2022-02-26,2021/2022,Brentford,Newcastle,0,2,A,6,26,1,11,1461.2854999597103,1529.6092596781705,-68.32375971846022
2022-02-26,2021/2022,Crystal Palace,Burnley,1,1,D,11,5,4,1,1512.0195837421493,1513.30039586861,-1.2808121264606598
2022-02-26,2021/2022,Man United,Watford,0,0,D,22,10,3,2,1689.8575672820714,1399.9143961846303,289.9431710974411
2022-02-26,2021/2022,Everton,Man City,0,1,A,6,13,2,8,1474.288073233585,1825.5066778591372,-351.2186046255522
2022-02-27,2021/2022,West Ham,Wolves,1,0,H,13,14,4,1,1611.3567753592204,1614.0727550281515,-2.7159796689311406
2022-03-01,2021/2022,Burnley,Leicester,0,2,A,9,22,2,6,1513.2414125576195,1569.3996720671653,-56.158259509545815
2022-03-05,2021/2022,Norwich,Brentford,1,3,A,15,10,7,6,1370.5200245678307,1448.3919837443418,-77.87195917651115
2022-03-05,2021/2022,Leicester,Leeds,1,0,H,7,19,4,4,1582.835778241972,1505.1812662162583,77.65451202571376
2022-03-05,2021/2022,Aston Villa,Southampton,4,0,H,14,11,9,1,1529.2914910440595,1586.043286253647,-56.7517952095875
2022-03-05,2021/2022,Wolves,Crystal Palace,0,2,A,12,12,5,8,1597.9476820898597,1512.0785670531397,85.8691150367199
2022-03-05,2021/2022,Liverpool,West Ham,1,0,H,22,13,5,5,1785.9992481487109,1627.4818482975122,158.51739985119866
2022-03-05,2021/2022,Burnley,Chelsea,0,4,A,6,11,1,5,1499.8053063828127,1719.2447618366941,-219.43945545388146
2022-03-05,2021/2022,Newcastle,Brighton,2,1,H,10,15,4,4,1542.502775893539,1531.528977588685,10.973798304853972
2022-03-06,2021/2022,Man City,Man United,4,1,H,24,5,10,2,1829.2486103404851,1678.9312079854853,150.31740235499979
2022-03-06,2021/2022,Watford,Arsenal,2,3,A,13,16,7,4,1410.8407554812163,1687.0422469955736,-276.20149151435726
2022-03-07,2021/2022,Tottenham,Everton,5,0,H,14,6,7,0,1627.3657460263453,1470.546140752237,156.8196052741082
2022-03-10,2021/2022,Norwich,Chelsea,1,3,A,9,15,3,7,1358.0472926032733,1726.298341771897,-368.2510491686237
2022-03-10,2021/2022,Southampton,Newcastle,1,2,A,14,8,5,4,1567.452768277056,1557.9975817918867,9.455186485169406
2022-03-10,2021/2022,Wolves,Watford,4,0,H,10,9,5,0,1578.0718602170084,1405.4202168183792,172.65164339862918
2022-03-10,2021/2022,Leeds,Aston Villa,0,3,A,4,15,1,9,1492.6990057989117,1547.8820090206505,-55.18300322173877
2022-03-12,2021/2022,Brighton,Liverpool,0,2,A,8,18,3,9,1516.0341716903372,1795.166884427249,-279.1327127369118
2022-03-12,2021/2022,Brentford,Burnley,2,0,H,13,7,4,1,1460.8647157088992,1492.7517264476098,-31.887010738710615
2022-03-12,2021/2022,Man United,Tottenham,3,2,H,10,10,6,3,1669.4517219382583,1636.5974446508787,32.854277287379546
2022-03-13,2021/2022,Arsenal,Leicester,2,0,H,21,6,8,3,1692.4627856584107,1595.3180386593187,97.14474699909192
2022-03-13,2021/2022,Southampton,Watford,1,2,A,13,9,7,5,1551.017448310648,1396.7754236176472,154.24202469300076
2022-03-13,2021/2022,Everton,Wolves,0,1,A,8,14,2,3,1461.3144421277036,1586.7166534177404,-125.4022112900368
2022-03-13,2021/2022,Chelsea,Newcastle,1,0,H,8,7,3,2,1729.7282606644233,1574.4329017582947,155.2953589061285
2022-03-13,2021/2022,West Ham,Aston Villa,2,1,H,11,13,4,7,1618.314212018974,1561.3618937312053,56.952318287768776
2022-03-13,2021/2022,Leeds,Norwich,2,1,H,13,12,7,4,1479.2191210883568,1354.617373710747,124.60174737760985
2022-03-14,2021/2022,Crystal Palace,Man City,0,0,D,7,18,1,4,1531.954388925991,1838.7280963877122,-306.7737074617212
2022-03-16,2021/2022,Brighton,Tottenham,0,2,A,15,17,0,7,1510.6891799380205,1622.1059463647625,-111.41676642674202
2022-03-16,2021/2022,Arsenal,Liverpool,0,2,A,9,9,2,3,1704.1021534466377,1800.5118761795657,-96.409722732928
2022-03-17,2021/2022,Everton,Newcastle,1,0,H,9,17,3,6,1450.8510618178873,1565.1434630943506,-114.29240127646335
2022-03-18,2021/2022,Wolves,Leeds,2,3,A,14,15,8,6,1597.1800337275567,1489.7149759102485,107.4650578173082
2022-03-19,2021/2022,Aston Villa,Arsenal,0,1,A,8,10,1,3,1547.9614032242969,1692.4314327470513,-144.47002952275443
2022-03-20,2021/2022,Leicester,Brentford,2,1,H,12,15,4,6,1583.6786708710918,1478.3290576279303,105.34961324316146
2022-03-20,2021/2022,Tottenham,West Ham,3,1,H,17,6,4,1,1633.143953205045,1631.7147025258826,1.429250679162351
2022-04-02,2021/2022,Man United,Leicester,1,1,D,11,11,5,3,1683.9432202243745,1594.9705573601693,88.97266286420518
2022-04-02,2021/2022,Wolves,Aston Villa,2,1,H,11,15,5,5,1576.3830959472166,1538.2558292816807,38.1272666655359
2022-04-02,2021/2022,Chelsea,Brentford,1,4,A,21,17,8,6,1739.0176993283674,1467.0371711388527,271.98052818951464
2022-04-02,2021/2022,Leeds,Southampton,1,1,D,12,14,3,6,1510.5119136905887,1528.3469128180818,-17.83499912749312
2022-04-02,2021/2022,Brighton,Norwich,0,0,D,31,6,4,0,1499.6511730977381,1344.1215188888552,155.5296542088829
2022-04-02,2021/2022,Liverpool,Watford,2,0,H,20,5,3,2,1812.182596879152,1419.4459591102134,392.73663776893864
2022-04-02,2021/2022,Burnley,Man City,0,2,A,3,18,1,6,1475.2873845285787,1827.4016652615153,-352.11428073293655
2022-04-03,2021/2022,West Ham,Everton,2,1,H,11,13,5,2,1615.7805215807653,1471.9324371483538,143.8480844324115
2022-04-03,2021/2022,Tottenham,Newcastle,5,1,H,19,8,6,1,1649.0781341501622,1544.0620877638842,105.01604638627805
2022-04-04,2021/2022,Crystal Palace,Arsenal,3,0,H,6,12,5,3,1543.280820052188,1702.1370066896675,-158.8561866374796
2022-04-06,2021/2022,Burnley,Everton,3,2,H,13,16,4,4,1471.5624555049171,1462.2026372584305,9.359818246486611
2022-04-08,2021/2022,Newcastle,Wolves,1,0,H,12,5,4,2,1532.756166086969,1590.634284917814,-57.8781188308451
2022-04-09,2021/2022,Everton,Man United,1,0,H,7,12,3,4,1446.6335685735512,1679.9331554578312,-233.29958688427996
2022-04-09,2021/2022,Aston Villa,Tottenham,0,4,A,9,11,8,5,1524.0046403110832,1660.3840558270774,-136.3794155159942
2022-04-09,2021/2022,Arsenal,Brighton,1,2,A,20,8,4,3,1679.2918915205073,1492.9317225395187,186.36016898098865
2022-04-09,2021/2022,Southampton,Chelsea,0,6,A,4,24,1,14,1527.5263014274983,1712.5485155594386,-185.02221413194025
2022-04-09,2021/2022,Watford,Leeds,0,3,A,8,10,1,5,1416.4243853416103,1511.3325250811722,-94.90813973956188
2022-04-10,2021/2022,Man City,Liverpool,2,2,D,11,6,5,4,1831.126594285177,1815.204170647755,15.922423637421844
2022-04-10,2021/2022,Norwich,Burnley,2,0,H,17,18,6,4,1350.8409694470747,1487.1315241897964,-136.29055474272172
2022-04-10,2021/2022,Leicester,Crystal Palace,2,1,H,12,11,3,3,1598.9806221267127,1566.125935221348,32.85468690536459
2022-04-10,2021/2022,Brentford,West Ham,2,0,H,15,5,7,1,1493.5063549077815,1625.5103214706885,-132.00396656290695
2022-04-16,2021/2022,Tottenham,Brighton,0,1,A,5,12,0,5,1670.4074067361648,1516.7757019189005,153.63170481726434
2022-04-16,2021/2022,Man United,Norwich,3,2,H,20,15,9,4,1654.557807100399,1372.8140970054963,281.7437100949028
2022-04-16,2021/2022,Southampton,Arsenal,1,0,H,9,23,3,6,1519.3233862143095,1655.4479121411255,-136.12452592681598
2022-04-16,2021/2022,Watford,Brentford,1,2,A,17,16,4,5,1404.6895023039633,1515.3088122768092,-110.61930997284594
2022-04-17,2021/2022,Newcastle,Leicester,2,1,H,16,8,7,2,1551.3971668122288,1613.4721017169038,-62.07493490467505
2022-04-17,2021/2022,West Ham,Burnley,1,1,D,21,9,8,1,1603.7078641016608,1465.158396631375,138.5494674702859
2022-04-19,2021/2022,Liverpool,Man United,4,0,H,14,2,5,1,1815.9369124469474,1659.8362160848958,156.10069636205162
2022-04-20,2021/2022,Man City,Brighton,3,0,H,17,2,5,1,1830.3938524859846,1539.422999373507,290.97085311247747
2022-04-20,2021/2022,Newcastle,Crystal Palace,1,0,H,13,10,4,2,1570.2257890642845,1551.634455631157,18.591333433127602
2022-04-20,2021/2022,Chelsea,Arsenal,2,4,A,11,14,2,4,1720.7514307726274,1633.4813660694017,87.27006470322567
2022-04-20,2021/2022,Everton,Leicester,1,1,D,13,11,3,3,1472.0089169309833,1594.643479464848,-122.63456253386471
2022-04-21,2021/2022,Burnley,Southampton,2,0,H,16,11,6,3,1471.2208349092825,1541.2899322860333,-70.06909737675073
2022-04-23,2021/2022,Brentford,Tottenham,0,0,D,15,9,2,0,1526.3800348940406,1647.7601092815582,-121.38007438751765
2022-04-23,2021/2022,Leicester,Aston Villa,0,0,D,5,11,2,3,1589.219360630222,1513.9812894019958,75.23807122822609
2022-04-23,2021/2022,Norwich,Newcastle,0,3,A,5,13,2,7,1367.5356880209995,1585.3704427456698,-217.83475472467035
2022-04-23,2021/2022,Man City,Watford,5,1,H,21,5,8,2,1835.4422883351917,1393.618279686732,441.82400864845977
2022-04-23,2021/2022,Arsenal,Man United,3,1,H,14,14,7,5,1653.4178586841379,1650.5773110325968,2.840547651541101
2022-04-24,2021/2022,Liverpool,Everton,2,0,H,18,9,4,1,1825.1958174992465,1477.4330357656095,347.762781733637
2022-04-24,2021/2022,Chelsea,West Ham,1,0,H,26,6,5,2,1700.8149381578912,1597.6454258237532,103.16951233413806
2022-04-24,2021/2022,Brighton,Southampton,2,2,D,8,18,5,5,1534.3745635243,1522.1061786115758,12.26838491272406
2022-04-24,2021/2022,Burnley,Wolves,1,0,H,14,10,5,4,1490.40458858374,1571.9932841925543,-81.5886956088143
2022-04-25,2021/2022,Crystal Palace,Leeds,0,0,D,17,9,7,2,1536.4898019497716,1523.0674081188192,13.422393830952387
2022-04-28,2021/2022,Man United,Chelsea,1,1,D,6,21,3,6,1634.7081201716214,1712.1986973034795,-77.49057713185812
2022-04-30,2021/2022,Newcastle,Liverpool,0,1,A,4,24,2,10,1592.474948442757,1829.0039873921264,-236.52903894936935
2022-04-30,2021/2022,Aston Villa,Norwich,2,0,H,21,9,6,3,1517.3929663951853,1360.4311823239123,156.9617840712731
2022-04-30,2021/2022,Southampton,Crystal Palace,1,2,A,8,14,3,5,1522.6709239113543,1535.8719852019667,-13.201061290612415
2022-04-30,2021/2022,Watford,Burnley,1,2,A,13,17,1,6,1391.2862811671255,1510.094310850076,-118.80802968295052
2022-04-30,2021/2022,Wolves,Brighton,0,3,A,11,17,1,9,1552.3035619262182,1533.8098182245215,18.493743701696758
2022-04-30,2021/2022,Leeds,Man City,0,4,A,7,19,2,6,1523.6852248666241,1837.7742868547982,-314.0890619881741
2022-05-01,2021/2022,West Ham,Arsenal,1,2,A,8,13,3,7,1586.2616666781648,1669.2870495451132,-83.02538286694835
2022-05-01,2021/2022,Everton,Chelsea,1,0,H,9,17,4,5,1473.6248658727295,1708.6881430208057,-235.06327714807617
2022-05-01,2021/2022,Tottenham,Leicester,3,1,H,13,6,7,2,1642.3871847752043,1585.8076836370324,56.57950113817196
2022-05-02,2021/2022,Man United,Brentford,3,0,H,9,12,5,4,1638.2186744542953,1531.7529594003945,106.4657150539008
2022-05-07,2021/2022,Liverpool,Tottenham,1,1,D,22,8,3,3,1835.5315124337915,1655.804393860331,179.72711857346053
2022-05-07,2021/2022,Burnley,Aston Villa,1,3,A,14,12,6,7,1520.8267364507187,1526.6192900303913,-5.792553579672585
2022-05-07,2021/2022,Brentford,Southampton,3,0,H,18,19,5,4,1520.5079763569101,1507.2785628674535,13.229413489456647
2022-05-07,2021/2022,Chelsea,Wolves,2,2,D,19,14,6,4,1683.2596194207495,1535.452697004186,147.80692241656357
2022-05-07,2021/2022,Brighton,Man United,4,0,H,17,15,6,5,1550.6606831465538,1649.4636574977796,-98.80297435122588
2022-05-07,2021/2022,Crystal Palace,Watford,1,0,H,15,6,7,1,1551.2643462458675,1380.5538555664828,170.71049067938475
2022-05-08,2021/2022,Man City,Newcastle,5,0,H,21,7,9,3,1842.2822848295077,1585.947423401092,256.3348614284157
2022-05-08,2021/2022,Norwich,West Ham,0,4,A,8,13,2,5,1351.2048586887063,1574.0139723203606,-222.80911363165433
2022-05-08,2021/2022,Leicester,Everton,1,2,A,16,10,9,4,1572.3904745519058,1499.0533894727857,73.33708507912002
2022-05-08,2021/2022,Arsenal,Leeds,2,1,H,19,3,9,2,1681.5347439029174,1519.1772268919146,162.35751701100276
2022-05-10,2021/2022,Aston Villa,Liverpool,1,2,A,9,17,4,6,1542.3525577936305,1827.921743768674,-285.56918597504364
2022-05-11,2021/2022,Leeds,Chelsea,0,3,A,5,17,0,4,1510.1535022431337,1676.8357992942622,-166.68229705112844
2022-05-11,2021/2022,Leicester,Norwich,3,0,H,20,9,8,5,1553.062457633092,1344.257362054239,208.80509557885307
2022-05-11,2021/2022,Watford,Everton,0,0,D,6,16,0,5,1371.838379184164,1518.3814063915995,-146.54302720743544
2022-05-11,2021/2022,Wolves,Man City,1,5,A,7,16,3,5,1541.8765171306732,1848.237345567764,-306.36082843709073
2022-05-12,2021/2022,Tottenham,Arsenal,3,0,H,16,8,6,4,1663.4141625254483,1690.5584685516983,-27.14430602624998
2022-05-15,2021/2022,West Ham,Man City,2,2,D,6,31,2,8,1580.961468954828,1852.920407920669,-271.95893896584107
2022-05-15,2021/2022,Leeds,Brighton,1,1,D,19,16,5,6,1501.2901989460984,1571.0919150171376,-69.80171607103921
2022-05-15,2021/2022,Wolves,Norwich,1,1,D,17,11,4,2,1537.193454777768,1336.8614134224833,200.33204135528467
2022-05-15,2021/2022,Aston Villa,Crystal Palace,1,1,D,13,16,4,4,1537.1704976662702,1559.9798226281862,-22.80932496191599
2022-05-15,2021/2022,Everton,Brentford,2,3,A,10,18,5,7,1512.0064798102057,1535.8990336209908,-23.892553810785103
2022-05-15,2021/2022,Watford,Leicester,1,5,A,13,13,5,7,1378.2133057655578,1560.4584062648476,-182.24510049928972
2022-05-15,2021/2022,Tottenham,Burnley,1,0,H,21,8,8,1,1680.6616668235624,1505.0934686874796,175.56819813608286
2022-05-16,2021/2022,Newcastle,Arsenal,2,0,H,16,11,4,2,1579.9923626628358,1673.3109642535842,-93.31860159074836
2022-05-17,2021/2022,Southampton,Liverpool,1,2,A,4,24,2,5,1491.8875056033728,1833.1038038960344,-341.2162982926616
2022-05-19,2021/2022,Aston Villa,Burnley,1,1,D,22,10,9,5,1538.2193994131496,1496.554194643775,41.66520476937467
2022-05-19,2021/2022,Chelsea,Leicester,1,1,D,20,2,7,1,1685.6991025912976,1568.7592202038302,116.93988238746738
2022-05-19,2021/2022,Everton,Crystal Palace,3,2,H,12,7,6,5,1497.1050413926007,1558.9309208813067,-61.82587948870605
2022-05-22,2021/2022,Brighton,West Ham,3,1,H,18,7,7,2,1567.9199889696604,1591.430084145588,-23.510095175927518
2022-05-22,2021/2022,Burnley,Newcastle,1,2,A,12,8,5,6,1498.463802774292,1600.1893977518139,-101.72559497752195
2022-05-22,2021/2022,Arsenal,Everton,5,1,H,26,6,9,2,1653.1139291646061,1515.9225512815465,137.19137788305966
2022-05-22,2021/2022,Brentford,Leeds,1,2,A,14,14,5,6,1550.800472038596,1504.4621249935756,46.33834704502033
2022-05-22,2021/2022,Chelsea,Watford,2,1,H,19,8,8,3,1680.508370069448,1369.9124918265752,310.5958782428727
2022-05-22,2021/2022,Crystal Palace,Man United,1,0,H,6,10,3,4,1540.113410992361,1629.032425627196,-88.9190146348351
2022-05-22,2021/2022,Man City,Aston Villa,3,2,H,24,4,5,2,1842.4517927299091,1536.3097912826327,306.14200144727647
2022-05-22,2021/2022,Norwich,Tottenham,0,5,A,9,19,0,13,1345.1844739412054,1689.200940867267,-344.01646692606164
2022-05-22,2021/2022,Leicester,Southampton,4,1,H,12,7,6,2,1573.9499527256799,1487.9510784758652,85.99887424981466
2022-05-22,2021/2022,Liverpool,Wolves,3,1,H,29,7,8,5,1837.040231023542,1528.870394259046,308.16983676449604
2022-08-05,2022/2023,Crystal Palace,Arsenal,0,2,A,10,10,2,2,1560.1211602671033,1663.1051333825287,-102.98397311542544
2022-08-06,2022/2023,Tottenham,Southampton,4,1,H,18,10,8,2,1693.0820591410957,1475.832524824059,217.2495343170367
2022-08-06,2022/2023,Newcastle,Nott'm Forest,2,0,H,23,5,10,0,1611.634189484943,1500.0,111.63418948494291
2022-08-06,2022/2023,Everton,Chelsea,0,1,A,8,15,4,6,1505.931347063624,1685.0948103032565,-179.16346323963262
2022-08-06,2022/2023,Bournemouth,Aston Villa,2,0,H,7,15,3,2,1445.3690206120875,1531.6216908850406,-86.25267027295308
2022-08-06,2022/2023,Fulham,Liverpool,2,2,D,9,11,3,4,1410.4595522146296,1841.681816326894,-431.2222641122644
2022-08-06,2022/2023,Leeds,Wolves,2,1,H,12,15,4,6,1522.583521008598,1524.228808955694,-1.6452879470959942
2022-08-07,2022/2023,Man United,Brighton,1,2,A,17,15,5,4,1609.0246763524538,1585.0010193938401,24.02365695861363
2022-08-07,2022/2023,West Ham,Man City,0,2,A,6,14,1,2,1574.3490537214082,1847.1398931275012,-272.790839406093
2022-08-07,2022/2023,Leicester,Brentford,2,2,D,14,8,5,3,1586.068506377486,1532.6790760235735,53.38943035391253
2022-08-13,2022/2023,Southampton,Leeds,2,2,D,14,13,4,5,1468.709381685768,1538.6592887522445,-69.9499070664765
2022-08-13,2022/2023,Aston Villa,Everton,2,1,H,12,15,4,4,1511.7292465735466,1497.5210146272773,14.20823194626928
2022-08-13,2022/2023,Brighton,Newcastle,0,0,D,13,4,7,1,1602.1055898811976,1622.6631483746592,-20.557558493461556
2022-08-13,2022/2023,Man City,Bournemouth,4,0,H,19,3,7,1,1852.6494022603044,1465.2614649235816,387.38793733672287
2022-08-13,2022/2023,Brentford,Man United,4,0,H,13,15,7,4,1535.118578511062,1591.9201058650963,-56.801527354034306
2022-08-13,2022/2023,Wolves,Fulham,0,0,D,7,9,1,3,1508.1530412120474,1423.992118329316,84.16092288273126
2022-08-13,2022/2023,Arsenal,Leicester,4,2,H,19,6,7,2,1674.4967268876421,1583.6290038899976,90.86772299764448
2022-08-14,2022/2023,Nott'm Forest,West Ham,1,0,H,13,19,6,5,1488.9710411102837,1568.839544588605,-79.86850347832114
2022-08-14,2022/2023,Chelsea,Tottenham,2,2,D,16,10,3,5,1693.5051427396031,1700.2052022793866,-6.700059539783524
2022-08-15,2022/2023,Liverpool,Crystal Palace,1,1,D,24,7,4,3,1828.1492502122076,1548.7295667619899,279.4196834502177
2022-08-20,2022/2023,Leicester,Southampton,1,2,A,6,9,1,3,1571.7207450314643,1471.887863416876,99.83288161458836
2022-08-20,2022/2023,Bournemouth,Arsenal,0,3,A,6,14,1,6,1462.1545841577513,1686.4049857461755,-224.2504015884242
2022-08-20,2022/2023,Fulham,Brentford,3,2,H,18,13,9,5,1427.7938033931955,1553.7113266492363,-125.9175232560408
2022-08-20,2022/2023,Crystal Palace,Aston Villa,3,1,H,17,13,9,5,1559.391925735815,1527.0752978187109,32.31662791710414
2022-08-20,2022/2023,Tottenham,Wolves,1,0,H,11,20,4,3,1699.8966913776003,1504.3513561481682,195.5453352294321
2022-08-20,2022/2023,Everton,Nott'm Forest,1,1,D,19,14,8,5,1482.174963382113,1508.5856732720006,-26.410709889887585
2022-08-21,2022/2023,Newcastle,Man City,3,3,D,12,21,6,10,1621.717541092172,1855.7562830261347,-234.03874193396268
2022-08-21,2022/2023,Leeds,Chelsea,3,0,H,12,14,6,3,1535.4808070211366,1693.8136536413895,-158.3328466202529
2022-08-21,2022/2023,West Ham,Brighton,0,2,A,13,11,3,2,1549.224912426888,1603.0511971636847,-53.82628473679665
2022-08-22,2022/2023,Man United,Liverpool,2,1,H,12,17,4,5,1573.327357726922,1817.4868912383824,-244.1595335114605
2022-08-27,2022/2023,Liverpool,Bournemouth,9,0,H,19,5,12,2,1791.789148685705,1455.2521085445526,336.5370401411524
2022-08-27,2022/2023,Man City,Crystal Palace,4,2,H,18,2,5,2,1846.3586105349718,1573.9079671635943,272.4506433713775
2022-08-27,2022/2023,Arsenal,Fulham,2,1,H,22,11,8,3,1693.3074613593742,1449.3513017297075,243.95615962966667
2022-08-27,2022/2023,Chelsea,Leicester,2,1,H,7,17,3,5,1670.9882407088667,1551.2457581454887,119.74248256337796
2022-08-27,2022/2023,Brentford,Everton,1,1,D,19,14,5,7,1532.1538283127243,1483.3888842254457,48.764944087278536
2022-08-27,2022/2023,Southampton,Man United,0,1,A,17,11,5,6,1492.3628503028515,1599.0251002795994,-106.66224997674794
2022-08-27,2022/2023,Brighton,Leeds,1,0,H,13,10,4,2,1616.5920482410145,1558.3062199536594,58.285828287355116
2022-08-28,2022/2023,Aston Villa,West Ham,0,1,A,9,7,3,2,1512.5592563909315,1535.6840613495583,-23.124804958626783
2022-08-28,2022/2023,Wolves,Newcastle,1,1,D,10,21,4,6,1496.512480126468,1631.115213583335,-134.60273345686687
2022-08-28,2022/2023,Nott'm Forest,Tottenham,0,2,A,17,18,1,7,1507.3717524286678,1707.7355673993004,-200.36381497063257
2022-08-30,2022/2023,Southampton,Chelsea,2,1,H,9,10,7,4,1481.1261172660236,1681.6823314794267,-200.5562142134031
2022-08-30,2022/2023,Leeds,Everton,1,1,D,14,7,5,2,1544.9654812914043,1485.619961335869,59.34551995553534
2022-08-30,2022/2023,Crystal Palace,Brentford,1,1,D,13,9,4,3,1568.389520518658,1529.922751202301,38.46676931635693
2022-08-30,2022/2023,Fulham,Brighton,2,1,H,10,7,3,4,1443.0431171302816,1629.9327869032695,-186.88966977298787
2022-08-31,2022/2023,Arsenal,Aston Villa,2,1,H,22,4,9,3,1699.6156459588,1497.6226232257882,201.9930227330119
2022-08-31,2022/2023,Bournemouth,Wolves,0,0,D,5,17,2,4,1451.2217450058492,1502.4185923085324,-51.19684730268318
2022-08-31,2022/2023,Man City,Nott'm Forest,6,0,H,17,8,9,1,1851.8770571799082,1499.6958801774,352.1811770025081
2022-08-31,2022/2023,West Ham,Tottenham,1,1,D,14,13,4,4,1550.6206945147017,1715.4114396505681,-164.79074513586647
2022-08-31,2022/2023,Liverpool,Newcastle,2,1,H,23,5,6,2,1795.8195122244083,1625.2091014012706,170.61041082313773
2022-09-01,2022/2023,Leicester,Man United,0,1,A,10,9,2,2,1540.5516673749287,1610.2618333164273,-69.71016594149864
2022-09-03,2022/2023,Tottenham,Fulham,2,1,H,23,9,10,3,1708.344690508205,1466.9056064358592,241.43908407234585
2022-09-03,2022/2023,Nott'm Forest,Bournemouth,2,3,A,11,8,3,3,1495.9722184121179,1453.5625289131353,42.409689498982516
2022-09-03,2022/2023,Aston Villa,Man City,1,1,D,3,13,1,4,1490.00133754478,1855.6007189451905,-365.5993814004105
2022-09-03,2022/2023,Wolves,Southampton,1,0,H,7,12,2,1,1500.0778084012463,1505.4567052590837,-5.37889685783739
2022-09-03,2022/2023,Everton,Liverpool,0,0,D,14,23,3,8,1488.3266510345825,1804.5386426007012,-316.21199156611874
2022-09-03,2022/2023,Newcastle,Crystal Palace,0,0,D,23,19,6,9,1616.4899710249776,1566.6252632508945,49.86470777408317
2022-09-03,2022/2023,Chelsea,West Ham,2,1,H,8,6,3,3,1657.3517434863666,1557.6874436570647,99.66429982930185
2022-09-03,2022/2023,Brentford,Leeds,5,2,H,14,17,8,6,1531.6870084700645,1542.2587915926908,-10.571783122626357
2022-09-04,2022/2023,Brighton,Leicester,5,2,H,23,6,11,4,1606.070297597692,1527.719542867164,78.35075473052802
2022-09-04,2022/2023,Man United,Arsenal,3,1,H,10,16,6,3,1623.093957824192,1707.2369316398083,-84.14297381561619
2022-09-16,2022/2023,Aston Villa,Southampton,1,0,H,11,7,3,1,1502.5243942217226,1489.2090176931958,13.315376528526713
2022-09-16,2022/2023,Nott'm Forest,Fulham,2,3,A,11,15,3,7,1478.028822556697,1460.5237157108925,17.50510684580445
2022-09-17,2022/2023,Newcastle,Bournemouth,1,1,D,20,10,7,3,1614.2092547697455,1471.5059247685563,142.70333000118922
2022-09-17,2022/2023,Tottenham,Leicester,6,2,H,16,19,11,7,1714.7265812331718,1515.2677822681196,199.4587989650522
2022-09-17,2022/2023,Wolves,Man City,0,3,A,6,16,1,7,1516.3254959671342,1843.0776622682479,-326.7521663011137
2022-09-18,2022/2023,Brentford,Arsenal,0,3,A,5,13,2,7,1548.1737068780733,1687.436026504665,-139.26231962659176
2022-09-18,2022/2023,Everton,West Ham,1,0,H,7,14,2,4,1499.8657751105993,1546.1552733894723,-46.289498278873
2022-10-01,2022/2023,West Ham,Wolves,2,0,H,18,15,5,4,1528.0360874384262,1512.0924936324504,15.943593805975752
2022-10-01,2022/2023,Bournemouth,Brentford,0,0,D,7,13,1,4,1477.7314456529875,1538.264238305395,-60.53279265240758
2022-10-01,2022/2023,Arsenal,Tottenham,3,1,H,22,7,9,3,1697.3454950773432,1722.4328914036978,-25.087396326354565
2022-10-01,2022/2023,Crystal Palace,Chelsea,1,2,A,7,13,3,3,1568.9059795061266,1668.883913753959,-99.97793424783231
2022-10-01,2022/2023,Southampton,Everton,1,2,A,22,12,6,5,1473.8219134018896,1517.9849610616454,-44.163047659755875
2022-10-01,2022/2023,Liverpool,Brighton,3,3,D,15,6,7,6,1792.9995185246844,1618.5220581967362,174.47746032794817
2022-10-01,2022/2023,Fulham,Newcastle,1,4,A,3,19,1,10,1477.329174229634,1607.9837338853142,-130.65455965568026
2022-10-02,2022/2023,Man City,Man United,6,3,H,22,12,10,8,1847.3106646029316,1642.8948629593353,204.4158016435963
2022-10-02,2022/2023,Leeds,Aston Villa,0,0,D,9,19,1,7,1525.772093184682,1517.9114985130288,7.860594671653189
2022-10-03,2022/2023,Leicester,Nott'm Forest,4,0,H,17,10,7,3,1507.5614720975937,1461.2233640379554,46.338108059638216
2022-10-08,2022/2023,Man City,Southampton,4,0,H,21,5,8,0,1854.8512697993183,1459.8448137369683,395.00645606235
2022-10-08,2022/2023,Brighton,Tottenham,0,1,A,14,8,4,3,1625.9434179726118,1705.2795778312852,-79.33615985867345
2022-10-08,2022/2023,Bournemouth,Leicester,2,1,H,10,9,4,5,1480.4912156807834,1521.4400868947828,-40.94887121399938
2022-10-08,2022/2023,Chelsea,Wolves,3,0,H,20,8,7,2,1680.4027702010017,1496.8262083065063,183.5765618944954
2022-10-08,2022/2023,Newcastle,Brentford,5,1,H,16,6,6,3,1618.235322020997,1535.5044682775992,82.7308537433978
2022-10-09,2022/2023,Crystal Palace,Leeds,2,1,H,13,10,5,4,1557.387123059084,1525.4101611747203,31.976961884363618
2022-10-09,2022/2023,West Ham,Fulham,3,1,H,17,8,8,2,1543.3023727643704,1467.0775860939511,76.22478667041923
2022-10-09,2022/2023,Arsenal,Liverpool,3,2,H,11,8,7,3,1714.4988086497558,1785.5781587488088,-71.07935009905304
2022-10-09,2022/2023,Everton,Man United,1,2,A,11,12,2,4,1531.9620607265667,1635.3542577629487,-103.39219703638196
2022-10-10,2022/2023,Nott'm Forest,Aston Villa,1,1,D,6,12,3,2,1447.3447492407663,1518.2734305229906,-70.92868128222426
2022-10-14,2022/2023,Brentford,Brighton,2,0,H,7,21,3,7,1523.2439537922294,1613.534777965115,-90.29082417288555
2022-10-15,2022/2023,Wolves,Nott'm Forest,1,0,H,9,10,2,2,1488.5724255773584,1450.5665020573063,38.00592352005219
2022-10-15,2022/2023,Leicester,Crystal Palace,0,0,D,14,8,5,1,1503.5630051969881,1571.9186735315702,-68.3556683345821
2022-10-15,2022/2023,Fulham,Bournemouth,2,2,D,19,10,4,6,1454.53261063098,1498.368297378578,-43.835686747598174
2022-10-15,2022/2023,Tottenham,Everton,2,0,H,21,4,7,0,1717.688217838782,1520.5877012144338,197.1005166243483
2022-10-16,2022/2023,Liverpool,Man City,1,0,H,13,16,2,6,1766.349749286893,1857.8372801674357,-91.48753088054264
2022-10-16,2022/2023,Southampton,West Ham,1,1,D,10,25,8,4,1456.8588033688509,1555.8473482273416,-98.98854485849074
2022-10-16,2022/2023,Leeds,Arsenal,0,1,A,16,9,4,4,1510.878610702234,1733.7272181116716,-222.8486074094376
2022-10-16,2022/2023,Aston Villa,Chelsea,0,2,A,18,8,7,4,1515.0516777064506,1688.6565529301492,-173.60487522369863
2022-10-16,2022/2023,Man United,Newcastle,0,0,D,15,9,2,2,1646.728617275082,1630.495836506367,16.232780768714974
2022-10-18,2022/2023,Brighton,Nott'm Forest,0,0,D,19,3,7,0,1593.4678770340236,1436.3097915763237,157.15808545769983
2022-10-18,2022/2023,Crystal Palace,Wolves,2,1,H,14,10,4,4,1568.8107757186956,1502.829136058341,65.98163966035463
2022-10-19,2022/2023,Newcastle,Everton,1,0,H,16,1,4,0,1631.242840216703,1512.8016897223592,118.44115049434367
2022-10-19,2022/2023,Liverpool,West Ham,1,0,H,22,8,7,3,1786.468154723493,1551.408227173144,235.0599275503489
2022-10-19,2022/2023,Man United,Tottenham,2,0,H,28,9,10,2,1645.9816135647459,1725.4742293308566,-79.4926157661107
2022-10-19,2022/2023,Bournemouth,Southampton,0,1,A,15,9,3,3,1496.3602333533431,1461.2979244230485,35.06230893029465
2022-10-19,2022/2023,Brentford,Chelsea,0,0,D,8,14,5,5,1543.3108547233207,1697.266768591572,-153.95591386825117
2022-10-20,2022/2023,Fulham,Aston Villa,3,0,H,18,12,8,6,1456.5406746562148,1506.441462045028,-49.900787388813114
2022-10-20,2022/2023,Leicester,Leeds,2,0,H,5,14,1,2,1506.6709030098627,1503.9323505444736,2.738552465389148
2022-10-22,2022/2023,Nott'm Forest,Liverpool,1,0,H,10,15,7,7,1443.0908859440362,1793.0397318131113,-349.94884586907506
2022-10-22,2022/2023,Everton,Crystal Palace,3,0,H,9,9,6,2,1502.0541947380716,1581.808219131765,-79.7540243936935
2022-10-22,2022/2023,Man City,Brighton,3,1,H,10,8,4,2,1837.7188747308358,1586.686782666311,251.0320920645247
2022-10-22,2022/2023,Chelsea,Man United,1,1,D,6,13,2,6,1690.6071225888356,1665.5798149186062,25.027307670229447
2022-10-23,2022/2023,Tottenham,Newcastle,1,2,A,17,13,5,5,1705.8760279769963,1641.9903352009906,63.885692776005726
2022-10-23,2022/2023,Southampton,Arsenal,1,1,D,10,12,3,3,1478.9071441846775,1740.673478269432,-261.7663340847546
2022-10-23,2022/2023,Wolves,Leicester,0,4,A,21,5,5,4,1489.8316926452715,1522.5447906199288,-32.71309797465733
2022-10-23,2022/2023,Aston Villa,Brentford,4,0,H,19,12,11,3,1488.1591180468333,1549.970500726057,-61.8113826792237
2022-10-23,2022/2023,Leeds,Fulham,2,3,A,14,11,5,5,1488.0584629344075,1474.8230186544095,13.235444279998092
2022-10-24,2022/2023,West Ham,Bournemouth,2,0,H,20,5,4,3,1544.8366500835257,1478.7510135917141,66.08563649181156
2022-10-29,2022/2023,Liverpool,Leeds,1,2,A,22,14,10,6,1764.8058846830465,1471.4492428727876,293.3566418102589
2022-10-29,2022/2023,Crystal Palace,Southampton,1,0,H,12,14,3,4,1562.198590232194,1489.1021404262167,73.09644980597727
2022-10-29,2022/2023,Fulham,Everton,0,0,D,24,9,6,4,1491.4322387160294,1521.6638236376427,-30.231584921613376
2022-10-29,2022/2023,Newcastle,Aston Villa,4,0,H,20,3,7,0,1660.8996645919924,1506.9759810301227,153.92368356186967
2022-10-29,2022/2023,Brentford,Wolves,1,1,D,12,14,3,4,1531.1536377427676,1475.3337503571058,55.81988738566179
2022-10-29,2022/2023,Brighton,Chelsea,4,1,H,19,15,9,7,1580.582351224507,1689.4565618577717,-108.87421063326474
2022-10-29,2022/2023,Bournemouth,Tottenham,2,3,A,6,23,4,7,1465.7581904915546,1686.9666985859944,-221.20850809443982
2022-10-29,2022/2023,Leicester,Man City,0,1,A,10,15,5,5,1537.0427329080944,1843.8233061726398,-306.7805732645454
2022-10-30,2022/2023,Arsenal,Nott'm Forest,5,0,H,24,5,10,2,1730.4784820278928,1471.324733074101,259.1537489537918
2022-10-30,2022/2023,Man United,West Ham,1,0,H,16,13,3,5,1666.7303756496701,1557.8294731836852,108.90090246598493
2022-11-05,2022/2023,Wolves,Brighton,2,3,A,8,19,5,8,1477.882459334452,1601.4382778371796,-123.55581850272756
2022-11-05,2022/2023,Leeds,Bournemouth,4,3,H,18,9,4,6,1498.4589283131281,1458.7604480418765,39.69848027125158
2022-11-05,2022/2023,Man City,Fulham,2,1,H,16,4,5,2,1848.4967173134537,1492.8209516096395,355.67576570381425
2022-11-05,2022/2023,Nott'm Forest,Brentford,2,2,D,15,6,7,2,1465.4479210108561,1528.6049287654214,-63.15700775456526
2022-11-05,2022/2023,Everton,Leicester,0,2,A,12,22,2,8,1520.2751107440326,1532.3693217672806,-12.094211023247908
2022-11-06,2022/2023,West Ham,Crystal Palace,1,2,A,5,15,2,6,1546.6865157533048,1574.8811770611615,-28.194661307856677
2022-11-06,2022/2023,Tottenham,Liverpool,1,2,A,14,13,5,6,1693.9644410356725,1737.796199242706,-43.831758207033545
2022-11-06,2022/2023,Chelsea,Arsenal,0,1,A,5,14,1,2,1668.600635245099,1736.3552940911377,-67.75465884603864
2022-11-06,2022/2023,Southampton,Newcastle,1,4,A,16,7,5,4,1476.4195535972492,1670.2412457554367,-193.8216921581875
2022-11-06,2022/2023,Aston Villa,Man United,3,1,H,6,8,4,3,1497.6343998666785,1677.8733330800505,-180.2389332133721
2022-11-12,2022/2023,Newcastle,Chelsea,1,0,H,10,5,3,2,1678.1389954026788,1655.6818909112399,22.45710449143894
2022-11-12,2022/2023,West Ham,Leicester,0,2,A,18,9,6,6,1531.9820851703876,1547.8125876196584,-15.830502449270853
2022-11-12,2022/2023,Tottenham,Leeds,4,3,H,14,12,8,5,1679.9723269943295,1512.6386604546888,167.33366653964072
2022-11-12,2022/2023,Wolves,Arsenal,0,2,A,11,14,2,4,1467.3440939794755,1749.274038424997,-281.9299444455214
2022-11-12,2022/2023,Liverpool,Southampton,3,1,H,15,9,7,5,1751.788313284049,1468.521803950007,283.266509334042
2022-11-12,2022/2023,Bournemouth,Everton,3,0,H,16,15,9,3,1444.580715900316,1504.8318448916548,-60.251128991338874
2022-11-12,2022/2023,Man City,Brentford,1,2,A,29,10,6,8,1852.1546977555663,1525.7280593808941,326.42663837467217
2022-11-12,2022/2023,Nott'm Forest,Crystal Palace,1,0,H,9,8,2,0,1468.3247903953834,1589.5856076440787,-121.26081724869528
2022-11-13,2022/2023,Brighton,Aston Villa,1,2,A,7,8,2,2,1611.9766431921562,1521.2623940381263,90.71424915402986
2022-11-13,2022/2023,Fulham,Man United,1,2,A,14,14,7,9,1489.1629711675268,1654.2453389086027,-165.0823677410758
2022-12-26,2022/2023,Aston Villa,Liverpool,1,3,A,12,16,6,9,1541.3475289302007,1757.0281977443772,-215.68066881417644
2022-12-26,2022/2023,Brentford,Tottenham,2,2,D,9,16,5,8,1553.4881694031046,1688.8116217063875,-135.32345230328292
2022-12-26,2022/2023,Crystal Palace,Fulham,0,3,A,4,23,0,11,1568.217556378478,1480.2405262300094,87.97703014846866
2022-12-26,2022/2023,Everton,Wolves,1,2,A,12,7,6,4,1486.0846618054077,1462.070408613862,24.014253191545777
2022-12-26,2022/2023,Leicester,Newcastle,0,3,A,8,12,2,5,1563.0840701205357,1693.1062453666184,-130.02217524608272
2022-12-26,2022/2023,Southampton,Brighton,1,3,A,14,7,4,4,1463.281919489679,1591.8915083000818,-128.60958881040278
2022-12-26,2022/2023,Arsenal,West Ham,3,1,H,16,8,5,4,1754.5477237906102,1516.7106026695103,237.83712112109993
2022-12-27,2022/2023,Man United,Nott'm Forest,3,0,H,17,8,8,3,1663.16778384612,1489.692841660984,173.47494218513611
2022-12-27,2022/2023,Chelsea,Bournemouth,2,0,H,15,9,5,4,1640.7146409473003,1463.327898986563,177.38674196073725
2022-12-28,2022/2023,Leeds,Man City,1,3,A,9,26,1,9,1503.7993657426307,1824.3945877333558,-320.5952219907251
2022-12-30,2022/2023,West Ham,Brentford,0,2,A,20,9,5,6,1510.2221159763333,1559.4229274760487,-49.20081149971543
2022-12-30,2022/2023,Liverpool,Leicester,2,1,H,21,7,5,2,1764.201476345968,1552.8071021269743,211.3943742189938
2022-12-31,2022/2023,Newcastle,Leeds,0,0,D,16,8,5,1,1703.3832133601798,1499.4344771387855,203.94873622139426
2022-12-31,2022/2023,Wolves,Man United,0,1,A,10,16,3,6,1479.1745481048645,1671.7827075520618,-192.6081594471973
2022-12-31,2022/2023,Bournemouth,Crystal Palace,0,2,A,6,15,2,6,1454.8540025844768,1548.25049285892,-93.3964902744433
2022-12-31,2022/2023,Fulham,Southampton,2,1,H,8,9,2,3,1500.2075897495674,1452.948140050017,47.25944969955049
2022-12-31,2022/2023,Man City,Everton,1,1,D,16,2,3,1,1828.759476337201,1468.980522314405,359.7789540227959
2022-12-31,2022/2023,Brighton,Arsenal,2,4,A,9,14,5,7,1602.2252877397439,1761.0362104837873,-158.8109227440434
2023-01-01,2022/2023,Nott'm Forest,Chelsea,1,1,D,12,7,5,2,1481.0779179550423,1649.1885373493865,-168.1106193943442
2023-01-01,2022/2023,Tottenham,Aston Villa,0,2,A,6,13,2,4,1682.8768636334435,1534.1742503286098,148.70261330483368
2023-01-02,2022/2023,Brentford,Liverpool,3,1,H,10,16,7,6,1573.1721716739657,1771.5130060176277,-198.34083434366198
2023-01-03,2022/2023,Arsenal,Newcastle,0,0,D,17,8,4,1,1770.1927983672515,1694.939326130947,75.25347223630456
2023-01-03,2022/2023,Everton,Brighton,1,4,A,10,19,4,8,1481.3983718395098,1593.0686998562796,-111.67032801676987
2023-01-03,2022/2023,Leicester,Fulham,0,1,A,15,11,6,2,1545.4955724553147,1514.0445358185802,31.451036636734443
2023-01-03,2022/2023,Man United,Bournemouth,3,0,H,18,7,6,4,1679.7220851685738,1443.0543775719934,236.66770759658039
2023-01-04,2022/2023,Aston Villa,Wolves,1,1,D,13,10,4,3,1556.63263378132,1471.2351704883524,85.39746329296759
2023-01-04,2022/2023,Crystal Palace,Tottenham,0,4,A,19,14,4,6,1560.0501178714035,1660.4184801807332,-100.36836230932977
2023-01-04,2022/2023,Southampton,Nott'm Forest,0,1,A,8,11,0,1,1439.1111939810041,1488.2672080078073,-49.15601402680318
2023-01-04,2022/2023,Leeds,West Ham,2,2,D,14,15,6,2,1507.8783643680183,1496.4728717784162,11.40549258960209
2023-01-05,2022/2023,Chelsea,Man City,0,1,A,8,12,2,3,1641.9992472966214,1816.3416268120964,-174.34237951547493
2023-01-12,2022/2023,Fulham,Chelsea,2,1,H,8,20,3,10,1531.4889662830992,1633.4157238304974,-101.92675754739821
2023-01-13,2022/2023,Aston Villa,Leeds,2,1,H,11,16,5,4,1552.7772644432487,1507.3533106189914,45.423953824257296
2023-01-14,2022/2023,Everton,Southampton,1,2,A,12,13,4,5,1470.370916495716,1425.359927570594,45.01098892512209
2023-01-14,2022/2023,Man United,Man City,2,1,H,8,5,4,1,1686.2454635251263,1824.9251502782204,-138.67968675309407
2023-01-14,2022/2023,Brighton,Liverpool,3,0,H,16,6,9,2,1604.0961552000733,1747.2570297220236,-143.1608745219503
2023-01-14,2022/2023,Brentford,Bournemouth,2,0,H,12,7,4,2,1597.4281479695699,1436.530999215441,160.89714875412892
2023-01-14,2022/2023,Nott'm Forest,Leicester,2,0,H,15,6,5,1,1502.0184744182175,1528.0511419907957,-26.032667572578248
2023-01-14,2022/2023,Wolves,West Ham,1,0,H,17,16,4,4,1475.0905398264238,1496.9979255274432,-21.907385701019393
2023-01-15,2022/2023,Newcastle,Fulham,1,0,H,20,5,5,0,1698.3516801132682,1552.0526861466828,146.29899396658539
2023-01-15,2022/2023,Tottenham,Arsenal,0,2,A,17,14,7,5,1671.9207723133757,1766.7804443849302,-94.85967207155454
2023-01-15,2022/2023,Chelsea,Crystal Palace,1,0,H,15,10,5,5,1612.8520039669138,1548.547825738761,64.30417822815275
2023-01-18,2022/2023,Crystal Palace,Man United,1,1,D,10,15,5,4,1535.4757858132944,1708.3130369475887,-172.83725113429432
2023-01-19,2022/2023,Man City,Tottenham,4,2,H,16,9,6,3,1802.857576855758,1660.1838157860832,142.6737610696748
2023-01-21,2022/2023,Liverpool,Chelsea,0,0,D,15,11,3,2,1725.0136372999718,1625.9240438923805,99.08959340759134
2023-01-21,2022/2023,Bournemouth,Nott'm Forest,1,1,D,16,20,4,5,1427.452707869745,1519.2150845608805,-91.76237669113561
2023-01-21,2022/2023,Crystal Palace,Newcastle,0,0,D,6,16,1,7,1542.8377322018946,1707.9862102808404,-165.1484780789458
2023-01-21,2022/2023,West Ham,Everton,2,0,H,11,5,4,2,1479.9903880591837,1452.309603146705,27.680784912478657
2023-01-21,2022/2023,Leicester,Brighton,2,2,D,9,13,2,4,1510.8545318481326,1626.339547622125,-115.48501577399247
2023-01-21,2022/2023,Southampton,Aston Villa,0,1,A,8,16,5,5,1443.421240919605,1566.6972518808545,-123.27601096124954
2023-01-22,2022/2023,Man City,Wolves,3,0,H,13,10,7,1,1812.6332115547468,1492.0980772946832,320.5351342600636
2023-01-22,2022/2023,Arsenal,Man United,3,2,H,25,6,5,4,1778.5174009122227,1700.9510905589884,77.56631035323426
2023-01-22,2022/2023,Leeds,Brentford,0,0,D,9,6,5,0,1493.4333231813855,1606.5064393152659,-113.07311613388038
2023-01-23,2022/2023,Fulham,Tottenham,0,1,A,10,10,5,3,1542.4181559791107,1650.4081810870944,-107.99002510798368
2023-02-03,2022/2023,Chelsea,Fulham,0,0,D,12,10,3,4,1630.367459854086,1531.2370863850597,99.13037346902638
2023-02-04,2022/2023,Wolves,Liverpool,3,0,H,12,22,6,4,1487.731884682033,1720.5702213382663,-232.8383366562332
2023-02-04,2022/2023,Brighton,Bournemouth,1,0,H,20,12,6,2,1621.2088438054432,1431.582929418706,189.62591438673712
2023-02-04,2022/2023,Brentford,Southampton,3,0,H,14,14,4,6,1601.4756069129194,1432.871488271595,168.60411864132448
2023-02-04,2022/2023,Newcastle,West Ham,1,1,D,8,10,2,1,1700.9062066501306,1494.718331161313,206.18787548881755
2023-02-04,2022/2023,Man United,Crystal Palace,2,1,H,14,10,5,3,1688.464964429346,1549.9177358326044,138.54722859674166
2023-02-04,2022/2023,Aston Villa,Leicester,2,4,A,19,9,4,5,1577.2470045288646,1515.9852356648146,61.261768864050055
2023-02-04,2022/2023,Everton,Arsenal,1,0,H,12,15,4,3,1437.5816600445758,1791.003527041865,-353.42186699728927
2023-02-05,2022/2023,Nott'm Forest,Leeds,1,0,H,6,10,2,4,1515.0848630119194,1498.464155583732,16.620707428187416
2023-02-05,2022/2023,Tottenham,Man City,1,0,H,12,15,3,5,1661.5892506811454,1816.999404167397,-155.4101534862516
2023-02-08,2022/2023,Man United,Leeds,2,2,D,24,8,7,2,1698.4026144532656,1483.228984099899,215.17363035336666
2023-02-11,2022/2023,Arsenal,Brentford,1,1,D,23,9,7,2,1762.703753413836,1610.2681903922419,152.43556302159413
2023-02-11,2022/2023,Bournemouth,Newcastle,1,1,D,11,15,5,7,1423.54062849083,1692.3881756058024,-268.8475471149725
2023-02-11,2022/2023,Southampton,Wolves,1,2,A,17,11,2,2,1424.0789047922724,1513.0932740142985,-89.01436922202606
2023-02-11,2022/2023,West Ham,Chelsea,1,1,D,10,12,2,4,1503.2363622056412,1625.9223107973235,-122.68594859168229
2023-02-11,2022/2023,Crystal Palace,Brighton,1,1,D,6,17,1,7,1539.9800858086849,1629.2511447333193,-89.27105892463442
2023-02-11,2022/2023,Fulham,Nott'm Forest,2,0,H,16,10,3,1,1535.6822354418223,1530.3200344957525,5.362200946069834
2023-02-11,2022/2023,Leicester,Tottenham,4,1,H,15,11,7,4,1534.7775656878782,1684.304167980873,-149.52660229299477
2023-02-12,2022/2023,Man City,Aston Villa,3,1,H,17,6,9,2,1794.2844868676693,1558.454674505801,235.82981236186833
2023-02-12,2022/2023,Leeds,Man United,0,2,A,16,11,6,5,1492.0394487691037,1689.592149784061,-197.55270101495717
2023-02-13,2022/2023,Liverpool,Everton,2,0,H,15,6,6,1,1695.2088320060009,1465.8814336726048,229.3273983333961
2023-02-15,2022/2023,Arsenal,Man City,1,3,A,10,9,1,6,1756.1020976577684,1800.8329511302231,-44.73085347245478
2023-02-18,2022/2023,Wolves,Bournemouth,0,1,A,15,5,4,1,1525.0814092985577,1433.926817342238,91.15459195631956
2023-02-18,2022/2023,Nott'm Forest,Man City,1,1,D,4,26,1,6,1514.5669533701753,1814.7843256885228,-300.21737231834754
2023-02-18,2022/2023,Everton,Leeds,1,0,H,15,8,6,0,1459.1358585049657,1484.2687626952475,-25.132904190281806
2023-02-18,2022/2023,Newcastle,Liverpool,0,2,A,14,13,4,7,1682.0019867543942,1701.95440717364,-19.952420419245755
2023-02-18,2022/2023,Brighton,Fulham,0,1,A,21,5,7,2,1625.2282042754834,1551.4353165673995,73.79288770808398
2023-02-18,2022/2023,Brentford,Crystal Palace,1,1,D,12,10,5,4,1616.8698461483095,1544.0030262665207,72.86681988178884
2023-02-18,2022/2023,Aston Villa,Arsenal,2,4,A,7,20,5,5,1551.9062102432472,1742.1507230994687,-190.2445128562215
2023-02-18,2022/2023,Chelsea,Southampton,0,1,A,17,8,5,5,1620.49609761505,1412.0907695080132,208.4053281070369
2023-02-19,2022/2023,Man United,Leicester,3,0,H,26,19,8,3,1697.3628358579172,1557.2676821464145,140.0951537115027
2023-02-19,2022/2023,Tottenham,West Ham,2,0,H,16,6,6,1,1661.8140515223367,1508.6625753879146,153.15147613442218
2023-02-24,2022/2023,Fulham,Wolves,1,1,D,10,8,5,2,1570.7834103412915,1504.9773239464134,65.8060863948781
2023-02-25,2022/2023,Bournemouth,Man City,1,4,A,13,20,2,5,1454.0309026943823,1803.6105410567093,-349.57963836232693
2023-02-25,2022/2023,Everton,Aston Villa,0,2,A,15,9,5,5,1476.2912568832903,1543.8853310737866,-67.59407419049626
2023-02-25,2022/2023,Leeds,Southampton,1,0,H,14,8,4,2,1467.1133643169228,1436.6817265759898,30.431637740932956
2023-02-25,2022/2023,Leicester,Arsenal,0,1,A,1,10,0,2,1547.390979602384,1750.1716022689293,-202.78062266654524
2023-02-25,2022/2023,West Ham,Nott'm Forest,4,0,H,18,8,5,3,1499.2915641846748,1525.7407380019888,-26.449173817313977
2023-02-25,2022/2023,Crystal Palace,Liverpool,0,0,D,6,12,0,4,1547.3103178072768,1717.0365730222613,-169.72625521498458
2023-02-26,2022/2023,Tottenham,Chelsea,2,0,H,8,10,3,2,1671.1850627255765,1595.9051405470734,75.27992217850306
2023-03-01,2022/2023,Arsenal,Everton,4,0,H,15,8,5,5,1757.766595295152,1463.3653909811135,294.4012043140385
2023-03-01,2022/2023,Liverpool,Wolves,2,0,H,15,4,6,1,1709.7880262057627,1507.9720799739775,201.81594623178512
2023-03-04,2022/2023,Brighton,West Ham,4,0,H,20,3,9,2,1605.8801105015914,1516.5072461462853,89.37286435530609
2023-03-04,2022/2023,Chelsea,Leeds,1,0,H,13,11,3,2,1583.3186571716894,1481.7155085109937,101.60314866069575
2023-03-04,2022/2023,Wolves,Tottenham,1,0,H,8,21,5,6,1500.3448742946875,1683.7715461009604,-183.4266718062729
2023-03-04,2022/2023,Southampton,Leicester,1,0,H,11,11,5,0,1422.079582381919,1539.7959865761613,-117.71640419424239
2023-03-04,2022/2023,Man City,Newcastle,2,0,H,11,5,3,2,1807.3837619357744,1666.919820905773,140.46394103000148
2023-03-04,2022/2023,Arsenal,Bournemouth,3,2,H,31,4,9,4,1762.7316349947184,1450.2576818153173,312.4739531794012
2023-03-04,2022/2023,Aston Villa,Crystal Palace,1,0,H,8,3,1,0,1556.8111969759634,1554.5588646237754,2.2523323521879774
2023-03-05,2022/2023,Liverpool,Man United,7,0,H,18,8,8,4,1717.4152318850527,1707.2395384019476,10.175693483105078
2023-03-05,2022/2023,Nott'm Forest,Everton,2,2,D,10,10,4,3,1508.5250560403783,1458.400351281547,50.124704758831285
2023-03-06,2022/2023,Brentford,Fulham,3,2,H,14,9,6,5,1613.5625546075535,1567.7886543137274,45.773900293826046
2023-03-11,2022/2023,Bournemouth,Liverpool,1,0,H,5,15,2,6,1445.7135555896639,1732.9467578252038,-287.2332022355399
2023-03-11,2022/2023,Everton,Brentford,1,0,H,13,12,6,4,1460.6927963014202,1627.466700851728,-166.77390455030786
2023-03-11,2022/2023,Leeds,Brighton,2,2,D,12,14,4,2,1470.2655344512539,1617.8527784443147,-147.58724399306084
2023-03-11,2022/2023,Leicester,Chelsea,1,3,A,17,12,7,6,1518.5732808545893,1594.7686312314293,-76.19535037684
2023-03-11,2022/2023,Tottenham,Nott'm Forest,3,1,H,15,9,7,5,1660.030614703977,1506.2326110205051,153.79800368347196
2023-03-11,2022/2023,Crystal Palace,Man City,0,1,A,4,14,0,4,1538.6625869087466,1817.2459745266337,-278.5833876178872
2023-03-12,2022/2023,West Ham,Aston Villa,1,1,D,17,12,6,4,1504.534578203562,1572.7074746909923,-68.17289648743031
2023-03-12,2022/2023,Newcastle,Wolves,2,1,H,19,7,8,4,1657.0576083149135,1524.0858056916709,132.97180262324264
2023-03-12,2022/2023,Fulham,Arsenal,0,3,A,12,15,2,7,1553.8845080695528,1767.2757612203718,-213.391253150819
2023-03-12,2022/2023,Man United,Southampton,0,0,D,10,17,4,4,1691.7080124617964,1443.302288103491,248.4057243583054
2023-03-15,2022/2023,Brighton,Crystal Palace,1,0,H,11,11,5,3,1611.437446314927,1533.3035016782503,78.13394463667669
2023-03-15,2022/2023,Southampton,Brentford,0,2,A,7,11,1,5,1453.1228225419093,1604.3266251920554,-151.20380265014614
2023-03-17,2022/2023,Nott'm Forest,Newcastle,1,2,A,5,15,3,4,1496.8862437013242,1667.2164814191738,-170.3302377178495
2023-03-18,2022/2023,Aston Villa,Bournemouth,3,0,H,20,10,9,3,1569.6076770831025,1472.5729606620343,97.0347164210682
2023-03-18,2022/2023,Brentford,Leicester,1,1,D,11,14,2,1,1613.7721059520284,1506.0270129873356,107.74509296469273
2023-03-18,2022/2023,Southampton,Tottenham,3,3,D,19,17,7,3,1443.6773417819363,1669.376982023158,-225.6996402412217
2023-03-18,2022/2023,Wolves,Leeds,2,4,A,23,11,8,4,1513.9269325874106,1476.6808665806416,37.24606600676907
2023-03-18,2022/2023,Chelsea,Everton,2,2,D,20,12,7,3,1607.3148990986829,1483.832871961093,123.48202713758997
2023-03-19,2022/2023,Arsenal,Crystal Palace,4,1,H,15,8,5,4,1774.5226508289127,1520.8422463260897,253.68040450282297
2023-04-01,2022/2023,Chelsea,Aston Villa,0,2,A,27,5,8,2,1601.856266924463,1581.2517359988183,20.604530925644667
2023-04-01,2022/2023,Brighton,Brentford,3,3,D,33,7,15,5,1623.8987016670876,1608.9634340827579,14.935267584329722
2023-04-01,2022/2023,Bournemouth,Fulham,2,1,H,12,10,7,2,1460.9289017463186,1546.637618461012,-85.70871671469331
2023-04-01,2022/2023,Nott'm Forest,Wolves,1,1,D,17,8,7,1,1488.15687889089,1496.2182285763452,-8.06134968545507
2023-04-01,2022/2023,Crystal Palace,Leicester,2,1,H,31,3,9,2,1514.8127688581087,1510.8356848566061,3.9770840015025897
2023-04-01,2022/2023,Man City,Liverpool,4,1,H,17,4,8,1,1822.60505975713,1706.0873527528333,116.51770700429665
2023-04-01,2022/2023,Arsenal,Leeds,4,1,H,13,7,6,5,1780.5521282968937,1494.389570591707,286.1625577051866
2023-04-02,2022/2023,West Ham,Southampton,1,0,H,12,9,2,3,1507.6343758114517,1452.8199219020414,54.814453909410304
2023-04-02,2022/2023,Newcastle,Man United,2,0,H,22,6,6,1,1675.945846229608,1681.8874780233782,-5.941631793770284
2023-04-03,2022/2023,Everton,Tottenham,1,1,D,15,8,6,2,1489.2915041353128,1660.234401903053,-170.94289776774008
2023-04-04,2022/2023,Bournemouth,Brighton,0,2,A,14,16,3,6,1480.7977696704418,1623.2113305216394,-142.41356085119764
2023-04-04,2022/2023,Leeds,Nott'm Forest,2,1,H,21,13,6,1,1489.22232741415,1488.5280511583815,0.6942762557685
2023-04-04,2022/2023,Leicester,Aston Villa,1,2,A,9,15,4,5,1495.0188283441003,1598.1994988688862,-103.18067052478591
2023-04-04,2022/2023,Chelsea,Liverpool,0,0,D,12,7,3,4,1584.908504054395,1695.2606827650968,-110.35217871070176
2023-04-05,2022/2023,Man United,Brentford,1,0,H,18,6,3,1,1665.6138824386305,1609.650805228206,55.963077210424444
2023-04-05,2022/2023,West Ham,Newcastle,1,5,A,7,15,2,8,1521.130814546466,1692.2194418143556,-171.0886272678897
2023-04-08,2022/2023,Southampton,Man City,1,4,A,4,13,1,8,1439.3234831670272,1833.4317297448665,-394.1082465778393
2023-04-08,2022/2023,Wolves,Chelsea,1,0,H,9,13,4,1,1495.8470563088538,1589.8261443231545,-93.97908801430071
2023-04-08,2022/2023,Tottenham,Brighton,2,1,H,9,17,3,4,1652.9413966173872,1632.9971374038505,19.944259213536725
2023-04-08,2022/2023,Leicester,Bournemouth,0,1,A,14,19,4,7,1483.6355402741556,1471.0119627882307,12.623577485924898
2023-04-08,2022/2023,Brentford,Newcastle,1,2,A,12,10,6,4,1596.2059405943596,1700.921120785994,-104.71518019163432
2023-04-08,2022/2023,Aston Villa,Nott'm Forest,2,0,H,8,6,3,2,1609.5827869388308,1472.5600237189633,137.02276321986756
2023-04-08,2022/2023,Man United,Everton,2,0,H,29,15,11,1,1679.058747072477,1496.5845094209785,182.47423765149847
2023-04-08,2022/2023,Fulham,West Ham,0,1,A,16,9,3,5,1526.7687505368888,1512.4291355748276,14.339614962061205
2023-04-09,2022/2023,Leeds,Crystal Palace,1,5,A,11,16,7,8,1505.1903548535681,1530.6296253706146,-25.439270517046452
2023-04-09,2022/2023,Liverpool,Arsenal,2,2,D,21,9,6,5,1690.3430424963374,1785.7193714744508,-95.3763289781134
2023-04-15,2022/2023,Man City,Leicester,3,1,H,12,10,4,4,1836.4317680993843,1467.0544587256954,369.37730937368883
2023-04-15,2022/2023,Southampton,Crystal Palace,0,2,A,11,9,4,2,1436.3234448125095,1545.4601927704455,-109.136747957936
2023-04-15,2022/2023,Wolves,Brentford,2,0,H,11,10,9,3,1516.0724008400175,1584.8873528611566,-68.8149520211391
2023-04-15,2022/2023,Chelsea,Brighton,1,2,A,8,26,2,10,1569.6007997919908,1617.914596954081,-48.31379716209017
2023-04-15,2022/2023,Everton,Fulham,1,3,A,15,21,7,7,1488.291801684959,1510.1087615714594,-21.8169598865004
2023-04-15,2022/2023,Aston Villa,Newcastle,3,0,H,16,8,6,2,1619.5806622083876,1712.239708519197,-92.65904631080934
2023-04-15,2022/2023,Tottenham,Bournemouth,2,3,A,24,6,8,6,1668.0239370671568,1487.5930443366908,180.43089273046598
2023-04-16,2022/2023,West Ham,Arsenal,2,2,D,16,11,3,5,1529.089124540257,1781.4342329118965,-252.34510837163953
2023-04-16,2022/2023,Nott'm Forest,Man United,0,2,A,6,22,0,8,1462.5621484494065,1687.3514548084966,-224.78930635909
2023-04-17,2022/2023,Leeds,Liverpool,1,6,A,13,13,3,7,1490.3597874537372,1694.6281810588916,-204.26839360515442
2023-04-21,2022/2023,Arsenal,Southampton,3,3,D,25,8,6,6,1771.5014139871619,1425.19034556674,346.31106842042186
2023-04-22,2022/2023,Fulham,Leeds,2,1,H,12,10,5,2,1525.1053719209428,1482.8142903727705,42.291081548172315
2023-04-22,2022/2023,Brentford,Aston Villa,1,1,D,6,14,5,2,1565.7591075212827,1639.7493995769034,-73.99029205562078
2023-04-22,2022/2023,Crystal Palace,Everton,0,0,D,12,10,2,5,1556.593292016215,1473.2951913354755,83.29810068073948
2023-04-22,2022/2023,Leicester,Wolves,2,1,H,15,16,8,3,1463.6443429541505,1535.2006461798915,-71.55630322574098
2023-04-22,2022/2023,Liverpool,Nott'm Forest,3,2,H,18,11,6,5,1702.1736781398583,1455.6764519998858,246.49722613997255
2023-04-23,2022/2023,Bournemouth,West Ham,0,4,A,17,18,5,10,1511.227867511397,1539.0219434649916,-27.79407595359453
2023-04-23,2022/2023,Newcastle,Tottenham,6,1,H,25,11,8,3,1692.070971150681,1644.3891138924505,47.68185725823059
2023-04-25,2022/2023,Aston Villa,Fulham,1,0,H,14,1,3,0,1636.392614099539,1539.1673578037085,97.2252562958306
2023-04-25,2022/2023,Leeds,Leicester,1,1,D,13,15,3,3,1468.752304490005,1482.8938168219474,-14.141512331942522
2023-04-25,2022/2023,Wolves,Crystal Palace,2,0,H,9,14,3,4,1515.9511723120945,1552.8291201830284,-36.877947870933895
2023-04-26,2022/2023,West Ham,Liverpool,1,2,A,7,20,2,4,1553.7447024336952,1708.4081074023918,-154.66340496869657
2023-04-26,2022/2023,Man City,Arsenal,4,1,H,14,8,9,2,1839.8418838709292,1759.3377099188415,80.50417395208774
2023-04-26,2022/2023,Nott'm Forest,Brighton,3,1,H,12,17,5,7,1449.4420227373523,1631.7038956317692,-182.2618728944169
2023-04-26,2022/2023,Chelsea,Brentford,0,2,A,15,7,4,1,1555.8115011143025,1569.115892998647,-13.304391884344568
2023-04-27,2022/2023,Everton,Newcastle,1,4,A,13,15,5,8,1477.059363168662,1705.8888233070804,-228.82946013841843
2023-04-27,2022/2023,Tottenham,Man United,2,2,D,18,17,7,8,1630.5712617360512,1694.2371512580173,-63.665889521966164
2023-04-27,2022/2023,Southampton,Bournemouth,0,1,A,11,16,2,2,1437.3540496350604,1496.5051085426935,-59.151058907633114
2023-04-29,2022/2023,Crystal Palace,West Ham,4,3,H,16,8,6,4,1535.1371771866834,1544.431262211383,-9.294085024699598
2023-04-29,2022/2023,Brentford,Nott'm Forest,2,1,H,14,5,8,3,1584.5035024098488,1473.1418023313079,111.36170007854093
2023-04-29,2022/2023,Brighton,Wolves,6,0,H,22,10,8,2,1608.0041160378137,1533.6431153084395,74.36100072937415
2023-04-30,2022/2023,Liverpool,Tottenham,4,3,H,12,10,4,7,1717.721547624704,1633.4708023651924,84.25074525951163
2023-04-30,2022/2023,Man United,Aston Villa,1,0,H,14,7,6,1,1691.337610628876,1648.028549906028,43.30906072284802
2023-04-30,2022/2023,Newcastle,Southampton,3,1,H,22,4,5,3,1712.6496705300817,1424.0520395290819,288.59763100099985
2023-04-30,2022/2023,Bournemouth,Leeds,4,1,H,12,15,7,6,1509.807118648672,1469.4031858017247,40.40393284694733
2023-04-30,2022/2023,Fulham,Man City,1,2,A,4,12,1,9,1527.5314219972195,1852.1994835634976,-324.6680615662781
2023-05-01,2022/2023,Leicester,Everton,2,2,D,15,23,6,8,1482.2429355102277,1470.2985159456607,11.944419564566942
2023-05-02,2022/2023,Arsenal,Chelsea,3,1,H,16,7,10,4,1746.9801102262732,1540.4238917031007,206.55621852317245
2023-05-03,2022/2023,Liverpool,Fulham,1,0,H,15,9,3,3,1729.9159598572535,1523.2541590308185,206.66180082643496
2023-05-03,2022/2023,Man City,West Ham,3,0,H,16,6,7,2,1856.4767465298985,1528.0033558425018,328.47339068739666
2023-05-04,2022/2023,Brighton,Man United,1,0,H,22,16,6,5,1620.631013878855,1705.353421151954,-84.72240727309918
2023-05-06,2022/2023,Liverpool,Brentford,1,0,H,15,5,5,1,1737.3823008777422,1595.5438013660278,141.83849951171442
2023-05-06,2022/2023,Bournemouth,Chelsea,1,3,A,10,11,4,5,1523.9547914270956,1532.9540710180472,-8.999279590951573
2023-05-06,2022/2023,Man City,Leeds,2,1,H,18,4,6,2,1860.6734880412437,1455.255513023301,405.4179750179426
2023-05-06,2022/2023,Tottenham,Crystal Palace,1,0,H,8,7,3,2,1621.276390132643,1551.5650835555646,69.7113065770784
2023-05-06,2022/2023,Wolves,Aston Villa,1,0,H,6,16,2,3,1521.0162174673983,1634.01273938295,-112.99652191555174
2023-05-07,2022/2023,West Ham,Man United,1,0,H,15,19,4,4,1523.8066143311567,1685.5273479701457,-161.72073363898903
2023-05-07,2022/2023,Newcastle,Arsenal,0,2,A,12,10,5,6,1717.7564661268602,1754.4499309113266,-36.693464784466414
2023-05-08,2022/2023,Nott'm Forest,Southampton,4,3,H,9,19,4,5,1462.101503375129,1418.9452439323034,43.15625944282556
2023-05-08,2022/2023,Fulham,Leicester,5,3,H,17,18,7,9,1515.7878180103298,1481.6930912651735,34.09472674515632
2023-05-08,2022/2023,Brighton,Everton,1,5,A,23,10,5,5,1640.4570870606633,1470.8483601907149,169.60872686994844
2023-05-13,2022/2023,Leeds,Newcastle,2,2,D,9,18,4,5,1452.4278581239885,1703.440007894386,-251.01214977039763
2023-05-13,2022/2023,Aston Villa,Tottenham,2,1,H,8,5,4,2,1612.98508577135,1634.1084641713849,-21.12337840003488
2023-05-13,2022/2023,Chelsea,Nott'm Forest,2,2,D,14,11,6,2,1548.5397315352882,1476.124242816782,72.41548871850614
2023-05-13,2022/2023,Crystal Palace,Bournemouth,2,0,H,17,5,5,0,1538.7330095168227,1508.3691309098547,30.363878606968
2023-05-13,2022/2023,Man United,Wolves,2,0,H,27,5,9,0,1662.5748415476378,1542.0438710789983,120.53097046863945
2023-05-13,2022/2023,Southampton,Fulham,0,2,A,5,9,1,4,1404.9225044906502,1530.2227185608053,-125.3002140701551
2023-05-14,2022/2023,Brentford,West Ham,2,0,H,24,4,10,4,1585.7354922335483,1546.7591207536645,38.97637147988371
2023-05-14,2022/2023,Everton,Man City,0,3,A,7,9,3,4,1494.092604804504,1863.5011429405563,-369.40853813605236
2023-05-14,2022/2023,Arsenal,Brighton,0,3,A,14,12,2,6,1768.7663891438008,1617.2128424468742,151.55354669692656
2023-05-15,2022/2023,Leicester,Liverpool,0,3,A,4,16,4,5,1467.258190714698,1747.1906100102217,-279.9324192955237
2023-05-18,2022/2023,Newcastle,Brighton,4,1,H,22,8,9,2,1693.5450064456932,1639.7807595176805,53.76424692801265
2023-05-20,2022/2023,Wolves,Everton,1,1,D,13,19,5,4,1531.3820739651367,1490.6830366933043,40.69903727183237
2023-05-20,2022/2023,Liverpool,Aston Villa,1,1,D,10,6,5,3,1752.5151374911018,1629.9566564881354,122.55848100296635
2023-05-20,2022/2023,Nott'm Forest,Arsenal,1,0,H,6,11,2,3,1479.4116325241082,1746.1984720729945,-266.7868395488863
2023-05-20,2022/2023,Bournemouth,Man United,0,1,A,10,20,4,5,1493.763890057242,1673.2366386614995,-179.4727486042575
2023-05-20,2022/2023,Tottenham,Brentford,1,3,A,22,11,8,4,1617.1368934545994,1599.9480560230954,17.188837431504
2023-05-20,2022/2023,Fulham,Crystal Palace,2,2,D,11,11,4,5,1540.690233986762,1553.3382503694354,-12.648016382673404
2023-05-21,2022/2023,West Ham,Leeds,3,1,H,19,12,9,3,1532.5465569641174,1462.3228595726814,70.22369739143596
2023-05-21,2022/2023,Brighton,Southampton,3,1,H,26,5,8,1,1626.2371189059693,1394.4549890646936,231.78212984127572
2023-05-21,2022/2023,Man City,Chelsea,1,0,H,15,13,2,6,1866.910711051756,1545.252341827962,321.6583692237939
2023-05-22,2022/2023,Newcastle,Leicester,0,0,D,23,1,4,1,1707.0886470574044,1461.933663233818,245.15498382358646
2023-05-24,2022/2023,Brighton,Man City,1,1,D,20,13,7,4,1632.9077757884354,1871.2525816949103,-238.3448059064749
2023-05-25,2022/2023,Man United,Chelsea,4,1,H,18,14,9,5,1681.6359375138013,1540.9104711848076,140.72546632899366
2023-05-28,2022/2023,Southampton,Liverpool,4,4,D,15,30,10,8,1387.7843321822274,1747.0941199061183,-359.30978772389085
2023-05-28,2022/2023,Man United,Fulham,2,1,H,21,10,8,3,1691.4878817105305,1541.2724395006996,150.21544220983083
2023-05-28,2022/2023,Leicester,West Ham,2,1,H,13,16,4,3,1471.660356661806,1545.3559662011153,-73.69560953930932
2023-05-28,2022/2023,Leeds,Tottenham,1,4,A,19,11,2,7,1449.5134503356835,1600.3459634319495,-150.83251309626598
2023-05-28,2022/2023,Everton,Bournemouth,1,0,H,13,7,6,2,1492.5487705095045,1485.36459120494,7.184179304564395
2023-05-28,2022/2023,Aston Villa,Brighton,2,1,H,12,8,5,4,1635.377674073119,1642.4343934475962,-7.056719374477325
2023-05-28,2022/2023,Chelsea,Newcastle,1,1,D,22,13,5,4,1531.0585269880785,1697.3619536294163,-166.30342664133786
2023-05-28,2022/2023,Brentford,Man City,1,0,H,11,17,4,3,1616.7389860457454,1861.7259640357495,-244.9869779900041
2023-05-28,2022/2023,Arsenal,Wolves,5,0,H,14,6,8,0,1719.8674054499643,1529.5163401489365,190.3510653010278
2023-05-28,2022/2023,Crystal Palace,Nott'm Forest,1,1,D,16,7,4,4,1552.7560448554977,1505.7426991471384,47.01334570835934
2023-08-11,2023/2024,Burnley,Man City,0,3,A,6,17,1,8,1487.019011041163,1836.0041496908725,-348.9851386497096
2023-08-12,2023/2024,Newcastle,Aston Villa,5,1,H,17,16,13,6,1690.2392400595386,1651.7026033299073,38.536636729631255
2023-08-12,2023/2024,Sheffield United,Crystal Palace,0,1,A,8,24,1,8,1422.5908350213795,1550.6041183581974,-128.01328333681795
2023-08-12,2023/2024,Everton,Fulham,0,1,A,19,9,9,2,1508.217973970782,1531.7890373768194,-23.57106340603741
2023-08-12,2023/2024,Bournemouth,West Ham,1,1,D,14,16,5,3,1469.6953877436626,1526.0121563406733,-56.31676859701065
2023-08-12,2023/2024,Arsenal,Nott'm Forest,2,1,H,15,6,7,2,1727.8845985972973,1507.8946256444387,219.98997295285858
2023-08-12,2023/2024,Brighton,Luton,4,1,H,27,9,12,3,1626.1094641908078,1500.0,126.10946419080778
2023-08-13,2023/2024,Brentford,Tottenham,2,2,D,11,18,6,6,1642.4608003906224,1609.8056794745783,32.6551209160441
2023-08-13,2023/2024,Chelsea,Liverpool,1,1,D,10,13,4,1,1538.1812405579562,1734.6848708611374,-196.50363030318113
2023-08-14,2023/2024,Man United,Wolves,1,0,H,15,23,3,6,1700.9712838344108,1521.4991470016034,179.47213683280734
2023-08-18,2023/2024,Nott'm Forest,Sheffield United,2,1,H,16,7,4,3,1500.8584561473451,1412.2330241035534,88.62543204379176
2023-08-19,2023/2024,Wolves,Brighton,1,4,A,16,16,5,8,1513.0998263338993,1636.544194568766,-123.44436823486672
2023-08-19,2023/2024,Fulham,Brentford,0,3,A,10,17,2,8,1546.7052121120118,1640.9613891317242,-94.25617701971237
2023-08-19,2023/2024,Liverpool,Bournemouth,3,1,H,26,13,10,5,1726.4911433819088,1472.266393222688,254.22475015922078
2023-08-19,2023/2024,Tottenham,Man United,2,0,H,17,22,6,6,1611.3050907334764,1709.370604502115,-98.06551376863854
2023-08-19,2023/2024,Man City,Newcastle,1,0,H,14,7,4,1,1839.7887756606885,1704.4718044694916,135.3169711911969
2023-08-20,2023/2024,Aston Villa,Everton,4,0,H,13,9,7,2,1637.4700389199543,1493.3017992355894,144.16823968436483
2023-08-20,2023/2024,West Ham,Chelsea,3,1,H,12,17,6,4,1523.4411508616479,1546.3749680371848,-22.933817175536888
2023-08-21,2023/2024,Crystal Palace,Arsenal,0,1,A,14,14,2,3,1560.9619292760235,1734.920768094391,-173.95883881836744
2023-08-25,2023/2024,Chelsea,Luton,3,0,H,19,11,8,1,1529.3203579850172,1489.5652696220418,39.75508836297536
2023-08-26,2023/2024,Man United,Nott'm Forest,3,2,H,18,9,9,4,1688.9707474285192,1512.8633812543294,176.1073661741898
2023-08-26,2023/2024,Brighton,West Ham,1,3,A,25,12,10,3,1647.0870948520583,1540.4957609138155,106.59133393824277
2023-08-26,2023/2024,Everton,Wolves,0,1,A,15,11,7,2,1483.584474256547,1502.556926050607,-18.972451794059907
2023-08-26,2023/2024,Brentford,Crystal Palace,1,1,D,12,15,1,5,1652.7241765988922,1552.3645310196257,100.3596455792665
2023-08-26,2023/2024,Arsenal,Fulham,2,2,D,19,8,11,3,1743.5181663507888,1534.9424246448439,208.5757417059449
2023-08-26,2023/2024,Bournemouth,Tottenham,0,2,A,11,17,3,6,1466.2522342702168,1631.7049478070721,-165.4527135368553
2023-08-27,2023/2024,Burnley,Aston Villa,1,3,A,9,16,2,6,1483.2343850713469,1647.1873638989966,-163.95297882764976
2023-08-27,2023/2024,Sheffield United,Man City,1,2,A,6,30,2,9,1400.228098996569,1849.8542749917633,-449.6261759951942
2023-08-27,2023/2024,Newcastle,Liverpool,1,2,A,23,9,8,4,1694.4063051384169,1732.50530233438,-38.09899719596319
2023-09-01,2023/2024,Luton,West Ham,1,2,A,16,9,1,3,1475.3881105909677,1561.2560513328842,-85.86794074191653
2023-09-02,2023/2024,Brighton,Newcastle,3,1,H,15,9,6,2,1626.3268044329895,1680.1538298520181,-53.82702541902859
2023-09-02,2023/2024,Man City,Fulham,5,1,H,7,6,5,4,1852.0910128544629,1543.5389655547333,308.55204729972957
2023-09-02,2023/2024,Chelsea,Nott'm Forest,0,1,A,21,7,2,3,1543.4975170160913,1504.3435240150832,39.153993001008075
2023-09-02,2023/2024,Burnley,Tottenham,2,5,A,16,20,4,10,1474.2700466664764,1640.6136813409048,-166.34363467442836
2023-09-02,2023/2024,Brentford,Bournemouth,2,2,D,21,12,7,5,1648.226838433766,1457.3435007363844,190.88333769738165
2023-09-02,2023/2024,Sheffield United,Everton,2,2,D,13,16,8,6,1397.9913611338695,1468.4573205319628,-70.46595939809322
2023-09-03,2023/2024,Crystal Palace,Wolves,3,2,H,16,12,11,4,1556.8618691847519,1517.6840797751913,39.177789409560546
2023-09-03,2023/2024,Liverpool,Aston Villa,3,0,H,17,9,4,3,1746.7577776207788,1656.151702303867,90.60607531691176
2023-09-03,2023/2024,Arsenal,Man United,3,1,H,17,10,5,2,1734.9216254408993,1697.4906046677654,37.43102077313392
2023-09-16,2023/2024,Fulham,Luton,1,0,H,13,7,2,2,1538.9061044677956,1463.2638815587984,75.64222290899716
2023-09-16,2023/2024,Man United,Brighton,1,3,A,14,10,4,8,1683.2077285395894,1644.7859866595632,38.421741880026275
2023-09-16,2023/2024,Newcastle,Brentford,1,0,H,9,11,2,2,1661.6946476254445,1640.2256353078506,21.46901231759398
2023-09-16,2023/2024,West Ham,Man City,1,3,A,6,29,3,15,1573.3802803650535,1856.7238739414006,-283.3435935763471
2023-09-16,2023/2024,Wolves,Liverpool,1,3,A,11,16,2,6,1503.4806752681575,1758.6772999443535,-255.19662467619605
2023-09-16,2023/2024,Aston Villa,Crystal Palace,3,1,H,16,6,5,3,1644.2321799802924,1571.0652736917857,73.16690628850665
2023-09-16,2023/2024,Tottenham,Sheffield United,2,1,H,28,7,10,5,1649.4894831513773,1401.192663340848,248.2968198105293
2023-09-17,2023/2024,Everton,Arsenal,0,1,A,8,13,1,4,1465.2560183249843,1749.2045015690753,-283.948483244091
2023-09-17,2023/2024,Bournemouth,Chelsea,0,0,D,13,14,4,6,1465.3447038622999,1525.7020035794303,-60.357299717130445
2023-09-18,2023/2024,Nott'm Forest,Burnley,1,1,D,14,10,4,3,1522.1390374517441,1465.394244856004,56.74479259574014
2023-09-23,2023/2024,Crystal Palace,Fulham,0,0,D,7,10,3,5,1558.385791888695,1551.476666240504,6.909125648190866
2023-09-23,2023/2024,Luton,Wolves,1,1,D,20,3,4,3,1450.69331978609,1497.4937915771254,-46.800471791035534
2023-09-23,2023/2024,Man City,Nott'm Forest,2,0,H,7,10,4,3,1861.9618143123835,1519.548833504913,342.4129808074704
2023-09-23,2023/2024,Brentford,Everton,1,3,A,12,18,2,6,1625.2130634006935,1460.0333133324289,165.17975006826464
2023-09-23,2023/2024,Burnley,Man United,0,1,A,12,11,4,4,1467.984448802835,1665.4455196791912,-197.4610708763562
2023-09-24,2023/2024,Sheffield United,Newcastle,0,8,A,9,22,1,15,1395.0100713297027,1676.7072195326016,-281.6971482028989
2023-09-24,2023/2024,Chelsea,Aston Villa,0,1,A,10,15,4,7,1522.9500755400775,1656.9116617833831,-133.96158624330565
2023-09-24,2023/2024,Arsenal,Tottenham,2,2,D,13,13,6,5,1754.4272065616308,1655.6720751625226,98.75513139910822
2023-09-24,2023/2024,Brighton,Bournemouth,3,1,H,13,12,4,4,1662.5481955199614,1468.0966319016527,194.45156361830868
2023-09-24,2023/2024,Liverpool,West Ham,3,1,H,22,11,7,4,1764.6641836353856,1568.1423399940707,196.52184364131494
2023-09-30,2023/2024,Aston Villa,Brighton,6,1,H,19,11,9,3,1667.0310697207065,1670.4243965397939,-3.393326819087406
2023-09-30,2023/2024,Bournemouth,Arsenal,0,4,A,8,15,1,8,1460.2204308818202,1749.9980090234578,-289.7775781416376
2023-09-30,2023/2024,Everton,Luton,1,2,A,23,9,5,2,1483.1144750589222,1452.8356196154675,30.27885544345463
2023-09-30,2023/2024,Man United,Crystal Palace,0,1,A,19,8,4,2,1673.2193096225099,1558.0676568292095,115.1516527933004
2023-09-30,2023/2024,Newcastle,Burnley,2,0,H,20,8,8,2,1681.986810036041,1460.2106588595163,221.77615117652476
2023-09-30,2023/2024,West Ham,Sheffield United,2,0,H,20,16,9,2,1560.3366862445157,1389.7304808262631,170.60620541825256
2023-09-30,2023/2024,Wolves,Man City,2,1,H,3,23,1,8,1495.3514917477478,1865.8745221459053,-370.5230303981575
2023-09-30,2023/2024,Tottenham,Liverpool,2,1,H,24,12,8,4,1660.1012727006955,1772.4698373849405,-112.36856468424503
2023-10-01,2023/2024,Nott'm Forest,Brentford,1,1,D,6,18,1,5,1515.6361256713913,1602.1319016742002,-86.49577600280895
2023-10-02,2023/2024,Fulham,Chelsea,0,2,A,10,11,3,4,1551.7948012999896,1512.8306676027541,38.96413369723541
2023-10-03,2023/2024,Luton,Burnley,1,2,A,18,14,3,4,1470.226492972391,1453.2307656124979,16.99572735989318
2023-10-07,2023/2024,Luton,Tottenham,0,1,A,12,15,2,4,1453.4444345086708,1681.102848427757,-227.65841391908612
2023-10-07,2023/2024,Burnley,Chelsea,1,4,A,10,9,3,5,1470.012824076218,1530.617547273768,-60.6047231975499
2023-10-07,2023/2024,Everton,Bournemouth,3,0,H,25,11,8,4,1465.7236017019986,1455.1427193174716,10.580882384527058
2023-10-07,2023/2024,Fulham,Sheffield United,3,1,H,20,5,6,2,1534.0079216289757,1381.0111968863662,152.99672474260956
2023-10-07,2023/2024,Man United,Brentford,2,1,H,21,11,8,3,1652.1023833555423,1598.2289263157816,53.87345703976075
2023-10-07,2023/2024,Crystal Palace,Nott'm Forest,0,0,D,8,16,2,5,1579.184583096177,1519.53910102981,59.645482066367094
2023-10-08,2023/2024,Arsenal,Man City,1,0,H,12,4,2,1,1755.0757205878065,1837.2645960079171,-82.18887542011066
2023-10-08,2023/2024,Wolves,Aston Villa,1,1,D,8,18,3,4,1523.961417885736,1683.187333227066,-159.22591534132994
2023-10-08,2023/2024,Brighton,Liverpool,2,2,D,14,14,3,4,1654.2681330334344,1751.468261657879,-97.20012862444469
2023-10-08,2023/2024,West Ham,Newcastle,2,2,D,5,10,3,3,1569.0559701844127,1688.9667032830596,-119.91073309864692
2023-10-21,2023/2024,Liverpool,Everton,2,0,H,26,6,6,1,1747.1052685700013,1481.2364846455594,265.8687839244419
2023-10-21,2023/2024,Sheffield United,Man United,1,2,A,12,14,6,5,1371.6342813342649,1665.6411134294553,-294.0068320951905
2023-10-21,2023/2024,Brentford,Burnley,3,0,H,23,6,10,1,1584.6901962418685,1456.7758079613527,127.91438828051582
2023-10-21,2023/2024,Bournemouth,Wolves,1,2,A,7,20,4,7,1439.6298363739108,1530.8204369756545,-91.19060060174365
2023-10-21,2023/2024,Nott'm Forest,Luton,2,2,D,19,13,8,4,1522.25920721112,1446.6475709025565,75.61163630856345
2023-10-21,2023/2024,Chelsea,Arsenal,2,2,D,11,13,5,3,1543.8545633886333,1774.791601854163,-230.93703846552967
2023-10-21,2023/2024,Man City,Brighton,2,1,H,10,5,6,3,1817.5487147415606,1658.6311261213123,158.91758862024835
2023-10-21,2023/2024,Newcastle,Crystal Palace,4,0,H,10,17,7,3,1683.6538990207664,1576.464476914867,107.18942210589944
2023-10-22,2023/2024,Aston Villa,West Ham,4,1,H,15,14,7,4,1676.3283141371473,1574.3687744467059,101.95953969044149
2023-10-23,2023/2024,Tottenham,Fulham,2,0,H,15,10,5,3,1687.8997120338713,1543.384837181077,144.51487485279426
2023-10-27,2023/2024,Crystal Palace,Tottenham,1,2,A,13,10,3,1,1565.2498594128444,1697.6035404822956,-132.3536810694511
2023-10-28,2023/2024,Chelsea,Brentford,0,2,A,17,7,2,5,1553.1581837532044,1595.0519955077364,-41.89381175453195
2023-10-28,2023/2024,Arsenal,Sheffield United,5,0,H,13,2,8,0,1765.487981489592,1366.6597114694366,398.8282700201553
2023-10-28,2023/2024,Bournemouth,Burnley,2,1,H,13,6,6,3,1427.7354708391154,1446.4140086954849,-18.67853785636953
2023-10-28,2023/2024,Wolves,Newcastle,2,2,D,11,13,6,5,1542.71480251045,1694.868516522789,-152.15371401233892
2023-10-29,2023/2024,West Ham,Everton,0,1,A,12,10,2,4,1562.9338811230677,1475.5428576283805,87.39102349468726
2023-10-29,2023/2024,Aston Villa,Luton,3,1,H,17,7,6,1,1687.7632074607855,1450.0756652512023,237.68754220958317
2023-10-29,2023/2024,Brighton,Fulham,1,1,D,18,10,7,5,1649.4785512347948,1533.6810087326528,115.79754250214205
2023-10-29,2023/2024,Liverpool,Nott'm Forest,3,0,H,21,9,8,1,1752.7988955871801,1518.8311128624741,233.967782724706
2023-10-29,2023/2024,Man United,Man City,0,3,A,7,21,3,10,1670.6156832942836,1826.701289628078,-156.08560633379443
2023-11-04,2023/2024,Newcastle,Arsenal,1,0,H,9,14,2,1,1688.2776343241196,1768.4149597572464,-80.13732543312676
2023-11-04,2023/2024,Sheffield United,Wolves,2,1,H,11,10,2,3,1363.7327332017821,1549.3056847091193,-185.57295150733717
2023-11-04,2023/2024,Fulham,Man United,0,1,A,18,12,3,5,1538.8246212609677,1661.3562066650159,-122.5315854040482
2023-11-04,2023/2024,Everton,Brighton,1,1,D,10,7,4,2,1495.4845829727162,1644.33493870648,-148.85035573376376
2023-11-04,2023/2024,Burnley,Crystal Palace,0,2,A,17,4,5,3,1429.5546579955806,1555.0662985370425,-125.51164054146193
2023-11-04,2023/2024,Brentford,West Ham,3,2,H,16,12,4,2,1609.1320104157674,1542.992155778732,66.13985463703534
2023-11-04,2023/2024,Man City,Bournemouth,6,1,H,21,5,8,1,1835.9607662573458,1444.5948215390197,391.3659447183261
2023-11-05,2023/2024,Nott'm Forest,Aston Villa,2,0,H,5,13,3,3,1512.2266446449894,1694.256149350471,-182.0295047054817
2023-11-05,2023/2024,Luton,Liverpool,1,1,D,8,24,5,6,1443.5827233615166,1759.4033638046649,-315.82064044314825
2023-11-06,2023/2024,Tottenham,Chelsea,1,4,A,8,17,5,8,1707.7871013580975,1539.0781688451734,168.7089325129241
2023-11-11,2023/2024,Bournemouth,Newcastle,2,0,H,19,8,10,5,1441.5515885063821,1707.9040123111579,-266.35242380477575
2023-11-11,2023/2024,Man United,Luton,1,0,H,15,10,4,4,1671.9362855135964,1455.1131918743645,216.82309363923196
2023-11-11,2023/2024,Wolves,Tottenham,2,1,H,17,6,4,2,1525.4892754992761,1684.5758379564218,-159.08656245714565
2023-11-11,2023/2024,Arsenal,Burnley,3,1,H,16,8,6,5,1748.788581770208,1419.095713173186,329.6928685970222
2023-11-11,2023/2024,Crystal Palace,Everton,2,3,A,13,8,4,4,1565.5252433594371,1501.9486606794972,63.576582679939975
2023-11-12,2023/2024,Chelsea,Man City,4,4,D,17,15,9,10,1562.2894322468492,1839.0039992899833,-276.71456704313414
2023-11-12,2023/2024,Brighton,Sheffield United,1,1,D,11,9,6,1,1637.870860999699,1387.5491424116253,250.32171858807374
2023-11-12,2023/2024,Aston Villa,Fulham,3,1,H,12,9,6,5,1670.5645951382407,1528.244542412387,142.32005272585366
2023-11-12,2023/2024,West Ham,Nott'm Forest,3,2,H,16,10,6,5,1530.0017412458214,1535.9181988572197,-5.9164576113983
2023-11-12,2023/2024,Liverpool,Brentford,3,0,H,17,16,10,3,1747.872895291817,1622.122424948678,125.75047034313911
2023-11-25,2023/2024,Luton,Crystal Palace,2,1,H,8,16,3,8,1447.9764459726857,1546.6296805806942,-98.65323460800846
2023-11-25,2023/2024,Burnley,West Ham,1,2,A,11,11,5,3,1414.9245023624378,1546.2741778541779,-131.34967549174007
2023-11-25,2023/2024,Man City,Liverpool,1,1,D,16,8,5,3,1828.4112532615452,1758.322163005102,70.08909025644311
2023-11-25,2023/2024,Newcastle,Chelsea,4,1,H,14,7,5,4,1681.5846200088163,1572.8821782752873,108.70244173352899
2023-11-25,2023/2024,Brentford,Arsenal,0,1,A,9,15,3,4,1611.6731572353929,1752.9597925809562,-141.28663534556335
2023-11-25,2023/2024,Sheffield United,Bournemouth,1,3,A,10,23,2,11,1397.424484874338,1467.8709808087237,-70.44649593438567
2023-11-25,2023/2024,Nott'm Forest,Brighton,2,3,A,18,11,5,5,1519.6457622488633,1627.9955185369863,-108.34975628812299
2023-11-26,2023/2024,Tottenham,Aston Villa,1,2,A,18,15,8,5,1661.7220578463757,1680.3540590430325,-18.6320011966568
2023-11-26,2023/2024,Everton,Man United,0,3,A,24,9,6,4,1520.84422345824,1679.0730314152752,-158.2288079570351
2023-11-27,2023/2024,Fulham,Wolves,3,2,H,12,10,6,6,1518.4550785075953,1548.3430556093222,-29.887977101726847
2023-12-02,2023/2024,Newcastle,Man United,1,0,H,22,8,4,1,1692.7358761145335,1688.2515382575803,4.484337856953289
2023-12-02,2023/2024,Nott'm Forest,Everton,0,1,A,13,12,2,3,1508.4797514421557,1511.665716615935,-3.185965173779323
2023-12-02,2023/2024,Arsenal,Wolves,2,1,H,19,6,6,3,1762.7897233777805,1530.9700485788483,231.81967479893228
2023-12-02,2023/2024,Brentford,Luton,3,1,H,27,7,6,1,1601.8432264385685,1468.4013102357499,133.44191620281867
2023-12-02,2023/2024,Burnley,Sheffield United,5,0,H,19,6,7,3,1404.7007734472559,1384.6249266282562,20.075846818999707
2023-12-03,2023/2024,Bournemouth,Aston Villa,2,2,D,15,11,7,3,1480.6705390548057,1695.4968452686849,-214.8263062138792
2023-12-03,2023/2024,Chelsea,Brighton,3,2,H,8,18,5,9,1561.73092216957,1639.161529343694,-77.4306071741239
2023-12-03,2023/2024,Liverpool,Fulham,4,3,H,26,9,12,5,1761.5068009203262,1535.8280855380692,225.678715382257
2023-12-03,2023/2024,West Ham,Crystal Palace,1,1,D,9,9,3,2,1556.4979067693598,1526.20481631763,30.293090451729768
2023-12-03,2023/2024,Man City,Tottenham,3,3,D,18,8,4,4,1825.226615346321,1646.5792716207234,178.6473437255977
2023-12-05,2023/2024,Wolves,Burnley,1,0,H,7,12,4,3,1524.30053279322,1419.777274120134,104.52325867308605
2023-12-05,2023/2024,Luton,Arsenal,3,4,A,6,23,4,9,1458.2611920141053,1769.4592391634087,-311.1980471493034
2023-12-06,2023/2024,Man United,Chelsea,2,1,H,28,13,9,3,1672.4580381808173,1581.2388475848634,91.21919059595393
2023-12-06,2023/2024,Aston Villa,Man City,1,0,H,22,2,7,2,1686.6975316401106,1817.6553808156202,-130.95784917550964
2023-12-06,2023/2024,Sheffield United,Liverpool,0,2,A,6,15,1,8,1369.548425955378,1768.3648698138084,-398.8164438584304
2023-12-06,2023/2024,Crystal Palace,Bournemouth,0,2,A,16,11,3,4,1527.5963402647915,1489.46985268338,38.12648758141154
2023-12-06,2023/2024,Brighton,Brentford,2,1,H,18,8,7,2,1619.6536039284006,1611.983344660213,7.670259268187465
2023-12-06,2023/2024,Fulham,Nott'm Forest,5,0,H,14,4,6,1,1528.970016644587,1492.6264664481791,36.34355019640793
2023-12-07,2023/2024,Everton,Newcastle,3,0,H,21,13,6,3,1527.5190016099116,1708.5293761912965,-181.0103745813849
2023-12-07,2023/2024,Tottenham,West Ham,1,2,A,23,11,7,5,1654.1505061514242,1555.1063828221984,99.04412332922584
2023-12-09,2023/2024,Aston Villa,Arsenal,1,0,H,10,12,3,5,1708.4581038390743,1774.0320766016548,-65.57397276258052
2023-12-09,2023/2024,Man United,Bournemouth,0,3,A,20,10,3,4,1684.3511738159605,1507.2186282632472,177.13254555271328
2023-12-09,2023/2024,Wolves,Nott'm Forest,1,1,D,10,8,4,2,1535.6272035152374,1478.2940707783905,57.33313273684689
2023-12-09,2023/2024,Sheffield United,Brentford,1,0,H,9,10,4,4,1366.621266649082,1596.3365157784035,-229.7152491293216
2023-12-09,2023/2024,Crystal Palace,Liverpool,1,2,A,8,14,4,2,1509.8475646849242,1771.2920291201044,-261.4444644351802
2023-12-09,2023/2024,Brighton,Burnley,1,1,D,29,6,11,3,1635.3004328102102,1408.4506033981168,226.8498294120934
2023-12-10,2023/2024,Everton,Chelsea,2,0,H,9,16,5,4,1551.174418140841,1569.3457119497202,-18.171293808879227
2023-12-10,2023/2024,Fulham,West Ham,5,0,H,14,9,8,5,1543.3024123143757,1575.5478662365197,-32.24545392214395
2023-12-10,2023/2024,Luton,Man City,1,2,A,4,18,2,6,1453.6883545758592,1795.8948086166565,-342.2064540407973
2023-12-10,2023/2024,Tottenham,Newcastle,4,1,H,23,9,12,3,1633.709022737103,1684.873959660367,-51.16493692326412
2023-12-15,2023/2024,Nott'm Forest,Tottenham,0,2,A,15,12,1,6,1480.910651462368,1652.048368550664,-171.13771708829609
2023-12-16,2023/2024,Burnley,Everton,0,2,A,14,9,2,6,1417.6287895218697,1568.0104749641355,-150.38168544226573
2023-12-16,2023/2024,Newcastle,Fulham,3,0,H,27,6,10,4,1666.534613846806,1560.7831213362085,105.75149251059747
2023-12-16,2023/2024,Chelsea,Sheffield United,2,0,H,15,6,6,1,1552.5096551264257,1391.887569564765,160.6220855616607
2023-12-16,2023/2024,Man City,Crystal Palace,2,2,D,19,5,9,2,1799.8116011897864,1504.0337511901953,295.7778499995911
2023-12-17,2023/2024,Arsenal,Brighton,2,0,H,26,6,9,1,1755.0476366097744,1626.1222466864572,128.9253899233172
2023-12-17,2023/2024,Brentford,Aston Villa,1,2,A,4,15,3,5,1571.0702128627204,1727.4425438309547,-156.37233096823434
2023-12-17,2023/2024,West Ham,Wolves,3,0,H,13,14,4,3,1558.0671572146869,1533.01062283126,25.05653438342688
2023-12-17,2023/2024,Liverpool,Man United,0,0,D,34,6,8,1,1777.1058426148334,1660.8341894380555,116.27165317677782
2023-12-21,2023/2024,Crystal Palace,Brighton,1,1,D,11,18,3,6,1515.1018619000004,1615.8011824067871,-100.69932050678676
2023-12-22,2023/2024,Aston Villa,Sheffield United,1,1,D,12,5,4,2,1736.6911635421689,1382.798978201152,353.8921853410168
2023-12-23,2023/2024,Liverpool,Arsenal,1,1,D,13,13,3,2,1771.9426615100945,1765.3687008894444,6.573960620650041
2023-12-23,2023/2024,Tottenham,Everton,2,1,H,13,18,6,8,1660.748257341678,1577.4874925133388,83.26076482833923
2023-12-23,2023/2024,Nott'm Forest,Bournemouth,2,3,A,11,18,5,7,1472.210762671354,1530.735612641152,-58.5248499697982
2023-12-23,2023/2024,Luton,Newcastle,1,0,H,16,15,5,2,1449.7715620027293,1677.809601360497,-228.03803935776773
2023-12-23,2023/2024,West Ham,Man United,2,0,H,12,11,5,3,1572.915257511772,1665.9973705427944,-93.08211303102235
2023-12-23,2023/2024,Fulham,Burnley,0,2,A,19,7,5,2,1549.5081338225175,1408.1517719726664,141.35636184985106
2023-12-24,2023/2024,Wolves,Chelsea,2,1,H,14,16,6,5,1518.1625225341747,1561.5982464900387,-43.43572395586398
2023-12-26,2023/2024,Newcastle,Nott'm Forest,1,3,A,19,15,7,6,1652.5947739807652,1458.8807260749409,193.71404790582437
2023-12-26,2023/2024,Bournemouth,Fulham,3,0,H,16,8,4,3,1544.0656492375651,1527.3353313180571,16.730317919508025
2023-12-26,2023/2024,Sheffield United,Luton,2,3,A,21,12,6,4,1395.1076021074164,1474.986389382461,-79.87878727504471
2023-12-26,2023/2024,Burnley,Liverpool,0,2,A,9,19,0,10,1430.3245744771268,1771.6399555594792,-341.31538108235236
2023-12-26,2023/2024,Man United,Aston Villa,3,2,H,13,10,7,4,1645.810478585745,1724.3825396359045,-78.57206105015962
2023-12-27,2023/2024,Everton,Man City,1,3,A,7,23,2,9,1565.2500400894826,1788.7434904799813,-223.49345039049877
2023-12-27,2023/2024,Brentford,Wolves,1,4,A,14,11,4,5,1561.8215931515062,1536.1524551024145,25.66913804909177
2023-12-27,2023/2024,Chelsea,Crystal Palace,2,1,H,9,13,4,5,1543.608313921799,1519.6136028197102,23.994711102088786
2023-12-28,2023/2024,Brighton,Tottenham,4,2,H,15,19,9,3,1611.2894414870773,1672.9857097655342,-61.696268278456955
2023-12-28,2023/2024,Arsenal,West Ham,0,2,A,30,6,8,3,1765.6714068400597,1593.1021494688216,172.5692573712381
2023-12-30,2023/2024,Nott'm Forest,Man United,2,1,H,8,10,2,5,1482.9792898308306,1665.368406932898,-182.38911710206753
2023-12-30,2023/2024,Luton,Chelsea,2,3,A,15,12,6,8,1487.3713078080082,1558.5050700950214,-71.13376228701327
2023-12-30,2023/2024,Aston Villa,Burnley,3,2,H,19,9,7,5,1704.8246112887514,1426.3901159417223,278.43449534702904
2023-12-30,2023/2024,Crystal Palace,Brentford,3,1,H,13,9,6,4,1504.7168466464877,1544.641631821105,-39.92478517461723
2023-12-30,2023/2024,Man City,Sheffield United,2,0,H,18,4,4,2,1795.6695843048012,1382.7226836818693,412.94690062293193
2023-12-30,2023/2024,Wolves,Everton,3,0,H,12,10,6,0,1553.3324164328158,1558.3239462646627,-4.991529831846947
2023-12-31,2023/2024,Tottenham,Bournemouth,3,1,H,12,24,6,4,1654.1739839847107,1559.2957845820072,94.87819940270356
2023-12-31,2023/2024,Fulham,Arsenal,2,1,H,15,13,4,3,1512.105195973615,1742.319192615094,-230.21399664147884
2024-01-01,2023/2024,Liverpool,Newcastle,4,2,H,34,5,15,3,1775.5744140948837,1628.4962102248755,147.0782038700081
2024-01-02,2023/2024,West Ham,Brighton,0,0,D,6,22,2,8,1616.4543636937874,1630.1011672679008,-13.646803574113392
2024-01-12,2023/2024,Burnley,Luton,1,1,D,13,14,7,5,1421.0272056231613,1474.6021209492585,-53.5749153260972
2024-01-13,2023/2024,Chelsea,Fulham,1,0,H,17,14,3,4,1571.274256953771,1537.3867506692015,33.887506284569554
2024-01-13,2023/2024,Newcastle,Man City,2,3,A,12,27,5,11,1618.891857378947,1798.3874928618015,-179.4956354828546
2024-01-14,2023/2024,Everton,Aston Villa,0,0,D,10,16,2,5,1542.0940936349948,1710.1875216073124,-168.0934279723176
2024-01-14,2023/2024,Man United,Tottenham,2,2,D,9,16,2,6,1641.6641253842813,1665.9101478782097,-24.24602249392842
2024-01-20,2023/2024,Brentford,Nott'm Forest,3,2,H,11,12,5,3,1526.8110778874673,1506.6835713794474,20.127506508019906
2024-01-20,2023/2024,Arsenal,Crystal Palace,5,0,H,21,12,6,5,1717.0376379195075,1522.5474005801254,194.49023733938202
2024-01-21,2023/2024,Sheffield United,West Ham,2,2,D,21,16,6,5,1380.004775124869,1617.0824992246594,-237.07772409979043
2024-01-21,2023/2024,Bournemouth,Liverpool,0,4,A,11,14,1,7,1547.5596206885082,1785.1787669408122,-237.61914625230406
2024-01-22,2023/2024,Brighton,Wolves,0,0,D,11,8,4,3,1629.4730317370288,1569.5622690624837,59.91076267454514
2024-01-30,2023/2024,Aston Villa,Newcastle,1,3,A,12,14,6,5,1702.9988634213423,1610.4933746327633,92.50548878857899
2024-01-30,2023/2024,Nott'm Forest,Arsenal,1,2,A,9,19,3,3,1491.609441777227,1724.9125171579703,-233.3030753807434
2024-01-30,2023/2024,Fulham,Everton,0,0,D,25,21,6,4,1522.9423980243414,1549.282751820965,-26.340353796623504
2024-01-30,2023/2024,Crystal Palace,Sheffield United,3,2,H,12,9,4,5,1514.6725213416626,1389.4936462526496,125.17887508901299
2024-01-30,2023/2024,Luton,Brighton,4,0,H,18,9,8,2,1472.1542758145306,1626.7410635622969,-154.58678774776627
2024-01-31,2023/2024,Liverpool,Chelsea,4,1,H,28,4,13,3,1791.6737467584999,1585.7186095986312,205.95513715986863
2024-01-31,2023/2024,Man City,Burnley,3,1,H,14,8,4,3,1806.7859756079852,1423.4750507578892,383.31092485009594
2024-01-31,2023/2024,Tottenham,Brentford,3,2,H,19,9,5,5,1664.795386335713,1541.8852074896877,122.91017884602525
2024-02-01,2023/2024,West Ham,Bournemouth,1,1,D,9,9,3,4,1607.5936280968788,1541.0646408708205,66.52898722605823
2024-02-01,2023/2024,Wolves,Man United,3,4,A,16,21,7,8,1572.2942372372156,1642.7788869267781,-70.4846496895625
2024-02-03,2023/2024,Everton,Tottenham,2,2,D,14,9,5,6,1548.0720523945113,1675.360036633756,-127.28798423924468
2024-02-03,2023/2024,Brighton,Crystal Palace,4,1,H,13,7,6,5,1604.057416183843,1525.1449571204746,78.91245906336849
2024-02-03,2023/2024,Burnley,Fulham,2,2,D,12,15,4,7,1420.3017080748505,1524.153097450795,-103.85138937594456
2024-02-03,2023/2024,Newcastle,Luton,4,4,D,19,11,6,8,1630.6555197066925,1494.8379231929844,135.81759651370817
2024-02-03,2023/2024,Sheffield United,Aston Villa,0,5,A,10,14,5,10,1379.0212104738375,1682.8367183474131,-303.8155078735756
2024-02-04,2023/2024,Bournemouth,Nott'm Forest,1,1,D,9,8,2,6,1544.0915088676452,1484.9848956259264,59.10661324171883
2024-02-04,2023/2024,Chelsea,Wolves,2,4,A,15,14,6,7,1578.2289576582898,1559.4963656982145,18.732591960075297
2024-02-04,2023/2024,Man United,West Ham,3,0,H,12,22,5,3,1655.5767584657792,1604.5667601000541,51.009998365725096
2024-02-04,2023/2024,Arsenal,Liverpool,3,1,H,15,10,7,1,1731.537063309271,1799.1633986988413,-67.62633538957039
2024-02-05,2023/2024,Brentford,Man City,1,3,A,9,25,3,15,1531.3205571916446,1809.959318291024,-278.6387610993793
2024-02-10,2023/2024,Fulham,Bournemouth,3,1,H,7,25,6,4,1519.5080852250098,1541.3955076160323,-21.887422391022483
2024-02-10,2023/2024,Wolves,Brentford,0,2,A,17,9,5,6,1576.3581984799862,1525.9628939667646,50.39530451322162
2024-02-10,2023/2024,Nott'm Forest,Newcastle,2,3,A,13,7,3,5,1487.6808968775392,1624.7011466860936,-137.02024980855435
2024-02-10,2023/2024,Man City,Everton,2,0,H,19,5,3,1,1815.316981515904,1553.6849722520867,261.6320092638173
2024-02-10,2023/2024,Liverpool,Burnley,3,1,H,25,9,10,4,1780.0878337877707,1424.9467203006357,355.14111348713504
2024-02-10,2023/2024,Luton,Sheffield United,1,3,A,20,7,5,3,1500.7922962135833,1374.2792693675178,126.51302684606549
2024-02-10,2023/2024,Tottenham,Brighton,2,1,H,16,6,6,3,1669.7471167761805,1616.4845903317641,53.26252644441638
2024-02-11,2023/2024,West Ham,Arsenal,0,6,A,5,25,1,12,1590.8991228040902,1750.6126282203415,-159.71350541625134
2024-02-11,2023/2024,Aston Villa,Man United,1,2,A,23,17,10,5,1687.5786594537328,1669.2443957617431,18.33426369198969
2024-02-12,2023/2024,Crystal Palace,Chelsea,1,3,A,13,14,4,5,1512.7177829725536,1561.3671248765181,-48.64934190396457
2024-02-17,2023/2024,Man City,Chelsea,1,1,D,31,9,5,6,1821.1256605491426,1575.1412681709567,245.98439237818593
2024-02-17,2023/2024,Burnley,Arsenal,0,5,A,8,16,0,7,1421.278756773984,1759.7352923355718,-338.45653556158777
2024-02-17,2023/2024,Fulham,Aston Villa,1,2,A,15,12,4,3,1536.5147069910868,1670.7351182659772,-134.22041127489047
2024-02-17,2023/2024,Nott'm Forest,West Ham,2,0,H,19,10,8,3,1477.6829221492776,1581.77645868886,-104.09353653958237
2024-02-17,2023/2024,Newcastle,Bournemouth,2,2,D,17,12,5,7,1634.6991214143552,1524.3888858499554,110.31023556439982
2024-02-17,2023/2024,Brentford,Liverpool,1,4,A,15,15,6,8,1544.2675433835461,1783.7557973144224,-239.48825393087623
2024-02-17,2023/2024,Tottenham,Wolves,1,2,A,15,12,4,7,1683.3133228899737,1558.0535490632046,125.2597738267691
2024-02-18,2023/2024,Sheffield United,Brighton,0,5,A,6,24,1,10,1395.8608686513724,1602.918384217971,-207.05751556659857
2024-02-18,2023/2024,Luton,Man United,1,2,A,22,21,4,9,1479.2106969297288,1686.0879369494987,-206.87724001976994
2024-02-19,2023/2024,Everton,Crystal Palace,1,1,D,19,10,4,4,1547.876293218848,1498.943639678115,48.9326535407331
2024-02-20,2023/2024,Man City,Brentford,1,0,H,25,6,11,2,1811.3749221600049,1537.8280840946175,273.5468380653874
2024-02-21,2023/2024,Liverpool,Luton,4,1,H,29,12,13,3,1790.195256603351,1471.7514526169143,318.4438039864367
2024-02-24,2023/2024,Arsenal,Newcastle,4,1,H,18,3,8,2,1763.7268919115413,1629.7832302984773,133.94366161306402
2024-02-24,2023/2024,Man United,Fulham,1,2,A,21,17,9,5,1693.5471812623132,1526.4056054585144,167.1415758037988
2024-02-24,2023/2024,Bournemouth,Man City,0,1,A,13,15,4,6,1529.3047769658333,1816.8646110111813,-287.559834045348
2024-02-24,2023/2024,Brighton,Everton,1,1,D,23,6,7,3,1610.371693745738,1545.6376434861709,64.73405025956708
2024-02-24,2023/2024,Aston Villa,Nott'm Forest,4,2,H,16,10,6,3,1680.8442197985496,1498.338143746067,182.5060760524825
2024-02-24,2023/2024,Crystal Palace,Burnley,3,0,H,15,2,6,0,1501.1822894107922,1417.2871571980145,83.89513221277775
2024-02-25,2023/2024,Wolves,Sheffield United,1,0,H,13,12,2,4,1579.5843938983023,1388.4075591236053,191.176834774697
2024-02-26,2023/2024,West Ham,Brentford,4,2,H,17,14,6,8,1561.1212370920705,1532.338395243441,28.78284184862946
2024-03-02,2023/2024,Luton,Aston Villa,2,3,A,13,12,5,8,1467.3396697876933,1689.1358015923379,-221.79613180464457
2024-03-02,2023/2024,Nott'm Forest,Liverpool,0,1,A,8,22,2,2,1490.0465619522788,1794.607039432572,-304.56047748029323
2024-03-02,2023/2024,Newcastle,Wolves,3,0,H,14,12,7,3,1619.663108393836,1587.5730590413373,32.09004935249868
2024-03-02,2023/2024,Tottenham,Crystal Palace,3,1,H,14,4,6,1,1661.782478054876,1513.3921555256964,148.39032252917968
2024-03-02,2023/2024,Everton,West Ham,1,3,A,22,12,11,5,1548.5847326169132,1575.7987622718729,-27.21402965495963
2024-03-02,2023/2024,Brentford,Chelsea,2,2,D,14,17,5,6,1517.6608700636386,1584.8920065600944,-67.23113649645575
2024-03-02,2023/2024,Fulham,Brighton,3,0,H,12,15,5,5,1549.5592347278862,1607.4246046149956,-57.86536988710941
2024-03-03,2023/2024,Burnley,Bournemouth,0,2,A,20,10,6,3,1405.0772910831104,1524.1722897222796,-119.09499863916926
2024-03-03,2023/2024,Man City,Man United,3,1,H,27,3,8,1,1821.997098254735,1670.3935519929414,151.60354626179355
2024-03-04,2023/2024,Sheffield United,Arsenal,0,6,A,4,22,0,10,1380.4188939805704,1773.8470138161827,-393.4281198356123
2024-03-09,2023/2024,Man United,Everton,2,0,H,15,23,8,6,1660.9633835196785,1533.835428237262,127.12795528241645
2024-03-09,2023/2024,Bournemouth,Sheffield United,2,2,D,32,13,12,9,1534.89293551238,1377.4081943166552,157.48474119572484
2024-03-09,2023/2024,Crystal Palace,Luton,1,1,D,21,8,4,2,1503.8384963077642,1460.3604042212867,43.478092086477545
2024-03-09,2023/2024,Wolves,Fulham,2,1,H,8,23,3,6,1573.0466724177438,1568.1996643353361,4.847008082407683
2024-03-09,2023/2024,Arsenal,Brentford,2,1,H,17,9,6,4,1776.8577134800978,1520.7189040349538,256.13880944514403
2024-03-10,2023/2024,Liverpool,Man City,1,1,D,19,10,6,6,1799.3316847666795,1831.427266727998,-32.09558196131843
2024-03-10,2023/2024,West Ham,Burnley,2,2,D,22,11,4,4,1590.548066651524,1394.35664529301,196.19142135851416
2024-03-10,2023/2024,Aston Villa,Tottenham,0,4,A,10,9,1,5,1696.1150671587445,1671.3361372728082,24.77892988593635
2024-03-10,2023/2024,Brighton,Nott'm Forest,1,0,H,10,9,3,4,1588.7841750075456,1485.3219166181714,103.46225838937426
2024-03-11,2023/2024,Chelsea,Newcastle,3,2,H,12,11,8,3,1581.8339725887793,1634.1894950174294,-52.35552242865015
2024-03-13,2023/2024,Bournemouth,Luton,4,3,H,24,8,10,4,1528.0995050749227,1462.3522577047288,65.74724737019392
2024-03-16,2023/2024,Burnley,Brentford,2,1,H,17,9,6,5,1402.5397607698692,1514.7583713691483,-112.21861059927915
2024-03-16,2023/2024,Luton,Nott'm Forest,1,1,D,10,16,4,6,1449.3443989401567,1473.950513711057,-24.606114770900376
2024-03-16,2023/2024,Fulham,Tottenham,3,0,H,16,14,7,5,1552.4228628266364,1688.4753183487974,-136.05245552216093
2024-03-17,2023/2024,West Ham,Aston Villa,1,1,D,13,13,5,5,1582.3649511746648,1678.9758860827553,-96.61093490809048
2024-03-30,2023/2024,Chelsea,Burnley,2,2,D,33,18,13,7,1600.226947737082,1423.5351048198443,176.69184291723764
2024-03-30,2023/2024,Bournemouth,Everton,2,1,H,11,7,4,3,1541.1073638394948,1523.441884392208,17.66547944728677
2024-03-30,2023/2024,Nott'm Forest,Crystal Palace,1,1,D,12,10,5,3,1472.8192510015501,1501.846642824322,-29.02739182277196
2024-03-30,2023/2024,Newcastle,West Ham,4,3,H,24,10,9,4,1615.7965198691268,1586.7028168833588,29.093702985768005
2024-03-30,2023/2024,Brentford,Man United,1,1,D,31,11,5,5,1493.7630273191733,1671.3569273647324,-177.59390004555917
2024-03-30,2023/2024,Sheffield United,Fulham,3,3,D,8,24,4,9,1384.2016247541126,1574.38655125185,-190.18492649773748
2024-03-30,2023/2024,Aston Villa,Wolves,2,0,H,11,13,5,3,1674.6380203740614,1588.8234739264435,85.81454644761789
2024-03-30,2023/2024,Tottenham,Luton,2,1,H,17,7,4,3,1666.5116299235838,1450.4756616496636,216.03596827392016
2024-03-31,2023/2024,Man City,Arsenal,0,0,D,12,6,1,2,1829.953400727149,1782.8182461459032,47.13515458124584
2024-03-31,2023/2024,Liverpool,Brighton,2,1,H,30,9,8,3,1800.8055507675283,1600.15557791466,200.64997285286836
2024-04-02,2023/2024,Nott'm Forest,Fulham,3,1,H,16,18,4,3,1474.1529101724254,1566.4094922137172,-92.25658204129172
2024-04-02,2023/2024,West Ham,Tottenham,1,1,D,11,13,4,4,1572.0395085309553,1673.6735324555036,-101.63402392454827
2024-04-02,2023/2024,Burnley,Wolves,1,1,D,13,8,6,2,1431.0362642633909,1576.6969301935378,-145.66066593014693
2024-04-02,2023/2024,Newcastle,Everton,1,1,D,18,10,6,3,1630.4598282215302,1508.2547094540832,122.20511876744695
2024-04-02,2023/2024,Bournemouth,Crystal Palace,1,0,H,11,3,6,2,1556.2945387776197,1500.5129836534468,55.78155512417288
2024-04-03,2023/2024,Man City,Aston Villa,4,1,H,25,8,11,3,1827.7959664543182,1686.764564106967,141.0314023473511
2024-04-03,2023/2024,Arsenal,Luton,2,0,H,13,5,4,1,1784.975680418734,1443.3137591177438,341.66192130099034
2024-04-03,2023/2024,Brentford,Brighton,0,0,D,5,24,2,6,1501.296558011132,1592.4893127187402,-91.19275470760817
2024-04-04,2023/2024,Liverpool,Sheffield United,3,1,H,29,8,9,3,1808.471815963448,1392.1786837922455,416.2931321712026
2024-04-04,2023/2024,Chelsea,Man United,4,3,H,28,19,10,5,1592.7257882935353,1663.8233966727737,-71.09760837923841
2024-04-06,2023/2024,Brighton,Arsenal,0,3,A,10,20,2,7,1588.3835855852487,1788.903260496211,-200.5196749109623
2024-04-06,2023/2024,Wolves,West Ham,1,2,A,14,11,7,4,1570.3562217656038,1576.5908413108505,-6.234619545246687
2024-04-06,2023/2024,Luton,Bournemouth,2,1,H,19,8,9,1,1439.3861790402668,1569.7475503033293,-130.36137126306244
2024-04-06,2023/2024,Fulham,Newcastle,0,1,A,14,12,4,5,1546.2580360396107,1625.0532204837818,-78.79518444417113
2024-04-06,2023/2024,Everton,Burnley,1,0,H,12,6,3,1,1513.6613171918316,1437.376972691325,76.28434450050668
2024-04-06,2023/2024,Aston Villa,Brentford,3,3,D,11,8,3,3,1676.9246244868614,1505.4022851446234,171.52233934223796
2024-04-06,2023/2024,Crystal Palace,Man City,2,4,A,7,18,4,8,1487.0599721277372,1837.635906074424,-350.57593394668675
2024-04-07,2023/2024,Man United,Liverpool,2,2,D,9,28,5,7,1644.594180627366,1811.1421990017552,-166.54801837438913
2024-04-07,2023/2024,Sheffield United,Chelsea,2,2,D,11,6,6,3,1389.5083007539383,1611.955004338943,-222.44670358500457
2024-04-07,2023/2024,Tottenham,Nott'm Forest,3,1,H,17,13,7,6,1669.1221996756085,1494.3043663465319,174.81783332907662
2024-04-13,2023/2024,Bournemouth,Man United,2,2,D,20,8,5,2,1548.0109010240578,1651.7259230042341,-103.71502198017629
2024-04-13,2023/2024,Nott'm Forest,Wolves,2,2,D,18,11,9,4,1485.7380229743105,1554.6433057919915,-68.90528281768093
2024-04-13,2023/2024,Man City,Luton,5,1,H,33,4,13,2,1841.3900804327845,1461.1228283195383,380.2672521132463
2024-04-13,2023/2024,Brentford,Sheffield United,2,0,H,9,8,5,2,1512.716414556535,1398.5494503088498,114.1669642476852
2024-04-13,2023/2024,Burnley,Brighton,1,1,D,11,20,3,8,1424.8346119779492,1580.7129469741733,-155.8783349962241
2024-04-13,2023/2024,Newcastle,Tottenham,4,0,H,18,11,5,2,1637.4855264159123,1677.6885430478299,-40.203016631917535
2024-04-14,2023/2024,Liverpool,Crystal Palace,0,1,A,21,8,6,5,1804.0104566248872,1483.3057977693766,320.7046588555106
2024-04-14,2023/2024,West Ham,Fulham,0,2,A,15,18,4,10,1592.3037572844628,1533.8257301074802,58.47802717698255
2024-04-14,2023/2024,Arsenal,Aston Villa,0,2,A,18,11,4,2,1796.5738991072865,1669.6104950749498,126.96340403233671
2024-04-15,2023/2024,Chelsea,Everton,6,0,H,14,10,10,2,1602.9138547840314,1526.2036779052073,76.71017687882409
2024-04-20,2023/2024,Luton,Brentford,1,5,A,6,21,3,9,1457.899046863231,1523.6402337785144,-65.74118691528338
2024-04-20,2023/2024,Sheffield United,Burnley,1,4,A,18,16,11,9,1387.6256310868705,1431.5672822514134,-43.94165116454292
2024-04-20,2023/2024,Wolves,Arsenal,0,2,A,5,24,3,9,1551.51105978552,1774.9740914901943,-223.46303170467422
2024-04-21,2023/2024,Everton,Nott'm Forest,2,0,H,7,8,4,3,1513.680006731406,1488.870268980782,24.80973775062398
2024-04-21,2023/2024,Aston Villa,Bournemouth,3,1,H,14,14,4,6,1691.210302692042,1552.6501619296296,138.5601407624124
2024-04-21,2023/2024,Crystal Palace,West Ham,5,2,H,18,4,7,1,1510.9432832942719,1573.6358901527433,-62.692606858471436
2024-04-21,2023/2024,Fulham,Liverpool,1,3,A,12,14,5,7,1552.4935972391997,1776.372971099992,-223.87937386079216
2024-04-23,2023/2024,Arsenal,Chelsea,5,0,H,27,7,10,1,1781.9011356530168,1615.4375259578328,166.463609695184
2024-04-24,2023/2024,Man United,Sheffield United,4,2,H,25,10,13,4,1647.0866620986624,1373.638497906226,273.4481641924365
2024-04-24,2023/2024,Everton,Liverpool,2,0,H,16,23,6,7,1528.539414101785,1783.2870161301184,-254.7476020283334
2024-04-24,2023/2024,Wolves,Bournemouth,0,1,A,15,21,4,6,1544.5840156226975,1542.713021159372,1.8709944633255873
2024-04-24,2023/2024,Crystal Palace,Newcastle,2,0,H,20,7,7,2,1529.7994526799746,1655.3287245035283,-125.5292718235537
2024-04-25,2023/2024,Brighton,Man City,0,4,A,7,14,3,6,1573.980276700709,1844.6138618890918,-270.63358518838277
2024-04-27,2023/2024,Aston Villa,Chelsea,2,2,D,9,21,4,5,1701.1474434622996,1606.5661531306766,94.581290331623
2024-04-27,2023/2024,Fulham,Crystal Palace,1,1,D,9,14,2,4,1545.5795522090732,1551.341222414493,-5.761670205419705
2024-04-27,2023/2024,Everton,Brentford,1,0,H,18,10,1,4,1554.539940625317,1536.648361877659,17.89157874765806
2024-04-27,2023/2024,Man United,Burnley,1,1,D,27,16,10,7,1652.5789347056555,1445.554415432058,207.02451927359743
2024-04-27,2023/2024,Newcastle,Sheffield United,5,1,H,20,15,7,5,1633.78695476901,1368.1462252992328,265.64072946977717
2024-04-27,2023/2024,West Ham,Liverpool,2,2,D,11,28,8,8,1554.7797207670405,1757.2864896065864,-202.50676883954588
2024-04-27,2023/2024,Wolves,Luton,2,1,H,13,9,5,6,1528.4978539763822,1444.8909187640863,83.60693521229587
2024-04-28,2023/2024,Bournemouth,Brighton,3,0,H,15,13,6,1,1558.7991828056872,1568.4138985165566,-9.614715710869405
2024-04-28,2023/2024,Tottenham,Arsenal,2,3,A,14,9,2,3,1659.8453449602139,1790.772508480173,-130.9271635199591
2024-04-28,2023/2024,Nott'm Forest,Man City,0,2,A,14,11,2,5,1474.0108616104028,1850.1802400732442,-376.16937846284145
2024-05-02,2023/2024,Chelsea,Tottenham,2,0,H,16,19,5,3,1610.8172842033769,1649.6046871710116,-38.78740296763476
2024-05-03,2023/2024,Luton,Everton,1,1,D,18,10,5,3,1432.668522967014,1569.7167305226108,-137.04820755559672
2024-05-04,2023/2024,Arsenal,Bournemouth,3,0,H,25,7,9,2,1801.0131662693752,1575.24184383391,225.7713224354652
2024-05-04,2023/2024,Man City,Wolves,5,1,H,20,2,12,1,1853.4730539200139,1540.7202497734545,312.75280414655936
2024-05-04,2023/2024,Brentford,Fulham,0,0,D,7,15,3,3,1521.4715719803653,1545.8448626070463,-24.373290626680955
2024-05-04,2023/2024,Sheffield United,Nott'm Forest,1,3,A,17,15,5,4,1362.446451074618,1470.7180477636332,-108.27159668901527
2024-05-04,2023/2024,Burnley,Newcastle,1,4,A,17,23,5,11,1454.1000198913375,1639.4867289936249,-185.38670910228734
2024-05-05,2023/2024,Liverpool,Tottenham,4,2,H,25,11,13,6,1748.890617676313,1631.8258451968816,117.06477247943144
2024-05-05,2023/2024,Brighton,Aston Villa,1,0,H,15,2,8,1,1551.9712374883338,1696.8963123895994,-144.9250749012656
2024-05-05,2023/2024,Chelsea,West Ham,5,0,H,25,13,14,2,1628.596126177507,1563.175592697314,65.42053348019294
2024-05-06,2023/2024,Crystal Palace,Man United,4,0,H,18,7,10,2,1551.0759120165199,1644.033330246376,-92.9574182298561
2024-05-11,2023/2024,Nott'm Forest,Chelsea,2,3,A,20,12,4,5,1481.8873296267357,1641.6185070384136,-159.7311774116779
2024-05-11,2023/2024,Wolves,Crystal Palace,1,3,A,13,13,7,3,1536.1823783551815,1571.2574542853522,-35.07507593017067
2024-05-11,2023/2024,Bournemouth,Brentford,1,2,A,13,11,4,5,1568.3866469382958,1522.5921658373936,45.7944811009022
2024-05-11,2023/2024,Tottenham,Burnley,2,1,H,21,7,9,3,1621.0217231914025,1445.9098975222048,175.11182566919774
2024-05-11,2023/2024,Newcastle,Brighton,1,1,D,18,15,7,4,1647.6768513627576,1574.2833668358162,73.39348452694139
2024-05-11,2023/2024,Fulham,Man City,0,4,A,1,16,1,9,1544.724268750018,1858.0109253382868,-313.2866565882689
2024-05-11,2023/2024,West Ham,Luton,3,1,H,24,4,8,1,1550.1532118364073,1438.6716545299928,111.48155730641452
2024-05-11,2023/2024,Everton,Sheffield United,1,0,H,15,13,6,1,1563.713598959632,1351.2771692115155,212.43642974811655
2024-05-12,2023/2024,Man United,Arsenal,0,1,A,14,11,2,5,1623.8517879775436,1807.8683631649894,-184.01657518744582
2024-05-13,2023/2024,Aston Villa,Liverpool,3,3,D,19,14,5,7,1674.584183042117,1759.694739681792,-85.110556639675
2024-05-14,2023/2024,Tottenham,Man City,0,2,A,10,8,5,5,1629.577454338183,1862.5368421523392,-232.95938781415612
2024-05-15,2023/2024,Man United,Newcastle,3,2,H,17,21,8,8,1615.613509562234,1644.346349607631,-28.732840045397097
2024-05-15,2023/2024,Brighton,Chelsea,1,2,A,12,13,2,6,1577.6138685909427,1650.7405077024991,-73.12663911155641
2024-05-19,2023/2024,Liverpool,Wolves,2,0,H,36,4,14,3,1755.8518182109278,1521.7921801093567,234.05963810157118
2024-05-19,2023/2024,Crystal Palace,Aston Villa,5,0,H,15,8,9,2,1585.647652531177,1678.4271045129813,-92.77945198180419
2024-05-19,2023/2024,Luton,Fulham,2,4,A,15,15,6,7,1427.6363442970262,1540.1983519359655,-112.56200763893935
2024-05-19,2023/2024,Chelsea,Bournemouth,2,1,H,16,22,6,5,1663.4217640530605,1550.2898616711116,113.13190238194898
2024-05-19,2023/2024,Man City,West Ham,3,1,H,28,3,12,2,1869.171787293542,1561.188522069374,307.983265224168
2024-05-19,2023/2024,Brighton,Man United,0,2,A,17,11,3,4,1564.9326122403816,1632.9336974184657,-68.00108517808417
2024-05-19,2023/2024,Brentford,Newcastle,2,4,A,10,12,5,7,1540.6889511045779,1627.0261617513993,-86.3372106468214
2024-05-19,2023/2024,Arsenal,Everton,2,1,H,26,5,5,2,1816.106641580299,1570.9913461961032,245.11529538419586
2024-05-19,2023/2024,Burnley,Nott'm Forest,1,2,A,20,12,3,6,1437.3541663754243,1472.76532896265,-35.41116258722582
2024-05-19,2023/2024,Sheffield United,Tottenham,0,3,A,6,18,1,9,1343.9994219750442,1622.9425091969804,-278.94308722193614
2024-08-16,2024/2025,Man United,Fulham,1,0,H,14,10,5,2,1645.841515764892,1551.1887397383102,94.6527760265817
2024-08-17,2024/2025,Ipswich,Liverpool,0,2,A,7,18,2,5,1500.0,1762.4535154187558,-262.45351541875584
2024-08-17,2024/2025,Arsenal,Wolves,2,0,H,18,9,6,3,1822.3811004916347,1515.1904829015286,307.19061759010606
2024-08-17,2024/2025,Everton,Brighton,0,3,A,9,10,1,5,1564.7168872847676,1552.0247938939553,12.69209339081226
2024-08-17,2024/2025,Newcastle,Southampton,1,0,H,3,19,1,4,1639.1300548457918,1400.1935812272084,238.93647361858348
2024-08-17,2024/2025,Nott'm Forest,Bournemouth,1,1,D,14,13,8,4,1487.1402080174307,1539.3231335041748,-52.182925486744125
2024-08-17,2024/2025,West Ham,Aston Villa,1,2,A,14,15,3,3,1556.5426731907992,1658.2531991357498,-101.71052594495063
2024-08-18,2024/2025,Brentford,Crystal Palace,2,1,H,9,14,5,6,1528.5850580101853,1605.8215579084085,-77.2364998982232
2024-08-18,2024/2025,Chelsea,Man City,0,2,A,10,11,3,5,1674.3884922199973,1873.8176361721166,-199.42914395211938
2024-08-19,2024/2025,Leicester,Tottenham,1,1,D,7,15,3,7,1491.004166522248,1628.2923626272511,-137.28819610500318
2024-08-24,2024/2025,Tottenham,Everton,4,0,H,13,10,7,1,1622.2797374385927,1548.1326546465968,74.1470827919959
2024-08-24,2024/2025,Crystal Palace,West Ham,0,2,A,14,18,2,3,1586.3221428219886,1545.097243743263,41.22489907872546
2024-08-24,2024/2025,Aston Villa,Arsenal,0,2,A,11,9,3,4,1669.6986285832859,1827.045099391345,-157.34647080805917
2024-08-24,2024/2025,Fulham,Leicester,2,1,H,18,10,6,4,1539.4429302828398,1497.0167917109063,42.42613857193351
2024-08-24,2024/2025,Southampton,Nott'm Forest,0,1,A,5,23,1,8,1393.737768716647,1489.5254119992987,-95.78764328265174
2024-08-24,2024/2025,Man City,Ipswich,4,1,H,14,1,5,1,1881.5249451069606,1494.2137699629513,387.3111751440092
2024-08-24,2024/2025,Brighton,Man United,2,1,H,14,11,5,4,1568.609026532126,1657.5873252203623,-88.97829868823624
2024-08-25,2024/2025,Bournemouth,Newcastle,1,1,D,16,14,4,5,1536.9379295223068,1645.5858673563532,-108.64793783404639
2024-08-25,2024/2025,Wolves,Chelsea,2,6,A,12,14,4,8,1510.5264840018183,1666.6811832851533,-156.15469928333505
2024-08-25,2024/2025,Liverpool,Brentford,2,0,H,19,8,8,2,1768.2397454558045,1548.0844730966053,220.15527235919922
2024-08-31,2024/2025,Ipswich,Fulham,1,1,D,11,9,4,4,1491.105649403414,1553.498788099478,-62.39313869606394
2024-08-31,2024/2025,Leicester,Aston Villa,1,2,A,9,10,3,5,1482.9609338942682,1660.4868384762822,-177.52590458201394
2024-08-31,2024/2025,Nott'm Forest,Wolves,1,1,D,16,11,5,3,1501.2226959496406,1501.2696242896122,-0.04692833997160051
2024-08-31,2024/2025,West Ham,Man City,1,3,A,10,23,2,8,1562.9868608685294,1884.633065666498,-321.6462047979685
2024-08-31,2024/2025,Arsenal,Brighton,1,1,D,11,22,7,4,1836.2568894983488,1588.6193345340291,247.63755496431963
2024-08-31,2024/2025,Brentford,Southampton,3,1,H,20,18,7,6,1541.053525261489,1382.040484766305,159.013040495184
2024-08-31,2024/2025,Everton,Bournemouth,2,3,A,18,17,8,7,1535.4963421360717,1541.7843938219755,-6.288051685903838
2024-09-01,2024/2025,Newcastle,Tottenham,2,1,H,9,20,3,6,1640.7394030566845,1634.916049949118,5.823353107566618
2024-09-01,2024/2025,Man United,Liverpool,0,3,A,8,11,3,3,1637.5770172184593,1775.2706932909207,-137.69367607246136
2024-09-01,2024/2025,Chelsea,Crystal Palace,1,1,D,13,9,7,3,1675.9380429973594,1568.4325256967222,107.50551730063717
2024-09-14,2024/2025,Southampton,Man United,0,3,A,6,20,4,10,1372.8915000882455,1627.6056714534961,-254.71417136525065
2024-09-14,2024/2025,Brighton,Ipswich,0,0,D,21,6,6,1,1598.4177905562578,1493.948465184241,104.46932537201678
2024-09-14,2024/2025,Crystal Palace,Leicester,2,2,D,20,9,4,4,1573.2311591692828,1474.4920272519273,98.73913191735551
2024-09-14,2024/2025,Fulham,West Ham,1,1,D,21,11,5,3,1550.6559723186508,1558.6447274358218,-7.988755117170967
2024-09-14,2024/2025,Liverpool,Nott'm Forest,0,1,A,14,5,5,3,1785.2420390558839,1501.2248570795487,284.0171819763352
2024-09-14,2024/2025,Man City,Brentford,2,1,H,18,8,7,5,1888.9751990992056,1550.2025099395487,338.7726891596569
2024-09-14,2024/2025,Aston Villa,Everton,3,2,H,17,6,8,2,1668.955745118623,1519.785886004479,149.16985911414417
2024-09-14,2024/2025,Bournemouth,Chelsea,0,1,A,19,10,7,3,1557.4948499535683,1671.1394095247988,-113.6445595712305
2024-09-15,2024/2025,Tottenham,Arsenal,0,1,A,15,7,5,4,1619.18420016027,1826.45843347612,-207.2742333158501
2024-09-15,2024/2025,Wolves,Newcastle,1,2,A,12,14,5,6,1501.2674631597042,1656.4712528455325,-155.20378968582827
2024-09-21,2024/2025,West Ham,Chelsea,0,3,A,15,12,7,5,1558.2768964887698,1682.0848751672384,-123.80797867846854
2024-09-21,2024/2025,Aston Villa,Wolves,3,1,H,9,10,4,4,1678.4793598782715,1491.9745489694978,186.5048109087736
2024-09-21,2024/2025,Fulham,Newcastle,3,1,H,22,15,11,4,1551.0238032657028,1665.7641670357389,-114.74036377003608
2024-09-21,2024/2025,Leicester,Everton,1,1,D,12,16,2,5,1478.9205444407762,1510.2622712448306,-31.34172680405436
2024-09-21,2024/2025,Liverpool,Bournemouth,3,0,H,19,19,13,6,1758.4630159885262,1546.5493843111287,211.91363167739746
2024-09-21,2024/2025,Southampton,Ipswich,1,1,D,11,13,3,6,1366.8910884621537,1498.6195225313813,-131.72843406922766
2024-09-21,2024/2025,Tottenham,Brentford,3,1,H,23,6,10,6,1611.7380207644617,1546.2172642946964,65.52075646976527
2024-09-21,2024/2025,Crystal Palace,Man United,0,0,D,9,15,4,6,1568.802641980434,1633.606083079588,-64.80344109915404
2024-09-22,2024/2025,Brighton,Nott'm Forest,2,2,D,14,4,3,3,1593.7467332091176,1528.0038801469063,65.74285306221122
2024-09-22,2024/2025,Man City,Arsenal,2,2,D,33,5,11,3,1892.960444744058,1833.9046128719283,59.0558318721296
2024-09-28,2024/2025,Nott'm Forest,Fulham,0,1,A,11,14,1,2,1530.9958260936935,1572.1237197267624,-41.12789363306888
2024-09-28,2024/2025,Arsenal,Leicester,4,2,H,36,5,16,3,1836.5983418963874,1480.3599818857294,356.23836001065797
2024-09-28,2024/2025,Wolves,Liverpool,1,2,A,8,10,3,6,1483.8235873912765,1765.7576980522954,-281.93411066101885
2024-09-28,2024/2025,Brentford,West Ham,1,1,D,8,19,3,3,1533.1993387841908,1547.7487879036005,-14.5494491194097
2024-09-28,2024/2025,Everton,Crystal Palace,2,1,H,8,17,2,5,1508.8228337998773,1571.7528181475718,-62.92998434769447
2024-09-28,2024/2025,Chelsea,Brighton,4,2,H,15,15,7,5,1692.6129837524077,1590.7547872623304,101.85819649007726
2024-09-28,2024/2025,Newcastle,Man City,1,1,D,11,16,4,6,1644.6642505746793,1890.2667157195988,-245.6024651449195
2024-09-29,2024/2025,Ipswich,Aston Villa,2,2,D,15,7,5,3,1492.8280882775957,1686.6303214564928,-193.80223317889704
2024-09-29,2024/2025,Man United,Tottenham,0,3,A,11,24,2,10,1630.65590691245,1624.7559462749673,5.899960637482764
2024-09-30,2024/2025,Bournemouth,Southampton,3,1,H,14,9,6,3,1539.2547022473595,1372.6825227159393,166.57217953142026
2024-10-05,2024/2025,West Ham,Ipswich,4,1,H,23,9,13,2,1547.0791524016329,1500.9296722855,46.14948011613296
2024-10-05,2024/2025,Arsenal,Southampton,3,1,H,29,8,6,2,1840.2458430760043,1363.8151566652416,476.43068641076275
2024-10-05,2024/2025,Everton,Newcastle,0,0,D,8,14,2,3,1527.689585182801,1654.4039253857684,-126.71434020296738
2024-10-05,2024/2025,Brentford,Wolves,5,3,H,19,17,12,6,1533.8689742861584,1478.5500076580881,55.31896662807026
2024-10-05,2024/2025,Man City,Fulham,3,2,H,20,11,7,4,1880.5270409085097,1586.2385077036877,294.288533204822
2024-10-05,2024/2025,Leicester,Bournemouth,1,0,H,6,17,2,2,1476.7124807061125,1548.1220682980572,-71.40958759194473
2024-10-05,2024/2025,Crystal Palace,Liverpool,0,1,A,9,16,5,4,1552.8860667646481,1771.0312777854838,-218.14521102083563
2024-10-06,2024/2025,Aston Villa,Man United,0,0,D,11,10,1,4,1678.5287374485886,1614.3842297981687,64.14450765041988
2024-10-06,2024/2025,Chelsea,Nott'm Forest,1,1,D,22,16,8,9,1704.0521645308124,1516.8810381167682,187.17112641404424
2024-10-06,2024/2025,Brighton,Tottenham,3,2,H,11,13,4,3,1579.3156064839256,1641.0276233892487,-61.712016905323026
2024-10-19,2024/2025,Ipswich,Everton,0,2,A,13,11,2,8,1487.0425229411312,1533.2793254181443,-46.23680247701304
2024-10-19,2024/2025,Man United,Brentford,2,1,H,23,8,11,2,1617.3050824149361,1547.3427533618442,69.96232905309193
2024-10-19,2024/2025,Newcastle,Brighton,0,1,A,21,10,6,5,1648.8141851504251,1598.1280351129876,50.68615003743753
2024-10-19,2024/2025,Southampton,Leicester,2,3,A,14,18,7,4,1361.8788857030893,1495.9554761956153,-134.07659049252607
2024-10-19,2024/2025,Tottenham,West Ham,4,1,H,22,11,7,4,1622.2151947601867,1560.9663017460016,61.248893014185114
2024-10-19,2024/2025,Fulham,Aston Villa,1,3,A,10,14,4,5,1581.270746782703,1675.6078848318211,-94.33713804911804
2024-10-19,2024/2025,Bournemouth,Arsenal,2,0,H,13,6,4,1,1528.8790728085544,1842.1821140381567,-313.3030412296023
2024-10-20,2024/2025,Wolves,Man City,1,2,A,3,22,2,7,1465.0762285824023,1885.4948018294942,-420.4185732470919
2024-10-20,2024/2025,Liverpool,Chelsea,2,1,H,9,12,5,2,1778.1259105767401,1696.1798475320109,81.94606304472927
2024-10-21,2024/2025,Nott'm Forest,Crystal Palace,1,0,H,20,20,6,7,1524.7533551155698,1545.7914339733918,-21.03807885782203
2024-10-25,2024/2025,Leicester,Nott'm Forest,1,3,A,11,20,1,5,1506.0703039699695,1541.7210120694244,-35.65070809945496
2024-10-26,2024/2025,Aston Villa,Bournemouth,1,1,D,18,11,8,3,1687.3672056020607,1556.3535224808038,131.01368312125692
2024-10-26,2024/2025,Brentford,Ipswich,4,3,H,20,11,9,5,1534.521784567234,1473.1593246845334,61.36245988270048
2024-10-26,2024/2025,Brighton,Wolves,2,2,D,19,14,6,7,1616.4457989835905,1462.4633975974252,153.9824013861653
2024-10-26,2024/2025,Man City,Southampton,1,0,H,22,5,8,2,1888.1076328144713,1351.7640579287352,536.3435748857362
2024-10-26,2024/2025,Everton,Fulham,1,1,D,10,14,5,3,1547.162523674742,1569.5114260124635,-22.348902337721483
2024-10-27,2024/2025,West Ham,Man United,2,1,H,12,18,3,5,1547.7580568704386,1630.1260512095464,-82.36799433910778
2024-10-27,2024/2025,Chelsea,Newcastle,2,1,H,17,11,7,3,1683.8851482747623,1630.4964212798222,53.38872699494004
2024-10-27,2024/2025,Crystal Palace,Tottenham,1,0,H,14,11,6,3,1528.8237770195371,1635.4234396357497,-106.59966261621253
2024-10-27,2024/2025,Arsenal,Liverpool,2,2,D,9,9,3,4,1814.7076643659072,1790.4206098339887,24.287054531918557
2024-11-02,2024/2025,Wolves,Crystal Palace,2,2,D,11,19,6,7,1469.1240520392191,1549.5844170352107,-80.46036499599154
2024-11-02,2024/2025,Bournemouth,Man City,2,1,H,12,18,6,4,1562.1163324985139,1889.5037368416358,-327.38740434312194
2024-11-02,2024/2025,Ipswich,Leicester,1,1,D,14,20,2,6,1459.956150241895,1491.7063418214739,-31.750191579578768
2024-11-02,2024/2025,Newcastle,Arsenal,1,0,H,9,10,4,1,1616.9358921294063,1813.591022416318,-196.6551302869118
2024-11-02,2024/2025,Nott'm Forest,West Ham,3,0,H,19,4,6,2,1556.08497421792,1567.4817410242704,-11.396766806350342
2024-11-02,2024/2025,Southampton,Everton,1,0,H,9,16,2,5,1350.3679539015707,1548.1903114781142,-197.82235757654348
2024-11-02,2024/2025,Liverpool,Brighton,2,1,H,16,13,8,5,1791.5372517835779,1609.7851445417966,181.75210724178123
2024-11-03,2024/2025,Tottenham,Aston Villa,4,1,H,16,12,6,1,1614.6627996200762,1681.6043955843506,-66.94159596427448
2024-11-03,2024/2025,Man United,Chelsea,1,1,D,11,12,4,3,1610.4023670557146,1697.4456774251782,-87.0433103694636
2024-11-04,2024/2025,Fulham,Brentford,2,1,H,26,5,12,2,1568.4836382090914,1547.7249590098722,20.75867919921916
2024-11-09,2024/2025,West Ham,Everton,0,0,D,11,18,6,4,1550.9570886800122,1523.951868119639,27.005220560373346
2024-11-09,2024/2025,Brentford,Bournemouth,3,2,H,12,15,6,3,1532.6797955756267,1589.8967434622227,-57.21694788659602
2024-11-09,2024/2025,Crystal Palace,Fulham,0,2,A,13,17,5,7,1545.9439297048666,1583.528801643337,-37.584871938470314
2024-11-09,2024/2025,Liverpool,Aston Villa,2,0,H,14,12,5,2,1799.8555238296494,1662.5592104115356,137.29631341811387
2024-11-09,2024/2025,Wolves,Southampton,2,0,H,8,9,4,0,1472.7645393695632,1374.606397260046,98.15814210951726
2024-11-09,2024/2025,Brighton,Man City,2,1,H,10,15,4,6,1601.466872495725,1861.723325877927,-260.2564533822019
2024-11-10,2024/2025,Man United,Leicester,3,0,H,13,6,3,5,1614.3290477652088,1490.248248106295,124.08079965891375
2024-11-10,2024/2025,Nott'm Forest,Newcastle,1,3,A,9,17,3,6,1572.6096265621782,1641.1347655851653,-68.5251390229871
2024-11-10,2024/2025,Tottenham,Ipswich,1,2,A,17,8,5,3,1633.7079847928912,1461.414243957074,172.2937408358173
2024-11-10,2024/2025,Chelsea,Arsenal,1,1,D,17,13,3,3,1693.518996715684,1789.392148960559,-95.8731522448752
2024-11-23,2024/2025,Everton,Brentford,0,0,D,27,9,5,2,1525.1930060347886,1551.2911685595955,-26.098162524806867
2024-11-23,2024/2025,Bournemouth,Brighton,1,2,A,19,6,5,4,1571.285370478254,1627.6204524921957,-56.3350820139417
2024-11-23,2024/2025,Leicester,Chelsea,1,2,A,4,16,1,7,1479.7312309485021,1697.8253655811723,-218.09413463267015
2024-11-23,2024/2025,Fulham,Wolves,1,4,A,10,10,3,5,1597.8046746004718,1484.3607394644446,113.44393513602722
2024-11-23,2024/2025,Man City,Tottenham,0,4,A,23,9,5,7,1835.5697458814564,1610.3657831149449,225.2039627665115
2024-11-23,2024/2025,Aston Villa,Crystal Palace,2,2,D,17,13,5,6,1652.5721566241127,1531.6680567477317,120.904099876381
2024-11-23,2024/2025,Arsenal,Nott'm Forest,3,0,H,19,7,7,0,1785.0857800950707,1559.725033611531,225.36074648353974
2024-11-24,2024/2025,Southampton,Liverpool,2,3,A,7,27,5,11,1363.0101971651648,1809.8425776170723,-446.8323804519075
2024-11-24,2024/2025,Ipswich,Man United,1,1,D,11,11,6,4,1484.7564456350203,1624.8460649230017,-140.08961928798135
2024-11-25,2024/2025,Newcastle,West Ham,0,2,A,18,15,2,6,1654.0193585358124,1549.7159507648626,104.30340777094989
2024-11-29,2024/2025,Brighton,Southampton,1,1,D,22,10,5,2,1641.0486254322636,1360.7397693023595,280.30885612990414
2024-11-30,2024/2025,Brentford,Leicester,4,1,H,13,7,6,3,1550.0915591753871,1472.63497453758,77.45658463780705
2024-11-30,2024/2025,Crystal Palace,Newcastle,1,1,D,16,1,4,0,1537.0215246652133,1633.3552917293628,-96.33376706414947
2024-11-30,2024/2025,Nott'm Forest,Ipswich,1,0,H,12,7,5,3,1552.857096974071,1490.879525549254,61.97757142481714
2024-11-30,2024/2025,Wolves,Bournemouth,2,4,A,10,12,3,8,1505.406955253224,1557.857197538186,-52.45024228496209
2024-11-30,2024/2025,West Ham,Arsenal,2,5,A,12,16,5,7,1570.3800175713122,1791.9537167325307,-221.57369916121843
2024-12-01,2024/2025,Chelsea,Aston Villa,3,0,H,17,10,8,4,1704.9216219920943,1647.2186887066312,57.70293328546313
2024-12-01,2024/2025,Man United,Everton,4,0,H,11,8,5,2,1618.722985008768,1526.392615418997,92.33036958977118
2024-12-01,2024/2025,Tottenham,Fulham,1,1,D,8,14,3,6,1635.4929771056165,1576.7584588116924,58.73451829392411
2024-12-01,2024/2025,Liverpool,Man City,2,0,H,18,8,7,2,1812.1130054798775,1810.4425518907847,1.6704535890928582
2024-12-03,2024/2025,Ipswich,Crystal Palace,0,1,A,9,13,2,3,1477.7038039689176,1541.347561978744,-63.64375800982634
2024-12-03,2024/2025,Leicester,West Ham,3,1,H,8,31,6,10,1460.1440387359391,1563.3937621083817,-103.24972337244253
2024-12-04,2024/2025,Man City,Nott'm Forest,3,0,H,17,12,7,3,1794.5194785286856,1566.0328185544074,228.48665997427815
2024-12-04,2024/2025,Newcastle,Liverpool,3,3,D,17,16,6,5,1629.0292544158322,1828.0360788419766,-199.00682442614448
2024-12-04,2024/2025,Everton,Wolves,4,0,H,13,6,4,2,1514.547240695535,1491.8041946665996,22.743046028935396
2024-12-04,2024/2025,Aston Villa,Brentford,3,1,H,20,9,10,1,1633.8518409935878,1562.582494977028,71.26934601655967
2024-12-04,2024/2025,Southampton,Chelsea,1,5,A,6,26,4,13,1371.4248530081625,1718.2884697051377,-346.8636166969752
2024-12-04,2024/2025,Arsenal,Man United,2,0,H,14,5,6,2,1798.9399721954612,1630.56835973223,168.37161246323126
2024-12-05,2024/2025,Fulham,Brighton,3,1,H,6,13,2,3,1579.4378079778965,1630.3635417264607,-50.9257337485642
2024-12-05,2024/2025,Bournemouth,Tottenham,1,0,H,21,12,8,4,1571.4599581248103,1632.8136279394125,-61.3536698146022
2024-12-07,2024/2025,Aston Villa,Southampton,1,0,H,18,4,5,0,1646.615039050509,1367.5992834444655,279.0157556060435
2024-12-07,2024/2025,Brentford,Newcastle,4,2,H,11,16,8,3,1549.8192969201068,1637.30771240546,-87.48841548535324
2024-12-07,2024/2025,Crystal Palace,Man City,2,2,D,12,12,3,4,1554.449007083277,1801.2908543365158,-246.84184725323894
2024-12-07,2024/2025,Man United,Nott'm Forest,2,3,A,17,11,7,3,1621.7672390738965,1559.2614427465771,62.50579632731933
2024-12-08,2024/2025,Leicester,Brighton,2,2,D,10,16,3,7,1480.763665739634,1612.034977225696,-131.2713114860619
2024-12-08,2024/2025,Fulham,Arsenal,1,1,D,2,12,2,4,1597.7663724786612,1807.7410928537947,-209.97472037513353
2024-12-08,2024/2025,Ipswich,Bournemouth,1,2,A,18,22,5,6,1464.6023588643845,1590.256391251674,-125.65403238728936
2024-12-08,2024/2025,Tottenham,Chelsea,3,4,A,13,17,5,8,1614.017194812549,1722.1140392688346,-108.09684445628568
2024-12-09,2024/2025,West Ham,Wolves,2,1,H,19,19,4,5,1542.7741351046868,1476.85005723534,65.92407786934677
2024-12-14,2024/2025,Arsenal,Everton,0,0,D,13,2,5,0,1799.09882368775,1529.5013781267946,269.5974455609553
2024-12-14,2024/2025,Liverpool,Fulham,2,2,D,16,12,4,3,1819.7576208523487,1606.408641644706,213.34897920764274
2024-12-14,2024/2025,Newcastle,Leicester,4,0,H,27,4,11,1,1617.3617744937287,1486.5367981191303,130.82497637459846
2024-12-14,2024/2025,Wolves,Ipswich,1,2,A,16,10,6,5,1463.8500562760803,1454.1491841510692,9.700872125011074
2024-12-14,2024/2025,Nott'm Forest,Aston Villa,2,1,H,17,8,6,2,1578.1092825323358,1651.9630289685701,-73.85374643623436
2024-12-15,2024/2025,Brighton,Crystal Palace,1,3,A,17,13,5,5,1606.2618448461997,1564.2245300662864,42.03731477991323
2024-12-15,2024/2025,Man City,Man United,1,2,A,10,10,3,3,1791.5153313535063,1602.9193992881378,188.59593206536852
2024-12-15,2024/2025,Chelsea,Brentford,2,1,H,26,9,8,4,1733.2906362925387,1569.7652348318381,163.52540146070055
2024-12-15,2024/2025,Southampton,Tottenham,0,5,A,9,18,3,9,1362.2512935264044,1602.840597788845,-240.58930426244046
2024-12-16,2024/2025,Bournemouth,West Ham,1,1,D,29,16,9,3,1600.7095659649892,1555.7741360639466,44.93542990104265
2024-12-21,2024/2025,West Ham,Brighton,1,1,D,11,12,4,6,1557.8320274492226,1588.3353466806382,-30.503319231415617
2024-12-21,2024/2025,Ipswich,Newcastle,0,4,A,10,15,2,7,1470.5958097645707,1627.6065288641637,-157.01071909959296
2024-12-21,2024/2025,Crystal Palace,Arsenal,1,5,A,15,14,6,6,1582.151028231848,1788.6926806553627,-206.54165242351473
2024-12-21,2024/2025,Brentford,Nott'm Forest,0,2,A,7,10,3,6,1560.785004585383,1597.4600561335835,-36.6750515482006
2024-12-21,2024/2025,Aston Villa,Man City,2,1,H,11,12,6,6,1632.6122553673224,1767.5933842901513,-134.98112892282893
2024-12-22,2024/2025,Everton,Chelsea,0,0,D,5,12,4,5,1539.907521159182,1742.270866538994,-202.36334537981202
2024-12-22,2024/2025,Fulham,Southampton,0,0,D,16,5,5,1,1615.1603878023502,1355.8443736166541,259.3160141856961
2024-12-22,2024/2025,Leicester,Wolves,0,3,A,9,8,5,4,1476.2920437486953,1447.4034306625788,28.888613086116493
2024-12-22,2024/2025,Man United,Bournemouth,0,3,A,23,10,7,5,1626.8413463514928,1598.6516745797132,28.189671771779558
2024-12-22,2024/2025,Tottenham,Liverpool,3,6,A,9,24,5,12,1609.2475176985952,1811.0058746947045,-201.75835699610934
2024-12-26,2024/2025,Bournemouth,Crystal Palace,0,0,D,18,10,4,4,1615.9470157264657,1574.6807274048992,41.266288321566435
2024-12-26,2024/2025,Man City,Everton,1,1,D,24,8,5,3,1745.6722268136893,1548.2986058434876,197.37362097020173
2024-12-26,2024/2025,Newcastle,Aston Villa,3,0,H,22,4,8,1,1636.831002968885,1654.5334128437844,-17.70240987489933
2024-12-26,2024/2025,Chelsea,Fulham,1,2,A,12,14,8,7,1733.8797818546882,1605.0327199397307,128.84706191495752
2024-12-26,2024/2025,Wolves,Man United,2,0,H,7,11,4,4,1464.7307430290907,1609.5460052047404,-144.81526217564965
2024-12-26,2024/2025,Liverpool,Leicester,3,1,H,19,4,7,1,1818.6350063704492,1458.9647313821833,359.6702749882659
2024-12-26,2024/2025,Nott'm Forest,Tottenham,1,0,H,10,13,3,4,1611.7773529433719,1601.6183860228505,10.15896692052138
2024-12-26,2024/2025,Southampton,West Ham,0,1,A,18,16,5,2,1365.9720414792737,1559.2331590543454,-193.2611175750717
2024-12-27,2024/2025,Brighton,Brentford,0,0,D,24,8,7,3,1586.9342150755153,1546.4677077755946,40.46650729992075
2024-12-27,2024/2025,Arsenal,Ipswich,1,0,H,13,3,5,0,1796.1629814823114,1461.3713356598494,334.791645822462
2024-12-29,2024/2025,Crystal Palace,Southampton,2,1,H,19,7,10,3,1576.572223963531,1358.0550806236522,218.51714333987888
2024-12-29,2024/2025,Everton,Nott'm Forest,0,2,A,13,11,2,7,1556.5218528463297,1627.3096485109163,-70.78779566458661
2024-12-29,2024/2025,Leicester,Man City,0,2,A,11,14,4,5,1455.380590270805,1737.4489798108473,-282.0683895400423
2024-12-29,2024/2025,West Ham,Liverpool,0,5,A,7,22,0,13,1567.1501199099669,1822.2191474818276,-255.06902757186072
2024-12-29,2024/2025,Fulham,Bournemouth,2,2,D,11,16,6,9,1626.7085026889679,1614.0555191678338,12.652983521134047
2024-12-29,2024/2025,Tottenham,Wolves,2,2,D,13,11,3,3,1586.086090455306,1487.038601845539,99.04748860976702
2024-12-30,2024/2025,Aston Villa,Brighton,2,2,D,20,13,4,4,1637.7188914712222,1585.0790448755013,52.63984659572088
2024-12-30,2024/2025,Ipswich,Chelsea,2,0,H,9,20,6,5,1457.3054448464245,1712.203999105451,-254.89855425902647
2024-12-30,2024/2025,Man United,Newcastle,0,2,A,10,12,0,4,1587.238146388292,1653.6455243414473,-66.40737795315522
2025-01-01,2024/2025,Brentford,Arsenal,1,3,A,5,14,2,5,1548.3228779756087,1800.2288722957362,-251.90599432012755
2025-01-04,2024/2025,Bournemouth,Everton,1,0,H,19,9,8,0,1614.6379531239563,1543.7373801936415,70.90057293031487
2025-01-04,2024/2025,Southampton,Brentford,0,5,A,8,20,1,11,1350.9722628304503,1542.2432586185,-191.27099578804973
2025-01-04,2024/2025,Man City,West Ham,4,1,H,10,17,7,4,1742.7191558759455,1561.1596606961532,181.5594951797923
2025-01-04,2024/2025,Aston Villa,Leicester,2,1,H,13,4,5,2,1635.3131171646858,1450.1104142057068,185.202702958979
2025-01-04,2024/2025,Crystal Palace,Chelsea,1,1,D,13,15,6,1,1583.655041756733,1686.1992378825355,-102.5441961258025
2025-01-04,2024/2025,Brighton,Arsenal,1,1,D,11,9,4,3,1587.4848191820377,1806.3084916528449,-218.8236724708072
2025-01-04,2024/2025,Tottenham,Newcastle,1,2,A,13,14,4,4,1581.6444640066386,1666.6240565875132,-84.97959258087462
2025-01-05,2024/2025,Fulham,Ipswich,2,2,D,15,7,4,3,1626.1260687328454,1483.31020606934,142.8158626635054
2025-01-05,2024/2025,Liverpool,Man United,2,2,D,19,13,6,4,1828.2096066956412,1574.2596141422262,253.9499925534151
2025-01-06,2024/2025,Wolves,Nott'm Forest,0,3,A,13,11,6,3,1491.4802282942064,1640.0941211636045,-148.61389286939811
2025-01-14,2024/2025,Brentford,Man City,2,2,D,18,21,6,8,1550.2286750703956,1751.0442552579311,-200.8155801875355
2025-01-14,2024/2025,Chelsea,Bournemouth,2,2,D,26,7,10,3,1681.609410512068,1627.4174422812562,54.19196823081188
2025-01-14,2024/2025,West Ham,Fulham,3,2,H,4,21,3,5,1552.8345613141676,1619.8961506593462,-67.06158934517862
2025-01-14,2024/2025,Nott'm Forest,Liverpool,1,1,D,6,23,3,7,1649.6391580927468,1818.23149390296,-168.59233581021317
2025-01-15,2024/2025,Everton,Aston Villa,0,1,A,10,11,3,3,1530.9578910363416,1643.5096960440042,-112.55180500766255
2025-01-15,2024/2025,Leicester,Crystal Palace,0,2,A,21,9,4,4,1441.9138353263884,1588.2448691272004,-146.33103380081207
2025-01-15,2024/2025,Newcastle,Wolves,3,0,H,17,13,5,7,1678.7868188275704,1481.9351913650642,196.85162746250626
2025-01-15,2024/2025,Arsenal,Tottenham,2,1,H,14,10,4,2,1797.3815826711466,1569.4817017665814,227.89988090456518
2025-01-16,2024/2025,Ipswich,Brighton,0,2,A,5,11,3,5,1489.5401241428392,1596.411728163736,-106.87160402089671
2025-01-16,2024/2025,Man United,Southampton,3,1,H,23,13,9,5,1584.2377269349074,1342.9868463785547,241.25088055635274
2025-01-18,2024/2025,Brentford,Liverpool,0,2,A,11,37,6,8,1558.5679659744785,1811.0245099013955,-252.456543926917
2025-01-18,2024/2025,Leicester,Fulham,0,2,A,8,17,4,2,1432.2805470644917,1600.8456401034396,-168.5650930389479
2025-01-18,2024/2025,West Ham,Crystal Palace,0,2,A,7,12,0,7,1571.8850718700742,1597.8781573890972,-25.993085519022998
2025-01-18,2024/2025,Arsenal,Aston Villa,2,2,D,18,8,6,4,1804.171008332044,1654.5005076385464,149.67050069349762
2025-01-18,2024/2025,Newcastle,Bournemouth,1,4,A,13,19,5,10,1686.5812744075984,1629.8930310710155,56.6882433365829
2025-01-19,2024/2025,Everton,Tottenham,3,2,H,12,11,6,6,1519.9670794417993,1562.692276105684,-42.72519666388462
2025-01-19,2024/2025,Man United,Brighton,1,3,A,10,6,1,3,1590.6251546186304,1607.6396761377289,-17.01452151909848
2025-01-19,2024/2025,Nott'm Forest,Southampton,3,2,H,14,10,5,4,1656.8461420943113,1336.5994186948317,320.2467233994796
2025-01-19,2024/2025,Ipswich,Man City,0,6,A,8,17,4,9,1478.3121761688462,1742.7049643538483,-264.392788185002
2025-01-20,2024/2025,Chelsea,Wolves,3,1,H,19,9,7,4,1679.1338217223088,1474.1407357850362,204.99308593727255
2025-01-25,2024/2025,Bournemouth,Nott'm Forest,5,0,H,16,18,10,4,1648.4806990110949,1661.2185982931753,-12.737899282080434
2025-01-25,2024/2025,Brighton,Everton,0,1,A,16,3,1,1,1622.856754241069,1537.9247889994638,84.93196524160521
2025-01-25,2024/2025,Liverpool,Ipswich,4,1,H,16,3,6,3,1817.0885375720059,1472.5786716199232,344.5098659520827
2025-01-25,2024/2025,Southampton,Newcastle,1,3,A,12,17,5,9,1332.2269624959677,1667.993606467519,-335.7666439715513
2025-01-25,2024/2025,Wolves,Arsenal,0,1,A,9,9,4,3,1466.6192672255897,1797.6753563894094,-331.0560891638197
2025-01-25,2024/2025,Man City,Chelsea,3,1,H,15,10,6,4,1748.4384689027713,1686.6552902817552,61.78317862101608
2025-01-26,2024/2025,Crystal Palace,Brentford,1,2,A,16,13,5,6,1612.6833598872793,1552.5039383038682,60.17942158341111
2025-01-26,2024/2025,Tottenham,Leicester,1,2,A,15,12,6,3,1544.7345665480195,1423.4865309994918,121.2480355485277
2025-01-26,2024/2025,Aston Villa,West Ham,1,1,D,14,14,4,4,1660.996159581181,1557.079869371892,103.91629020928895
2025-01-26,2024/2025,Fulham,Man United,0,1,A,9,4,3,1,1609.6396561684394,1575.4080765152903,34.23157965314908
2025-02-01,2024/2025,Nott'm Forest,Brighton,7,0,H,14,10,9,5,1644.63225903845,1603.0215837155595,41.61067532289053
2025-02-01,2024/2025,Bournemouth,Liverpool,0,2,A,14,19,3,7,1665.0670382658202,1820.9599799375098,-155.89294167168964
2025-02-01,2024/2025,Everton,Leicester,4,0,H,13,9,7,1,1557.7599595249733,1444.8540598959723,112.90589962900094
2025-02-01,2024/2025,Ipswich,Southampton,1,2,A,15,9,6,4,1468.7072292544192,1328.1809505125134,140.5262787419058
2025-02-01,2024/2025,Newcastle,Fulham,1,2,A,11,15,4,4,1672.0396184509732,1592.0683149540707,79.97130349690246
2025-02-01,2024/2025,Wolves,Aston Villa,2,0,H,8,10,5,3,1462.476440056508,1656.3484106109124,-193.87197055440447
2025-02-02,2024/2025,Brentford,Tottenham,0,2,A,20,13,4,2,1571.24791638043,1523.367037651539,47.88087872889105
2025-02-02,2024/2025,Man United,Crystal Palace,0,2,A,17,11,2,3,1592.979417729659,1593.9393818107174,-0.9599640810583878
2025-02-02,2024/2025,Arsenal,Man City,5,1,H,12,7,7,4,1801.8181835584912,1761.6228645246642,40.19531903382699
2025-02-03,2024/2025,Chelsea,West Ham,2,1,H,22,14,3,5,1673.4708946598623,1561.7276183421607,111.74327631770166
2025-02-12,2024/2025,Everton,Liverpool,2,2,D,10,6,3,4,1568.7360674616973,1830.2267561170677,-261.4906886553704
2025-02-14,2024/2025,Brighton,Chelsea,3,0,H,13,8,5,0,1588.9287163964402,1684.49531528111,-95.5665988846697
2025-02-15,2024/2025,Leicester,Arsenal,0,2,A,6,11,2,5,1433.8779519592483,1815.9753352548523,-382.097383295604
2025-02-15,2024/2025,Aston Villa,Ipswich,1,1,D,25,4,6,3,1632.2444387215412,1446.5669937108942,185.67744501064703
2025-02-15,2024/2025,Fulham,Nott'm Forest,2,1,H,24,8,10,2,1611.687439314386,1658.7251263575693,-47.03768704318327
2025-02-15,2024/2025,Man City,Newcastle,4,0,H,11,3,7,1,1747.4657128283031,1652.420494090658,95.0452187376452
2025-02-15,2024/2025,Southampton,Bournemouth,1,3,A,11,14,4,7,1350.3211860560384,1655.8002620862624,-305.47907603022395
2025-02-15,2024/2025,West Ham,Brentford,0,1,A,13,14,3,5,1550.703197720913,1553.0567744432642,-2.3535767223511357
2025-02-15,2024/2025,Crystal Palace,Everton,1,2,A,17,11,6,6,1609.895173943557,1578.9235197867508,30.971654156806153
2025-02-16,2024/2025,Liverpool,Wolves,2,1,H,10,16,3,4,1820.0393037920142,1486.5804119458792,333.458891846135
2025-02-16,2024/2025,Tottenham,Man United,1,0,H,22,16,7,6,1541.558179588705,1577.0236255968193,-35.46544600811444
2025-02-19,2024/2025,Aston Villa,Liverpool,2,2,D,9,17,4,3,1624.424366389729,1824.132502516838,-199.70813612710913
2025-02-21,2024/2025,Leicester,Brentford,0,4,A,8,14,3,6,1430.6845835795502,1568.9483898876215,-138.26380630807125
2025-02-22,2024/2025,Everton,Man United,2,2,D,9,9,8,3,1596.346051079036,1559.3960306365484,36.950020442487585
2025-02-22,2024/2025,Arsenal,West Ham,0,1,A,20,5,2,2,1819.1687036345504,1534.8115822765558,284.35712135799463
2025-02-22,2024/2025,Bournemouth,Wolves,0,1,A,8,13,3,5,1660.503652393658,1482.4872132210553,178.01643917260276
2025-02-22,2024/2025,Fulham,Crystal Palace,0,2,A,10,10,0,5,1629.8404664841478,1592.4726426512718,37.367823832875956
2025-02-22,2024/2025,Ipswich,Tottenham,1,4,A,17,10,5,6,1454.3870660427065,1559.1857745489758,-104.79870850626935
2025-02-22,2024/2025,Southampton,Brighton,0,4,A,6,18,1,12,1345.6177957486427,1609.2219875179833,-263.60419176934056
2025-02-22,2024/2025,Aston Villa,Chelsea,2,1,H,12,15,6,7,1632.7264502604162,1664.2020441595669,-31.47559389915068
2025-02-23,2024/2025,Newcastle,Nott'm Forest,4,3,H,13,17,5,5,1640.6914745785891,1640.5720991878075,0.11937539078166992
2025-02-23,2024/2025,Man City,Liverpool,0,2,A,16,8,5,4,1759.194732340372,1815.8304186461507,-56.63568630577879
2025-02-25,2024/2025,Brighton,Bournemouth,2,1,H,11,19,4,5,1614.9768872020838,1636.9549856275928,-21.97809842550896
2025-02-25,2024/2025,Crystal Palace,Aston Villa,4,1,H,19,6,6,2,1610.186889660395,1650.1720024047288,-39.98511274433372
2025-02-25,2024/2025,Wolves,Fulham,1,2,A,18,11,5,5,1506.0358799871206,1612.1262194750245,-106.09033948790398
2025-02-25,2024/2025,Chelsea,Southampton,4,0,H,19,7,10,2,1646.7564920152543,1339.8628960645422,306.8935959507121
2025-02-26,2024/2025,Brentford,Everton,1,1,D,12,14,3,4,1578.8972216504278,1594.650826204958,-15.753604554530284
2025-02-26,2024/2025,Man United,Ipswich,3,2,H,10,12,6,3,1561.0912555106263,1443.0719953819537,118.01926012867261
2025-02-26,2024/2025,Nott'm Forest,Arsenal,0,0,D,6,13,2,1,1624.5775966274969,1792.381136446156,-167.80353981865915
2025-02-26,2024/2025,Tottenham,Man City,0,1,A,11,12,6,5,1570.5008452097286,1745.7800431893663,-175.27919797963773
2025-02-26,2024/2025,Liverpool,Newcastle,2,0,H,12,3,3,0,1829.2451077971564,1656.6859771388997,172.55913065825666
2025-02-27,2024/2025,West Ham,Leicester,2,0,H,8,10,2,2,1561.5991494649502,1420.735751816744,140.86339764820627
2025-03-08,2024/2025,Wolves,Everton,1,1,D,11,12,3,4,1494.7751319820622,1593.9258426785548,-99.15071069649252
2025-03-08,2024/2025,Crystal Palace,Ipswich,1,0,H,19,15,4,8,1628.0201853615401,1432.307158538702,195.71302682283817
2025-03-08,2024/2025,Brentford,Aston Villa,0,1,A,13,12,3,4,1579.6222051768311,1632.3387067035837,-52.71650152675261
2025-03-08,2024/2025,Nott'm Forest,Man City,1,0,H,9,14,4,3,1631.7555958103312,1754.3297364379155,-122.57414062758426
2025-03-08,2024/2025,Brighton,Fulham,2,1,H,9,6,4,1,1631.9876681570777,1623.3869674800828,8.600700676994848
2025-03-08,2024/2025,Liverpool,Southampton,3,1,H,28,6,7,4,1837.893261457991,1335.1920808403524,502.70118061763856
2025-03-09,2024/2025,Chelsea,Leicester,1,0,H,20,3,7,3,1651.427307239444,1410.8892208925538,240.53808634689017
2025-03-09,2024/2025,Tottenham,Bournemouth,2,2,D,12,17,4,8,1561.9511519611794,1619.944204672599,-57.99305271141952
2025-03-09,2024/2025,Man United,Arsenal,1,1,D,10,17,6,6,1571.856092353878,1785.2031372633217,-213.34704490944364
2025-03-10,2024/2025,West Ham,Newcastle,0,1,A,9,9,2,3,1571.4456803891403,1648.037823478065,-76.59214308892479
2025-03-15,2024/2025,Ipswich,Nott'm Forest,2,4,A,11,11,4,6,1424.4739944223404,1653.1772517534932,-228.70325733115283
2025-03-15,2024/2025,Man City,Brighton,2,2,D,11,15,3,3,1732.9080804947534,1647.5916721392553,85.3164083554982
2025-03-15,2024/2025,Southampton,Wolves,1,2,A,10,5,3,3,1333.513301084534,1499.2211453000536,-165.70784421551957
2025-03-15,2024/2025,Bournemouth,Brentford,1,2,A,17,10,5,4,1617.2980555363379,1566.031429649203,51.26662588713498
2025-03-15,2024/2025,Everton,West Ham,1,1,D,13,10,5,5,1589.4798293605634,1558.9168297746235,30.562999585939906
2025-03-16,2024/2025,Leicester,Man United,0,3,A,11,18,3,5,1404.4807900753838,1580.6077760849187,-176.1269860095349
2025-03-16,2024/2025,Arsenal,Chelsea,1,0,H,12,8,4,2,1776.451453532281,1657.835738056614,118.615715475667
2025-03-16,2024/2025,Fulham,Tottenham,2,0,H,13,12,4,4,1607.7829634979053,1564.5973010974405,43.18566240046471
2025-04-01,2024/2025,Arsenal,Fulham,2,1,H,17,9,4,3,1787.1917770403913,1621.8043695760296,165.3874074643618
2025-04-01,2024/2025,Wolves,West Ham,1,0,H,9,10,2,1,1508.120440600188,1560.3206886442595,-52.200248044071486
2025-04-01,2024/2025,Nott'm Forest,Man United,1,0,H,8,23,2,6,1659.9419737088917,1589.126927294966,70.81504641392576
2025-04-02,2024/2025,Bournemouth,Ipswich,1,2,A,24,10,7,2,1598.9541270770765,1417.709272466942,181.24485461013455
2025-04-02,2024/2025,Brighton,Aston Villa,0,3,A,11,8,4,5,1651.4435252909864,1645.929482231212,5.514043059774394
2025-04-02,2024/2025,Man City,Leicester,2,0,H,18,2,5,0,1729.0562273430223,1395.9616388653365,333.0945884776859
2025-04-02,2024/2025,Newcastle,Brentford,2,1,H,21,12,4,3,1660.566674092582,1584.3753581084643,76.19131598411764
2025-04-02,2024/2025,Southampton,Crystal Palace,1,1,D,8,9,2,3,1324.6140057843998,1635.8533494779017,-311.23934369350195
2025-04-02,2024/2025,Liverpool,Everton,1,0,H,17,5,3,0,1839.5720412138094,1588.0759704909274,251.496070722882
2025-04-03,2024/2025,Chelsea,Tottenham,1,0,H,11,8,5,2,1647.0954145485036,1550.5758950193162,96.51951952918739
2025-04-05,2024/2025,Aston Villa,Nott'm Forest,2,1,H,17,19,8,3,1662.1833919804355,1672.7252421232465,-10.541850142810972
2025-04-05,2024/2025,Crystal Palace,Brighton,2,1,H,8,11,3,5,1624.425255273835,1635.1896155417628,-10.764360267927714
2025-04-05,2024/2025,Everton,Arsenal,1,1,D,5,14,2,5,1581.984722089656,1796.1029274770162,-214.11820538736015
2025-04-05,2024/2025,West Ham,Bournemouth,2,2,D,9,11,3,4,1541.9347046633127,1575.2903870351133,-33.35568237180064
2025-04-05,2024/2025,Ipswich,Wolves,1,2,A,6,22,2,7,1441.373012508905,1526.5064245811348,-85.1334120722297
2025-04-06,2024/2025,Brentford,Chelsea,0,0,D,9,21,2,5,1571.8289131069916,1658.761449511223,-86.93253640423131
2025-04-06,2024/2025,Fulham,Liverpool,3,2,H,12,14,6,6,1612.8932191394047,1845.6632896150807,-232.770070475676
2025-04-06,2024/2025,Tottenham,Southampton,3,1,H,13,12,8,4,1538.909860056597,1336.0420999884664,202.86776006813056
2025-04-06,2024/2025,Man United,Man City,0,0,D,13,9,2,5,1576.3436588806112,1733.15691777255,-156.81325889193886
2025-04-07,2024/2025,Leicester,Newcastle,0,3,A,7,16,2,5,1391.8609484358087,1673.1131190940546,-281.25217065824586
2025-04-12,2024/2025,Southampton,Aston Villa,0,3,A,7,25,2,10,1328.4500120510734,1678.668713195662,-350.2187011445885
2025-04-12,2024/2025,Arsenal,Brentford,1,1,D,14,3,3,2,1787.3263858303035,1575.75079936379,211.5755864665134
2025-04-12,2024/2025,Brighton,Leicester,2,2,D,21,15,7,6,1618.6940569847447,1386.5700558161675,232.12400116857725
2025-04-12,2024/2025,Nott'm Forest,Everton,0,1,A,10,13,5,5,1656.2399209080202,1590.7612637363688,65.47865717165132
2025-04-12,2024/2025,Man City,Crystal Palace,5,2,H,21,8,9,3,1726.3888563618862,1640.9208138308531,85.468042531033
2025-04-13,2024/2025,Chelsea,Ipswich,2,2,D,34,13,9,4,1654.8395632544245,1429.2169257775618,225.6226374768628
2025-04-13,2024/2025,Liverpool,West Ham,2,1,H,15,11,6,4,1820.3039680968996,1543.4660885539786,276.837879542921
2025-04-13,2024/2025,Wolves,Tottenham,4,2,H,13,11,5,4,1538.662511312478,1546.50194799399,-7.83943668151187
2025-04-13,2024/2025,Newcastle,Man United,4,1,H,13,9,6,5,1678.4040117136958,1583.111720291275,95.2922914224207
2025-04-14,2024/2025,Bournemouth,Fulham,1,0,H,12,12,3,7,1573.7590031444474,1638.2525406575858,-64.49353751313834
2025-04-16,2024/2025,Newcastle,Crystal Palace,5,0,H,14,11,7,4,1690.1224658630388,1628.7792445944747,61.34322126856409
2025-04-19,2024/2025,Brentford,Brighton,4,2,H,16,12,8,3,1584.4451523375064,1609.354328743281,-24.909176405774588
2025-04-19,2024/2025,Crystal Palace,Bournemouth,0,0,D,5,15,0,4,1615.575211243973,1592.695390668209,22.879820575763915
2025-04-19,2024/2025,Everton,Man City,0,2,A,8,12,3,7,1609.7414667861733,1738.5304255982646,-128.78895881209132
2025-04-19,2024/2025,West Ham,Southampton,1,1,D,12,15,4,4,1538.0620235545232,1324.6890179575432,213.37300559697997
2025-04-19,2024/2025,Aston Villa,Newcastle,4,1,H,23,10,9,3,1682.429707289192,1703.3264992135405,-20.896791924348463
2025-04-20,2024/2025,Fulham,Chelsea,1,2,A,6,13,1,8,1619.3161531338242,1645.6993717023595,-26.383218568535312
2025-04-20,2024/2025,Ipswich,Arsenal,0,4,A,4,24,0,7,1438.3571173296268,1778.632032856587,-340.2749155269603
2025-04-20,2024/2025,Man United,Wolves,0,1,A,12,4,2,2,1571.3932661419321,1555.0234694582246,16.36979668370759
2025-04-20,2024/2025,Leicester,Liverpool,0,1,A,5,28,0,10,1395.9097840576312,1825.708033096355,-429.7982490387237
2025-04-21,2024/2025,Tottenham,Nott'm Forest,1,2,A,22,4,6,3,1530.1409898482434,1637.2597178582157,-107.1187280099723
2025-04-22,2024/2025,Man City,Aston Villa,2,1,H,14,7,6,3,1748.8569820241132,1699.390881378781,49.46610064533229
2025-04-23,2024/2025,Arsenal,Crystal Palace,2,2,D,12,15,6,4,1782.5872057938182,1614.5230770491742,168.064128744644
2025-04-26,2024/2025,Chelsea,Everton,1,0,H,10,6,7,3,1660.4867096011567,1599.4149103603247,61.07179924083198
2025-04-26,2024/2025,Brighton,West Ham,3,2,H,16,12,9,4,1592.2091801588158,1529.3095020125163,62.89967814629949
2025-04-26,2024/2025,Newcastle,Ipswich,3,0,H,25,4,5,0,1686.3653251239516,1434.4019443923958,251.96338073155584
2025-04-26,2024/2025,Southampton,Fulham,1,2,A,7,26,3,5,1333.4415394995501,1604.528815235027,-271.08727573547685
2025-04-26,2024/2025,Wolves,Leicester,3,0,H,20,8,6,2,1571.7767691145953,1393.4236186659573,178.35315044863796
2025-04-27,2024/2025,Bournemouth,Man United,1,1,D,8,25,1,6,1593.7475248630078,1554.6399664855614,39.10755837744637
2025-04-27,2024/2025,Liverpool,Tottenham,5,1,H,25,8,8,3,1828.1941984880289,1518.923407803079,309.2707906849498
2025-05-01,2024/2025,Nott'm Forest,Brentford,0,2,A,14,11,5,3,1648.47729990338,1601.5903009219717,46.8869989814084
2025-05-02,2024/2025,Man City,Wolves,1,0,H,9,6,2,1,1762.5942522524808,1580.2160532025118,182.378199049969
2025-05-03,2024/2025,Aston Villa,Fulham,1,0,H,10,11,3,3,1685.6536111504133,1610.0831949752403,75.57041617517302
2025-05-03,2024/2025,Everton,Ipswich,2,2,D,8,12,3,5,1586.198757605016,1428.3239516626468,157.87480594236922
2025-05-03,2024/2025,Leicester,Southampton,2,0,H,14,8,4,2,1384.9843345780407,1327.8871597593368,57.097174818703934
2025-05-03,2024/2025,Arsenal,Bournemouth,1,2,A,13,9,4,2,1775.3996245590208,1591.9541229221488,183.445501636872
2025-05-04,2024/2025,Brentford,Man United,4,3,H,12,14,6,5,1619.736513908876,1556.4333684264204,63.30314548245565
2025-05-04,2024/2025,Brighton,Newcastle,1,1,D,5,13,2,5,1605.343779645101,1692.4433178537006,-87.0995382085996
2025-05-04,2024/2025,West Ham,Tottenham,1,1,D,11,7,2,2,1516.174902526231,1514.306915628341,1.867986897890205
2025-05-04,2024/2025,Chelsea,Liverpool,3,1,H,17,11,7,2,1673.7028623564654,1832.810690662767,-159.1078283063016
2025-05-05,2024/2025,Crystal Palace,Nott'm Forest,1,1,D,20,12,3,4,1621.7106582839715,1630.3310869164757,-8.620428632504172
2025-05-10,2024/2025,Fulham,Everton,1,3,A,18,11,6,7,1597.5094781611817,1579.3906093709659,18.118868790215856
2025-05-10,2024/2025,Ipswich,Brentford,0,1,A,11,15,4,5,1435.132099896697,1632.8531327008227,-197.7210328041258
2025-05-10,2024/2025,Southampton,Man City,0,0,D,2,26,0,5,1314.4931636151846,1770.8903569269714,-456.39719331178685
2025-05-10,2024/2025,Wolves,Brighton,0,2,A,10,7,3,2,1571.9199485280212,1609.2728936873846,-37.352945159363344
2025-05-10,2024/2025,Bournemouth,Aston Villa,0,1,A,10,6,4,3,1615.6957184743221,1698.227327964472,-82.53160949014978
2025-05-11,2024/2025,Newcastle,Chelsea,2,0,H,15,10,6,3,1688.514203811417,1696.557442073799,-8.04323826238192
2025-05-11,2024/2025,Nott'm Forest,Leicester,2,2,D,15,10,4,6,1629.9341829505101,1398.378330722193,231.55585222831724
2025-05-11,2024/2025,Liverpool,Arsenal,2,2,D,14,15,5,7,1809.9561109454335,1751.6580290068475,58.29808193858594
2025-05-11,2024/2025,Tottenham,Crystal Palace,0,2,A,8,23,1,10,1514.3929387751596,1622.107562249937,-107.71462347477745
2025-05-11,2024/2025,Man United,West Ham,0,2,A,20,9,5,4,1543.3167496344738,1516.0888793794124,27.22787025506136
2025-05-16,2024/2025,Aston Villa,Tottenham,2,0,H,18,3,7,1,1710.4965179438047,1503.200334181109,207.29618376269582
2025-05-16,2024/2025,Chelsea,Man United,1,0,H,11,4,3,1,1680.187103420312,1526.0654205275177,154.1216828927943
2025-05-18,2024/2025,Everton,Southampton,2,0,H,13,6,5,2,1596.2242585059457,1328.3361666234207,267.88809188252503
2025-05-18,2024/2025,West Ham,Nott'm Forest,1,2,A,16,10,5,5,1533.3402084863685,1620.6117200910833,-87.27151160471476
2025-05-18,2024/2025,Brentford,Fulham,2,3,A,11,16,6,7,1640.6181189158922,1580.6758290262019,59.9422898896903
2025-05-18,2024/2025,Leicester,Ipswich,2,0,H,9,20,3,2,1407.7007935816198,1427.3671136816274,-19.666320100007624
2025-05-18,2024/2025,Arsenal,Newcastle,1,0,H,12,14,4,5,1754.3178390547657,1704.884542464904,49.43329658986181
2025-05-19,2024/2025,Brighton,Liverpool,3,2,H,25,18,12,5,1623.559324004279,1807.2963008975153,-183.73697689323626
2025-05-20,2024/2025,Crystal Palace,Wolves,4,2,H,14,12,10,3,1633.3001668439877,1557.6335182111268,75.66664863286087
2025-05-20,2024/2025,Man City,Bournemouth,3,1,H,12,8,5,2,1757.0473539187353,1603.4265284949893,153.62082542374606
2025-05-25,2024/2025,Bournemouth,Leicester,2,0,H,20,3,7,0,1594.0734114066197,1424.6054950653343,169.46791634128545
2025-05-25,2024/2025,Fulham,Man City,0,2,A,13,20,3,5,1599.409206731555,1766.400471007105,-166.99126427554984
2025-05-25,2024/2025,Ipswich,West Ham,1,3,A,14,10,4,6,1410.462412197913,1521.2767636999884,-110.8143515020754
2025-05-25,2024/2025,Liverpool,Crystal Palace,1,1,D,14,8,3,5,1783.5444290374292,1645.8696554639346,137.67477357349458
2025-05-25,2024/2025,Man United,Aston Villa,2,0,H,25,6,10,1,1516.7313766744924,1717.941975423078,-201.21059874858565
2025-05-25,2024/2025,Newcastle,Everton,0,1,A,17,14,6,6,1691.1457917475232,1601.8636816263154,89.28211012120778
2025-05-25,2024/2025,Nott'm Forest,Chelsea,0,1,A,10,6,2,2,1632.6751648774634,1689.5211472733374,-56.84598239587399
2025-05-25,2024/2025,Southampton,Arsenal,1,2,A,7,23,2,8,1322.696743503051,1768.0565897721465,-445.35984626909544
2025-05-25,2024/2025,Tottenham,Brighton,1,4,A,4,23,2,8,1495.7548767018357,1647.3111958643651,-151.55631916252946
2025-05-25,2024/2025,Wolves,Brentford,1,1,D,18,13,6,7,1545.0640295911799,1621.884741210539,-76.82071161935914
2025-08-15,2025/2026,Liverpool,Bournemouth,4,2,H,19,10,10,3,1777.5165217249692,1602.8343229907746,174.68219873419457
2025-08-16,2025/2026,Tottenham,Burnley,3,0,H,16,14,6,4,1486.322899934754,1422.9792873206436,63.3436126141105
2025-08-16,2025/2026,Sunderland,West Ham,3,0,H,10,12,5,4,1386.8318202900136,1532.3398580661008,-145.50803777608712
2025-08-16,2025/2026,Wolves,Man City,0,4,A,9,15,3,4,1548.5452080990854,1775.2523811821247,-226.70717308303938
2025-08-16,2025/2026,Brighton,Fulham,1,1,D,10,7,4,2,1656.7431726314467,1590.5572965565352,66.18587607491145
2025-08-16,2025/2026,Aston Villa,Newcastle,0,0,D,3,16,3,3,1693.5894428524891,1671.122374540881,22.467068311608045
2025-08-17,2025/2026,Chelsea,Crystal Palace,0,0,D,19,12,3,4,1702.9264057047055,1651.8975627763946,51.02884292831095
2025-08-17,2025/2026,Nott'm Forest,Brentford,3,1,H,11,10,5,3,1619.2699064460953,1618.4035627026335,0.8663437434618118
2025-08-17,2025/2026,Man United,Arsenal,0,1,A,22,9,7,3,1541.0839092450813,1770.3449627899556,-229.26105354487436
2025-08-18,2025/2026,Leeds,Everton,1,0,H,21,7,3,1,1440.0537342930547,1621.8870988329575,-181.83336453990273
2025-08-22,2025/2026,West Ham,Chelsea,1,5,A,12,12,4,7,1510.0050755907591,1700.5931936241864,-190.58811803342724
2025-08-23,2025/2026,Man City,Tottenham,0,2,A,10,12,4,5,1782.0786038883168,1499.4377157061324,282.6408881821844
2025-08-23,2025/2026,Brentford,Aston Villa,1,0,H,9,17,2,2,1602.443459223727,1692.556235878109,-90.11277665438206
2025-08-23,2025/2026,Arsenal,Leeds,5,0,H,18,3,5,1,1777.0925713301895,1463.7383414072056,313.3542299229839
2025-08-23,2025/2026,Burnley,Sunderland,2,0,H,7,9,2,1,1409.8644715492653,1409.1666027653553,0.697868783910053
2025-08-23,2025/2026,Bournemouth,Wolves,1,0,H,14,6,4,1,1594.2630808097497,1541.7189853928933,52.54409541685641
2025-08-24,2025/2026,Crystal Palace,Nott'm Forest,1,1,D,8,9,4,1,1654.2307748569137,1635.230009925002,19.000764931911817
2025-08-24,2025/2026,Everton,Brighton,2,0,H,11,13,3,4,1598.2024917188066,1653.7315428356094,-55.52905111680275
2025-08-24,2025/2026,Fulham,Man United,1,1,D,13,10,4,3,1593.5689263523725,1534.3363007048474,59.23262564752508
2025-08-25,2025/2026,Newcastle,Liverpool,2,3,A,10,5,3,4,1672.1555815152612,1786.087763905994,-113.9321823907328
2025-08-30,2025/2026,Chelsea,Fulham,2,0,H,13,11,6,3,1708.6021903334965,1590.8672871226363,117.73490321086024
2025-08-30,2025/2026,Man United,Burnley,3,2,H,26,6,6,3,1537.0379399345836,1425.8323335473126,111.20560638727102
2025-08-30,2025/2026,Sunderland,Brentford,2,1,H,12,7,3,4,1393.198740767308,1622.5026895124822,-229.30394874517424
2025-08-30,2025/2026,Tottenham,Bournemouth,0,1,A,5,20,1,6,1526.182031408867,1607.8616164946054,-81.67958508573838
2025-08-30,2025/2026,Wolves,Everton,2,3,A,12,10,4,4,1528.1204497080375,1616.7381453090711,-88.61769560103357
2025-08-30,2025/2026,Leeds,Newcastle,0,0,D,10,8,1,2,1459.2139358917257,1661.222036394969,-202.00810050324344
2025-08-31,2025/2026,Brighton,Man City,2,1,H,12,12,7,3,1635.195889245345,1755.3342881855822,-120.13839894023727
2025-08-31,2025/2026,Nott'm Forest,West Ham,0,3,A,11,12,3,8,1636.1041561824834,1501.996078881449,134.10807730103443
2025-08-31,2025/2026,Liverpool,Arsenal,1,0,H,9,11,3,1,1797.0213090262862,1781.6169768456693,15.404332180616848
2025-08-31,2025/2026,Aston Villa,Crystal Palace,0,3,A,13,6,4,4,1672.4970055893536,1653.3566285994323,19.14037698992138
2025-09-13,2025/2026,Arsenal,Nott'm Forest,3,0,H,16,5,5,1,1766.3259080827888,1614.2177301566076,152.10817792618127
2025-09-13,2025/2026,Bournemouth,Brighton,2,1,H,13,6,5,2,1620.1679314428568,1656.51801989408,-36.3500884512232
2025-09-13,2025/2026,Crystal Palace,Sunderland,0,0,D,14,6,6,0,1670.2371848977477,1418.452446954746,251.7847379430018
2025-09-13,2025/2026,Everton,Aston Villa,0,0,D,20,7,2,1,1628.7434044817965,1655.6164492910382,-26.87304480924172
2025-09-13,2025/2026,Fulham,Leeds,1,0,H,5,10,3,3,1580.0907539715215,1467.5931541428015,112.49759982872001
2025-09-13,2025/2026,Newcastle,Wolves,1,0,H,16,8,4,3,1652.8428181438933,1516.1151905353122,136.7276276085811
2025-09-13,2025/2026,West Ham,Tottenham,0,3,A,7,14,4,5,1523.8825049073248,1513.8757164606156,10.006788446709152
2025-09-13,2025/2026,Brentford,Chelsea,2,2,D,7,16,4,6,1597.2489833250443,1719.3787234846113,-122.12974015956706
2025-09-14,2025/2026,Burnley,Liverpool,0,1,A,3,27,0,4,1414.7855360264653,1812.3123777891667,-397.52684176270145
2025-09-14,2025/2026,Man City,Man United,3,0,H,13,12,6,2,1734.012157536847,1548.084737455431,185.92742008141613
2025-09-20,2025/2026,West Ham,Crystal Palace,1,2,A,8,18,3,3,1507.4218026535023,1660.3202423828561,-152.89843972935387
2025-09-20,2025/2026,Brighton,Tottenham,2,2,D,12,11,4,3,1638.8501177374883,1530.3364187144382,108.5136990230501
2025-09-20,2025/2026,Fulham,Brentford,3,1,H,14,8,3,3,1591.0838172464782,1602.652515896751,-11.568698650272836
2025-09-20,2025/2026,Burnley,Nott'm Forest,1,1,D,12,17,5,8,1411.83857456915,1604.8068710818948,-192.9682965127447
2025-09-20,2025/2026,Wolves,Leeds,1,3,A,16,6,6,4,1506.1056327067804,1456.6000908678448,49.50554183893564
2025-09-20,2025/2026,Liverpool,Everton,2,1,H,11,9,3,2,1815.2593392464819,1629.9784919270842,185.2808473193977
2025-09-20,2025/2026,Man United,Chelsea,2,1,H,11,5,4,1,1539.9135685384383,1713.9751909129045,-174.0616223744662
2025-09-21,2025/2026,Sunderland,Aston Villa,1,1,D,14,12,4,2,1428.3693894696376,1654.3813618457505,-226.0119723761129
2025-09-21,2025/2026,Arsenal,Man City,1,1,D,12,5,3,3,1775.7367671575016,1742.1833264538398,33.55344070366186
2025-09-21,2025/2026,Bournemouth,Newcastle,0,0,D,11,4,2,1,1637.8358335994485,1662.852375972425,-25.016542372976573
2025-09-27,2025/2026,Tottenham,Wolves,1,1,D,10,9,3,3,1535.1772676284024,1487.8411229559417,47.336144672460705
2025-09-27,2025/2026,Chelsea,Brighton,1,3,A,13,12,3,3,1690.5688695277197,1634.009268823524,56.559600704195645
2025-09-27,2025/2026,Crystal Palace,Liverpool,2,1,H,16,20,7,4,1669.7009090094418,1823.453175745264,-153.7522667358221
2025-09-27,2025/2026,Brentford,Man United,3,1,H,10,14,8,6,1586.1199544409058,1563.3198899236231,22.800064517282635
2025-09-27,2025/2026,Man City,Burnley,5,1,H,21,9,8,2,1743.7237335323111,1419.9115661058431,323.812167426468
2025-09-27,2025/2026,Nott'm Forest,Sunderland,0,1,A,22,11,6,3,1596.7338795452017,1437.5216516955957,159.21222784960605
2025-09-27,2025/2026,Leeds,Bournemouth,2,2,D,19,12,8,5,1474.8646006186834,1638.9859011327576,-164.12130051407416
2025-09-28,2025/2026,Aston Villa,Fulham,3,1,H,9,11,4,4,1645.2290996197924,1607.6163787023236,37.61272091746878
2025-09-28,2025/2026,Newcastle,Arsenal,1,2,A,8,20,3,7,1661.7023084391162,1774.1963600790302,-112.494051639914
2025-09-29,2025/2026,Everton,West Ham,1,1,D,12,14,6,3,1621.7846554283021,1498.0411360269165,123.74351940138558
2025-10-03,2025/2026,Bournemouth,Fulham,3,1,H,11,12,6,4,1631.943988211138,1593.341773335098,38.60221487604008
2025-10-04,2025/2026,Leeds,Tottenham,1,2,A,16,9,4,3,1481.906513540303,1533.0107464185633,-51.10423287826029
2025-10-04,2025/2026,Arsenal,West Ham,2,0,H,21,4,5,0,1785.18957075324,1503.510406005145,281.6791647480952
2025-10-04,2025/2026,Man United,Sunderland,2,0,H,15,8,6,3,1548.368367043292,1460.3801562832205,87.98821076007152
2025-10-04,2025/2026,Chelsea,Liverpool,2,1,H,12,12,6,2,1671.9869711892663,1800.8012851816468,-128.81431399238045
2025-10-05,2025/2026,Aston Villa,Burnley,2,1,H,15,5,7,2,1659.503704987018,1415.6160132315624,243.88769175545553
2025-10-05,2025/2026,Everton,Crystal Palace,2,1,H,14,15,7,8,1616.3153854500738,1692.352799573059,-76.03741412298518
2025-10-05,2025/2026,Newcastle,Nott'm Forest,2,0,H,18,5,9,4,1650.7090977649063,1573.875374957577,76.83372280732942
2025-10-05,2025/2026,Wolves,Brighton,1,1,D,6,17,3,6,1490.007644165781,1652.5911671619774,-162.5835229961965
2025-10-05,2025/2026,Brentford,Man City,0,1,A,6,10,1,4,1601.071477321237,1748.0192864065918,-146.94780908535495
2025-10-18,2025/2026,Nott'm Forest,Chelsea,0,3,A,12,17,2,6,1561.3571242836722,1693.661435572734,-132.30431128906184
2025-10-18,2025/2026,Man City,Everton,2,0,H,19,5,7,1,1757.6286854332573,1635.7621825642893,121.86650286896793
2025-10-18,2025/2026,Fulham,Arsenal,0,1,A,9,16,0,5,1579.1121919969241,1790.4696176478744,-211.3574256509503
2025-10-18,2025/2026,Burnley,Leeds,2,0,H,4,19,3,4,1409.3058322503944,1468.243123519643,-58.93729126924859
2025-10-18,2025/2026,Crystal Palace,Bournemouth,3,3,D,20,8,7,5,1672.9060024588434,1646.1735695493119,26.732432909531553
2025-10-18,2025/2026,Sunderland,Wolves,2,0,H,8,16,2,3,1448.3477030325002,1496.9923464181509,-48.644643385650625
2025-10-18,2025/2026,Brighton,Newcastle,2,1,H,13,16,5,3,1645.6064649096074,1663.227348438811,-17.62088352920364
2025-10-19,2025/2026,Tottenham,Aston Villa,1,2,A,9,8,3,2,1546.6741364392233,1665.813885968186,-119.13974952896274
2025-10-19,2025/2026,Liverpool,Man United,1,2,A,19,12,6,4,1779.126820798179,1560.4008202940122,218.7260005041669
2025-10-20,2025/2026,West Ham,Brentford,0,2,A,7,22,1,7,1498.2303591105106,1591.4620782945715,-93.23171918406092
2025-10-24,2025/2026,Leeds,West Ham,2,1,H,13,9,5,3,1449.5546990639968,1486.423668182955,-36.86896911895815
2025-10-25,2025/2026,Man United,Brighton,4,2,H,13,17,9,5,1585.3246309901865,1662.4172415404462,-77.09261055025968
2025-10-25,2025/2026,Chelsea,Sunderland,1,2,A,16,10,7,4,1703.8469696565771,1466.573347550458,237.2736221061191
2025-10-25,2025/2026,Newcastle,Fulham,2,1,H,18,12,7,5,1646.4165718079723,1571.7994624645355,74.61710934343682
2025-10-25,2025/2026,Brentford,Liverpool,3,2,H,17,18,8,5,1603.268769222127,1754.2030101020048,-150.93424087987773
2025-10-26,2025/2026,Arsenal,Crystal Palace,1,0,H,10,7,3,1,1797.782347180263,1671.6773520461693,126.10499513409377
2025-10-26,2025/2026,Aston Villa,Man City,1,0,H,9,18,3,4,1676.5326953538834,1768.2358954949061,-91.70320014102276
2025-10-26,2025/2026,Bournemouth,Nott'm Forest,2,0,H,13,8,5,4,1647.402219961986,1551.171590199829,96.23062976215692
2025-10-26,2025/2026,Wolves,Burnley,2,3,A,15,11,7,7,1478.766701900193,1427.9942567060405,50.772445194152624
2025-10-26,2025/2026,Everton,Tottenham,0,3,A,12,7,2,4,1625.1549725026405,1535.955327053526,89.19964544911454
2025-11-01,2025/2026,Tottenham,Chelsea,0,1,A,3,15,1,9,1555.9751865490036,1678.3522520095526,-122.37706546054892
2025-11-01,2025/2026,Burnley,Arsenal,0,2,A,3,12,0,8,1446.315911082235,1808.2172584670043,-361.9013473847692
2025-11-01,2025/2026,Liverpool,Aston Villa,2,0,H,16,10,4,3,1731.6588246519536,1696.6603732044225,34.998451447531124
2025-11-01,2025/2026,Crystal Palace,Brentford,2,0,H,9,6,2,2,1661.242440759428,1625.8129546721784,35.42948608724964
2025-11-01,2025/2026,Nott'm Forest,Man United,2,2,D,17,18,3,7,1539.4932247296506,1604.8177361312614,-65.32451140161083
2025-11-01,2025/2026,Fulham,Wolves,3,0,H,19,5,6,2,1559.183832917669,1460.4450475239985,98.73878539367047
2025-11-01,2025/2026,Brighton,Leeds,3,0,H,14,5,7,2,1642.9241363993713,1467.2462331961528,175.67790320321842
2025-11-02,2025/2026,West Ham,Newcastle,3,1,H,15,12,9,4,1468.732134050799,1659.032201354839,-190.30006730403989
2025-11-02,2025/2026,Man City,Bournemouth,3,1,H,15,8,8,5,1748.108217644367,1659.0805854321645,89.02763221220243
2025-11-03,2025/2026,Sunderland,Everton,1,1,D,17,8,3,2,1492.0680651974826,1605.1351130071628,-113.06704780968016
2025-11-08,2025/2026,Tottenham,Man United,2,2,D,10,5,4,2,1545.3888073829119,1601.8443860424309,-56.455578659519006
2025-11-08,2025/2026,Everton,Fulham,2,0,H,14,8,5,4,1600.1045324345541,1570.7553304643113,29.349201970242802
2025-11-08,2025/2026,West Ham,Burnley,3,2,H,15,16,6,7,1492.7131768449067,1442.772442444654,49.94073440025272
2025-11-08,2025/2026,Sunderland,Arsenal,2,2,D,6,17,2,7,1497.0986457700913,1811.7607271045854,-314.66208133449413
2025-11-08,2025/2026,Chelsea,Wolves,3,0,H,20,3,8,0,1688.9386311756443,1448.873549977356,240.06508119828823
2025-11-09,2025/2026,Man City,Liverpool,3,0,H,14,7,6,1,1760.0957805515875,1746.0525159425158,14.043264609071684
2025-11-09,2025/2026,Brentford,Newcastle,3,1,H,15,5,7,1,1611.4389107359477,1635.0511585607312,-23.61224782478348
2025-11-09,2025/2026,Aston Villa,Bournemouth,4,0,H,16,13,8,4,1682.2666819138603,1647.093022524944,35.17365938891635
2025-11-09,2025/2026,Nott'm Forest,Leeds,3,1,H,14,10,6,3,1542.4665748184811,1458.7109121891901,83.75566262929101
2025-11-09,2025/2026,Crystal Palace,Brighton,0,0,D,10,7,2,3,1675.6164846956588,1651.459457406334,24.157027289324787
2025-11-22,2025/2026,Brighton,Brentford,2,1,H,14,10,5,4,1652.5701403901514,1628.5246238953966,24.045516494754793
2025-11-22,2025/2026,Fulham,Sunderland,1,0,H,24,4,6,2,1556.1037054334854,1508.6034077911565,47.50029764232886
2025-11-22,2025/2026,Liverpool,Nott'm Forest,0,3,A,21,15,4,7,1730.6988802149658,1554.682503913352,176.01637630161372
2025-11-22,2025/2026,Wolves,Crystal Palace,0,2,A,8,10,1,4,1442.4511530803015,1674.5058017118413,-232.05464863153975
2025-11-22,2025/2026,Burnley,Chelsea,0,2,A,8,15,2,5,1429.0565886083525,1695.361028072699,-266.3044394643464
2025-11-22,2025/2026,Bournemouth,West Ham,2,2,D,28,5,10,2,1632.7073181294506,1506.4290306812081,126.27828744824251
2025-11-22,2025/2026,Newcastle,Man City,2,1,H,9,17,5,4,1617.9654454012823,1775.4494162791375,-157.4839708778552
2025-11-23,2025/2026,Leeds,Aston Villa,1,2,A,14,14,5,3,1446.4949830943192,1696.6523863093537,-250.1574032150345
2025-11-23,2025/2026,Arsenal,Tottenham,4,1,H,17,3,8,2,1800.25596508352,1547.9660398449366,252.28992523858346
2025-11-24,2025/2026,Man United,Everton,0,1,A,25,3,6,1,1599.267153580406,1614.75615746538,-15.489003884973954
2025-11-29,2025/2026,Tottenham,Fulham,1,2,A,14,7,2,3,1541.8972967317313,1569.929763780766,-28.03246704903472
2025-11-29,2025/2026,Man City,Leeds,3,2,H,18,9,9,4,1752.656014920959,1440.365639812686,312.2903751082731
2025-11-29,2025/2026,Brentford,Burnley,3,1,H,14,6,4,2,1613.6301962495377,1423.374690242559,190.25550600697875
2025-11-29,2025/2026,Everton,Newcastle,1,4,A,10,13,2,8,1630.0433346493985,1640.7588467594608,-10.715512110062264
2025-11-29,2025/2026,Sunderland,Bournemouth,3,2,H,12,18,6,6,1494.777349443876,1627.1352156762573,-132.3578662323814
2025-11-30,2025/2026,Crystal Palace,Man United,1,2,A,14,14,3,6,1681.1681792483398,1583.9799763963877,97.18820285195216
2025-11-30,2025/2026,Aston Villa,Wolves,1,0,H,16,9,6,4,1702.781729590987,1435.788775543803,266.99295404718396
2025-11-30,2025/2026,Nott'm Forest,Brighton,0,2,A,19,17,3,6,1578.159371872511,1667.4645680360104,-89.30519616349943
2025-11-30,2025/2026,West Ham,Liverpool,0,2,A,7,9,0,5,1512.0011331344015,1707.222012255807,-195.22087912140546
2025-11-30,2025/2026,Chelsea,Arsenal,1,1,D,11,8,4,4,1701.0429264384925,1806.3247081967254,-105.28178175823291
2025-12-02,2025/2026,Fulham,Man City,4,5,A,12,11,6,4,1584.64161499164,1757.2042628474717,-172.56264785583176
2025-12-02,2025/2026,Newcastle,Tottenham,2,2,D,19,8,7,2,1656.2655355950544,1527.1854455208575,129.08009007419696
2025-12-02,2025/2026,Bournemouth,Everton,0,1,A,5,13,2,3,1605.3186092891226,1614.5366458138049,-9.218036524682248
2025-12-03,2025/2026,Arsenal,Brentford,2,0,H,15,6,7,1,1801.619448127671,1621.6506950752519,179.96875305241906
2025-12-03,2025/2026,Brighton,Aston Villa,3,4,A,16,14,7,10,1679.4401549217234,1708.4451305155253,-29.004975593801873
2025-12-03,2025/2026,Burnley,Crystal Palace,0,1,A,11,3,4,3,1415.3541914168447,1660.805694529638,-245.45150311279326
2025-12-03,2025/2026,Wolves,Nott'm Forest,0,1,A,5,10,1,3,1430.1253746192647,1566.183784986798,-136.05841036753327
2025-12-03,2025/2026,Leeds,Chelsea,3,1,H,17,14,5,2,1435.8173918861733,1705.748186507547,-269.9307946213737
2025-12-03,2025/2026,Liverpool,Sunderland,1,1,D,23,9,4,6,1715.0719478768815,1516.5939558310106,198.4779920458709
2025-12-04,2025/2026,Man United,West Ham,1,1,D,17,11,4,3,1604.3424611150895,1504.151197513327,100.19126360176256
2025-12-06,2025/2026,Aston Villa,Arsenal,2,1,H,15,15,6,9,1723.1124964833627,1810.0010717731218,-86.88857528975905
2025-12-06,2025/2026,Newcastle,Burnley,2,1,H,17,9,7,3,1650.5803741453533,1409.0894891099017,241.49088503545158
2025-12-06,2025/2026,Man City,Sunderland,3,0,H,18,8,6,1,1765.852288733543,1524.8545657728434,240.99772296069955
2025-12-06,2025/2026,Leeds,Liverpool,3,3,D,12,16,5,7,1462.2323870984017,1706.8113379350486,-244.57895083664698
2025-12-06,2025/2026,Everton,Nott'm Forest,3,0,H,11,7,5,3,1630.112239123284,1576.2198604306732,53.89237869261092
2025-12-06,2025/2026,Tottenham,Brentford,2,0,H,15,4,7,1,1532.8706069705586,1613.269071429801,-80.3984644592424
2025-12-06,2025/2026,Bournemouth,Chelsea,0,0,D,13,11,5,4,1589.7430159796434,1679.3331912953186,-89.5901753156752
2025-12-07,2025/2026,Brighton,West Ham,1,1,D,22,14,4,5,1664.772788953886,1508.6413930793508,156.1313958745352
2025-12-07,2025/2026,Fulham,Crystal Palace,1,2,A,12,11,4,5,1575.9935891055686,1667.070396836581,-91.07680773101242
2025-12-08,2025/2026,Wolves,Man United,1,4,A,8,27,2,10,1420.0892991753894,1599.8522655490656,-179.76296637367614
2025-12-13,2025/2026,Chelsea,Everton,2,0,H,17,11,5,2,1675.2964872233345,1643.650118449754,31.646368773580434
2025-12-13,2025/2026,Liverpool,Brighton,2,0,H,18,14,4,1,1697.1013851103583,1658.0305312409696,39.07085386938866
2025-12-13,2025/2026,Burnley,Fulham,2,3,A,16,6,8,4,1402.7091217397353,1564.0943278535867,-161.38520611385138
2025-12-13,2025/2026,Arsenal,Wolves,2,1,H,16,3,2,2,1790.0810884228324,1411.700345198364,378.38074322446846
2025-12-14,2025/2026,Crystal Palace,Man City,0,3,A,16,7,4,6,1678.969658088563,1772.2471700151098,-93.27751192654682
2025-12-14,2025/2026,Nott'm Forest,Tottenham,3,0,H,15,6,6,1,1562.6819811042033,1552.5083911434592,10.173589960744039
2025-12-14,2025/2026,Sunderland,Newcastle,1,0,H,5,6,1,2,1518.4596844912767,1656.9607415155197,-138.50105702424298
2025-12-14,2025/2026,West Ham,Aston Villa,2,3,A,10,7,3,4,1515.3836507922672,1743.0324798336521,-227.64882904138494
2025-12-14,2025/2026,Brentford,Leeds,1,1,D,7,18,2,4,1593.6312872569004,1471.942339923092,121.6889473338083
2025-12-15,2025/2026,Man United,Bournemouth,4,4,D,25,14,9,9,1608.241219526091,1593.7797200516275,14.461499474463608
2025-12-20,2025/2026,Newcastle,Chelsea,2,2,D,11,13,5,4,1634.9002126558935,1689.8431351468396,-54.9429224909461
2025-12-20,2025/2026,Bournemouth,Burnley,1,1,D,16,4,1,1,1594.445312374436,1393.6490888296007,200.79622354483536
2025-12-20,2025/2026,Brighton,Sunderland,0,0,D,16,14,4,6,1643.822264093384,1540.5202133509028,103.30205074248124
2025-12-20,2025/2026,Man City,West Ham,3,0,H,17,7,8,3,1784.0518970259984,1508.5864918189086,275.4654052070898
2025-12-20,2025/2026,Wolves,Brentford,0,2,A,9,7,2,6,1408.4449448460593,1588.245746405447,-179.80080155938776
2025-12-20,2025/2026,Tottenham,Liverpool,1,2,A,15,8,4,4,1536.9767684155531,1711.309652257944,-174.33288384239086
2025-12-20,2025/2026,Everton,Arsenal,0,1,A,5,13,1,2,1629.1034705262489,1793.336488775137,-164.23301824888813
2025-12-20,2025/2026,Leeds,Crystal Palace,4,1,H,20,9,8,3,1477.3278807745453,1667.1649310776743,-189.837050303129
2025-12-21,2025/2026,Aston Villa,Man United,2,1,H,12,15,4,6,1749.8296388070107,1607.5756272032825,142.25401160372826
2025-12-22,2025/2026,Fulham,Nott'm Forest,1,0,H,11,12,1,2,1573.1543607637213,1578.2136038321094,-5.059243068388014
2025-12-26,2025/2026,Man United,Newcastle,1,0,H,10,16,4,3,1597.7835800263963,1637.4095449333356,-39.625964906939316
2025-12-27,2025/2026,Nott'm Forest,Man City,1,2,A,7,16,2,5,1561.9806335449725,1789.4915399939648,-227.51090644899227
2025-12-27,2025/2026,Liverpool,Wolves,2,1,H,14,9,4,4,1719.8935190638458,1400.0573389070196,319.83618015682623
2025-12-27,2025/2026,Chelsea,Aston Villa,1,2,A,14,11,3,8,1687.3338028693975,1759.621685983897,-72.28788311449944
2025-12-27,2025/2026,Brentford,Bournemouth,4,1,H,15,20,7,10,1596.6333523444869,1586.1066707402326,10.526681604254236
2025-12-27,2025/2026,Burnley,Everton,0,0,D,16,15,0,6,1401.9877304638042,1620.1495310795117,-218.16180061570753
2025-12-27,2025/2026,West Ham,Fulham,0,1,A,11,15,2,4,1503.1468488509422,1589.3873310508582,-86.24048219991596
2025-12-27,2025/2026,Arsenal,Brighton,2,1,H,24,8,6,3,1802.2904282218742,1639.200428306746,163.08999991512815
2025-12-28,2025/2026,Sunderland,Leeds,1,1,D,8,17,3,6,1545.1420491375409,1501.2928956490562,43.84915348848472
2025-12-28,2025/2026,Crystal Palace,Tottenham,0,1,A,15,8,2,4,1643.1999162031634,1528.3929016096513,114.80701459351212
2025-12-30,2025/2026,Nott'm Forest,Everton,0,2,A,21,11,6,3,1555.1792233160925,1611.2436365767692,-56.0644132606767
2025-12-30,2025/2026,West Ham,Brighton,2,2,D,10,16,4,6,1491.0387650953498,1630.2039977716088,-139.16523267625894
2025-12-30,2025/2026,Arsenal,Aston Villa,4,1,H,22,11,7,3,1811.2868587570115,1772.3399250842508,38.94693367276068
2025-12-30,2025/2026,Man United,Wolves,1,1,D,15,11,6,4,1615.6005515728239,1395.6759536579025,219.92459791492138
2025-12-30,2025/2026,Burnley,Newcastle,1,3,A,15,20,4,9,1410.8936249665467,1619.592573386908,-208.69894842036138
2025-12-30,2025/2026,Chelsea,Bournemouth,2,2,D,17,17,3,6,1674.6155637690435,1570.5912940602195,104.02426970882402
2026-01-01,2025/2026,Crystal Palace,Fulham,1,1,D,11,17,2,5,1622.0972423708697,1601.4954148064505,20.60182756441918
2026-01-01,2025/2026,Liverpool,Leeds,0,0,D,19,4,4,2,1724.274904312963,1503.3015700692602,220.97333424370277
2026-01-01,2025/2026,Brentford,Tottenham,0,0,D,7,9,2,3,1612.1487290245,1549.495575441945,62.65315358255498
2026-01-01,2025/2026,Sunderland,Man City,0,0,D,10,14,4,4,1543.133374717337,1796.2929502228449,-253.15957550550797
2026-01-03,2025/2026,Aston Villa,Nott'm Forest,3,1,H,11,10,4,5,1758.126022539824,1541.7389061540237,216.38711638580025
2026-01-03,2025/2026,Brighton,Burnley,2,0,H,15,5,4,3,1624.1172899164767,1403.4942010856346,220.6230888308421
2026-01-03,2025/2026,Wolves,West Ham,3,0,H,11,6,8,0,1404.6377182528427,1497.125472950482,-92.48775469763928
2026-01-03,2025/2026,Bournemouth,Arsenal,2,3,A,15,12,3,5,1575.2435956620693,1825.5007613014384,-250.25716563936908
2026-01-04,2025/2026,Leeds,Man United,1,1,D,11,15,3,2,1512.2964230930857,1606.6387869778837,-94.34236388479803
2026-01-04,2025/2026,Everton,Brentford,2,4,A,14,11,6,7,1624.683953738838,1609.2943186678604,15.389635070977647
2026-01-04,2025/2026,Newcastle,Crystal Palace,2,0,H,12,11,7,1,1626.9919972678201,1621.1496035584173,5.842393709402813
2026-01-04,2025/2026,Tottenham,Sunderland,1,1,D,13,10,5,3,1552.3499857985846,1553.089212491104,-0.7392266925194235
2026-01-04,2025/2026,Fulham,Liverpool,2,2,D,8,10,2,2,1602.443053618903,1715.2800512891374,-112.8369976702345
2026-01-04,2025/2026,Man City,Chelsea,1,1,D,14,8,3,3,1786.3371124490777,1669.9632621671938,116.37385028188396
2026-01-06,2025/2026,West Ham,Nott'm Forest,1,2,A,14,13,3,5,1476.9640893068706,1534.5882341520514,-57.62414484518081
2026-01-07,2025/2026,Bournemouth,Tottenham,3,2,H,11,16,3,4,1569.1170976091018,1552.3840283944655,16.733069214636316
2026-01-07,2025/2026,Brentford,Sunderland,3,0,H,18,11,6,3,1626.0025744055608,1553.0551698952231,72.94740451033772
2026-01-07,2025/2026,Crystal Palace,Aston Villa,0,0,D,11,15,5,3,1605.4186303745946,1765.2766945417961,-159.85806416720152
2026-01-07,2025/2026,Everton,Wolves,1,1,D,13,13,2,4,1607.9756980011375,1424.799101896454,183.17659610468354
2026-01-07,2025/2026,Fulham,Chelsea,2,1,H,16,14,5,6,1607.4640852884756,1675.1306591286545,-67.6665738401789
2026-01-07,2025/2026,Man City,Brighton,1,1,D,22,6,6,3,1781.169715487617,1631.1334749351593,150.03624055245768
2026-01-07,2025/2026,Burnley,Man United,2,2,D,7,30,1,10,1396.478016066952,1602.3978839960557,-205.9198679291037
2026-01-07,2025/2026,Newcastle,Leeds,4,3,H,18,14,8,6,1642.7229704516428,1516.5373260749136,126.18564437672921
2026-01-08,2025/2026,Arsenal,Liverpool,0,0,D,9,8,4,0,1831.6272593544059,1710.2590196195647,121.36823973484115
2026-01-17,2025/2026,Tottenham,West Ham,1,2,A,21,17,6,4,1537.1540194584582,1463.5937113902014,73.56030806825675
2026-01-17,2025/2026,Chelsea,Brentford,2,0,H,6,15,2,5,1656.0533096776273,1638.6917305392685,17.36157913835882
2026-01-17,2025/2026,Nott'm Forest,Arsenal,0,0,D,6,15,0,3,1547.9586120687206,1826.2548184008724,-278.29620633215177
2026-01-17,2025/2026,Leeds,Fulham,1,0,H,14,8,5,1,1506.1056792451714,1626.5414347395028,-120.43575549433149
2026-01-17,2025/2026,Sunderland,Crystal Palace,2,1,H,13,6,7,2,1540.3660137615154,1612.3013925062714,-71.93537874475601
2026-01-17,2025/2026,Liverpool,Burnley,1,1,D,32,7,11,1,1715.6314605730981,1404.9871993670888,310.64426120600933
2026-01-17,2025/2026,Man United,Man City,2,0,H,11,7,7,1,1593.888700695919,1774.6600026422343,-180.77130194631536
2026-01-18,2025/2026,Wolves,Newcastle,0,0,D,6,12,2,2,1432.53120946148,1653.154617281385,-220.62340781990497
2026-01-18,2025/2026,Aston Villa,Everton,0,1,A,18,9,5,3,1758.3939324101193,1600.2435904361114,158.15034197400792
2026-01-19,2025/2026,Brighton,Bournemouth,1,1,D,17,11,5,2,1637.643187780542,1584.3471065451092,53.296081235432666
2026-01-24,2025/2026,West Ham,Sunderland,3,1,H,13,7,5,2,1482.931562042319,1559.6322209460245,-76.70065890370552
2026-01-24,2025/2026,Fulham,Brighton,2,1,H,12,13,4,5,1605.2071289298344,1635.2078844155478,-30.0007554857134
2026-01-24,2025/2026,Bournemouth,Liverpool,3,2,H,12,14,5,4,1586.7824099101033,1704.2168066081645,-117.43439669806116
2026-01-24,2025/2026,Man City,Wolves,2,0,H,11,11,4,1,1751.0130781856894,1441.5150345014795,309.49804368420996
2026-01-24,2025/2026,Burnley,Tottenham,2,2,D,9,18,4,11,1416.4018533320225,1517.8161688063406,-101.41431547431807
2026-01-25,2025/2026,Brentford,Nott'm Forest,0,2,A,10,7,1,2,1623.4905959765838,1558.5921471101658,64.898448866418
2026-01-25,2025/2026,Crystal Palace,Chelsea,1,3,A,13,10,7,6,1593.0351853217624,1671.254444240312,-78.21925891854971
2026-01-25,2025/2026,Newcastle,Aston Villa,0,2,A,15,14,4,8,1644.1707922413857,1735.5753962096512,-91.40460396826552
2026-01-25,2025/2026,Arsenal,Man United,2,3,A,15,10,4,3,1815.6212833594273,1617.5356251524638,198.08565820696344
2026-01-26,2025/2026,Everton,Leeds,1,1,D,10,14,3,4,1623.0621266365795,1527.4399850548398,95.6221415817397
2026-01-31,2025/2026,Leeds,Arsenal,0,4,A,3,14,1,8,1531.735629744331,1791.373932791671,-259.63830304734006
2026-01-31,2025/2026,Wolves,Bournemouth,0,2,A,17,9,7,4,1436.9037078510262,1607.9935093835468,-171.0898015325206
2026-01-31,2025/2026,Chelsea,West Ham,3,2,H,14,11,6,6,1683.7119631154428,1502.4074732385798,181.30448987686304
2026-01-31,2025/2026,Liverpool,Newcastle,4,1,H,17,8,7,2,1683.005707134721,1632.2856315561776,50.7200755785434
2026-01-31,2025/2026,Brighton,Everton,1,1,D,11,7,2,4,1617.8297221375542,1618.7664819470883,-0.9367598095341236
2026-02-01,2025/2026,Aston Villa,Brentford,0,1,A,27,6,5,2,1747.4605568948593,1604.5361935045607,142.9243633902986
2026-02-01,2025/2026,Man United,Fulham,3,2,H,13,14,6,6,1641.78297572022,1622.585291207828,19.197684512392016
2026-02-01,2025/2026,Nott'm Forest,Crystal Palace,1,1,D,9,14,1,3,1577.5465495821888,1580.5776664466316,-3.0311168644427653
2026-02-01,2025/2026,Tottenham,Man City,2,2,D,12,15,6,3,1513.2741369371481,1755.6244048361427,-242.35026789899462
2026-02-02,2025/2026,Sunderland,Burnley,3,0,H,14,5,5,0,1540.1563097497638,1420.943885201215,119.21242454854882
2026-02-06,2025/2026,Leeds,Nott'm Forest,3,1,H,14,16,5,6,1525.8721877187177,1577.686134130968,-51.81394641225029
2026-02-07,2025/2026,Man United,Tottenham,2,0,H,23,7,10,1,1656.8997883302748,1522.9190023255237,133.98078600475105
2026-02-07,2025/2026,Arsenal,Sunderland,3,0,H,16,5,5,3,1797.2373748172843,1550.872137164873,246.36523765241122
2026-02-07,2025/2026,Bournemouth,Aston Villa,1,1,D,20,7,9,4,1616.695145530053,1725.2264002293566,-108.53125469930364
2026-02-07,2025/2026,Burnley,West Ham,0,2,A,18,6,5,4,1410.2280577861056,1494.0733293397345,-83.84527155362889
2026-02-07,2025/2026,Fulham,Everton,1,2,A,13,16,3,3,1607.4684785977734,1618.7233426681598,-11.254864070386475
2026-02-07,2025/2026,Wolves,Chelsea,1,3,A,11,15,3,6,1428.20207170452,1692.046107014288,-263.84403530976806
2026-02-07,2025/2026,Newcastle,Brentford,2,3,A,16,11,4,5,1618.6049249493703,1626.7703501700635,-8.165425220693123
2026-02-08,2025/2026,Brighton,Crystal Palace,0,1,A,7,7,2,4,1617.8728614164827,1580.4380818978525,37.434779518630194
2026-02-08,2025/2026,Liverpool,Man City,1,2,A,15,17,4,7,1696.6864137415282,1745.9795394477671,-49.293125706238925
2026-02-10,2025/2026,Chelsea,Leeds,2,2,D,19,4,4,2,1697.7944929985274,1544.2407745847574,153.55371841376996
2026-02-10,2025/2026,Everton,Bournemouth,1,2,A,16,11,6,4,1634.205218246944,1621.5367288956581,12.66848935128587
2026-02-10,2025/2026,Tottenham,Newcastle,1,2,A,16,21,2,5,1512.800359116045,1602.980887459629,-90.180528343584
2026-02-10,2025/2026,West Ham,Man United,1,1,D,7,9,3,3,1506.2853628499518,1667.0184315397535,-160.7330686898017
2026-02-11,2025/2026,Aston Villa,Brighton,1,0,H,15,9,1,3,1720.3848168637514,1600.155566441894,120.22925042185739
2026-02-11,2025/2026,Crystal Palace,Burnley,2,3,A,21,8,3,3,1598.1553768724411,1398.0160242758884,200.13935259655273
2026-02-11,2025/2026,Man City,Fulham,3,0,H,13,14,5,3,1759.7246167013639,1591.9866030189892,167.73801368237469
2026-02-11,2025/2026,Nott'm Forest,Wolves,0,0,D,35,7,10,3,1559.3175472649282,1422.4536857202806,136.86386154464753
2026-02-11,2025/2026,Sunderland,Liverpool,0,1,A,11,23,2,3,1544.633893039485,1682.9413364879315,-138.30744344844652
2026-02-12,2025/2026,Brentford,Arsenal,1,1,D,12,7,3,2,1642.3943876598048,1803.4756189426723,-161.08123128286752
2026-02-18,2025/2026,Wolves,Arsenal,2,2,D,5,10,2,4,1428.4495214590586,1796.5470210720498,-368.0974996129912
2026-02-21,2025/2026,Man City,Newcastle,2,1,H,15,13,7,7,1768.5490279792505,1614.9187380576336,153.63028992161685
2026-02-21,2025/2026,Brentford,Brighton,0,2,A,13,11,3,7,1649.3229855304273,1589.4814177092273,59.84156782119999
2026-02-21,2025/2026,Aston Villa,Leeds,1,1,D,16,14,4,4,1731.0589655964181,1550.885100245974,180.1738653504442
2026-02-21,2025/2026,West Ham,Bournemouth,0,0,D,20,10,3,5,1513.2009282096099,1638.1198759742645,-124.9189477646546
2026-02-21,2025/2026,Chelsea,Burnley,1,1,D,12,12,2,4,1691.150167337311,1422.3326104814416,268.81755685586927
2026-02-22,2025/2026,Crystal Palace,Wolves,1,0,H,14,12,3,7,1573.838790666888,1441.016894867461,132.821895799427
2026-02-22,2025/2026,Nott'm Forest,Liverpool,0,1,A,18,10,2,4,1553.3217115261502,1692.8884462035012,-139.56673467735095
2026-02-22,2025/2026,Sunderland,Fulham,1,3,A,12,12,2,4,1534.6867833239153,1583.1621917411026,-48.47540841718728
2026-02-22,2025/2026,Tottenham,Arsenal,1,4,A,6,20,5,7,1500.8625085180404,1783.9796476636475,-283.1171391456071
2026-02-23,2025/2026,Everton,Man United,0,1,A,12,11,4,3,1617.6220711683377,1660.1028661800954,-42.480795011757664
2026-02-27,2025/2026,Wolves,Aston Villa,2,0,H,9,14,2,5,1430.8520374256002,1723.433287045612,-292.5812496200117
2026-02-28,2025/2026,Bournemouth,Sunderland,1,1,D,21,8,5,4,1632.6028559239512,1520.9047845683951,111.69807135555607
2026-02-28,2025/2026,Leeds,Man City,0,1,A,14,14,2,5,1558.5107787967802,1777.9017844365108,-219.39100563973057
2026-02-28,2025/2026,Liverpool,West Ham,5,2,H,18,11,7,4,1702.785931282981,1518.717948259923,184.06798302305788
2026-02-28,2025/2026,Burnley,Brentford,3,4,A,12,16,3,7,1432.7180001526115,1630.5941110983931,-197.87611094578165
2026-02-28,2025/2026,Newcastle,Everton,2,3,A,17,9,7,5,1605.5659816003733,1603.5686931640043,1.99728843636899
2026-03-01,2025/2026,Brighton,Nott'm Forest,2,1,H,14,13,7,4,1608.2102921412616,1543.4242264466704,64.78606569459112
2026-03-01,2025/2026,Fulham,Tottenham,2,1,H,18,13,4,1,1596.9441904966227,1495.6188552420151,101.32533525460758
2026-03-01,2025/2026,Man United,Crystal Palace,2,1,H,20,8,11,3,1674.1562441844287,1584.0036481087486,90.1525960756801
2026-03-01,2025/2026,Arsenal,Chelsea,2,1,H,12,9,5,3,1789.2233009396728,1680.764777666141,108.45852327353168
2026-03-03,2025/2026,Bournemouth,Brentford,0,0,D,13,5,2,2,1627.6291570703193,1638.353848749686,-10.724691679366742
2026-03-03,2025/2026,Everton,Burnley,2,0,H,14,5,5,2,1619.6606706824105,1424.9582625013186,194.70240818109187
2026-03-03,2025/2026,Leeds,Sunderland,0,1,A,18,3,4,1,1551.4556651294324,1525.878483422027,25.577181707405316
2026-03-03,2025/2026,Wolves,Liverpool,2,1,H,4,19,3,7,1457.8428932561753,1711.022399533007,-253.17950627683172
2026-03-04,2025/2026,Aston Villa,Chelsea,1,4,A,9,15,4,8,1696.4424312150368,1669.603318125243,26.839113089793727
2026-03-04,2025/2026,Newcastle,Man United,2,1,H,12,14,5,5,1589.4740040819672,1686.0952982222632,-96.62129414029596
2026-03-04,2025/2026,Brighton,Arsenal,0,1,A,11,7,3,2,1621.2608889439646,1800.3847604805708,-179.1238715366062
2026-03-04,2025/2026,Man City,Nott'm Forest,2,2,D,21,9,7,4,1784.9568981038585,1530.3736296439674,254.5832684598911
2026-03-04,2025/2026,Fulham,West Ham,0,1,A,13,9,5,3,1608.405926374731,1510.481480009897,97.92444636483401
2026-03-05,2025/2026,Tottenham,Crystal Palace,1,3,A,12,9,4,4,1484.1571193639068,1572.0645940709142,-87.9074747070074
2026-03-14,2025/2026,Burnley,Bournemouth,0,0,D,15,22,2,3,1417.09063212938,1628.1228905673147,-211.03225843793462
2026-03-14,2025/2026,Sunderland,Brighton,0,1,A,14,12,4,4,1543.0542329558243,1612.8491434223788,-69.79491046655448
2026-03-14,2025/2026,Arsenal,Everton,2,0,H,25,9,7,3,1808.7965060021565,1627.528301054349,181.2682049478076
2026-03-14,2025/2026,Chelsea,Newcastle,0,1,A,22,7,3,5,1686.8368522566266,1609.8123117814205,77.0245404752061
2026-03-14,2025/2026,West Ham,Man City,1,1,D,1,24,1,6,1530.8753312771146,1774.960984285152,-244.08565300803753
2026-03-15,2025/2026,Crystal Palace,Leeds,0,0,D,12,10,0,3,1584.1005369336567,1534.2799155956352,49.82062133802151
2026-03-15,2025/2026,Man United,Aston Villa,3,1,H,16,9,6,2,1665.75699052281,1679.2088970836533,-13.451906560843327
2026-03-15,2025/2026,Nott'm Forest,Fulham,0,0,D,11,5,2,0,1540.3695434626738,1588.0120751075135,-47.642531644839664
2026-03-15,2025/2026,Liverpool,Tottenham,1,1,D,17,13,4,7,1685.0659993072127,1472.1211765011642,212.94482280604848
2026-03-16,2025/2026,Brentford,Wolves,2,2,D,10,13,3,4,1637.8601152526905,1483.7992934819697,154.06082177072085
2026-03-20,2025/2026,Bournemouth,Man United,2,2,D,16,14,5,5,1619.4461854930844,1682.376164351155,-62.929978858070626
2026-03-21,2025/2026,Brighton,Liverpool,2,1,H,16,12,7,5,1625.677518468354,1676.3273049565928,-50.64978648823876
2026-03-21,2025/2026,Fulham,Burnley,3,1,H,22,9,6,5,1585.8317046167563,1425.7673372036104,160.06436741314587
2026-03-21,2025/2026,Everton,Chelsea,3,0,H,10,12,9,4,1619.1928696860275,1667.3467325740876,-48.153862888060075
2026-03-21,2025/2026,Leeds,Brentford,0,0,D,14,6,4,2,1536.558642812272,1631.1964755467366,-94.63783273446461
2026-03-22,2025/2026,Newcastle,Sunderland,1,2,A,16,17,4,7,1629.3024314639595,1530.225857909849,99.07657355411038
2026-03-22,2025/2026,Aston Villa,West Ham,2,0,H,23,9,7,1,1662.5897232553082,1540.570921134055,122.0188021212532
2026-03-22,2025/2026,Tottenham,Nott'm Forest,0,3,A,14,8,3,7,1480.859870851784,1542.549913953431,-61.69004310164701
